FID,the_geom,code,timestamp,precip_quantity,temp_avg,temp_max,temp_min,temp_grass_pt100_avg,temp_soil_avg,temp_soil_avg_5cm,temp_soil_avg_10cm,temp_soil_avg_20cm,temp_soil_avg_50cm,wind_speed_10m,wind_speed_avg_30m,wind_gusts_speed,humidity_rel_shelter_avg,pressure,sun_duration,short_wave_from_sky_avg,sun_int_avg,qc_flags
aws_1day.fid--65986ded_19d21fbe95f_28e4,POINT (49.62 5.587),6484,2019-08-01T00:00:00,0.0,17.08,24.43,8.78,29.56,23.39,22.85,21.6,21.18,20.17,1.83,,7.33,72.41,979.96,423.0,239.23,116.69,"{""validated"":{""PRECIP_QUANTITY"":false,""TEMP_AVG"":true,""TEMP_MAX"":true,""TEMP_MIN"":true,""TEMP_GRASS_PT100_AVG"":false,""TEMP_SOIL_AVG"":true,""TEMP_SOIL_AVG_5CM"":true,""TEMP_SOIL_AVG_10CM"":true,""TEMP_SOIL_AVG_20CM"":true,""TEMP_SOIL_AVG_50CM"":true,""WIND_SPEED_10M"":true,""WIND_SPEED_AVG_30M"":false,""WIND_GUSTS_SPEED"":true,""HUMIDITY_REL_SHELTER_AVG"":false,""PRESSURE"":false,""SUN_DURATION"":false,""SHORT_WAVE_FROM_SKY_AVG"":false,""SUN_INT_AVG"":false}}"
aws_1day.fid--65986ded_19d21fbe95f_28f0,POINT (50.98 3.816),6434,2019-08-01T00:00:00,0.0,18.47,23.38,13.39,22.59,20.04,19.56,19.43,19.39,19.67,2.54,3.4,8.09,76.56,1015.26,636.0,199.3,221.14,"{""validated"":{""PRECIP_QUANTITY"":true,""TEMP_AVG"":true,""TEMP_MAX"":true,""TEMP_MIN"":true,""TEMP_GRASS_PT100_AVG"":true,""TEMP_SOIL_AVG"":true,""TEMP_SOIL_AVG_5CM"":true,""TEMP_SOIL_AVG_10CM"":true,""TEMP_SOIL_AVG_20CM"":true,""TEMP_SOIL_AVG_50CM"":true,""WIND_SPEED_10M"":true,""WIND_SPEED_AVG_30M"":true,""WIND_GUSTS_SPEED"":true,""HUMIDITY_REL_SHELTER_AVG"":false,""PRESSURE"":true,""SUN_DURATION"":false,""SHORT_WAVE_FROM_SKY_AVG"":false,""SUN_INT_AVG"":false}}"
aws_1day.fid--65986ded_19d21fbe95f_28ef,POINT (51.325 4.364),6438,2019-08-01T00:00:00,0.0,18.74,22.77,14.26,20.16,22.71,21.82,21.54,20.24,21.25,3.37,,8.71,78.15,1016.43,494.42,176.6,178.64,"{""validated"":{""PRECIP_QUANTITY"":true,""TEMP_AVG"":true,""TEMP_MAX"":true,""TEMP_MIN"":true,""TEMP_GRASS_PT100_AVG"":true,""TEMP_SOIL_AVG"":true,""TEMP_SOIL_AVG_5CM"":true,""TEMP_SOIL_AVG_10CM"":true,""TEMP_SOIL_AVG_20CM"":true,""TEMP_SOIL_AVG_50CM"":true,""WIND_SPEED_10M"":true,""WIND_SPEED_AVG_30M"":false,""WIND_GUSTS_SPEED"":true,""HUMIDITY_REL_SHELTER_AVG"":true,""PRESSURE"":true,""SUN_DURATION"":false,""SHORT_WAVE_FROM_SKY_AVG"":false,""SUN_INT_AVG"":false}}"
aws_1day.fid--65986ded_19d21fbe95f_28ee,POINT (50.511 6.073),6494,2019-08-01T00:00:00,0.0,14.45,19.33,8.91,,16.87,15.81,15.87,15.84,15.55,2.29,,8.18,79.26,939.86,,170.96,,"{""validated"":{""PRECIP_QUANTITY"":true,""TEMP_AVG"":true,""TEMP_MAX"":true,""TEMP_MIN"":true,""TEMP_GRASS_PT100_AVG"":false,""TEMP_SOIL_AVG"":true,""TEMP_SOIL_AVG_5CM"":true,""TEMP_SOIL_AVG_10CM"":true,""TEMP_SOIL_AVG_20CM"":true,""TEMP_SOIL_AVG_50CM"":true,""WIND_SPEED_10M"":true,""WIND_SPEED_AVG_30M"":false,""WIND_GUSTS_SPEED"":true,""HUMIDITY_REL_SHELTER_AVG"":true,""PRESSURE"":true,""SUN_DURATION"":true,""SHORT_WAVE_FROM_SKY_AVG"":false,""SUN_INT_AVG"":true}}"
aws_1day.fid--65986ded_19d21fbe95f_28ec,POINT (51.075 4.525),6439,2019-08-01T00:00:00,0.0,19.07,23.25,14.12,20.66,22.63,21.7,21.44,20.99,20.66,2.32,,7.33,75.05,1015.96,449.83,189.75,162.2,"{""validated"":{""PRECIP_QUANTITY"":true,""TEMP_AVG"":true,""TEMP_MAX"":true,""TEMP_MIN"":true,""TEMP_GRASS_PT100_AVG"":true,""TEMP_SOIL_AVG"":true,""TEMP_SOIL_AVG_5CM"":false,""TEMP_SOIL_AVG_10CM"":true,""TEMP_SOIL_AVG_20CM"":true,""TEMP_SOIL_AVG_50CM"":true,""WIND_SPEED_10M"":true,""WIND_SPEED_AVG_30M"":false,""WIND_GUSTS_SPEED"":true,""HUMIDITY_REL_SHELTER_AVG"":false,""PRESSURE"":true,""SUN_DURATION"":false,""SHORT_WAVE_FROM_SKY_AVG"":false,""SUN_INT_AVG"":false}}"
aws_1day.fid--65986ded_19d21fbe95f_28eb,POINT (50.904 3.122),6414,2019-08-01T00:00:00,0.0,18.41,23.34,13.64,18.33,21.26,20.95,20.79,20.18,19.71,2.95,,7.92,79.5,1014.23,602.5,199.59,224.7,"{""validated"":{""PRECIP_QUANTITY"":true,""TEMP_AVG"":true,""TEMP_MAX"":true,""TEMP_MIN"":true,""TEMP_GRASS_PT100_AVG"":true,""TEMP_SOIL_AVG"":true,""TEMP_SOIL_AVG_5CM"":true,""TEMP_SOIL_AVG_10CM"":true,""TEMP_SOIL_AVG_20CM"":true,""TEMP_SOIL_AVG_50CM"":true,""WIND_SPEED_10M"":true,""WIND_SPEED_AVG_30M"":false,""WIND_GUSTS_SPEED"":true,""HUMIDITY_REL_SHELTER_AVG"":true,""PRESSURE"":true,""SUN_DURATION"":false,""SHORT_WAVE_FROM_SKY_AVG"":false,""SUN_INT_AVG"":false}}"
aws_1day.fid--65986ded_19d21fbe95f_28ed,POINT (51.221 5.027),6464,2019-08-01T00:00:00,0.0,18.36,22.98,12.8,19.06,22.49,21.47,21.35,21.07,20.18,1.59,,6.45,76.05,1014.52,392.42,189.44,151.5,"{""validated"":{""PRECIP_QUANTITY"":true,""TEMP_AVG"":true,""TEMP_MAX"":true,""TEMP_MIN"":true,""TEMP_GRASS_PT100_AVG"":true,""TEMP_SOIL_AVG"":true,""TEMP_SOIL_AVG_5CM"":true,""TEMP_SOIL_AVG_10CM"":true,""TEMP_SOIL_AVG_20CM"":true,""TEMP_SOIL_AVG_50CM"":true,""WIND_SPEED_10M"":true,""WIND_SPEED_AVG_30M"":false,""WIND_GUSTS_SPEED"":true,""HUMIDITY_REL_SHELTER_AVG"":true,""PRESSURE"":true,""SUN_DURATION"":false,""SHORT_WAVE_FROM_SKY_AVG"":false,""SUN_INT_AVG"":false}}"
aws_1day.fid--65986ded_19d21fbe95f_28e9,POINT (50.194 5.255),6472,2019-08-01T00:00:00,0.0,17.66,21.91,11.66,19.2,19.54,18.15,18.21,18.19,18.53,2.12,2.88,8.46,65.65,983.72,263.0,149.15,91.53,"{""validated"":{""PRECIP_QUANTITY"":true,""TEMP_AVG"":true,""TEMP_MAX"":true,""TEMP_MIN"":true,""TEMP_GRASS_PT100_AVG"":true,""TEMP_SOIL_AVG"":true,""TEMP_SOIL_AVG_5CM"":true,""TEMP_SOIL_AVG_10CM"":true,""TEMP_SOIL_AVG_20CM"":true,""TEMP_SOIL_AVG_50CM"":true,""WIND_SPEED_10M"":true,""WIND_SPEED_AVG_30M"":true,""WIND_GUSTS_SPEED"":true,""HUMIDITY_REL_SHELTER_AVG"":true,""PRESSURE"":true,""SUN_DURATION"":false,""SHORT_WAVE_FROM_SKY_AVG"":false,""SUN_INT_AVG"":false}}"
aws_1day.fid--65986ded_19d21fbe95f_28e8,POINT (51.348 3.202),6418,2019-08-01T00:00:00,0.0,18.75,21.22,15.44,,,,,,,4.93,,9.78,80.22,1015.42,521.08,,199.43,"{""validated"":{""PRECIP_QUANTITY"":true,""TEMP_AVG"":true,""TEMP_MAX"":true,""TEMP_MIN"":true,""TEMP_GRASS_PT100_AVG"":false,""TEMP_SOIL_AVG"":false,""TEMP_SOIL_AVG_5CM"":false,""TEMP_SOIL_AVG_10CM"":false,""TEMP_SOIL_AVG_20CM"":false,""TEMP_SOIL_AVG_50CM"":false,""WIND_SPEED_10M"":true,""WIND_SPEED_AVG_30M"":false,""WIND_GUSTS_SPEED"":true,""HUMIDITY_REL_SHELTER_AVG"":true,""PRESSURE"":true,""SUN_DURATION"":false,""SHORT_WAVE_FROM_SKY_AVG"":false,""SUN_INT_AVG"":false}}"
aws_1day.fid--65986ded_19d21fbe95f_28e7,POINT (50.916 5.45),6477,2019-08-01T00:00:00,0.1,18.77,24.8,12.57,19.88,22.83,21.87,21.11,18.52,19.69,2.3,,10.59,74.63,1012.52,567.75,229.81,188.46,"{""validated"":{""PRECIP_QUANTITY"":true,""TEMP_AVG"":true,""TEMP_MAX"":true,""TEMP_MIN"":true,""TEMP_GRASS_PT100_AVG"":true,""TEMP_SOIL_AVG"":true,""TEMP_SOIL_AVG_5CM"":true,""TEMP_SOIL_AVG_10CM"":true,""TEMP_SOIL_AVG_20CM"":true,""TEMP_SOIL_AVG_50CM"":true,""WIND_SPEED_10M"":true,""WIND_SPEED_AVG_30M"":false,""WIND_GUSTS_SPEED"":true,""HUMIDITY_REL_SHELTER_AVG"":true,""PRESSURE"":true,""SUN_DURATION"":false,""SHORT_WAVE_FROM_SKY_AVG"":false,""SUN_INT_AVG"":false}}"
aws_1day.fid--65986ded_19d21fbe95f_28e6,POINT (50.096 4.595),6455,2019-08-01T00:00:00,0.0,19.24,25.02,14.52,21.67,25.2,21.27,20.93,20.64,19.75,1.73,,7.5,65.35,989.18,435.91,190.45,141.23,"{""validated"":{""PRECIP_QUANTITY"":true,""TEMP_AVG"":true,""TEMP_MAX"":true,""TEMP_MIN"":true,""TEMP_GRASS_PT100_AVG"":true,""TEMP_SOIL_AVG"":true,""TEMP_SOIL_AVG_5CM"":true,""TEMP_SOIL_AVG_10CM"":true,""TEMP_SOIL_AVG_20CM"":true,""TEMP_SOIL_AVG_50CM"":true,""WIND_SPEED_10M"":true,""WIND_SPEED_AVG_30M"":false,""WIND_GUSTS_SPEED"":true,""HUMIDITY_REL_SHELTER_AVG"":true,""PRESSURE"":true,""SUN_DURATION"":false,""SHORT_WAVE_FROM_SKY_AVG"":false,""SUN_INT_AVG"":false}}"
aws_1day.fid--65986ded_19d21fbe95f_28e5,POINT (50.797 4.358),6447,2019-08-01T00:00:00,0.0,19.23,23.98,15.19,20.58,21.63,20.81,20.59,20.36,20.19,,2.58,8.09,70.58,1004.58,,192.35,,"{""validated"":{""PRECIP_QUANTITY"":true,""TEMP_AVG"":true,""TEMP_MAX"":true,""TEMP_MIN"":true,""TEMP_GRASS_PT100_AVG"":true,""TEMP_SOIL_AVG"":true,""TEMP_SOIL_AVG_5CM"":true,""TEMP_SOIL_AVG_10CM"":true,""TEMP_SOIL_AVG_20CM"":true,""TEMP_SOIL_AVG_50CM"":true,""WIND_SPEED_10M"":false,""WIND_SPEED_AVG_30M"":true,""WIND_GUSTS_SPEED"":true,""HUMIDITY_REL_SHELTER_AVG"":false,""PRESSURE"":true,""SUN_DURATION"":false,""SHORT_WAVE_FROM_SKY_AVG"":false,""SUN_INT_AVG"":false}}"
aws_1day.fid--65986ded_19d21fbe95f_28ea,POINT (50.582 4.689),6459,2019-08-01T00:00:00,0.0,18.62,24.11,13.63,20.39,20.5,19.46,19.0,18.7,18.69,3.05,,9.59,69.52,998.66,448.92,221.89,171.78,"{""validated"":{""PRECIP_QUANTITY"":true,""TEMP_AVG"":true,""TEMP_MAX"":true,""TEMP_MIN"":true,""TEMP_GRASS_PT100_AVG"":true,""TEMP_SOIL_AVG"":true,""TEMP_SOIL_AVG_5CM"":true,""TEMP_SOIL_AVG_10CM"":true,""TEMP_SOIL_AVG_20CM"":true,""TEMP_SOIL_AVG_50CM"":true,""WIND_SPEED_10M"":true,""WIND_SPEED_AVG_30M"":false,""WIND_GUSTS_SPEED"":true,""HUMIDITY_REL_SHELTER_AVG"":true,""PRESSURE"":true,""SUN_DURATION"":false,""SHORT_WAVE_FROM_SKY_AVG"":false,""SUN_INT_AVG"":false}}"
aws_1day.fid--65986ded_19d21fbe95f_28f9,POINT (50.916 5.45),6477,2019-08-02T00:00:00,13.6,17.21,22.73,10.37,18.48,20.97,20.56,20.56,18.73,19.86,2.43,,11.64,88.47,1011.68,412.33,195.71,153.34,"{""validated"":{""PRECIP_QUANTITY"":true,""TEMP_AVG"":true,""TEMP_MAX"":true,""TEMP_MIN"":true,""TEMP_GRASS_PT100_AVG"":true,""TEMP_SOIL_AVG"":true,""TEMP_SOIL_AVG_5CM"":true,""TEMP_SOIL_AVG_10CM"":true,""TEMP_SOIL_AVG_20CM"":true,""TEMP_SOIL_AVG_50CM"":true,""WIND_SPEED_10M"":true,""WIND_SPEED_AVG_30M"":false,""WIND_GUSTS_SPEED"":true,""HUMIDITY_REL_SHELTER_AVG"":false,""PRESSURE"":true,""SUN_DURATION"":false,""SHORT_WAVE_FROM_SKY_AVG"":false,""SUN_INT_AVG"":false}}"
aws_1day.fid--65986ded_19d21fbe95f_28fd,POINT (51.221 5.027),6464,2019-08-02T00:00:00,14.6,17.63,23.2,11.89,18.95,21.23,20.7,20.74,20.73,20.03,1.98,,12.0,88.02,1013.7,362.0,198.74,144.93,"{""validated"":{""PRECIP_QUANTITY"":true,""TEMP_AVG"":true,""TEMP_MAX"":true,""TEMP_MIN"":true,""TEMP_GRASS_PT100_AVG"":true,""TEMP_SOIL_AVG"":true,""TEMP_SOIL_AVG_5CM"":true,""TEMP_SOIL_AVG_10CM"":true,""TEMP_SOIL_AVG_20CM"":true,""TEMP_SOIL_AVG_50CM"":true,""WIND_SPEED_10M"":true,""WIND_SPEED_AVG_30M"":false,""WIND_GUSTS_SPEED"":true,""HUMIDITY_REL_SHELTER_AVG"":true,""PRESSURE"":true,""SUN_DURATION"":false,""SHORT_WAVE_FROM_SKY_AVG"":false,""SUN_INT_AVG"":false}}"
aws_1day.fid--65986ded_19d21fbe95f_28fc,POINT (51.348 3.202),6418,2019-08-02T00:00:00,0.17,19.44,21.63,18.08,,,,,,,7.07,,12.1,79.82,1016.15,447.92,,147.2,"{""validated"":{""PRECIP_QUANTITY"":true,""TEMP_AVG"":true,""TEMP_MAX"":true,""TEMP_MIN"":true,""TEMP_GRASS_PT100_AVG"":false,""TEMP_SOIL_AVG"":false,""TEMP_SOIL_AVG_5CM"":false,""TEMP_SOIL_AVG_10CM"":false,""TEMP_SOIL_AVG_20CM"":false,""TEMP_SOIL_AVG_50CM"":false,""WIND_SPEED_10M"":true,""WIND_SPEED_AVG_30M"":false,""WIND_GUSTS_SPEED"":true,""HUMIDITY_REL_SHELTER_AVG"":true,""PRESSURE"":true,""SUN_DURATION"":false,""SHORT_WAVE_FROM_SKY_AVG"":false,""SUN_INT_AVG"":false}}"
aws_1day.fid--65986ded_19d21fbe95f_28fb,POINT (50.511 6.073),6494,2019-08-02T00:00:00,3.39,14.89,19.55,11.22,,18.51,16.7,16.6,16.29,15.38,3.18,,10.86,85.33,938.65,,207.71,,"{""validated"":{""PRECIP_QUANTITY"":true,""TEMP_AVG"":true,""TEMP_MAX"":true,""TEMP_MIN"":true,""TEMP_GRASS_PT100_AVG"":false,""TEMP_SOIL_AVG"":true,""TEMP_SOIL_AVG_5CM"":true,""TEMP_SOIL_AVG_10CM"":true,""TEMP_SOIL_AVG_20CM"":true,""TEMP_SOIL_AVG_50CM"":true,""WIND_SPEED_10M"":true,""WIND_SPEED_AVG_30M"":false,""WIND_GUSTS_SPEED"":true,""HUMIDITY_REL_SHELTER_AVG"":true,""PRESSURE"":true,""SUN_DURATION"":true,""SHORT_WAVE_FROM_SKY_AVG"":false,""SUN_INT_AVG"":true}}"
aws_1day.fid--65986ded_19d21fbe95f_28fa,POINT (50.98 3.816),6434,2019-08-02T00:00:00,2.26,17.93,21.68,12.81,20.84,19.24,19.09,19.22,19.43,19.54,3.42,4.66,10.82,84.91,1015.55,411.17,173.33,149.72,"{""validated"":{""PRECIP_QUANTITY"":true,""TEMP_AVG"":true,""TEMP_MAX"":true,""TEMP_MIN"":true,""TEMP_GRASS_PT100_AVG"":true,""TEMP_SOIL_AVG"":true,""TEMP_SOIL_AVG_5CM"":true,""TEMP_SOIL_AVG_10CM"":true,""TEMP_SOIL_AVG_20CM"":true,""TEMP_SOIL_AVG_50CM"":true,""WIND_SPEED_10M"":true,""WIND_SPEED_AVG_30M"":true,""WIND_GUSTS_SPEED"":true,""HUMIDITY_REL_SHELTER_AVG"":false,""PRESSURE"":true,""SUN_DURATION"":false,""SHORT_WAVE_FROM_SKY_AVG"":false,""SUN_INT_AVG"":false}}"
aws_1day.fid--65986ded_19d21fbe95f_28f8,POINT (51.325 4.364),6438,2019-08-02T00:00:00,2.37,18.89,21.88,14.4,19.8,20.82,20.79,20.76,19.88,21.13,4.57,,13.43,86.04,1016.09,350.58,164.7,142.25,"{""validated"":{""PRECIP_QUANTITY"":true,""TEMP_AVG"":true,""TEMP_MAX"":true,""TEMP_MIN"":true,""TEMP_GRASS_PT100_AVG"":true,""TEMP_SOIL_AVG"":true,""TEMP_SOIL_AVG_5CM"":true,""TEMP_SOIL_AVG_10CM"":true,""TEMP_SOIL_AVG_20CM"":true,""TEMP_SOIL_AVG_50CM"":true,""WIND_SPEED_10M"":true,""WIND_SPEED_AVG_30M"":false,""WIND_GUSTS_SPEED"":true,""HUMIDITY_REL_SHELTER_AVG"":true,""PRESSURE"":true,""SUN_DURATION"":false,""SHORT_WAVE_FROM_SKY_AVG"":false,""SUN_INT_AVG"":false}}"
aws_1day.fid--65986ded_19d21fbe95f_28f3,POINT (49.62 5.587),6484,2019-08-02T00:00:00,0.18,18.44,24.27,12.43,28.99,23.46,23.35,22.36,22.12,20.47,2.68,,10.42,70.74,978.45,496.58,238.4,196.88,"{""validated"":{""PRECIP_QUANTITY"":true,""TEMP_AVG"":true,""TEMP_MAX"":true,""TEMP_MIN"":true,""TEMP_GRASS_PT100_AVG"":false,""TEMP_SOIL_AVG"":true,""TEMP_SOIL_AVG_5CM"":true,""TEMP_SOIL_AVG_10CM"":true,""TEMP_SOIL_AVG_20CM"":true,""TEMP_SOIL_AVG_50CM"":true,""WIND_SPEED_10M"":true,""WIND_SPEED_AVG_30M"":false,""WIND_GUSTS_SPEED"":true,""HUMIDITY_REL_SHELTER_AVG"":false,""PRESSURE"":true,""SUN_DURATION"":false,""SHORT_WAVE_FROM_SKY_AVG"":false,""SUN_INT_AVG"":false}}"
aws_1day.fid--65986ded_19d21fbe95f_28f6,POINT (50.582 4.689),6459,2019-08-02T00:00:00,0.15,17.4,22.93,11.83,18.94,19.29,18.82,18.74,18.87,18.62,3.85,,10.8,82.29,998.29,443.83,194.6,145.7,"{""validated"":{""PRECIP_QUANTITY"":true,""TEMP_AVG"":true,""TEMP_MAX"":true,""TEMP_MIN"":true,""TEMP_GRASS_PT100_AVG"":true,""TEMP_SOIL_AVG"":true,""TEMP_SOIL_AVG_5CM"":true,""TEMP_SOIL_AVG_10CM"":true,""TEMP_SOIL_AVG_20CM"":true,""TEMP_SOIL_AVG_50CM"":true,""WIND_SPEED_10M"":true,""WIND_SPEED_AVG_30M"":false,""WIND_GUSTS_SPEED"":true,""HUMIDITY_REL_SHELTER_AVG"":true,""PRESSURE"":true,""SUN_DURATION"":false,""SHORT_WAVE_FROM_SKY_AVG"":false,""SUN_INT_AVG"":false}}"
aws_1day.fid--65986ded_19d21fbe95f_28f5,POINT (51.075 4.525),6439,2019-08-02T00:00:00,2.74,18.57,22.4,13.53,19.97,20.27,20.29,20.45,20.68,20.58,3.41,,12.74,84.97,1015.62,453.75,205.82,165.94,"{""validated"":{""PRECIP_QUANTITY"":true,""TEMP_AVG"":true,""TEMP_MAX"":true,""TEMP_MIN"":true,""TEMP_GRASS_PT100_AVG"":true,""TEMP_SOIL_AVG"":true,""TEMP_SOIL_AVG_5CM"":false,""TEMP_SOIL_AVG_10CM"":true,""TEMP_SOIL_AVG_20CM"":true,""TEMP_SOIL_AVG_50CM"":true,""WIND_SPEED_10M"":true,""WIND_SPEED_AVG_30M"":false,""WIND_GUSTS_SPEED"":true,""HUMIDITY_REL_SHELTER_AVG"":false,""PRESSURE"":true,""SUN_DURATION"":false,""SHORT_WAVE_FROM_SKY_AVG"":false,""SUN_INT_AVG"":false}}"
aws_1day.fid--65986ded_19d21fbe95f_28f4,POINT (50.194 5.255),6472,2019-08-02T00:00:00,0.0,17.58,22.43,12.65,20.97,22.06,20.68,20.23,19.49,18.47,2.9,3.52,10.52,75.1,982.86,595.92,235.07,245.51,"{""validated"":{""PRECIP_QUANTITY"":true,""TEMP_AVG"":true,""TEMP_MAX"":true,""TEMP_MIN"":true,""TEMP_GRASS_PT100_AVG"":true,""TEMP_SOIL_AVG"":true,""TEMP_SOIL_AVG_5CM"":true,""TEMP_SOIL_AVG_10CM"":true,""TEMP_SOIL_AVG_20CM"":true,""TEMP_SOIL_AVG_50CM"":true,""WIND_SPEED_10M"":true,""WIND_SPEED_AVG_30M"":true,""WIND_GUSTS_SPEED"":true,""HUMIDITY_REL_SHELTER_AVG"":true,""PRESSURE"":true,""SUN_DURATION"":false,""SHORT_WAVE_FROM_SKY_AVG"":false,""SUN_INT_AVG"":false}}"
aws_1day.fid--65986ded_19d21fbe95f_28f2,POINT (50.096 4.595),6455,2019-08-02T00:00:00,0.0,18.36,25.08,11.7,21.71,26.0,22.02,21.6,21.17,19.73,2.01,,9.78,75.33,988.69,651.58,245.33,282.66,"{""validated"":{""PRECIP_QUANTITY"":true,""TEMP_AVG"":true,""TEMP_MAX"":true,""TEMP_MIN"":true,""TEMP_GRASS_PT100_AVG"":true,""TEMP_SOIL_AVG"":true,""TEMP_SOIL_AVG_5CM"":true,""TEMP_SOIL_AVG_10CM"":true,""TEMP_SOIL_AVG_20CM"":true,""TEMP_SOIL_AVG_50CM"":true,""WIND_SPEED_10M"":true,""WIND_SPEED_AVG_30M"":false,""WIND_GUSTS_SPEED"":true,""HUMIDITY_REL_SHELTER_AVG"":true,""PRESSURE"":true,""SUN_DURATION"":false,""SHORT_WAVE_FROM_SKY_AVG"":false,""SUN_INT_AVG"":false}}"
aws_1day.fid--65986ded_19d21fbe95f_28f1,POINT (50.797 4.358),6447,2019-08-02T00:00:00,2.22,18.13,21.74,13.88,20.64,20.63,20.31,20.38,20.44,20.18,,3.05,11.39,81.88,1004.45,,186.72,,"{""validated"":{""PRECIP_QUANTITY"":true,""TEMP_AVG"":true,""TEMP_MAX"":true,""TEMP_MIN"":true,""TEMP_GRASS_PT100_AVG"":true,""TEMP_SOIL_AVG"":true,""TEMP_SOIL_AVG_5CM"":true,""TEMP_SOIL_AVG_10CM"":true,""TEMP_SOIL_AVG_20CM"":true,""TEMP_SOIL_AVG_50CM"":true,""WIND_SPEED_10M"":false,""WIND_SPEED_AVG_30M"":true,""WIND_GUSTS_SPEED"":true,""HUMIDITY_REL_SHELTER_AVG"":false,""PRESSURE"":true,""SUN_DURATION"":false,""SHORT_WAVE_FROM_SKY_AVG"":false,""SUN_INT_AVG"":false}}"
aws_1day.fid--65986ded_19d21fbe95f_28f7,POINT (50.904 3.122),6414,2019-08-02T00:00:00,0.0,17.86,22.38,13.03,18.21,21.19,21.3,21.19,20.64,19.78,3.6,,10.76,85.11,1015.04,470.75,201.57,176.4,"{""validated"":{""PRECIP_QUANTITY"":true,""TEMP_AVG"":true,""TEMP_MAX"":true,""TEMP_MIN"":true,""TEMP_GRASS_PT100_AVG"":true,""TEMP_SOIL_AVG"":true,""TEMP_SOIL_AVG_5CM"":true,""TEMP_SOIL_AVG_10CM"":true,""TEMP_SOIL_AVG_20CM"":true,""TEMP_SOIL_AVG_50CM"":true,""WIND_SPEED_10M"":true,""WIND_SPEED_AVG_30M"":false,""WIND_GUSTS_SPEED"":true,""HUMIDITY_REL_SHELTER_AVG"":true,""PRESSURE"":true,""SUN_DURATION"":false,""SHORT_WAVE_FROM_SKY_AVG"":false,""SUN_INT_AVG"":false}}"
aws_1day.fid--65986ded_19d21fbe95f_2906,POINT (50.797 4.358),6447,2019-08-03T00:00:00,0.0,18.47,21.29,15.57,20.01,20.04,19.91,20.08,20.2,20.08,,1.89,5.69,79.91,1006.0,,104.92,,"{""validated"":{""PRECIP_QUANTITY"":true,""TEMP_AVG"":true,""TEMP_MAX"":true,""TEMP_MIN"":true,""TEMP_GRASS_PT100_AVG"":true,""TEMP_SOIL_AVG"":true,""TEMP_SOIL_AVG_5CM"":true,""TEMP_SOIL_AVG_10CM"":true,""TEMP_SOIL_AVG_20CM"":true,""TEMP_SOIL_AVG_50CM"":true,""WIND_SPEED_10M"":false,""WIND_SPEED_AVG_30M"":true,""WIND_GUSTS_SPEED"":true,""HUMIDITY_REL_SHELTER_AVG"":false,""PRESSURE"":true,""SUN_DURATION"":false,""SHORT_WAVE_FROM_SKY_AVG"":false,""SUN_INT_AVG"":false}}"
aws_1day.fid--65986ded_19d21fbe95f_290a,POINT (50.916 5.45),6477,2019-08-03T00:00:00,0.0,17.62,21.7,12.59,18.78,20.02,20.08,20.12,18.27,19.66,1.52,,4.89,86.46,1013.79,155.58,124.42,45.98,"{""validated"":{""PRECIP_QUANTITY"":true,""TEMP_AVG"":true,""TEMP_MAX"":true,""TEMP_MIN"":true,""TEMP_GRASS_PT100_AVG"":true,""TEMP_SOIL_AVG"":true,""TEMP_SOIL_AVG_5CM"":true,""TEMP_SOIL_AVG_10CM"":true,""TEMP_SOIL_AVG_20CM"":true,""TEMP_SOIL_AVG_50CM"":true,""WIND_SPEED_10M"":true,""WIND_SPEED_AVG_30M"":false,""WIND_GUSTS_SPEED"":true,""HUMIDITY_REL_SHELTER_AVG"":false,""PRESSURE"":true,""SUN_DURATION"":false,""SHORT_WAVE_FROM_SKY_AVG"":false,""SUN_INT_AVG"":false}}"
aws_1day.fid--65986ded_19d21fbe95f_2909,POINT (50.511 6.073),6494,2019-08-03T00:00:00,1.11,14.06,18.09,11.52,,17.14,16.7,16.63,16.4,15.41,2.41,,6.66,90.95,940.52,,154.29,,"{""validated"":{""PRECIP_QUANTITY"":true,""TEMP_AVG"":true,""TEMP_MAX"":true,""TEMP_MIN"":true,""TEMP_GRASS_PT100_AVG"":false,""TEMP_SOIL_AVG"":true,""TEMP_SOIL_AVG_5CM"":true,""TEMP_SOIL_AVG_10CM"":true,""TEMP_SOIL_AVG_20CM"":true,""TEMP_SOIL_AVG_50CM"":true,""WIND_SPEED_10M"":true,""WIND_SPEED_AVG_30M"":false,""WIND_GUSTS_SPEED"":true,""HUMIDITY_REL_SHELTER_AVG"":true,""PRESSURE"":true,""SUN_DURATION"":true,""SHORT_WAVE_FROM_SKY_AVG"":false,""SUN_INT_AVG"":true}}"
aws_1day.fid--65986ded_19d21fbe95f_2908,POINT (51.325 4.364),6438,2019-08-03T00:00:00,0.0,18.37,21.8,14.9,19.09,20.71,20.53,20.4,19.4,20.73,1.54,,8.83,82.4,1018.23,55.0,109.03,23.51,"{""validated"":{""PRECIP_QUANTITY"":true,""TEMP_AVG"":true,""TEMP_MAX"":true,""TEMP_MIN"":true,""TEMP_GRASS_PT100_AVG"":true,""TEMP_SOIL_AVG"":true,""TEMP_SOIL_AVG_5CM"":true,""TEMP_SOIL_AVG_10CM"":true,""TEMP_SOIL_AVG_20CM"":true,""TEMP_SOIL_AVG_50CM"":true,""WIND_SPEED_10M"":true,""WIND_SPEED_AVG_30M"":false,""WIND_GUSTS_SPEED"":true,""HUMIDITY_REL_SHELTER_AVG"":true,""PRESSURE"":true,""SUN_DURATION"":false,""SHORT_WAVE_FROM_SKY_AVG"":false,""SUN_INT_AVG"":false}}"
aws_1day.fid--65986ded_19d21fbe95f_2907,POINT (50.096 4.595),6455,2019-08-03T00:00:00,0.0,18.26,21.77,14.46,20.27,23.47,21.81,21.58,21.34,19.87,1.57,,5.4,75.64,989.91,137.66,134.33,40.05,"{""validated"":{""PRECIP_QUANTITY"":true,""TEMP_AVG"":true,""TEMP_MAX"":true,""TEMP_MIN"":true,""TEMP_GRASS_PT100_AVG"":true,""TEMP_SOIL_AVG"":true,""TEMP_SOIL_AVG_5CM"":true,""TEMP_SOIL_AVG_10CM"":true,""TEMP_SOIL_AVG_20CM"":true,""TEMP_SOIL_AVG_50CM"":true,""WIND_SPEED_10M"":true,""WIND_SPEED_AVG_30M"":false,""WIND_GUSTS_SPEED"":true,""HUMIDITY_REL_SHELTER_AVG"":true,""PRESSURE"":true,""SUN_DURATION"":false,""SHORT_WAVE_FROM_SKY_AVG"":false,""SUN_INT_AVG"":false}}"
aws_1day.fid--65986ded_19d21fbe95f_2905,POINT (51.221 5.027),6464,2019-08-03T00:00:00,0.0,17.59,21.53,13.07,18.23,19.73,19.92,20.01,20.06,19.72,0.9,,3.81,86.15,1016.11,96.17,133.11,26.55,"{""validated"":{""PRECIP_QUANTITY"":true,""TEMP_AVG"":true,""TEMP_MAX"":true,""TEMP_MIN"":true,""TEMP_GRASS_PT100_AVG"":true,""TEMP_SOIL_AVG"":true,""TEMP_SOIL_AVG_5CM"":true,""TEMP_SOIL_AVG_10CM"":true,""TEMP_SOIL_AVG_20CM"":true,""TEMP_SOIL_AVG_50CM"":true,""WIND_SPEED_10M"":true,""WIND_SPEED_AVG_30M"":false,""WIND_GUSTS_SPEED"":true,""HUMIDITY_REL_SHELTER_AVG"":true,""PRESSURE"":true,""SUN_DURATION"":false,""SHORT_WAVE_FROM_SKY_AVG"":false,""SUN_INT_AVG"":false}}"
aws_1day.fid--65986ded_19d21fbe95f_2900,POINT (50.98 3.816),6434,2019-08-03T00:00:00,0.6,18.23,22.11,14.37,19.92,20.03,19.71,19.54,19.45,19.35,1.26,1.76,4.14,83.12,1017.0,179.75,115.63,61.76,"{""validated"":{""PRECIP_QUANTITY"":true,""TEMP_AVG"":true,""TEMP_MAX"":true,""TEMP_MIN"":true,""TEMP_GRASS_PT100_AVG"":true,""TEMP_SOIL_AVG"":true,""TEMP_SOIL_AVG_5CM"":true,""TEMP_SOIL_AVG_10CM"":true,""TEMP_SOIL_AVG_20CM"":true,""TEMP_SOIL_AVG_50CM"":true,""WIND_SPEED_10M"":true,""WIND_SPEED_AVG_30M"":true,""WIND_GUSTS_SPEED"":true,""HUMIDITY_REL_SHELTER_AVG"":false,""PRESSURE"":true,""SUN_DURATION"":false,""SHORT_WAVE_FROM_SKY_AVG"":false,""SUN_INT_AVG"":false}}"
aws_1day.fid--65986ded_19d21fbe95f_2903,POINT (50.582 4.689),6459,2019-08-03T00:00:00,0.0,17.51,21.12,14.59,20.57,19.76,19.27,19.17,19.06,18.56,2.33,,6.29,82.24,999.88,66.08,124.26,21.58,"{""validated"":{""PRECIP_QUANTITY"":true,""TEMP_AVG"":true,""TEMP_MAX"":true,""TEMP_MIN"":true,""TEMP_GRASS_PT100_AVG"":true,""TEMP_SOIL_AVG"":true,""TEMP_SOIL_AVG_5CM"":true,""TEMP_SOIL_AVG_10CM"":true,""TEMP_SOIL_AVG_20CM"":true,""TEMP_SOIL_AVG_50CM"":true,""WIND_SPEED_10M"":true,""WIND_SPEED_AVG_30M"":false,""WIND_GUSTS_SPEED"":true,""HUMIDITY_REL_SHELTER_AVG"":true,""PRESSURE"":true,""SUN_DURATION"":false,""SHORT_WAVE_FROM_SKY_AVG"":false,""SUN_INT_AVG"":false}}"
aws_1day.fid--65986ded_19d21fbe95f_2902,POINT (50.194 5.255),6472,2019-08-03T00:00:00,0.0,17.16,20.93,14.16,19.18,20.14,19.9,20.13,19.88,18.83,2.51,3.3,6.99,75.75,984.24,234.67,154.1,80.27,"{""validated"":{""PRECIP_QUANTITY"":true,""TEMP_AVG"":true,""TEMP_MAX"":true,""TEMP_MIN"":true,""TEMP_GRASS_PT100_AVG"":true,""TEMP_SOIL_AVG"":true,""TEMP_SOIL_AVG_5CM"":true,""TEMP_SOIL_AVG_10CM"":true,""TEMP_SOIL_AVG_20CM"":true,""TEMP_SOIL_AVG_50CM"":true,""WIND_SPEED_10M"":true,""WIND_SPEED_AVG_30M"":true,""WIND_GUSTS_SPEED"":true,""HUMIDITY_REL_SHELTER_AVG"":true,""PRESSURE"":true,""SUN_DURATION"":false,""SHORT_WAVE_FROM_SKY_AVG"":false,""SUN_INT_AVG"":false}}"
aws_1day.fid--65986ded_19d21fbe95f_2901,POINT (51.075 4.525),6439,2019-08-03T00:00:00,0.0,18.53,21.57,15.4,19.95,20.4,20.26,20.28,20.28,20.22,1.37,,4.54,82.57,1017.58,75.58,127.54,22.05,"{""validated"":{""PRECIP_QUANTITY"":true,""TEMP_AVG"":true,""TEMP_MAX"":true,""TEMP_MIN"":true,""TEMP_GRASS_PT100_AVG"":true,""TEMP_SOIL_AVG"":true,""TEMP_SOIL_AVG_5CM"":false,""TEMP_SOIL_AVG_10CM"":true,""TEMP_SOIL_AVG_20CM"":true,""TEMP_SOIL_AVG_50CM"":true,""WIND_SPEED_10M"":true,""WIND_SPEED_AVG_30M"":false,""WIND_GUSTS_SPEED"":true,""HUMIDITY_REL_SHELTER_AVG"":false,""PRESSURE"":true,""SUN_DURATION"":false,""SHORT_WAVE_FROM_SKY_AVG"":false,""SUN_INT_AVG"":false}}"
aws_1day.fid--65986ded_19d21fbe95f_28ff,POINT (49.62 5.587),6484,2019-08-03T00:00:00,0.0,18.19,24.68,11.52,28.73,23.08,23.06,22.1,22.0,20.59,2.63,,7.68,72.5,979.6,459.67,237.26,149.61,"{""validated"":{""PRECIP_QUANTITY"":true,""TEMP_AVG"":true,""TEMP_MAX"":true,""TEMP_MIN"":true,""TEMP_GRASS_PT100_AVG"":false,""TEMP_SOIL_AVG"":true,""TEMP_SOIL_AVG_5CM"":true,""TEMP_SOIL_AVG_10CM"":true,""TEMP_SOIL_AVG_20CM"":true,""TEMP_SOIL_AVG_50CM"":true,""WIND_SPEED_10M"":true,""WIND_SPEED_AVG_30M"":false,""WIND_GUSTS_SPEED"":true,""HUMIDITY_REL_SHELTER_AVG"":false,""PRESSURE"":true,""SUN_DURATION"":false,""SHORT_WAVE_FROM_SKY_AVG"":false,""SUN_INT_AVG"":false}}"
aws_1day.fid--65986ded_19d21fbe95f_28fe,POINT (50.904 3.122),6414,2019-08-03T00:00:00,0.33,18.09,21.99,12.96,17.46,19.94,20.5,20.57,20.36,19.82,1.73,,5.36,83.63,1015.95,73.83,111.89,24.82,"{""validated"":{""PRECIP_QUANTITY"":true,""TEMP_AVG"":true,""TEMP_MAX"":true,""TEMP_MIN"":true,""TEMP_GRASS_PT100_AVG"":true,""TEMP_SOIL_AVG"":true,""TEMP_SOIL_AVG_5CM"":true,""TEMP_SOIL_AVG_10CM"":true,""TEMP_SOIL_AVG_20CM"":true,""TEMP_SOIL_AVG_50CM"":true,""WIND_SPEED_10M"":true,""WIND_SPEED_AVG_30M"":false,""WIND_GUSTS_SPEED"":true,""HUMIDITY_REL_SHELTER_AVG"":false,""PRESSURE"":true,""SUN_DURATION"":false,""SHORT_WAVE_FROM_SKY_AVG"":false,""SUN_INT_AVG"":false}}"
aws_1day.fid--65986ded_19d21fbe95f_2904,POINT (51.348 3.202),6418,2019-08-03T00:00:00,0.0,19.34,20.32,18.38,,,,,,,4.88,,10.47,74.97,1017.54,348.83,,118.75,"{""validated"":{""PRECIP_QUANTITY"":true,""TEMP_AVG"":true,""TEMP_MAX"":true,""TEMP_MIN"":true,""TEMP_GRASS_PT100_AVG"":false,""TEMP_SOIL_AVG"":false,""TEMP_SOIL_AVG_5CM"":false,""TEMP_SOIL_AVG_10CM"":false,""TEMP_SOIL_AVG_20CM"":false,""TEMP_SOIL_AVG_50CM"":false,""WIND_SPEED_10M"":true,""WIND_SPEED_AVG_30M"":false,""WIND_GUSTS_SPEED"":true,""HUMIDITY_REL_SHELTER_AVG"":true,""PRESSURE"":true,""SUN_DURATION"":false,""SHORT_WAVE_FROM_SKY_AVG"":false,""SUN_INT_AVG"":false}}"
aws_1day.fid--65986ded_19d21fbe95f_2917,POINT (50.194 5.255),6472,2019-08-04T00:00:00,0.39,20.23,26.96,11.16,23.6,24.71,22.71,21.79,20.61,18.93,2.04,2.72,8.05,61.45,981.36,658.08,253.94,283.01,"{""validated"":{""PRECIP_QUANTITY"":true,""TEMP_AVG"":true,""TEMP_MAX"":true,""TEMP_MIN"":true,""TEMP_GRASS_PT100_AVG"":true,""TEMP_SOIL_AVG"":true,""TEMP_SOIL_AVG_5CM"":true,""TEMP_SOIL_AVG_10CM"":true,""TEMP_SOIL_AVG_20CM"":true,""TEMP_SOIL_AVG_50CM"":true,""WIND_SPEED_10M"":true,""WIND_SPEED_AVG_30M"":true,""WIND_GUSTS_SPEED"":true,""HUMIDITY_REL_SHELTER_AVG"":true,""PRESSURE"":true,""SUN_DURATION"":false,""SHORT_WAVE_FROM_SKY_AVG"":false,""SUN_INT_AVG"":false}}"
aws_1day.fid--65986ded_19d21fbe95f_2916,POINT (50.582 4.689),6459,2019-08-04T00:00:00,0.0,19.88,26.32,12.29,25.22,24.13,22.16,20.95,19.77,18.53,1.51,,5.74,73.03,996.4,492.0,229.34,199.42,"{""validated"":{""PRECIP_QUANTITY"":true,""TEMP_AVG"":true,""TEMP_MAX"":true,""TEMP_MIN"":true,""TEMP_GRASS_PT100_AVG"":true,""TEMP_SOIL_AVG"":true,""TEMP_SOIL_AVG_5CM"":true,""TEMP_SOIL_AVG_10CM"":true,""TEMP_SOIL_AVG_20CM"":true,""TEMP_SOIL_AVG_50CM"":true,""WIND_SPEED_10M"":true,""WIND_SPEED_AVG_30M"":false,""WIND_GUSTS_SPEED"":true,""HUMIDITY_REL_SHELTER_AVG"":true,""PRESSURE"":true,""SUN_DURATION"":false,""SHORT_WAVE_FROM_SKY_AVG"":false,""SUN_INT_AVG"":false}}"
aws_1day.fid--65986ded_19d21fbe95f_2915,POINT (51.075 4.525),6439,2019-08-04T00:00:00,0.0,20.94,26.75,13.56,24.39,26.74,24.74,23.75,21.93,20.21,1.26,,5.53,72.67,1013.99,593.58,261.44,234.76,"{""validated"":{""PRECIP_QUANTITY"":true,""TEMP_AVG"":true,""TEMP_MAX"":true,""TEMP_MIN"":true,""TEMP_GRASS_PT100_AVG"":true,""TEMP_SOIL_AVG"":true,""TEMP_SOIL_AVG_5CM"":false,""TEMP_SOIL_AVG_10CM"":true,""TEMP_SOIL_AVG_20CM"":true,""TEMP_SOIL_AVG_50CM"":true,""WIND_SPEED_10M"":true,""WIND_SPEED_AVG_30M"":false,""WIND_GUSTS_SPEED"":true,""HUMIDITY_REL_SHELTER_AVG"":false,""PRESSURE"":true,""SUN_DURATION"":false,""SHORT_WAVE_FROM_SKY_AVG"":false,""SUN_INT_AVG"":false}}"
aws_1day.fid--65986ded_19d21fbe95f_2914,POINT (50.904 3.122),6414,2019-08-04T00:00:00,0.0,21.03,26.55,13.08,22.08,25.77,23.83,23.16,21.56,19.79,1.51,,11.35,69.39,1011.73,509.42,214.66,193.7,"{""validated"":{""PRECIP_QUANTITY"":true,""TEMP_AVG"":true,""TEMP_MAX"":true,""TEMP_MIN"":true,""TEMP_GRASS_PT100_AVG"":true,""TEMP_SOIL_AVG"":true,""TEMP_SOIL_AVG_5CM"":true,""TEMP_SOIL_AVG_10CM"":true,""TEMP_SOIL_AVG_20CM"":true,""TEMP_SOIL_AVG_50CM"":true,""WIND_SPEED_10M"":true,""WIND_SPEED_AVG_30M"":false,""WIND_GUSTS_SPEED"":true,""HUMIDITY_REL_SHELTER_AVG"":true,""PRESSURE"":true,""SUN_DURATION"":false,""SHORT_WAVE_FROM_SKY_AVG"":false,""SUN_INT_AVG"":false}}"
aws_1day.fid--65986ded_19d21fbe95f_2913,POINT (50.916 5.45),6477,2019-08-04T00:00:00,0.03,20.2,27.57,10.78,22.6,23.91,22.39,21.33,18.33,19.35,1.21,,5.53,73.72,1010.56,706.92,268.33,261.33,"{""validated"":{""PRECIP_QUANTITY"":true,""TEMP_AVG"":true,""TEMP_MAX"":true,""TEMP_MIN"":true,""TEMP_GRASS_PT100_AVG"":true,""TEMP_SOIL_AVG"":true,""TEMP_SOIL_AVG_5CM"":true,""TEMP_SOIL_AVG_10CM"":true,""TEMP_SOIL_AVG_20CM"":true,""TEMP_SOIL_AVG_50CM"":true,""WIND_SPEED_10M"":true,""WIND_SPEED_AVG_30M"":false,""WIND_GUSTS_SPEED"":true,""HUMIDITY_REL_SHELTER_AVG"":false,""PRESSURE"":true,""SUN_DURATION"":false,""SHORT_WAVE_FROM_SKY_AVG"":false,""SUN_INT_AVG"":false}}"
aws_1day.fid--65986ded_19d21fbe95f_2912,POINT (50.096 4.595),6455,2019-08-04T00:00:00,0.24,20.59,28.5,11.02,23.75,27.91,22.24,21.75,21.25,19.83,1.41,,6.86,64.82,986.69,594.84,237.92,248.24,"{""validated"":{""PRECIP_QUANTITY"":true,""TEMP_AVG"":true,""TEMP_MAX"":true,""TEMP_MIN"":true,""TEMP_GRASS_PT100_AVG"":true,""TEMP_SOIL_AVG"":true,""TEMP_SOIL_AVG_5CM"":true,""TEMP_SOIL_AVG_10CM"":true,""TEMP_SOIL_AVG_20CM"":true,""TEMP_SOIL_AVG_50CM"":true,""WIND_SPEED_10M"":true,""WIND_SPEED_AVG_30M"":false,""WIND_GUSTS_SPEED"":true,""HUMIDITY_REL_SHELTER_AVG"":true,""PRESSURE"":true,""SUN_DURATION"":false,""SHORT_WAVE_FROM_SKY_AVG"":false,""SUN_INT_AVG"":false}}"
aws_1day.fid--65986ded_19d21fbe95f_2911,POINT (51.221 5.027),6464,2019-08-04T00:00:00,0.0,19.84,26.07,11.74,22.04,23.62,22.5,21.82,20.89,19.53,0.82,,5.04,77.7,1012.8,600.58,252.02,238.08,"{""validated"":{""PRECIP_QUANTITY"":true,""TEMP_AVG"":true,""TEMP_MAX"":true,""TEMP_MIN"":true,""TEMP_GRASS_PT100_AVG"":true,""TEMP_SOIL_AVG"":true,""TEMP_SOIL_AVG_5CM"":true,""TEMP_SOIL_AVG_10CM"":true,""TEMP_SOIL_AVG_20CM"":true,""TEMP_SOIL_AVG_50CM"":true,""WIND_SPEED_10M"":true,""WIND_SPEED_AVG_30M"":false,""WIND_GUSTS_SPEED"":true,""HUMIDITY_REL_SHELTER_AVG"":true,""PRESSURE"":true,""SUN_DURATION"":false,""SHORT_WAVE_FROM_SKY_AVG"":false,""SUN_INT_AVG"":false}}"
aws_1day.fid--65986ded_19d21fbe95f_290f,POINT (50.797 4.358),6447,2019-08-04T00:00:00,0.0,20.82,26.53,14.18,24.13,25.83,23.86,22.73,21.37,19.97,,1.59,6.11,69.83,1002.39,,233.32,,"{""validated"":{""PRECIP_QUANTITY"":true,""TEMP_AVG"":true,""TEMP_MAX"":true,""TEMP_MIN"":true,""TEMP_GRASS_PT100_AVG"":true,""TEMP_SOIL_AVG"":true,""TEMP_SOIL_AVG_5CM"":true,""TEMP_SOIL_AVG_10CM"":true,""TEMP_SOIL_AVG_20CM"":true,""TEMP_SOIL_AVG_50CM"":true,""WIND_SPEED_10M"":false,""WIND_SPEED_AVG_30M"":true,""WIND_GUSTS_SPEED"":true,""HUMIDITY_REL_SHELTER_AVG"":false,""PRESSURE"":true,""SUN_DURATION"":false,""SHORT_WAVE_FROM_SKY_AVG"":false,""SUN_INT_AVG"":false}}"
aws_1day.fid--65986ded_19d21fbe95f_290e,POINT (49.62 5.587),6484,2019-08-04T00:00:00,0.23,20.48,28.22,12.59,32.93,27.53,25.48,23.75,22.82,20.7,1.95,,8.21,66.14,977.5,665.42,283.54,250.64,"{""validated"":{""PRECIP_QUANTITY"":true,""TEMP_AVG"":true,""TEMP_MAX"":true,""TEMP_MIN"":true,""TEMP_GRASS_PT100_AVG"":false,""TEMP_SOIL_AVG"":true,""TEMP_SOIL_AVG_5CM"":true,""TEMP_SOIL_AVG_10CM"":true,""TEMP_SOIL_AVG_20CM"":true,""TEMP_SOIL_AVG_50CM"":true,""WIND_SPEED_10M"":true,""WIND_SPEED_AVG_30M"":false,""WIND_GUSTS_SPEED"":true,""HUMIDITY_REL_SHELTER_AVG"":false,""PRESSURE"":true,""SUN_DURATION"":false,""SHORT_WAVE_FROM_SKY_AVG"":false,""SUN_INT_AVG"":false}}"
aws_1day.fid--65986ded_19d21fbe95f_290d,POINT (51.348 3.202),6418,2019-08-04T00:00:00,0.0,20.47,23.21,17.02,,,,,,,3.92,,7.51,75.68,1013.27,557.67,,188.42,"{""validated"":{""PRECIP_QUANTITY"":true,""TEMP_AVG"":true,""TEMP_MAX"":true,""TEMP_MIN"":true,""TEMP_GRASS_PT100_AVG"":false,""TEMP_SOIL_AVG"":false,""TEMP_SOIL_AVG_5CM"":false,""TEMP_SOIL_AVG_10CM"":false,""TEMP_SOIL_AVG_20CM"":false,""TEMP_SOIL_AVG_50CM"":false,""WIND_SPEED_10M"":true,""WIND_SPEED_AVG_30M"":false,""WIND_GUSTS_SPEED"":true,""HUMIDITY_REL_SHELTER_AVG"":true,""PRESSURE"":true,""SUN_DURATION"":false,""SHORT_WAVE_FROM_SKY_AVG"":false,""SUN_INT_AVG"":false}}"
aws_1day.fid--65986ded_19d21fbe95f_290c,POINT (51.325 4.364),6438,2019-08-04T00:00:00,0.07,20.67,26.13,13.5,24.59,26.99,24.62,23.6,21.11,20.77,1.48,,5.76,72.55,1014.61,578.17,243.35,237.9,"{""validated"":{""PRECIP_QUANTITY"":true,""TEMP_AVG"":true,""TEMP_MAX"":true,""TEMP_MIN"":true,""TEMP_GRASS_PT100_AVG"":true,""TEMP_SOIL_AVG"":true,""TEMP_SOIL_AVG_5CM"":true,""TEMP_SOIL_AVG_10CM"":true,""TEMP_SOIL_AVG_20CM"":true,""TEMP_SOIL_AVG_50CM"":true,""WIND_SPEED_10M"":true,""WIND_SPEED_AVG_30M"":false,""WIND_GUSTS_SPEED"":true,""HUMIDITY_REL_SHELTER_AVG"":true,""PRESSURE"":true,""SUN_DURATION"":false,""SHORT_WAVE_FROM_SKY_AVG"":false,""SUN_INT_AVG"":false}}"
aws_1day.fid--65986ded_19d21fbe95f_290b,POINT (50.98 3.816),6434,2019-08-04T00:00:00,0.0,20.46,26.62,13.51,23.79,24.69,23.2,22.17,20.95,19.42,1.28,1.87,5.59,73.86,1013.02,599.58,227.29,228.89,"{""validated"":{""PRECIP_QUANTITY"":true,""TEMP_AVG"":true,""TEMP_MAX"":true,""TEMP_MIN"":true,""TEMP_GRASS_PT100_AVG"":true,""TEMP_SOIL_AVG"":true,""TEMP_SOIL_AVG_5CM"":true,""TEMP_SOIL_AVG_10CM"":true,""TEMP_SOIL_AVG_20CM"":true,""TEMP_SOIL_AVG_50CM"":true,""WIND_SPEED_10M"":true,""WIND_SPEED_AVG_30M"":true,""WIND_GUSTS_SPEED"":true,""HUMIDITY_REL_SHELTER_AVG"":false,""PRESSURE"":true,""SUN_DURATION"":false,""SHORT_WAVE_FROM_SKY_AVG"":false,""SUN_INT_AVG"":false}}"
aws_1day.fid--65986ded_19d21fbe95f_2910,POINT (50.511 6.073),6494,2019-08-04T00:00:00,0.0,17.32,24.06,10.0,,20.65,17.6,17.13,16.53,15.34,1.78,,5.97,71.83,938.57,,258.9,,"{""validated"":{""PRECIP_QUANTITY"":true,""TEMP_AVG"":true,""TEMP_MAX"":true,""TEMP_MIN"":true,""TEMP_GRASS_PT100_AVG"":false,""TEMP_SOIL_AVG"":true,""TEMP_SOIL_AVG_5CM"":true,""TEMP_SOIL_AVG_10CM"":true,""TEMP_SOIL_AVG_20CM"":true,""TEMP_SOIL_AVG_50CM"":true,""WIND_SPEED_10M"":true,""WIND_SPEED_AVG_30M"":false,""WIND_GUSTS_SPEED"":true,""HUMIDITY_REL_SHELTER_AVG"":true,""PRESSURE"":true,""SUN_DURATION"":true,""SHORT_WAVE_FROM_SKY_AVG"":false,""SUN_INT_AVG"":true}}"
aws_1day.fid--65986ded_19d21fbe95f_2920,POINT (50.98 3.816),6434,2019-08-05T00:00:00,0.09,20.88,25.53,17.25,24.28,24.86,24.06,23.47,22.49,20.28,3.41,4.32,10.24,68.84,1009.68,478.25,204.63,167.4,"{""validated"":{""PRECIP_QUANTITY"":true,""TEMP_AVG"":true,""TEMP_MAX"":true,""TEMP_MIN"":true,""TEMP_GRASS_PT100_AVG"":true,""TEMP_SOIL_AVG"":true,""TEMP_SOIL_AVG_5CM"":true,""TEMP_SOIL_AVG_10CM"":true,""TEMP_SOIL_AVG_20CM"":true,""TEMP_SOIL_AVG_50CM"":true,""WIND_SPEED_10M"":true,""WIND_SPEED_AVG_30M"":true,""WIND_GUSTS_SPEED"":true,""HUMIDITY_REL_SHELTER_AVG"":false,""PRESSURE"":true,""SUN_DURATION"":false,""SHORT_WAVE_FROM_SKY_AVG"":false,""SUN_INT_AVG"":false}}"
aws_1day.fid--65986ded_19d21fbe95f_2924,POINT (50.916 5.45),6477,2019-08-05T00:00:00,0.23,21.23,25.55,16.98,22.7,25.05,23.53,22.71,19.68,20.0,2.45,,8.73,72.58,1006.81,631.92,247.18,207.78,"{""validated"":{""PRECIP_QUANTITY"":true,""TEMP_AVG"":true,""TEMP_MAX"":true,""TEMP_MIN"":true,""TEMP_GRASS_PT100_AVG"":true,""TEMP_SOIL_AVG"":true,""TEMP_SOIL_AVG_5CM"":true,""TEMP_SOIL_AVG_10CM"":true,""TEMP_SOIL_AVG_20CM"":true,""TEMP_SOIL_AVG_50CM"":true,""WIND_SPEED_10M"":true,""WIND_SPEED_AVG_30M"":false,""WIND_GUSTS_SPEED"":true,""HUMIDITY_REL_SHELTER_AVG"":true,""PRESSURE"":true,""SUN_DURATION"":false,""SHORT_WAVE_FROM_SKY_AVG"":false,""SUN_INT_AVG"":false}}"
aws_1day.fid--65986ded_19d21fbe95f_2923,POINT (50.582 4.689),6459,2019-08-05T00:00:00,0.64,20.71,25.07,16.9,22.9,23.35,22.96,22.16,21.16,19.07,3.83,,12.79,66.41,993.43,584.58,254.15,211.49,"{""validated"":{""PRECIP_QUANTITY"":true,""TEMP_AVG"":true,""TEMP_MAX"":true,""TEMP_MIN"":true,""TEMP_GRASS_PT100_AVG"":true,""TEMP_SOIL_AVG"":true,""TEMP_SOIL_AVG_5CM"":true,""TEMP_SOIL_AVG_10CM"":true,""TEMP_SOIL_AVG_20CM"":true,""TEMP_SOIL_AVG_50CM"":true,""WIND_SPEED_10M"":true,""WIND_SPEED_AVG_30M"":false,""WIND_GUSTS_SPEED"":true,""HUMIDITY_REL_SHELTER_AVG"":true,""PRESSURE"":true,""SUN_DURATION"":false,""SHORT_WAVE_FROM_SKY_AVG"":false,""SUN_INT_AVG"":false}}"
aws_1day.fid--65986ded_19d21fbe95f_2922,POINT (50.096 4.595),6455,2019-08-05T00:00:00,4.14,20.37,25.43,15.64,23.14,24.56,22.77,22.37,21.93,20.0,2.23,,8.61,71.13,984.29,521.59,220.29,166.18,"{""validated"":{""PRECIP_QUANTITY"":true,""TEMP_AVG"":true,""TEMP_MAX"":true,""TEMP_MIN"":true,""TEMP_GRASS_PT100_AVG"":true,""TEMP_SOIL_AVG"":true,""TEMP_SOIL_AVG_5CM"":true,""TEMP_SOIL_AVG_10CM"":true,""TEMP_SOIL_AVG_20CM"":true,""TEMP_SOIL_AVG_50CM"":true,""WIND_SPEED_10M"":true,""WIND_SPEED_AVG_30M"":false,""WIND_GUSTS_SPEED"":true,""HUMIDITY_REL_SHELTER_AVG"":true,""PRESSURE"":true,""SUN_DURATION"":false,""SHORT_WAVE_FROM_SKY_AVG"":false,""SUN_INT_AVG"":false}}"
aws_1day.fid--65986ded_19d21fbe95f_2921,POINT (50.904 3.122),6414,2019-08-05T00:00:00,0.03,20.08,25.23,14.46,20.52,23.45,23.8,23.61,22.61,20.45,3.88,,10.47,73.22,1008.84,400.0,206.07,142.22,"{""validated"":{""PRECIP_QUANTITY"":true,""TEMP_AVG"":true,""TEMP_MAX"":true,""TEMP_MIN"":true,""TEMP_GRASS_PT100_AVG"":true,""TEMP_SOIL_AVG"":true,""TEMP_SOIL_AVG_5CM"":true,""TEMP_SOIL_AVG_10CM"":true,""TEMP_SOIL_AVG_20CM"":true,""TEMP_SOIL_AVG_50CM"":true,""WIND_SPEED_10M"":true,""WIND_SPEED_AVG_30M"":false,""WIND_GUSTS_SPEED"":true,""HUMIDITY_REL_SHELTER_AVG"":true,""PRESSURE"":true,""SUN_DURATION"":false,""SHORT_WAVE_FROM_SKY_AVG"":false,""SUN_INT_AVG"":false}}"
aws_1day.fid--65986ded_19d21fbe95f_291f,POINT (49.62 5.587),6484,2019-08-05T00:00:00,0.0,20.09,25.66,14.56,31.47,25.18,25.3,23.98,23.53,21.22,2.12,,9.43,70.16,975.07,439.67,229.76,124.07,"{""validated"":{""PRECIP_QUANTITY"":true,""TEMP_AVG"":true,""TEMP_MAX"":true,""TEMP_MIN"":true,""TEMP_GRASS_PT100_AVG"":false,""TEMP_SOIL_AVG"":true,""TEMP_SOIL_AVG_5CM"":true,""TEMP_SOIL_AVG_10CM"":true,""TEMP_SOIL_AVG_20CM"":true,""TEMP_SOIL_AVG_50CM"":true,""WIND_SPEED_10M"":true,""WIND_SPEED_AVG_30M"":false,""WIND_GUSTS_SPEED"":true,""HUMIDITY_REL_SHELTER_AVG"":false,""PRESSURE"":true,""SUN_DURATION"":false,""SHORT_WAVE_FROM_SKY_AVG"":false,""SUN_INT_AVG"":false}}"
aws_1day.fid--65986ded_19d21fbe95f_291a,POINT (50.194 5.255),6472,2019-08-05T00:00:00,0.55,19.79,23.9,15.84,21.77,23.04,22.32,22.18,21.54,19.56,3.31,4.17,10.05,65.66,978.75,557.42,207.95,164.24,"{""validated"":{""PRECIP_QUANTITY"":true,""TEMP_AVG"":true,""TEMP_MAX"":true,""TEMP_MIN"":true,""TEMP_GRASS_PT100_AVG"":true,""TEMP_SOIL_AVG"":true,""TEMP_SOIL_AVG_5CM"":true,""TEMP_SOIL_AVG_10CM"":true,""TEMP_SOIL_AVG_20CM"":true,""TEMP_SOIL_AVG_50CM"":true,""WIND_SPEED_10M"":true,""WIND_SPEED_AVG_30M"":true,""WIND_GUSTS_SPEED"":true,""HUMIDITY_REL_SHELTER_AVG"":true,""PRESSURE"":true,""SUN_DURATION"":false,""SHORT_WAVE_FROM_SKY_AVG"":false,""SUN_INT_AVG"":false}}"
aws_1day.fid--65986ded_19d21fbe95f_291d,POINT (51.348 3.202),6418,2019-08-05T00:00:00,0.35,20.13,22.88,16.22,,,,,,,7.0,,14.89,73.56,1009.68,462.17,,162.9,"{""validated"":{""PRECIP_QUANTITY"":true,""TEMP_AVG"":true,""TEMP_MAX"":true,""TEMP_MIN"":true,""TEMP_GRASS_PT100_AVG"":false,""TEMP_SOIL_AVG"":false,""TEMP_SOIL_AVG_5CM"":false,""TEMP_SOIL_AVG_10CM"":false,""TEMP_SOIL_AVG_20CM"":false,""TEMP_SOIL_AVG_50CM"":false,""WIND_SPEED_10M"":true,""WIND_SPEED_AVG_30M"":false,""WIND_GUSTS_SPEED"":true,""HUMIDITY_REL_SHELTER_AVG"":true,""PRESSURE"":true,""SUN_DURATION"":false,""SHORT_WAVE_FROM_SKY_AVG"":false,""SUN_INT_AVG"":false}}"
aws_1day.fid--65986ded_19d21fbe95f_291c,POINT (50.797 4.358),6447,2019-08-05T00:00:00,0.12,21.37,25.36,17.83,23.72,26.19,24.81,24.12,23.01,20.78,,3.12,9.33,65.53,999.23,,216.97,,"{""validated"":{""PRECIP_QUANTITY"":true,""TEMP_AVG"":true,""TEMP_MAX"":true,""TEMP_MIN"":true,""TEMP_GRASS_PT100_AVG"":true,""TEMP_SOIL_AVG"":true,""TEMP_SOIL_AVG_5CM"":true,""TEMP_SOIL_AVG_10CM"":true,""TEMP_SOIL_AVG_20CM"":true,""TEMP_SOIL_AVG_50CM"":true,""WIND_SPEED_10M"":false,""WIND_SPEED_AVG_30M"":true,""WIND_GUSTS_SPEED"":true,""HUMIDITY_REL_SHELTER_AVG"":false,""PRESSURE"":true,""SUN_DURATION"":false,""SHORT_WAVE_FROM_SKY_AVG"":false,""SUN_INT_AVG"":false}}"
aws_1day.fid--65986ded_19d21fbe95f_291b,POINT (51.325 4.364),6438,2019-08-05T00:00:00,0.0,21.54,26.43,18.47,23.73,26.82,25.31,24.68,22.63,21.83,4.39,,11.07,70.4,1010.64,453.17,213.56,175.96,"{""validated"":{""PRECIP_QUANTITY"":true,""TEMP_AVG"":true,""TEMP_MAX"":true,""TEMP_MIN"":true,""TEMP_GRASS_PT100_AVG"":true,""TEMP_SOIL_AVG"":true,""TEMP_SOIL_AVG_5CM"":true,""TEMP_SOIL_AVG_10CM"":true,""TEMP_SOIL_AVG_20CM"":true,""TEMP_SOIL_AVG_50CM"":true,""WIND_SPEED_10M"":true,""WIND_SPEED_AVG_30M"":false,""WIND_GUSTS_SPEED"":true,""HUMIDITY_REL_SHELTER_AVG"":true,""PRESSURE"":true,""SUN_DURATION"":false,""SHORT_WAVE_FROM_SKY_AVG"":false,""SUN_INT_AVG"":false}}"
aws_1day.fid--65986ded_19d21fbe95f_2919,POINT (50.511 6.073),6494,2019-08-05T00:00:00,2.39,17.3,21.08,13.98,,20.36,18.33,17.97,17.44,15.56,2.88,,10.33,73.0,935.38,,236.65,,"{""validated"":{""PRECIP_QUANTITY"":true,""TEMP_AVG"":true,""TEMP_MAX"":true,""TEMP_MIN"":true,""TEMP_GRASS_PT100_AVG"":false,""TEMP_SOIL_AVG"":true,""TEMP_SOIL_AVG_5CM"":true,""TEMP_SOIL_AVG_10CM"":true,""TEMP_SOIL_AVG_20CM"":true,""TEMP_SOIL_AVG_50CM"":true,""WIND_SPEED_10M"":true,""WIND_SPEED_AVG_30M"":false,""WIND_GUSTS_SPEED"":true,""HUMIDITY_REL_SHELTER_AVG"":true,""PRESSURE"":true,""SUN_DURATION"":true,""SHORT_WAVE_FROM_SKY_AVG"":false,""SUN_INT_AVG"":true}}"
aws_1day.fid--65986ded_19d21fbe95f_2918,POINT (51.075 4.525),6439,2019-08-05T00:00:00,0.03,21.75,26.16,18.76,23.62,26.6,25.32,24.8,23.56,21.26,3.0,,8.61,68.71,1010.23,521.5,235.03,186.53,"{""validated"":{""PRECIP_QUANTITY"":true,""TEMP_AVG"":true,""TEMP_MAX"":true,""TEMP_MIN"":true,""TEMP_GRASS_PT100_AVG"":true,""TEMP_SOIL_AVG"":true,""TEMP_SOIL_AVG_5CM"":false,""TEMP_SOIL_AVG_10CM"":true,""TEMP_SOIL_AVG_20CM"":true,""TEMP_SOIL_AVG_50CM"":true,""WIND_SPEED_10M"":true,""WIND_SPEED_AVG_30M"":false,""WIND_GUSTS_SPEED"":true,""HUMIDITY_REL_SHELTER_AVG"":false,""PRESSURE"":true,""SUN_DURATION"":false,""SHORT_WAVE_FROM_SKY_AVG"":false,""SUN_INT_AVG"":false}}"
aws_1day.fid--65986ded_19d21fbe95f_291e,POINT (51.221 5.027),6464,2019-08-05T00:00:00,0.0,21.17,25.51,17.5,22.94,25.97,24.52,23.84,22.69,20.14,1.89,,7.46,73.09,1008.67,538.83,233.69,205.47,"{""validated"":{""PRECIP_QUANTITY"":true,""TEMP_AVG"":true,""TEMP_MAX"":true,""TEMP_MIN"":true,""TEMP_GRASS_PT100_AVG"":true,""TEMP_SOIL_AVG"":true,""TEMP_SOIL_AVG_5CM"":true,""TEMP_SOIL_AVG_10CM"":true,""TEMP_SOIL_AVG_20CM"":true,""TEMP_SOIL_AVG_50CM"":true,""WIND_SPEED_10M"":true,""WIND_SPEED_AVG_30M"":false,""WIND_GUSTS_SPEED"":true,""HUMIDITY_REL_SHELTER_AVG"":true,""PRESSURE"":true,""SUN_DURATION"":false,""SHORT_WAVE_FROM_SKY_AVG"":false,""SUN_INT_AVG"":false}}"
aws_1day.fid--65986ded_19d21fbe95f_2935,POINT (51.348 3.202),6418,2019-08-06T00:00:00,0.12,18.62,21.93,15.2,,,,,,,5.92,,11.81,74.5,1008.35,582.75,,178.86,"{""validated"":{""PRECIP_QUANTITY"":true,""TEMP_AVG"":true,""TEMP_MAX"":true,""TEMP_MIN"":true,""TEMP_GRASS_PT100_AVG"":false,""TEMP_SOIL_AVG"":false,""TEMP_SOIL_AVG_5CM"":false,""TEMP_SOIL_AVG_10CM"":false,""TEMP_SOIL_AVG_20CM"":false,""TEMP_SOIL_AVG_50CM"":false,""WIND_SPEED_10M"":true,""WIND_SPEED_AVG_30M"":false,""WIND_GUSTS_SPEED"":true,""HUMIDITY_REL_SHELTER_AVG"":true,""PRESSURE"":true,""SUN_DURATION"":false,""SHORT_WAVE_FROM_SKY_AVG"":false,""SUN_INT_AVG"":false}}"
aws_1day.fid--65986ded_19d21fbe95f_2936,POINT (50.98 3.816),6434,2019-08-06T00:00:00,0.0,19.19,23.44,14.0,22.35,23.66,22.84,22.58,22.14,20.71,3.05,3.88,9.14,69.4,1008.53,572.67,206.34,192.6,"{""validated"":{""PRECIP_QUANTITY"":true,""TEMP_AVG"":true,""TEMP_MAX"":true,""TEMP_MIN"":true,""TEMP_GRASS_PT100_AVG"":true,""TEMP_SOIL_AVG"":true,""TEMP_SOIL_AVG_5CM"":true,""TEMP_SOIL_AVG_10CM"":true,""TEMP_SOIL_AVG_20CM"":true,""TEMP_SOIL_AVG_50CM"":true,""WIND_SPEED_10M"":true,""WIND_SPEED_AVG_30M"":true,""WIND_GUSTS_SPEED"":true,""HUMIDITY_REL_SHELTER_AVG"":false,""PRESSURE"":true,""SUN_DURATION"":false,""SHORT_WAVE_FROM_SKY_AVG"":false,""SUN_INT_AVG"":false}}"
aws_1day.fid--65986ded_19d21fbe95f_2937,POINT (49.62 5.587),6484,2019-08-06T00:00:00,3.87,17.85,24.1,13.69,27.81,20.12,21.57,21.32,22.17,21.23,1.73,,7.8,87.74,974.09,30.33,110.66,12.14,"{""validated"":{""PRECIP_QUANTITY"":true,""TEMP_AVG"":true,""TEMP_MAX"":true,""TEMP_MIN"":true,""TEMP_GRASS_PT100_AVG"":false,""TEMP_SOIL_AVG"":true,""TEMP_SOIL_AVG_5CM"":true,""TEMP_SOIL_AVG_10CM"":true,""TEMP_SOIL_AVG_20CM"":true,""TEMP_SOIL_AVG_50CM"":true,""WIND_SPEED_10M"":true,""WIND_SPEED_AVG_30M"":false,""WIND_GUSTS_SPEED"":true,""HUMIDITY_REL_SHELTER_AVG"":false,""PRESSURE"":true,""SUN_DURATION"":false,""SHORT_WAVE_FROM_SKY_AVG"":false,""SUN_INT_AVG"":false}}"
aws_1day.fid--65986ded_19d21fbe95f_2938,POINT (51.325 4.364),6438,2019-08-06T00:00:00,0.03,20.17,24.0,15.89,22.58,25.4,24.1,23.77,22.24,22.19,4.56,,10.07,64.36,1009.57,548.42,207.37,198.58,"{""validated"":{""PRECIP_QUANTITY"":true,""TEMP_AVG"":true,""TEMP_MAX"":true,""TEMP_MIN"":true,""TEMP_GRASS_PT100_AVG"":true,""TEMP_SOIL_AVG"":true,""TEMP_SOIL_AVG_5CM"":true,""TEMP_SOIL_AVG_10CM"":true,""TEMP_SOIL_AVG_20CM"":true,""TEMP_SOIL_AVG_50CM"":true,""WIND_SPEED_10M"":true,""WIND_SPEED_AVG_30M"":false,""WIND_GUSTS_SPEED"":true,""HUMIDITY_REL_SHELTER_AVG"":true,""PRESSURE"":true,""SUN_DURATION"":false,""SHORT_WAVE_FROM_SKY_AVG"":false,""SUN_INT_AVG"":false}}"
aws_1day.fid--65986ded_19d21fbe95f_293c,POINT (50.511 6.073),6494,2019-08-06T00:00:00,0.0,15.74,19.91,13.85,,18.2,17.37,17.34,17.15,15.77,3.24,,8.78,84.44,934.15,,144.23,,"{""validated"":{""PRECIP_QUANTITY"":true,""TEMP_AVG"":true,""TEMP_MAX"":true,""TEMP_MIN"":true,""TEMP_GRASS_PT100_AVG"":false,""TEMP_SOIL_AVG"":true,""TEMP_SOIL_AVG_5CM"":true,""TEMP_SOIL_AVG_10CM"":true,""TEMP_SOIL_AVG_20CM"":true,""TEMP_SOIL_AVG_50CM"":true,""WIND_SPEED_10M"":true,""WIND_SPEED_AVG_30M"":false,""WIND_GUSTS_SPEED"":true,""HUMIDITY_REL_SHELTER_AVG"":false,""PRESSURE"":true,""SUN_DURATION"":true,""SHORT_WAVE_FROM_SKY_AVG"":false,""SUN_INT_AVG"":true}}"
aws_1day.fid--65986ded_19d21fbe95f_293b,POINT (50.904 3.122),6414,2019-08-06T00:00:00,0.0,18.62,23.88,13.32,19.15,22.29,22.47,22.43,21.92,20.67,3.46,,9.14,73.52,1007.44,503.67,206.27,176.38,"{""validated"":{""PRECIP_QUANTITY"":true,""TEMP_AVG"":true,""TEMP_MAX"":true,""TEMP_MIN"":true,""TEMP_GRASS_PT100_AVG"":true,""TEMP_SOIL_AVG"":true,""TEMP_SOIL_AVG_5CM"":true,""TEMP_SOIL_AVG_10CM"":true,""TEMP_SOIL_AVG_20CM"":true,""TEMP_SOIL_AVG_50CM"":true,""WIND_SPEED_10M"":true,""WIND_SPEED_AVG_30M"":false,""WIND_GUSTS_SPEED"":true,""HUMIDITY_REL_SHELTER_AVG"":true,""PRESSURE"":true,""SUN_DURATION"":false,""SHORT_WAVE_FROM_SKY_AVG"":false,""SUN_INT_AVG"":false}}"
aws_1day.fid--65986ded_19d21fbe95f_2934,POINT (50.194 5.255),6472,2019-08-06T00:00:00,10.64,17.8,22.91,15.58,19.96,20.69,20.47,21.03,21.05,19.8,2.73,3.59,8.81,79.32,977.66,272.08,134.71,63.55,"{""validated"":{""PRECIP_QUANTITY"":true,""TEMP_AVG"":true,""TEMP_MAX"":true,""TEMP_MIN"":true,""TEMP_GRASS_PT100_AVG"":true,""TEMP_SOIL_AVG"":true,""TEMP_SOIL_AVG_5CM"":true,""TEMP_SOIL_AVG_10CM"":true,""TEMP_SOIL_AVG_20CM"":true,""TEMP_SOIL_AVG_50CM"":true,""WIND_SPEED_10M"":true,""WIND_SPEED_AVG_30M"":true,""WIND_GUSTS_SPEED"":true,""HUMIDITY_REL_SHELTER_AVG"":true,""PRESSURE"":true,""SUN_DURATION"":false,""SHORT_WAVE_FROM_SKY_AVG"":false,""SUN_INT_AVG"":false}}"
aws_1day.fid--65986ded_19d21fbe95f_293d,POINT (50.916 5.45),6477,2019-08-06T00:00:00,3.19,19.63,23.65,14.99,20.89,22.33,21.86,21.7,19.45,20.31,2.52,,7.74,78.39,1005.99,366.25,189.84,124.57,"{""validated"":{""PRECIP_QUANTITY"":true,""TEMP_AVG"":true,""TEMP_MAX"":true,""TEMP_MIN"":true,""TEMP_GRASS_PT100_AVG"":true,""TEMP_SOIL_AVG"":true,""TEMP_SOIL_AVG_5CM"":true,""TEMP_SOIL_AVG_10CM"":true,""TEMP_SOIL_AVG_20CM"":true,""TEMP_SOIL_AVG_50CM"":true,""WIND_SPEED_10M"":true,""WIND_SPEED_AVG_30M"":false,""WIND_GUSTS_SPEED"":true,""HUMIDITY_REL_SHELTER_AVG"":true,""PRESSURE"":true,""SUN_DURATION"":false,""SHORT_WAVE_FROM_SKY_AVG"":false,""SUN_INT_AVG"":false}}"
aws_1day.fid--65986ded_19d21fbe95f_293e,POINT (50.797 4.358),6447,2019-08-06T00:00:00,0.0,19.67,23.02,15.81,21.92,24.54,23.64,23.38,22.87,21.28,,3.0,8.79,70.14,998.1,,176.95,,"{""validated"":{""PRECIP_QUANTITY"":true,""TEMP_AVG"":true,""TEMP_MAX"":true,""TEMP_MIN"":true,""TEMP_GRASS_PT100_AVG"":true,""TEMP_SOIL_AVG"":true,""TEMP_SOIL_AVG_5CM"":true,""TEMP_SOIL_AVG_10CM"":true,""TEMP_SOIL_AVG_20CM"":true,""TEMP_SOIL_AVG_50CM"":true,""WIND_SPEED_10M"":false,""WIND_SPEED_AVG_30M"":true,""WIND_GUSTS_SPEED"":true,""HUMIDITY_REL_SHELTER_AVG"":false,""PRESSURE"":true,""SUN_DURATION"":false,""SHORT_WAVE_FROM_SKY_AVG"":false,""SUN_INT_AVG"":false}}"
aws_1day.fid--65986ded_19d21fbe95f_293f,POINT (50.582 4.689),6459,2019-08-06T00:00:00,3.43,18.98,22.51,15.56,21.24,20.31,19.96,20.18,20.47,19.44,3.37,,8.49,77.97,992.36,346.33,167.45,90.62,"{""validated"":{""PRECIP_QUANTITY"":true,""TEMP_AVG"":true,""TEMP_MAX"":true,""TEMP_MIN"":true,""TEMP_GRASS_PT100_AVG"":true,""TEMP_SOIL_AVG"":true,""TEMP_SOIL_AVG_5CM"":true,""TEMP_SOIL_AVG_10CM"":true,""TEMP_SOIL_AVG_20CM"":true,""TEMP_SOIL_AVG_50CM"":true,""WIND_SPEED_10M"":true,""WIND_SPEED_AVG_30M"":false,""WIND_GUSTS_SPEED"":true,""HUMIDITY_REL_SHELTER_AVG"":true,""PRESSURE"":true,""SUN_DURATION"":false,""SHORT_WAVE_FROM_SKY_AVG"":false,""SUN_INT_AVG"":false}}"
aws_1day.fid--65986ded_19d21fbe95f_293a,POINT (51.221 5.027),6464,2019-08-06T00:00:00,0.0,20.03,23.49,15.05,21.57,25.06,23.83,23.5,22.8,20.62,2.02,,7.34,67.08,1007.75,513.33,215.19,166.28,"{""validated"":{""PRECIP_QUANTITY"":true,""TEMP_AVG"":true,""TEMP_MAX"":true,""TEMP_MIN"":true,""TEMP_GRASS_PT100_AVG"":true,""TEMP_SOIL_AVG"":true,""TEMP_SOIL_AVG_5CM"":true,""TEMP_SOIL_AVG_10CM"":true,""TEMP_SOIL_AVG_20CM"":true,""TEMP_SOIL_AVG_50CM"":true,""WIND_SPEED_10M"":true,""WIND_SPEED_AVG_30M"":false,""WIND_GUSTS_SPEED"":true,""HUMIDITY_REL_SHELTER_AVG"":true,""PRESSURE"":true,""SUN_DURATION"":false,""SHORT_WAVE_FROM_SKY_AVG"":false,""SUN_INT_AVG"":false}}"
aws_1day.fid--65986ded_19d21fbe95f_2933,POINT (51.075 4.525),6439,2019-08-06T00:00:00,0.0,20.25,23.64,15.63,22.18,25.19,24.01,23.79,23.16,21.6,3.01,,8.67,66.28,1009.23,466.83,216.2,155.35,"{""validated"":{""PRECIP_QUANTITY"":true,""TEMP_AVG"":true,""TEMP_MAX"":true,""TEMP_MIN"":true,""TEMP_GRASS_PT100_AVG"":true,""TEMP_SOIL_AVG"":true,""TEMP_SOIL_AVG_5CM"":false,""TEMP_SOIL_AVG_10CM"":true,""TEMP_SOIL_AVG_20CM"":true,""TEMP_SOIL_AVG_50CM"":true,""WIND_SPEED_10M"":true,""WIND_SPEED_AVG_30M"":false,""WIND_GUSTS_SPEED"":true,""HUMIDITY_REL_SHELTER_AVG"":false,""PRESSURE"":true,""SUN_DURATION"":false,""SHORT_WAVE_FROM_SKY_AVG"":false,""SUN_INT_AVG"":false}}"
aws_1day.fid--65986ded_19d21fbe95f_2939,POINT (50.096 4.595),6455,2019-08-06T00:00:00,5.33,17.89,23.27,14.89,19.43,21.51,21.48,21.48,21.42,20.13,1.86,,7.85,79.73,983.12,149.59,121.01,41.07,"{""validated"":{""PRECIP_QUANTITY"":true,""TEMP_AVG"":true,""TEMP_MAX"":true,""TEMP_MIN"":true,""TEMP_GRASS_PT100_AVG"":true,""TEMP_SOIL_AVG"":true,""TEMP_SOIL_AVG_5CM"":true,""TEMP_SOIL_AVG_10CM"":true,""TEMP_SOIL_AVG_20CM"":true,""TEMP_SOIL_AVG_50CM"":true,""WIND_SPEED_10M"":true,""WIND_SPEED_AVG_30M"":false,""WIND_GUSTS_SPEED"":true,""HUMIDITY_REL_SHELTER_AVG"":false,""PRESSURE"":true,""SUN_DURATION"":false,""SHORT_WAVE_FROM_SKY_AVG"":false,""SUN_INT_AVG"":false}}"
aws_1day.fid--65986ded_19d21fbe95f_2930,POINT (50.797 4.358),6447,2019-08-06T00:00:00,0.0,19.67,23.02,15.81,21.92,24.54,23.64,23.38,22.87,21.28,,3.0,8.79,70.14,998.1,,176.95,,"{""validated"":{""PRECIP_QUANTITY"":true,""TEMP_AVG"":true,""TEMP_MAX"":true,""TEMP_MIN"":true,""TEMP_GRASS_PT100_AVG"":true,""TEMP_SOIL_AVG"":true,""TEMP_SOIL_AVG_5CM"":true,""TEMP_SOIL_AVG_10CM"":true,""TEMP_SOIL_AVG_20CM"":true,""TEMP_SOIL_AVG_50CM"":true,""WIND_SPEED_10M"":false,""WIND_SPEED_AVG_30M"":true,""WIND_GUSTS_SPEED"":true,""HUMIDITY_REL_SHELTER_AVG"":false,""PRESSURE"":true,""SUN_DURATION"":false,""SHORT_WAVE_FROM_SKY_AVG"":false,""SUN_INT_AVG"":false}}"
aws_1day.fid--65986ded_19d21fbe95f_2931,POINT (50.582 4.689),6459,2019-08-06T00:00:00,3.43,18.98,22.51,15.56,21.24,20.31,19.96,20.18,20.47,19.44,3.37,,8.49,77.97,992.36,346.33,167.45,90.62,"{""validated"":{""PRECIP_QUANTITY"":true,""TEMP_AVG"":true,""TEMP_MAX"":true,""TEMP_MIN"":true,""TEMP_GRASS_PT100_AVG"":true,""TEMP_SOIL_AVG"":true,""TEMP_SOIL_AVG_5CM"":true,""TEMP_SOIL_AVG_10CM"":true,""TEMP_SOIL_AVG_20CM"":true,""TEMP_SOIL_AVG_50CM"":true,""WIND_SPEED_10M"":true,""WIND_SPEED_AVG_30M"":false,""WIND_GUSTS_SPEED"":true,""HUMIDITY_REL_SHELTER_AVG"":true,""PRESSURE"":true,""SUN_DURATION"":false,""SHORT_WAVE_FROM_SKY_AVG"":false,""SUN_INT_AVG"":false}}"
aws_1day.fid--65986ded_19d21fbe95f_2925,POINT (51.075 4.525),6439,2019-08-06T00:00:00,0.0,20.25,23.64,15.63,22.18,25.19,24.01,23.79,23.16,21.6,3.01,,8.67,66.28,1009.23,466.83,216.2,155.35,"{""validated"":{""PRECIP_QUANTITY"":true,""TEMP_AVG"":true,""TEMP_MAX"":true,""TEMP_MIN"":true,""TEMP_GRASS_PT100_AVG"":true,""TEMP_SOIL_AVG"":true,""TEMP_SOIL_AVG_5CM"":false,""TEMP_SOIL_AVG_10CM"":true,""TEMP_SOIL_AVG_20CM"":true,""TEMP_SOIL_AVG_50CM"":true,""WIND_SPEED_10M"":true,""WIND_SPEED_AVG_30M"":false,""WIND_GUSTS_SPEED"":true,""HUMIDITY_REL_SHELTER_AVG"":false,""PRESSURE"":true,""SUN_DURATION"":false,""SHORT_WAVE_FROM_SKY_AVG"":false,""SUN_INT_AVG"":false}}"
aws_1day.fid--65986ded_19d21fbe95f_2926,POINT (50.194 5.255),6472,2019-08-06T00:00:00,10.64,17.8,22.91,15.58,19.96,20.69,20.47,21.03,21.05,19.8,2.73,3.59,8.81,79.32,977.66,272.08,134.71,63.55,"{""validated"":{""PRECIP_QUANTITY"":true,""TEMP_AVG"":true,""TEMP_MAX"":true,""TEMP_MIN"":true,""TEMP_GRASS_PT100_AVG"":true,""TEMP_SOIL_AVG"":true,""TEMP_SOIL_AVG_5CM"":true,""TEMP_SOIL_AVG_10CM"":true,""TEMP_SOIL_AVG_20CM"":true,""TEMP_SOIL_AVG_50CM"":true,""WIND_SPEED_10M"":true,""WIND_SPEED_AVG_30M"":true,""WIND_GUSTS_SPEED"":true,""HUMIDITY_REL_SHELTER_AVG"":true,""PRESSURE"":true,""SUN_DURATION"":false,""SHORT_WAVE_FROM_SKY_AVG"":false,""SUN_INT_AVG"":false}}"
aws_1day.fid--65986ded_19d21fbe95f_2928,POINT (50.98 3.816),6434,2019-08-06T00:00:00,0.0,19.19,23.44,14.0,22.35,23.66,22.84,22.58,22.14,20.71,3.05,3.88,9.14,69.4,1008.53,572.67,206.34,192.6,"{""validated"":{""PRECIP_QUANTITY"":true,""TEMP_AVG"":true,""TEMP_MAX"":true,""TEMP_MIN"":true,""TEMP_GRASS_PT100_AVG"":true,""TEMP_SOIL_AVG"":true,""TEMP_SOIL_AVG_5CM"":true,""TEMP_SOIL_AVG_10CM"":true,""TEMP_SOIL_AVG_20CM"":true,""TEMP_SOIL_AVG_50CM"":true,""WIND_SPEED_10M"":true,""WIND_SPEED_AVG_30M"":true,""WIND_GUSTS_SPEED"":true,""HUMIDITY_REL_SHELTER_AVG"":false,""PRESSURE"":true,""SUN_DURATION"":false,""SHORT_WAVE_FROM_SKY_AVG"":false,""SUN_INT_AVG"":false}}"
aws_1day.fid--65986ded_19d21fbe95f_2929,POINT (49.62 5.587),6484,2019-08-06T00:00:00,3.87,17.85,24.1,13.69,27.81,20.12,21.57,21.32,22.17,21.23,1.73,,7.8,87.74,974.09,30.33,110.66,12.14,"{""validated"":{""PRECIP_QUANTITY"":true,""TEMP_AVG"":true,""TEMP_MAX"":true,""TEMP_MIN"":true,""TEMP_GRASS_PT100_AVG"":false,""TEMP_SOIL_AVG"":true,""TEMP_SOIL_AVG_5CM"":true,""TEMP_SOIL_AVG_10CM"":true,""TEMP_SOIL_AVG_20CM"":true,""TEMP_SOIL_AVG_50CM"":true,""WIND_SPEED_10M"":true,""WIND_SPEED_AVG_30M"":false,""WIND_GUSTS_SPEED"":true,""HUMIDITY_REL_SHELTER_AVG"":false,""PRESSURE"":true,""SUN_DURATION"":false,""SHORT_WAVE_FROM_SKY_AVG"":false,""SUN_INT_AVG"":false}}"
aws_1day.fid--65986ded_19d21fbe95f_2927,POINT (51.348 3.202),6418,2019-08-06T00:00:00,0.12,18.62,21.93,15.2,,,,,,,5.92,,11.81,74.5,1008.35,582.75,,178.86,"{""validated"":{""PRECIP_QUANTITY"":true,""TEMP_AVG"":true,""TEMP_MAX"":true,""TEMP_MIN"":true,""TEMP_GRASS_PT100_AVG"":false,""TEMP_SOIL_AVG"":false,""TEMP_SOIL_AVG_5CM"":false,""TEMP_SOIL_AVG_10CM"":false,""TEMP_SOIL_AVG_20CM"":false,""TEMP_SOIL_AVG_50CM"":false,""WIND_SPEED_10M"":true,""WIND_SPEED_AVG_30M"":false,""WIND_GUSTS_SPEED"":true,""HUMIDITY_REL_SHELTER_AVG"":true,""PRESSURE"":true,""SUN_DURATION"":false,""SHORT_WAVE_FROM_SKY_AVG"":false,""SUN_INT_AVG"":false}}"
aws_1day.fid--65986ded_19d21fbe95f_292b,POINT (50.096 4.595),6455,2019-08-06T00:00:00,5.33,17.89,23.27,14.89,19.43,21.51,21.48,21.48,21.42,20.13,1.86,,7.85,79.73,983.12,149.59,121.01,41.07,"{""validated"":{""PRECIP_QUANTITY"":true,""TEMP_AVG"":true,""TEMP_MAX"":true,""TEMP_MIN"":true,""TEMP_GRASS_PT100_AVG"":true,""TEMP_SOIL_AVG"":true,""TEMP_SOIL_AVG_5CM"":true,""TEMP_SOIL_AVG_10CM"":true,""TEMP_SOIL_AVG_20CM"":true,""TEMP_SOIL_AVG_50CM"":true,""WIND_SPEED_10M"":true,""WIND_SPEED_AVG_30M"":false,""WIND_GUSTS_SPEED"":true,""HUMIDITY_REL_SHELTER_AVG"":false,""PRESSURE"":true,""SUN_DURATION"":false,""SHORT_WAVE_FROM_SKY_AVG"":false,""SUN_INT_AVG"":false}}"
aws_1day.fid--65986ded_19d21fbe95f_292c,POINT (51.221 5.027),6464,2019-08-06T00:00:00,0.0,20.03,23.49,15.05,21.57,25.06,23.83,23.5,22.8,20.62,2.02,,7.34,67.08,1007.75,513.33,215.19,166.28,"{""validated"":{""PRECIP_QUANTITY"":true,""TEMP_AVG"":true,""TEMP_MAX"":true,""TEMP_MIN"":true,""TEMP_GRASS_PT100_AVG"":true,""TEMP_SOIL_AVG"":true,""TEMP_SOIL_AVG_5CM"":true,""TEMP_SOIL_AVG_10CM"":true,""TEMP_SOIL_AVG_20CM"":true,""TEMP_SOIL_AVG_50CM"":true,""WIND_SPEED_10M"":true,""WIND_SPEED_AVG_30M"":false,""WIND_GUSTS_SPEED"":true,""HUMIDITY_REL_SHELTER_AVG"":true,""PRESSURE"":true,""SUN_DURATION"":false,""SHORT_WAVE_FROM_SKY_AVG"":false,""SUN_INT_AVG"":false}}"
aws_1day.fid--65986ded_19d21fbe95f_292d,POINT (50.904 3.122),6414,2019-08-06T00:00:00,0.0,18.62,23.88,13.32,19.15,22.29,22.47,22.43,21.92,20.67,3.46,,9.14,73.52,1007.44,503.67,206.27,176.38,"{""validated"":{""PRECIP_QUANTITY"":true,""TEMP_AVG"":true,""TEMP_MAX"":true,""TEMP_MIN"":true,""TEMP_GRASS_PT100_AVG"":true,""TEMP_SOIL_AVG"":true,""TEMP_SOIL_AVG_5CM"":true,""TEMP_SOIL_AVG_10CM"":true,""TEMP_SOIL_AVG_20CM"":true,""TEMP_SOIL_AVG_50CM"":true,""WIND_SPEED_10M"":true,""WIND_SPEED_AVG_30M"":false,""WIND_GUSTS_SPEED"":true,""HUMIDITY_REL_SHELTER_AVG"":true,""PRESSURE"":true,""SUN_DURATION"":false,""SHORT_WAVE_FROM_SKY_AVG"":false,""SUN_INT_AVG"":false}}"
aws_1day.fid--65986ded_19d21fbe95f_292e,POINT (50.511 6.073),6494,2019-08-06T00:00:00,0.0,15.74,19.91,13.85,,18.2,17.37,17.34,17.15,15.77,3.24,,8.78,84.44,934.15,,144.23,,"{""validated"":{""PRECIP_QUANTITY"":true,""TEMP_AVG"":true,""TEMP_MAX"":true,""TEMP_MIN"":true,""TEMP_GRASS_PT100_AVG"":false,""TEMP_SOIL_AVG"":true,""TEMP_SOIL_AVG_5CM"":true,""TEMP_SOIL_AVG_10CM"":true,""TEMP_SOIL_AVG_20CM"":true,""TEMP_SOIL_AVG_50CM"":true,""WIND_SPEED_10M"":true,""WIND_SPEED_AVG_30M"":false,""WIND_GUSTS_SPEED"":true,""HUMIDITY_REL_SHELTER_AVG"":false,""PRESSURE"":true,""SUN_DURATION"":true,""SHORT_WAVE_FROM_SKY_AVG"":false,""SUN_INT_AVG"":true}}"
aws_1day.fid--65986ded_19d21fbe95f_292f,POINT (50.916 5.45),6477,2019-08-06T00:00:00,3.19,19.63,23.65,14.99,20.89,22.33,21.86,21.7,19.45,20.31,2.52,,7.74,78.39,1005.99,366.25,189.84,124.57,"{""validated"":{""PRECIP_QUANTITY"":true,""TEMP_AVG"":true,""TEMP_MAX"":true,""TEMP_MIN"":true,""TEMP_GRASS_PT100_AVG"":true,""TEMP_SOIL_AVG"":true,""TEMP_SOIL_AVG_5CM"":true,""TEMP_SOIL_AVG_10CM"":true,""TEMP_SOIL_AVG_20CM"":true,""TEMP_SOIL_AVG_50CM"":true,""WIND_SPEED_10M"":true,""WIND_SPEED_AVG_30M"":false,""WIND_GUSTS_SPEED"":true,""HUMIDITY_REL_SHELTER_AVG"":true,""PRESSURE"":true,""SUN_DURATION"":false,""SHORT_WAVE_FROM_SKY_AVG"":false,""SUN_INT_AVG"":false}}"
aws_1day.fid--65986ded_19d21fbe95f_292a,POINT (51.325 4.364),6438,2019-08-06T00:00:00,0.03,20.17,24.0,15.89,22.58,25.4,24.1,23.77,22.24,22.19,4.56,,10.07,64.36,1009.57,548.42,207.37,198.58,"{""validated"":{""PRECIP_QUANTITY"":true,""TEMP_AVG"":true,""TEMP_MAX"":true,""TEMP_MIN"":true,""TEMP_GRASS_PT100_AVG"":true,""TEMP_SOIL_AVG"":true,""TEMP_SOIL_AVG_5CM"":true,""TEMP_SOIL_AVG_10CM"":true,""TEMP_SOIL_AVG_20CM"":true,""TEMP_SOIL_AVG_50CM"":true,""WIND_SPEED_10M"":true,""WIND_SPEED_AVG_30M"":false,""WIND_GUSTS_SPEED"":true,""HUMIDITY_REL_SHELTER_AVG"":true,""PRESSURE"":true,""SUN_DURATION"":false,""SHORT_WAVE_FROM_SKY_AVG"":false,""SUN_INT_AVG"":false}}"
aws_1day.fid--65986ded_19d21fbe95f_2948,POINT (50.98 3.816),6434,2019-08-07T00:00:00,0.03,19.28,24.31,15.2,22.97,23.95,23.0,22.69,22.2,20.81,3.79,4.82,11.52,66.33,1006.76,713.0,238.92,309.41,"{""validated"":{""PRECIP_QUANTITY"":true,""TEMP_AVG"":true,""TEMP_MAX"":true,""TEMP_MIN"":true,""TEMP_GRASS_PT100_AVG"":true,""TEMP_SOIL_AVG"":true,""TEMP_SOIL_AVG_5CM"":true,""TEMP_SOIL_AVG_10CM"":true,""TEMP_SOIL_AVG_20CM"":true,""TEMP_SOIL_AVG_50CM"":true,""WIND_SPEED_10M"":true,""WIND_SPEED_AVG_30M"":true,""WIND_GUSTS_SPEED"":true,""HUMIDITY_REL_SHELTER_AVG"":false,""PRESSURE"":true,""SUN_DURATION"":false,""SHORT_WAVE_FROM_SKY_AVG"":false,""SUN_INT_AVG"":false}}"
aws_1day.fid--65986ded_19d21fbe95f_294c,POINT (50.797 4.358),6447,2019-08-07T00:00:00,0.28,19.27,23.77,15.56,20.79,23.8,23.06,22.95,22.57,21.33,,3.26,10.62,65.56,996.39,,217.04,,"{""validated"":{""PRECIP_QUANTITY"":true,""TEMP_AVG"":true,""TEMP_MAX"":true,""TEMP_MIN"":true,""TEMP_GRASS_PT100_AVG"":true,""TEMP_SOIL_AVG"":true,""TEMP_SOIL_AVG_5CM"":true,""TEMP_SOIL_AVG_10CM"":true,""TEMP_SOIL_AVG_20CM"":true,""TEMP_SOIL_AVG_50CM"":true,""WIND_SPEED_10M"":false,""WIND_SPEED_AVG_30M"":true,""WIND_GUSTS_SPEED"":true,""HUMIDITY_REL_SHELTER_AVG"":false,""PRESSURE"":true,""SUN_DURATION"":false,""SHORT_WAVE_FROM_SKY_AVG"":false,""SUN_INT_AVG"":false}}"
aws_1day.fid--65986ded_19d21fbe95f_294b,POINT (50.916 5.45),6477,2019-08-07T00:00:00,1.6,18.78,24.17,13.2,19.21,22.03,21.17,21.0,18.87,20.03,2.74,,9.43,76.08,1004.18,594.0,227.65,213.64,"{""validated"":{""PRECIP_QUANTITY"":true,""TEMP_AVG"":true,""TEMP_MAX"":true,""TEMP_MIN"":true,""TEMP_GRASS_PT100_AVG"":true,""TEMP_SOIL_AVG"":true,""TEMP_SOIL_AVG_5CM"":true,""TEMP_SOIL_AVG_10CM"":true,""TEMP_SOIL_AVG_20CM"":true,""TEMP_SOIL_AVG_50CM"":true,""WIND_SPEED_10M"":true,""WIND_SPEED_AVG_30M"":false,""WIND_GUSTS_SPEED"":true,""HUMIDITY_REL_SHELTER_AVG"":true,""PRESSURE"":true,""SUN_DURATION"":false,""SHORT_WAVE_FROM_SKY_AVG"":false,""SUN_INT_AVG"":false}}"
aws_1day.fid--65986ded_19d21fbe95f_294a,POINT (50.904 3.122),6414,2019-08-07T00:00:00,0.03,19.1,24.56,14.85,19.95,22.44,22.72,22.61,21.98,20.64,4.34,,13.03,69.68,1005.7,724.33,247.64,305.08,"{""validated"":{""PRECIP_QUANTITY"":true,""TEMP_AVG"":true,""TEMP_MAX"":true,""TEMP_MIN"":true,""TEMP_GRASS_PT100_AVG"":true,""TEMP_SOIL_AVG"":true,""TEMP_SOIL_AVG_5CM"":true,""TEMP_SOIL_AVG_10CM"":true,""TEMP_SOIL_AVG_20CM"":true,""TEMP_SOIL_AVG_50CM"":true,""WIND_SPEED_10M"":true,""WIND_SPEED_AVG_30M"":false,""WIND_GUSTS_SPEED"":true,""HUMIDITY_REL_SHELTER_AVG"":true,""PRESSURE"":true,""SUN_DURATION"":false,""SHORT_WAVE_FROM_SKY_AVG"":false,""SUN_INT_AVG"":false}}"
aws_1day.fid--65986ded_19d21fbe95f_2949,POINT (51.075 4.525),6439,2019-08-07T00:00:00,0.0,20.02,24.55,16.4,20.88,24.19,23.27,23.18,22.75,21.53,3.53,,10.53,64.02,1007.41,650.58,229.73,263.39,"{""validated"":{""PRECIP_QUANTITY"":true,""TEMP_AVG"":true,""TEMP_MAX"":true,""TEMP_MIN"":true,""TEMP_GRASS_PT100_AVG"":true,""TEMP_SOIL_AVG"":true,""TEMP_SOIL_AVG_5CM"":false,""TEMP_SOIL_AVG_10CM"":true,""TEMP_SOIL_AVG_20CM"":true,""TEMP_SOIL_AVG_50CM"":true,""WIND_SPEED_10M"":true,""WIND_SPEED_AVG_30M"":false,""WIND_GUSTS_SPEED"":true,""HUMIDITY_REL_SHELTER_AVG"":false,""PRESSURE"":true,""SUN_DURATION"":false,""SHORT_WAVE_FROM_SKY_AVG"":false,""SUN_INT_AVG"":false}}"
aws_1day.fid--65986ded_19d21fbe95f_2947,POINT (51.325 4.364),6438,2019-08-07T00:00:00,0.15,20.09,24.3,16.64,22.19,24.95,23.91,23.58,22.07,22.16,5.11,,13.55,65.29,1007.7,670.83,225.65,267.16,"{""validated"":{""PRECIP_QUANTITY"":true,""TEMP_AVG"":true,""TEMP_MAX"":true,""TEMP_MIN"":true,""TEMP_GRASS_PT100_AVG"":true,""TEMP_SOIL_AVG"":true,""TEMP_SOIL_AVG_5CM"":true,""TEMP_SOIL_AVG_10CM"":true,""TEMP_SOIL_AVG_20CM"":true,""TEMP_SOIL_AVG_50CM"":true,""WIND_SPEED_10M"":true,""WIND_SPEED_AVG_30M"":false,""WIND_GUSTS_SPEED"":true,""HUMIDITY_REL_SHELTER_AVG"":true,""PRESSURE"":true,""SUN_DURATION"":false,""SHORT_WAVE_FROM_SKY_AVG"":false,""SUN_INT_AVG"":false}}"
aws_1day.fid--65986ded_19d21fbe95f_2942,POINT (49.62 5.587),6484,2019-08-07T00:00:00,3.09,17.81,22.21,12.13,27.78,19.63,20.67,20.33,21.03,20.63,2.0,,7.28,83.22,972.52,197.42,176.19,62.66,"{""validated"":{""PRECIP_QUANTITY"":true,""TEMP_AVG"":true,""TEMP_MAX"":true,""TEMP_MIN"":true,""TEMP_GRASS_PT100_AVG"":false,""TEMP_SOIL_AVG"":true,""TEMP_SOIL_AVG_5CM"":true,""TEMP_SOIL_AVG_10CM"":true,""TEMP_SOIL_AVG_20CM"":true,""TEMP_SOIL_AVG_50CM"":true,""WIND_SPEED_10M"":true,""WIND_SPEED_AVG_30M"":false,""WIND_GUSTS_SPEED"":true,""HUMIDITY_REL_SHELTER_AVG"":false,""PRESSURE"":true,""SUN_DURATION"":false,""SHORT_WAVE_FROM_SKY_AVG"":false,""SUN_INT_AVG"":false}}"
aws_1day.fid--65986ded_19d21fbe95f_2945,POINT (50.511 6.073),6494,2019-08-07T00:00:00,0.0,14.53,18.44,10.54,,17.38,16.91,16.87,16.7,15.7,3.01,,8.94,86.13,932.63,,172.74,,"{""validated"":{""PRECIP_QUANTITY"":true,""TEMP_AVG"":true,""TEMP_MAX"":true,""TEMP_MIN"":true,""TEMP_GRASS_PT100_AVG"":false,""TEMP_SOIL_AVG"":true,""TEMP_SOIL_AVG_5CM"":true,""TEMP_SOIL_AVG_10CM"":true,""TEMP_SOIL_AVG_20CM"":true,""TEMP_SOIL_AVG_50CM"":true,""WIND_SPEED_10M"":true,""WIND_SPEED_AVG_30M"":false,""WIND_GUSTS_SPEED"":true,""HUMIDITY_REL_SHELTER_AVG"":false,""PRESSURE"":true,""SUN_DURATION"":true,""SHORT_WAVE_FROM_SKY_AVG"":false,""SUN_INT_AVG"":true}}"
aws_1day.fid--65986ded_19d21fbe95f_2944,POINT (51.221 5.027),6464,2019-08-07T00:00:00,0.0,18.97,24.14,13.92,19.34,24.16,23.26,23.1,22.58,20.7,2.1,,8.52,69.6,1005.89,576.33,224.0,244.96,"{""validated"":{""PRECIP_QUANTITY"":true,""TEMP_AVG"":true,""TEMP_MAX"":true,""TEMP_MIN"":true,""TEMP_GRASS_PT100_AVG"":true,""TEMP_SOIL_AVG"":true,""TEMP_SOIL_AVG_5CM"":true,""TEMP_SOIL_AVG_10CM"":true,""TEMP_SOIL_AVG_20CM"":true,""TEMP_SOIL_AVG_50CM"":true,""WIND_SPEED_10M"":true,""WIND_SPEED_AVG_30M"":false,""WIND_GUSTS_SPEED"":true,""HUMIDITY_REL_SHELTER_AVG"":true,""PRESSURE"":true,""SUN_DURATION"":false,""SHORT_WAVE_FROM_SKY_AVG"":false,""SUN_INT_AVG"":false}}"
aws_1day.fid--65986ded_19d21fbe95f_2943,POINT (50.096 4.595),6455,2019-08-07T00:00:00,2.09,17.05,23.34,11.76,18.73,20.08,20.37,20.38,20.42,19.87,1.81,,9.41,82.51,981.5,346.15,171.93,117.13,"{""validated"":{""PRECIP_QUANTITY"":true,""TEMP_AVG"":true,""TEMP_MAX"":true,""TEMP_MIN"":true,""TEMP_GRASS_PT100_AVG"":true,""TEMP_SOIL_AVG"":true,""TEMP_SOIL_AVG_5CM"":true,""TEMP_SOIL_AVG_10CM"":true,""TEMP_SOIL_AVG_20CM"":true,""TEMP_SOIL_AVG_50CM"":true,""WIND_SPEED_10M"":true,""WIND_SPEED_AVG_30M"":false,""WIND_GUSTS_SPEED"":true,""HUMIDITY_REL_SHELTER_AVG"":false,""PRESSURE"":true,""SUN_DURATION"":false,""SHORT_WAVE_FROM_SKY_AVG"":false,""SUN_INT_AVG"":false}}"
aws_1day.fid--65986ded_19d21fbe95f_2941,POINT (50.194 5.255),6472,2019-08-07T00:00:00,3.17,16.92,22.17,13.63,18.84,19.04,18.64,19.38,19.7,19.47,2.9,3.88,13.75,82.14,976.01,446.17,165.69,130.64,"{""validated"":{""PRECIP_QUANTITY"":true,""TEMP_AVG"":true,""TEMP_MAX"":true,""TEMP_MIN"":true,""TEMP_GRASS_PT100_AVG"":true,""TEMP_SOIL_AVG"":true,""TEMP_SOIL_AVG_5CM"":true,""TEMP_SOIL_AVG_10CM"":true,""TEMP_SOIL_AVG_20CM"":true,""TEMP_SOIL_AVG_50CM"":true,""WIND_SPEED_10M"":true,""WIND_SPEED_AVG_30M"":true,""WIND_GUSTS_SPEED"":true,""HUMIDITY_REL_SHELTER_AVG"":true,""PRESSURE"":true,""SUN_DURATION"":false,""SHORT_WAVE_FROM_SKY_AVG"":false,""SUN_INT_AVG"":false}}"
aws_1day.fid--65986ded_19d21fbe95f_2940,POINT (50.582 4.689),6459,2019-08-07T00:00:00,0.0,18.71,24.02,14.54,20.29,20.7,20.31,20.08,19.87,19.2,3.98,,12.07,68.3,990.64,556.33,221.38,190.2,"{""validated"":{""PRECIP_QUANTITY"":true,""TEMP_AVG"":true,""TEMP_MAX"":true,""TEMP_MIN"":true,""TEMP_GRASS_PT100_AVG"":true,""TEMP_SOIL_AVG"":true,""TEMP_SOIL_AVG_5CM"":true,""TEMP_SOIL_AVG_10CM"":true,""TEMP_SOIL_AVG_20CM"":true,""TEMP_SOIL_AVG_50CM"":true,""WIND_SPEED_10M"":true,""WIND_SPEED_AVG_30M"":false,""WIND_GUSTS_SPEED"":true,""HUMIDITY_REL_SHELTER_AVG"":true,""PRESSURE"":true,""SUN_DURATION"":false,""SHORT_WAVE_FROM_SKY_AVG"":false,""SUN_INT_AVG"":false}}"
aws_1day.fid--65986ded_19d21fbe95f_2946,POINT (51.348 3.202),6418,2019-08-07T00:00:00,0.4,18.92,22.16,16.17,,,,,,,7.5,,15.12,72.31,1006.49,796.08,,337.31,"{""validated"":{""PRECIP_QUANTITY"":true,""TEMP_AVG"":true,""TEMP_MAX"":true,""TEMP_MIN"":true,""TEMP_GRASS_PT100_AVG"":false,""TEMP_SOIL_AVG"":false,""TEMP_SOIL_AVG_5CM"":false,""TEMP_SOIL_AVG_10CM"":false,""TEMP_SOIL_AVG_20CM"":false,""TEMP_SOIL_AVG_50CM"":false,""WIND_SPEED_10M"":true,""WIND_SPEED_AVG_30M"":false,""WIND_GUSTS_SPEED"":true,""HUMIDITY_REL_SHELTER_AVG"":true,""PRESSURE"":true,""SUN_DURATION"":false,""SHORT_WAVE_FROM_SKY_AVG"":false,""SUN_INT_AVG"":false}}"
aws_1day.fid--65986ded_19d21fbe95f_2954,POINT (49.62 5.587),6484,2019-08-08T00:00:00,0.0,17.91,25.62,9.5,28.57,22.55,22.18,21.02,20.82,20.13,2.11,,7.74,75.54,975.05,569.0,245.22,182.53,"{""validated"":{""PRECIP_QUANTITY"":true,""TEMP_AVG"":true,""TEMP_MAX"":true,""TEMP_MIN"":true,""TEMP_GRASS_PT100_AVG"":false,""TEMP_SOIL_AVG"":true,""TEMP_SOIL_AVG_5CM"":true,""TEMP_SOIL_AVG_10CM"":true,""TEMP_SOIL_AVG_20CM"":true,""TEMP_SOIL_AVG_50CM"":true,""WIND_SPEED_10M"":true,""WIND_SPEED_AVG_30M"":false,""WIND_GUSTS_SPEED"":true,""HUMIDITY_REL_SHELTER_AVG"":false,""PRESSURE"":true,""SUN_DURATION"":false,""SHORT_WAVE_FROM_SKY_AVG"":false,""SUN_INT_AVG"":false}}"
aws_1day.fid--65986ded_19d21fbe95f_2958,POINT (50.582 4.689),6459,2019-08-08T00:00:00,0.21,18.12,23.62,13.45,20.12,20.58,20.19,19.83,19.67,19.06,2.85,,9.48,73.62,993.5,261.17,180.49,92.92,"{""validated"":{""PRECIP_QUANTITY"":true,""TEMP_AVG"":true,""TEMP_MAX"":true,""TEMP_MIN"":true,""TEMP_GRASS_PT100_AVG"":true,""TEMP_SOIL_AVG"":true,""TEMP_SOIL_AVG_5CM"":true,""TEMP_SOIL_AVG_10CM"":true,""TEMP_SOIL_AVG_20CM"":true,""TEMP_SOIL_AVG_50CM"":true,""WIND_SPEED_10M"":true,""WIND_SPEED_AVG_30M"":false,""WIND_GUSTS_SPEED"":true,""HUMIDITY_REL_SHELTER_AVG"":true,""PRESSURE"":true,""SUN_DURATION"":false,""SHORT_WAVE_FROM_SKY_AVG"":false,""SUN_INT_AVG"":false}}"
aws_1day.fid--65986ded_19d21fbe95f_2957,POINT (50.98 3.816),6434,2019-08-08T00:00:00,0.0,19.35,24.49,13.97,23.08,25.13,23.74,23.09,22.32,20.87,2.75,3.58,8.79,73.85,1009.63,689.17,241.4,270.65,"{""validated"":{""PRECIP_QUANTITY"":true,""TEMP_AVG"":true,""TEMP_MAX"":true,""TEMP_MIN"":true,""TEMP_GRASS_PT100_AVG"":true,""TEMP_SOIL_AVG"":true,""TEMP_SOIL_AVG_5CM"":true,""TEMP_SOIL_AVG_10CM"":true,""TEMP_SOIL_AVG_20CM"":true,""TEMP_SOIL_AVG_50CM"":true,""WIND_SPEED_10M"":true,""WIND_SPEED_AVG_30M"":true,""WIND_GUSTS_SPEED"":true,""HUMIDITY_REL_SHELTER_AVG"":false,""PRESSURE"":true,""SUN_DURATION"":false,""SHORT_WAVE_FROM_SKY_AVG"":false,""SUN_INT_AVG"":false}}"
aws_1day.fid--65986ded_19d21fbe95f_2956,POINT (50.194 5.255),6472,2019-08-08T00:00:00,0.0,17.8,23.21,11.82,19.48,19.0,18.23,18.68,18.83,18.91,2.35,3.11,8.87,71.34,978.67,402.75,167.35,114.22,"{""validated"":{""PRECIP_QUANTITY"":true,""TEMP_AVG"":true,""TEMP_MAX"":true,""TEMP_MIN"":true,""TEMP_GRASS_PT100_AVG"":true,""TEMP_SOIL_AVG"":true,""TEMP_SOIL_AVG_5CM"":true,""TEMP_SOIL_AVG_10CM"":true,""TEMP_SOIL_AVG_20CM"":true,""TEMP_SOIL_AVG_50CM"":true,""WIND_SPEED_10M"":true,""WIND_SPEED_AVG_30M"":true,""WIND_GUSTS_SPEED"":true,""HUMIDITY_REL_SHELTER_AVG"":true,""PRESSURE"":true,""SUN_DURATION"":false,""SHORT_WAVE_FROM_SKY_AVG"":false,""SUN_INT_AVG"":false}}"
aws_1day.fid--65986ded_19d21fbe95f_2955,POINT (50.904 3.122),6414,2019-08-08T00:00:00,0.0,19.39,24.4,13.47,19.54,23.45,22.24,22.02,21.52,20.6,2.65,,7.51,74.39,1008.34,584.67,204.22,216.86,"{""validated"":{""PRECIP_QUANTITY"":true,""TEMP_AVG"":true,""TEMP_MAX"":true,""TEMP_MIN"":true,""TEMP_GRASS_PT100_AVG"":true,""TEMP_SOIL_AVG"":true,""TEMP_SOIL_AVG_5CM"":true,""TEMP_SOIL_AVG_10CM"":true,""TEMP_SOIL_AVG_20CM"":true,""TEMP_SOIL_AVG_50CM"":true,""WIND_SPEED_10M"":true,""WIND_SPEED_AVG_30M"":false,""WIND_GUSTS_SPEED"":true,""HUMIDITY_REL_SHELTER_AVG"":true,""PRESSURE"":true,""SUN_DURATION"":false,""SHORT_WAVE_FROM_SKY_AVG"":false,""SUN_INT_AVG"":false}}"
aws_1day.fid--65986ded_19d21fbe95f_2953,POINT (51.075 4.525),6439,2019-08-08T00:00:00,0.0,19.86,24.41,14.96,22.25,26.0,24.15,23.64,22.67,21.33,2.76,,8.61,71.24,1010.56,655.5,256.64,249.94,"{""validated"":{""PRECIP_QUANTITY"":true,""TEMP_AVG"":true,""TEMP_MAX"":true,""TEMP_MIN"":true,""TEMP_GRASS_PT100_AVG"":true,""TEMP_SOIL_AVG"":true,""TEMP_SOIL_AVG_5CM"":false,""TEMP_SOIL_AVG_10CM"":true,""TEMP_SOIL_AVG_20CM"":true,""TEMP_SOIL_AVG_50CM"":true,""WIND_SPEED_10M"":true,""WIND_SPEED_AVG_30M"":false,""WIND_GUSTS_SPEED"":true,""HUMIDITY_REL_SHELTER_AVG"":false,""PRESSURE"":true,""SUN_DURATION"":false,""SHORT_WAVE_FROM_SKY_AVG"":false,""SUN_INT_AVG"":false}}"
aws_1day.fid--65986ded_19d21fbe95f_2959,POINT (51.348 3.202),6418,2019-08-08T00:00:00,0.0,19.23,22.54,15.2,,,,,,,5.04,,9.19,72.76,1009.59,680.67,,259.81,"{""validated"":{""PRECIP_QUANTITY"":true,""TEMP_AVG"":true,""TEMP_MAX"":true,""TEMP_MIN"":true,""TEMP_GRASS_PT100_AVG"":false,""TEMP_SOIL_AVG"":false,""TEMP_SOIL_AVG_5CM"":false,""TEMP_SOIL_AVG_10CM"":false,""TEMP_SOIL_AVG_20CM"":false,""TEMP_SOIL_AVG_50CM"":false,""WIND_SPEED_10M"":true,""WIND_SPEED_AVG_30M"":false,""WIND_GUSTS_SPEED"":true,""HUMIDITY_REL_SHELTER_AVG"":true,""PRESSURE"":true,""SUN_DURATION"":false,""SHORT_WAVE_FROM_SKY_AVG"":false,""SUN_INT_AVG"":false}}"
aws_1day.fid--65986ded_19d21fbe95f_2951,POINT (50.797 4.358),6447,2019-08-08T00:00:00,0.45,18.8,23.92,14.65,21.0,23.43,22.56,22.29,21.94,21.17,,2.48,8.32,70.93,999.35,,199.2,,"{""validated"":{""PRECIP_QUANTITY"":true,""TEMP_AVG"":true,""TEMP_MAX"":true,""TEMP_MIN"":true,""TEMP_GRASS_PT100_AVG"":true,""TEMP_SOIL_AVG"":true,""TEMP_SOIL_AVG_5CM"":true,""TEMP_SOIL_AVG_10CM"":true,""TEMP_SOIL_AVG_20CM"":true,""TEMP_SOIL_AVG_50CM"":true,""WIND_SPEED_10M"":false,""WIND_SPEED_AVG_30M"":true,""WIND_GUSTS_SPEED"":true,""HUMIDITY_REL_SHELTER_AVG"":false,""PRESSURE"":true,""SUN_DURATION"":false,""SHORT_WAVE_FROM_SKY_AVG"":false,""SUN_INT_AVG"":false}}"
aws_1day.fid--65986ded_19d21fbe95f_2950,POINT (51.325 4.364),6438,2019-08-08T00:00:00,0.0,20.03,24.42,15.63,22.65,25.95,24.03,23.57,21.94,22.09,3.47,,9.18,67.9,1010.91,677.33,217.36,240.82,"{""validated"":{""PRECIP_QUANTITY"":true,""TEMP_AVG"":true,""TEMP_MAX"":true,""TEMP_MIN"":true,""TEMP_GRASS_PT100_AVG"":true,""TEMP_SOIL_AVG"":true,""TEMP_SOIL_AVG_5CM"":true,""TEMP_SOIL_AVG_10CM"":true,""TEMP_SOIL_AVG_20CM"":true,""TEMP_SOIL_AVG_50CM"":true,""WIND_SPEED_10M"":true,""WIND_SPEED_AVG_30M"":false,""WIND_GUSTS_SPEED"":true,""HUMIDITY_REL_SHELTER_AVG"":true,""PRESSURE"":true,""SUN_DURATION"":false,""SHORT_WAVE_FROM_SKY_AVG"":false,""SUN_INT_AVG"":false}}"
aws_1day.fid--65986ded_19d21fbe95f_294f,POINT (51.221 5.027),6464,2019-08-08T00:00:00,0.0,19.25,24.11,13.9,21.15,25.82,23.89,23.32,22.46,20.63,1.98,,7.68,72.7,1009.2,663.25,254.93,258.47,"{""validated"":{""PRECIP_QUANTITY"":true,""TEMP_AVG"":true,""TEMP_MAX"":true,""TEMP_MIN"":true,""TEMP_GRASS_PT100_AVG"":true,""TEMP_SOIL_AVG"":true,""TEMP_SOIL_AVG_5CM"":true,""TEMP_SOIL_AVG_10CM"":true,""TEMP_SOIL_AVG_20CM"":true,""TEMP_SOIL_AVG_50CM"":true,""WIND_SPEED_10M"":true,""WIND_SPEED_AVG_30M"":false,""WIND_GUSTS_SPEED"":true,""HUMIDITY_REL_SHELTER_AVG"":true,""PRESSURE"":true,""SUN_DURATION"":false,""SHORT_WAVE_FROM_SKY_AVG"":false,""SUN_INT_AVG"":false}}"
aws_1day.fid--65986ded_19d21fbe95f_294e,POINT (50.096 4.595),6455,2019-08-08T00:00:00,0.0,18.12,24.97,10.58,19.94,20.67,19.81,19.72,19.73,19.48,1.35,,7.48,76.36,983.85,213.67,159.73,87.44,"{""validated"":{""PRECIP_QUANTITY"":true,""TEMP_AVG"":true,""TEMP_MAX"":true,""TEMP_MIN"":true,""TEMP_GRASS_PT100_AVG"":true,""TEMP_SOIL_AVG"":true,""TEMP_SOIL_AVG_5CM"":true,""TEMP_SOIL_AVG_10CM"":true,""TEMP_SOIL_AVG_20CM"":true,""TEMP_SOIL_AVG_50CM"":true,""WIND_SPEED_10M"":true,""WIND_SPEED_AVG_30M"":false,""WIND_GUSTS_SPEED"":true,""HUMIDITY_REL_SHELTER_AVG"":false,""PRESSURE"":true,""SUN_DURATION"":false,""SHORT_WAVE_FROM_SKY_AVG"":false,""SUN_INT_AVG"":false}}"
aws_1day.fid--65986ded_19d21fbe95f_294d,POINT (50.511 6.073),6494,2019-08-08T00:00:00,0.0,15.3,20.73,9.99,,17.37,16.21,16.15,16.04,15.5,3.13,,8.21,78.5,935.5,,186.55,,"{""validated"":{""PRECIP_QUANTITY"":true,""TEMP_AVG"":true,""TEMP_MAX"":true,""TEMP_MIN"":true,""TEMP_GRASS_PT100_AVG"":false,""TEMP_SOIL_AVG"":true,""TEMP_SOIL_AVG_5CM"":true,""TEMP_SOIL_AVG_10CM"":true,""TEMP_SOIL_AVG_20CM"":true,""TEMP_SOIL_AVG_50CM"":true,""WIND_SPEED_10M"":true,""WIND_SPEED_AVG_30M"":false,""WIND_GUSTS_SPEED"":true,""HUMIDITY_REL_SHELTER_AVG"":true,""PRESSURE"":true,""SUN_DURATION"":true,""SHORT_WAVE_FROM_SKY_AVG"":false,""SUN_INT_AVG"":true}}"
aws_1day.fid--65986ded_19d21fbe95f_2952,POINT (50.916 5.45),6477,2019-08-08T00:00:00,0.0,17.96,24.04,12.24,18.61,21.07,20.06,19.8,17.87,19.59,2.14,,8.79,79.73,1007.56,476.67,185.21,176.67,"{""validated"":{""PRECIP_QUANTITY"":true,""TEMP_AVG"":true,""TEMP_MAX"":true,""TEMP_MIN"":true,""TEMP_GRASS_PT100_AVG"":true,""TEMP_SOIL_AVG"":true,""TEMP_SOIL_AVG_5CM"":true,""TEMP_SOIL_AVG_10CM"":true,""TEMP_SOIL_AVG_20CM"":true,""TEMP_SOIL_AVG_50CM"":true,""WIND_SPEED_10M"":true,""WIND_SPEED_AVG_30M"":false,""WIND_GUSTS_SPEED"":true,""HUMIDITY_REL_SHELTER_AVG"":true,""PRESSURE"":true,""SUN_DURATION"":false,""SHORT_WAVE_FROM_SKY_AVG"":false,""SUN_INT_AVG"":false}}"
aws_1day.fid--65986ded_19d21fbe95f_2966,POINT (51.075 4.525),6439,2019-08-09T00:00:00,4.05,21.53,25.93,18.36,21.63,21.86,22.14,22.31,22.4,21.53,2.76,,10.07,82.06,1005.54,96.08,105.99,33.7,"{""validated"":{""PRECIP_QUANTITY"":false,""TEMP_AVG"":true,""TEMP_MAX"":true,""TEMP_MIN"":true,""TEMP_GRASS_PT100_AVG"":true,""TEMP_SOIL_AVG"":true,""TEMP_SOIL_AVG_5CM"":false,""TEMP_SOIL_AVG_10CM"":true,""TEMP_SOIL_AVG_20CM"":true,""TEMP_SOIL_AVG_50CM"":true,""WIND_SPEED_10M"":true,""WIND_SPEED_AVG_30M"":false,""WIND_GUSTS_SPEED"":true,""HUMIDITY_REL_SHELTER_AVG"":false,""PRESSURE"":true,""SUN_DURATION"":false,""SHORT_WAVE_FROM_SKY_AVG"":false,""SUN_INT_AVG"":false}}"
aws_1day.fid--65986ded_19d21fbe95f_2965,POINT (50.916 5.45),6477,2019-08-09T00:00:00,2.13,20.8,24.63,15.15,20.63,21.27,20.77,20.5,18.2,19.46,2.82,,10.3,82.46,1003.02,81.0,98.88,28.53,"{""validated"":{""PRECIP_QUANTITY"":true,""TEMP_AVG"":true,""TEMP_MAX"":true,""TEMP_MIN"":true,""TEMP_GRASS_PT100_AVG"":true,""TEMP_SOIL_AVG"":true,""TEMP_SOIL_AVG_5CM"":true,""TEMP_SOIL_AVG_10CM"":true,""TEMP_SOIL_AVG_20CM"":true,""TEMP_SOIL_AVG_50CM"":true,""WIND_SPEED_10M"":true,""WIND_SPEED_AVG_30M"":false,""WIND_GUSTS_SPEED"":true,""HUMIDITY_REL_SHELTER_AVG"":true,""PRESSURE"":true,""SUN_DURATION"":false,""SHORT_WAVE_FROM_SKY_AVG"":false,""SUN_INT_AVG"":false}}"
aws_1day.fid--65986ded_19d21fbe95f_2964,POINT (50.98 3.816),6434,2019-08-09T00:00:00,3.85,21.59,26.02,18.24,21.9,22.14,21.96,22.05,22.09,21.11,4.11,5.37,14.6,79.77,1004.16,279.58,123.66,103.87,"{""validated"":{""PRECIP_QUANTITY"":true,""TEMP_AVG"":true,""TEMP_MAX"":true,""TEMP_MIN"":true,""TEMP_GRASS_PT100_AVG"":true,""TEMP_SOIL_AVG"":true,""TEMP_SOIL_AVG_5CM"":true,""TEMP_SOIL_AVG_10CM"":true,""TEMP_SOIL_AVG_20CM"":true,""TEMP_SOIL_AVG_50CM"":true,""WIND_SPEED_10M"":true,""WIND_SPEED_AVG_30M"":true,""WIND_GUSTS_SPEED"":true,""HUMIDITY_REL_SHELTER_AVG"":false,""PRESSURE"":true,""SUN_DURATION"":false,""SHORT_WAVE_FROM_SKY_AVG"":false,""SUN_INT_AVG"":false}}"
aws_1day.fid--65986ded_19d21fbe95f_2963,POINT (51.325 4.364),6438,2019-08-09T00:00:00,10.52,21.19,26.04,17.32,21.5,21.05,21.6,21.73,21.02,22.06,4.23,,13.49,82.25,1005.84,188.0,89.07,66.66,"{""validated"":{""PRECIP_QUANTITY"":true,""TEMP_AVG"":true,""TEMP_MAX"":true,""TEMP_MIN"":true,""TEMP_GRASS_PT100_AVG"":true,""TEMP_SOIL_AVG"":true,""TEMP_SOIL_AVG_5CM"":true,""TEMP_SOIL_AVG_10CM"":true,""TEMP_SOIL_AVG_20CM"":true,""TEMP_SOIL_AVG_50CM"":true,""WIND_SPEED_10M"":true,""WIND_SPEED_AVG_30M"":false,""WIND_GUSTS_SPEED"":true,""HUMIDITY_REL_SHELTER_AVG"":true,""PRESSURE"":true,""SUN_DURATION"":false,""SHORT_WAVE_FROM_SKY_AVG"":false,""SUN_INT_AVG"":false}}"
aws_1day.fid--65986ded_19d21fbe95f_2962,POINT (50.511 6.073),6494,2019-08-09T00:00:00,11.73,17.35,20.91,14.56,,17.14,16.42,16.36,16.19,15.37,3.83,,10.43,84.19,933.19,,78.32,,"{""validated"":{""PRECIP_QUANTITY"":true,""TEMP_AVG"":true,""TEMP_MAX"":true,""TEMP_MIN"":true,""TEMP_GRASS_PT100_AVG"":false,""TEMP_SOIL_AVG"":true,""TEMP_SOIL_AVG_5CM"":true,""TEMP_SOIL_AVG_10CM"":true,""TEMP_SOIL_AVG_20CM"":true,""TEMP_SOIL_AVG_50CM"":true,""WIND_SPEED_10M"":true,""WIND_SPEED_AVG_30M"":false,""WIND_GUSTS_SPEED"":true,""HUMIDITY_REL_SHELTER_AVG"":true,""PRESSURE"":true,""SUN_DURATION"":true,""SHORT_WAVE_FROM_SKY_AVG"":false,""SUN_INT_AVG"":true}}"
aws_1day.fid--65986ded_19d21fbe95f_2961,POINT (50.797 4.358),6447,2019-08-09T00:00:00,2.65,21.5,24.85,18.57,22.15,21.88,21.96,22.12,22.07,21.18,,4.78,12.46,78.25,994.32,,118.28,,"{""validated"":{""PRECIP_QUANTITY"":true,""TEMP_AVG"":true,""TEMP_MAX"":true,""TEMP_MIN"":true,""TEMP_GRASS_PT100_AVG"":true,""TEMP_SOIL_AVG"":true,""TEMP_SOIL_AVG_5CM"":true,""TEMP_SOIL_AVG_10CM"":true,""TEMP_SOIL_AVG_20CM"":true,""TEMP_SOIL_AVG_50CM"":true,""WIND_SPEED_10M"":false,""WIND_SPEED_AVG_30M"":true,""WIND_GUSTS_SPEED"":true,""HUMIDITY_REL_SHELTER_AVG"":false,""PRESSURE"":true,""SUN_DURATION"":false,""SHORT_WAVE_FROM_SKY_AVG"":false,""SUN_INT_AVG"":false}}"
aws_1day.fid--65986ded_19d21fbe95f_2960,POINT (50.096 4.595),6455,2019-08-09T00:00:00,24.07,19.6,22.46,16.67,19.71,19.71,19.96,19.98,19.95,19.28,3.1,,10.0,83.08,980.15,23.25,56.9,11.5,"{""validated"":{""PRECIP_QUANTITY"":true,""TEMP_AVG"":true,""TEMP_MAX"":true,""TEMP_MIN"":true,""TEMP_GRASS_PT100_AVG"":true,""TEMP_SOIL_AVG"":true,""TEMP_SOIL_AVG_5CM"":true,""TEMP_SOIL_AVG_10CM"":true,""TEMP_SOIL_AVG_20CM"":true,""TEMP_SOIL_AVG_50CM"":true,""WIND_SPEED_10M"":true,""WIND_SPEED_AVG_30M"":false,""WIND_GUSTS_SPEED"":true,""HUMIDITY_REL_SHELTER_AVG"":true,""PRESSURE"":true,""SUN_DURATION"":false,""SHORT_WAVE_FROM_SKY_AVG"":false,""SUN_INT_AVG"":false}}"
aws_1day.fid--65986ded_19d21fbe95f_295f,POINT (49.62 5.587),6484,2019-08-09T00:00:00,28.68,19.64,26.37,13.31,28.37,20.72,21.35,20.71,21.21,20.31,2.07,,10.18,86.88,972.02,79.42,113.56,26.04,"{""validated"":{""PRECIP_QUANTITY"":false,""TEMP_AVG"":true,""TEMP_MAX"":true,""TEMP_MIN"":true,""TEMP_GRASS_PT100_AVG"":false,""TEMP_SOIL_AVG"":true,""TEMP_SOIL_AVG_5CM"":true,""TEMP_SOIL_AVG_10CM"":true,""TEMP_SOIL_AVG_20CM"":true,""TEMP_SOIL_AVG_50CM"":true,""WIND_SPEED_10M"":true,""WIND_SPEED_AVG_30M"":false,""WIND_GUSTS_SPEED"":true,""HUMIDITY_REL_SHELTER_AVG"":false,""PRESSURE"":true,""SUN_DURATION"":false,""SHORT_WAVE_FROM_SKY_AVG"":false,""SUN_INT_AVG"":false}}"
aws_1day.fid--65986ded_19d21fbe95f_295e,POINT (51.348 3.202),6418,2019-08-09T00:00:00,1.68,21.65,24.97,18.51,,,,,,,7.21,,15.88,74.47,1003.26,171.33,,59.16,"{""validated"":{""PRECIP_QUANTITY"":true,""TEMP_AVG"":true,""TEMP_MAX"":true,""TEMP_MIN"":true,""TEMP_GRASS_PT100_AVG"":false,""TEMP_SOIL_AVG"":false,""TEMP_SOIL_AVG_5CM"":false,""TEMP_SOIL_AVG_10CM"":false,""TEMP_SOIL_AVG_20CM"":false,""TEMP_SOIL_AVG_50CM"":false,""WIND_SPEED_10M"":true,""WIND_SPEED_AVG_30M"":false,""WIND_GUSTS_SPEED"":true,""HUMIDITY_REL_SHELTER_AVG"":true,""PRESSURE"":true,""SUN_DURATION"":false,""SHORT_WAVE_FROM_SKY_AVG"":false,""SUN_INT_AVG"":false}}"
aws_1day.fid--65986ded_19d21fbe95f_295d,POINT (50.194 5.255),6472,2019-08-09T00:00:00,17.96,19.58,22.79,16.87,19.01,18.79,18.1,18.64,18.83,18.66,3.49,4.86,13.22,77.7,975.23,21.0,53.34,14.04,"{""validated"":{""PRECIP_QUANTITY"":true,""TEMP_AVG"":true,""TEMP_MAX"":true,""TEMP_MIN"":true,""TEMP_GRASS_PT100_AVG"":true,""TEMP_SOIL_AVG"":true,""TEMP_SOIL_AVG_5CM"":true,""TEMP_SOIL_AVG_10CM"":true,""TEMP_SOIL_AVG_20CM"":true,""TEMP_SOIL_AVG_50CM"":true,""WIND_SPEED_10M"":true,""WIND_SPEED_AVG_30M"":true,""WIND_GUSTS_SPEED"":true,""HUMIDITY_REL_SHELTER_AVG"":true,""PRESSURE"":true,""SUN_DURATION"":false,""SHORT_WAVE_FROM_SKY_AVG"":false,""SUN_INT_AVG"":false}}"
aws_1day.fid--65986ded_19d21fbe95f_295c,POINT (50.904 3.122),6414,2019-08-09T00:00:00,5.39,21.78,25.65,18.57,20.37,19.89,21.1,21.33,21.23,20.52,4.64,,14.31,78.13,1002.46,260.08,127.07,104.79,"{""validated"":{""PRECIP_QUANTITY"":true,""TEMP_AVG"":true,""TEMP_MAX"":true,""TEMP_MIN"":true,""TEMP_GRASS_PT100_AVG"":true,""TEMP_SOIL_AVG"":true,""TEMP_SOIL_AVG_5CM"":true,""TEMP_SOIL_AVG_10CM"":true,""TEMP_SOIL_AVG_20CM"":true,""TEMP_SOIL_AVG_50CM"":true,""WIND_SPEED_10M"":true,""WIND_SPEED_AVG_30M"":false,""WIND_GUSTS_SPEED"":true,""HUMIDITY_REL_SHELTER_AVG"":true,""PRESSURE"":true,""SUN_DURATION"":false,""SHORT_WAVE_FROM_SKY_AVG"":false,""SUN_INT_AVG"":false}}"
aws_1day.fid--65986ded_19d21fbe95f_295b,POINT (51.221 5.027),6464,2019-08-09T00:00:00,3.65,20.8,24.7,16.0,20.79,21.54,21.89,22.06,22.07,20.79,2.61,,8.69,83.7,1004.56,69.33,98.06,28.47,"{""validated"":{""PRECIP_QUANTITY"":true,""TEMP_AVG"":true,""TEMP_MAX"":true,""TEMP_MIN"":true,""TEMP_GRASS_PT100_AVG"":true,""TEMP_SOIL_AVG"":true,""TEMP_SOIL_AVG_5CM"":true,""TEMP_SOIL_AVG_10CM"":true,""TEMP_SOIL_AVG_20CM"":true,""TEMP_SOIL_AVG_50CM"":true,""WIND_SPEED_10M"":true,""WIND_SPEED_AVG_30M"":false,""WIND_GUSTS_SPEED"":true,""HUMIDITY_REL_SHELTER_AVG"":true,""PRESSURE"":true,""SUN_DURATION"":false,""SHORT_WAVE_FROM_SKY_AVG"":false,""SUN_INT_AVG"":false}}"
aws_1day.fid--65986ded_19d21fbe95f_295a,POINT (50.582 4.689),6459,2019-08-09T00:00:00,1.84,20.67,24.61,16.05,21.0,20.7,20.11,20.02,19.98,19.09,4.36,,10.91,78.21,989.05,112.92,109.75,37.71,"{""validated"":{""PRECIP_QUANTITY"":true,""TEMP_AVG"":true,""TEMP_MAX"":true,""TEMP_MIN"":true,""TEMP_GRASS_PT100_AVG"":true,""TEMP_SOIL_AVG"":true,""TEMP_SOIL_AVG_5CM"":true,""TEMP_SOIL_AVG_10CM"":true,""TEMP_SOIL_AVG_20CM"":true,""TEMP_SOIL_AVG_50CM"":true,""WIND_SPEED_10M"":true,""WIND_SPEED_AVG_30M"":false,""WIND_GUSTS_SPEED"":true,""HUMIDITY_REL_SHELTER_AVG"":true,""PRESSURE"":true,""SUN_DURATION"":false,""SHORT_WAVE_FROM_SKY_AVG"":false,""SUN_INT_AVG"":false}}"
aws_1day.fid--65986ded_19d21fbe95f_2972,POINT (51.325 4.364),6438,2019-08-10T00:00:00,0.44,20.95,24.49,17.5,21.65,21.44,20.82,20.78,19.89,21.34,8.85,,20.29,63.14,1009.64,542.08,212.1,236.33,"{""validated"":{""PRECIP_QUANTITY"":true,""TEMP_AVG"":true,""TEMP_MAX"":true,""TEMP_MIN"":true,""TEMP_GRASS_PT100_AVG"":true,""TEMP_SOIL_AVG"":true,""TEMP_SOIL_AVG_5CM"":true,""TEMP_SOIL_AVG_10CM"":true,""TEMP_SOIL_AVG_20CM"":true,""TEMP_SOIL_AVG_50CM"":true,""WIND_SPEED_10M"":true,""WIND_SPEED_AVG_30M"":false,""WIND_GUSTS_SPEED"":true,""HUMIDITY_REL_SHELTER_AVG"":true,""PRESSURE"":true,""SUN_DURATION"":false,""SHORT_WAVE_FROM_SKY_AVG"":false,""SUN_INT_AVG"":false}}"
aws_1day.fid--65986ded_19d21fbe95f_2971,POINT (50.904 3.122),6414,2019-08-10T00:00:00,1.07,19.79,23.74,15.07,19.21,19.63,20.05,20.37,20.4,20.18,6.96,,20.76,67.43,1007.44,468.08,193.54,212.31,"{""validated"":{""PRECIP_QUANTITY"":true,""TEMP_AVG"":true,""TEMP_MAX"":true,""TEMP_MIN"":true,""TEMP_GRASS_PT100_AVG"":true,""TEMP_SOIL_AVG"":true,""TEMP_SOIL_AVG_5CM"":true,""TEMP_SOIL_AVG_10CM"":true,""TEMP_SOIL_AVG_20CM"":true,""TEMP_SOIL_AVG_50CM"":true,""WIND_SPEED_10M"":true,""WIND_SPEED_AVG_30M"":false,""WIND_GUSTS_SPEED"":true,""HUMIDITY_REL_SHELTER_AVG"":true,""PRESSURE"":true,""SUN_DURATION"":false,""SHORT_WAVE_FROM_SKY_AVG"":false,""SUN_INT_AVG"":false}}"
aws_1day.fid--65986ded_19d21fbe95f_2970,POINT (50.582 4.689),6459,2019-08-10T00:00:00,0.24,19.98,23.79,14.71,20.49,20.72,19.93,19.77,19.66,19.01,7.12,,17.03,61.13,993.32,390.58,201.19,151.81,"{""validated"":{""PRECIP_QUANTITY"":true,""TEMP_AVG"":true,""TEMP_MAX"":true,""TEMP_MIN"":true,""TEMP_GRASS_PT100_AVG"":true,""TEMP_SOIL_AVG"":true,""TEMP_SOIL_AVG_5CM"":true,""TEMP_SOIL_AVG_10CM"":true,""TEMP_SOIL_AVG_20CM"":true,""TEMP_SOIL_AVG_50CM"":true,""WIND_SPEED_10M"":true,""WIND_SPEED_AVG_30M"":false,""WIND_GUSTS_SPEED"":true,""HUMIDITY_REL_SHELTER_AVG"":true,""PRESSURE"":true,""SUN_DURATION"":false,""SHORT_WAVE_FROM_SKY_AVG"":false,""SUN_INT_AVG"":false}}"
aws_1day.fid--65986ded_19d21fbe95f_296f,POINT (51.348 3.202),6418,2019-08-10T00:00:00,0.64,19.81,22.27,16.43,,,,,,,11.26,,23.32,66.17,1007.5,540.83,,207.1,"{""validated"":{""PRECIP_QUANTITY"":false,""TEMP_AVG"":true,""TEMP_MAX"":true,""TEMP_MIN"":true,""TEMP_GRASS_PT100_AVG"":false,""TEMP_SOIL_AVG"":false,""TEMP_SOIL_AVG_5CM"":false,""TEMP_SOIL_AVG_10CM"":false,""TEMP_SOIL_AVG_20CM"":false,""TEMP_SOIL_AVG_50CM"":false,""WIND_SPEED_10M"":true,""WIND_SPEED_AVG_30M"":false,""WIND_GUSTS_SPEED"":true,""HUMIDITY_REL_SHELTER_AVG"":true,""PRESSURE"":true,""SUN_DURATION"":false,""SHORT_WAVE_FROM_SKY_AVG"":false,""SUN_INT_AVG"":false}}"
aws_1day.fid--65986ded_19d21fbe95f_296e,POINT (50.511 6.073),6494,2019-08-10T00:00:00,0.0,15.68,19.18,12.2,,16.01,15.93,16.01,16.01,15.32,6.35,,16.32,74.62,936.09,,168.78,,"{""validated"":{""PRECIP_QUANTITY"":true,""TEMP_AVG"":true,""TEMP_MAX"":true,""TEMP_MIN"":true,""TEMP_GRASS_PT100_AVG"":false,""TEMP_SOIL_AVG"":true,""TEMP_SOIL_AVG_5CM"":true,""TEMP_SOIL_AVG_10CM"":true,""TEMP_SOIL_AVG_20CM"":true,""TEMP_SOIL_AVG_50CM"":true,""WIND_SPEED_10M"":true,""WIND_SPEED_AVG_30M"":false,""WIND_GUSTS_SPEED"":true,""HUMIDITY_REL_SHELTER_AVG"":true,""PRESSURE"":true,""SUN_DURATION"":true,""SHORT_WAVE_FROM_SKY_AVG"":false,""SUN_INT_AVG"":true}}"
aws_1day.fid--65986ded_19d21fbe95f_296d,POINT (49.62 5.587),6484,2019-08-10T00:00:00,0.0,18.31,22.5,12.04,25.07,17.34,18.12,18.25,19.75,20.01,4.52,,13.61,72.05,976.91,302.67,180.3,107.6,"{""validated"":{""PRECIP_QUANTITY"":true,""TEMP_AVG"":true,""TEMP_MAX"":true,""TEMP_MIN"":true,""TEMP_GRASS_PT100_AVG"":false,""TEMP_SOIL_AVG"":false,""TEMP_SOIL_AVG_5CM"":false,""TEMP_SOIL_AVG_10CM"":false,""TEMP_SOIL_AVG_20CM"":false,""TEMP_SOIL_AVG_50CM"":false,""WIND_SPEED_10M"":true,""WIND_SPEED_AVG_30M"":false,""WIND_GUSTS_SPEED"":true,""HUMIDITY_REL_SHELTER_AVG"":false,""PRESSURE"":true,""SUN_DURATION"":false,""SHORT_WAVE_FROM_SKY_AVG"":false,""SUN_INT_AVG"":false}}"
aws_1day.fid--65986ded_19d21fbe95f_2973,POINT (51.075 4.525),6439,2019-08-10T00:00:00,0.47,21.14,24.87,16.83,20.28,21.15,20.81,20.96,21.15,21.0,5.8,,16.0,61.71,1009.53,524.92,195.99,195.21,"{""validated"":{""PRECIP_QUANTITY"":true,""TEMP_AVG"":true,""TEMP_MAX"":true,""TEMP_MIN"":true,""TEMP_GRASS_PT100_AVG"":true,""TEMP_SOIL_AVG"":true,""TEMP_SOIL_AVG_5CM"":false,""TEMP_SOIL_AVG_10CM"":true,""TEMP_SOIL_AVG_20CM"":true,""TEMP_SOIL_AVG_50CM"":true,""WIND_SPEED_10M"":true,""WIND_SPEED_AVG_30M"":false,""WIND_GUSTS_SPEED"":true,""HUMIDITY_REL_SHELTER_AVG"":false,""PRESSURE"":true,""SUN_DURATION"":false,""SHORT_WAVE_FROM_SKY_AVG"":false,""SUN_INT_AVG"":false}}"
aws_1day.fid--65986ded_19d21fbe95f_296b,POINT (50.096 4.595),6455,2019-08-10T00:00:00,0.0,19.01,23.32,13.78,20.43,18.23,18.88,19.06,19.21,19.08,5.51,,15.66,68.04,984.65,540.51,218.15,216.62,"{""validated"":{""PRECIP_QUANTITY"":true,""TEMP_AVG"":true,""TEMP_MAX"":true,""TEMP_MIN"":true,""TEMP_GRASS_PT100_AVG"":true,""TEMP_SOIL_AVG"":true,""TEMP_SOIL_AVG_5CM"":true,""TEMP_SOIL_AVG_10CM"":true,""TEMP_SOIL_AVG_20CM"":true,""TEMP_SOIL_AVG_50CM"":true,""WIND_SPEED_10M"":true,""WIND_SPEED_AVG_30M"":false,""WIND_GUSTS_SPEED"":true,""HUMIDITY_REL_SHELTER_AVG"":true,""PRESSURE"":true,""SUN_DURATION"":false,""SHORT_WAVE_FROM_SKY_AVG"":false,""SUN_INT_AVG"":false}}"
aws_1day.fid--65986ded_19d21fbe95f_2967,POINT (50.194 5.255),6472,2019-08-10T00:00:00,0.09,18.76,22.38,14.74,19.24,18.38,17.25,18.03,18.35,18.41,7.62,9.4,17.16,62.82,979.41,533.67,213.64,211.88,"{""validated"":{""PRECIP_QUANTITY"":true,""TEMP_AVG"":true,""TEMP_MAX"":true,""TEMP_MIN"":true,""TEMP_GRASS_PT100_AVG"":true,""TEMP_SOIL_AVG"":true,""TEMP_SOIL_AVG_5CM"":true,""TEMP_SOIL_AVG_10CM"":true,""TEMP_SOIL_AVG_20CM"":true,""TEMP_SOIL_AVG_50CM"":true,""WIND_SPEED_10M"":true,""WIND_SPEED_AVG_30M"":true,""WIND_GUSTS_SPEED"":true,""HUMIDITY_REL_SHELTER_AVG"":true,""PRESSURE"":true,""SUN_DURATION"":false,""SHORT_WAVE_FROM_SKY_AVG"":false,""SUN_INT_AVG"":false}}"
aws_1day.fid--65986ded_19d21fbe95f_2968,POINT (50.797 4.358),6447,2019-08-10T00:00:00,0.0,20.57,24.46,16.3,20.77,22.25,21.64,21.63,21.48,20.94,,5.96,18.73,61.55,998.6,,176.05,,"{""validated"":{""PRECIP_QUANTITY"":true,""TEMP_AVG"":true,""TEMP_MAX"":true,""TEMP_MIN"":true,""TEMP_GRASS_PT100_AVG"":true,""TEMP_SOIL_AVG"":true,""TEMP_SOIL_AVG_5CM"":true,""TEMP_SOIL_AVG_10CM"":true,""TEMP_SOIL_AVG_20CM"":true,""TEMP_SOIL_AVG_50CM"":true,""WIND_SPEED_10M"":false,""WIND_SPEED_AVG_30M"":true,""WIND_GUSTS_SPEED"":true,""HUMIDITY_REL_SHELTER_AVG"":false,""PRESSURE"":true,""SUN_DURATION"":false,""SHORT_WAVE_FROM_SKY_AVG"":false,""SUN_INT_AVG"":false}}"
aws_1day.fid--65986ded_19d21fbe95f_296c,POINT (50.916 5.45),6477,2019-08-10T00:00:00,0.07,20.91,24.93,15.1,21.05,22.58,21.31,20.78,18.2,19.4,5.91,,15.59,63.8,1006.79,585.0,218.04,223.76,"{""validated"":{""PRECIP_QUANTITY"":true,""TEMP_AVG"":true,""TEMP_MAX"":true,""TEMP_MIN"":true,""TEMP_GRASS_PT100_AVG"":true,""TEMP_SOIL_AVG"":true,""TEMP_SOIL_AVG_5CM"":true,""TEMP_SOIL_AVG_10CM"":true,""TEMP_SOIL_AVG_20CM"":true,""TEMP_SOIL_AVG_50CM"":true,""WIND_SPEED_10M"":true,""WIND_SPEED_AVG_30M"":false,""WIND_GUSTS_SPEED"":true,""HUMIDITY_REL_SHELTER_AVG"":true,""PRESSURE"":true,""SUN_DURATION"":false,""SHORT_WAVE_FROM_SKY_AVG"":false,""SUN_INT_AVG"":false}}"
aws_1day.fid--65986ded_19d21fbe95f_296a,POINT (50.98 3.816),6434,2019-08-10T00:00:00,0.55,20.32,24.33,15.93,21.71,21.99,21.33,21.35,21.27,20.76,6.42,7.93,17.62,64.24,1008.66,533.67,193.5,214.32,"{""validated"":{""PRECIP_QUANTITY"":true,""TEMP_AVG"":true,""TEMP_MAX"":true,""TEMP_MIN"":true,""TEMP_GRASS_PT100_AVG"":true,""TEMP_SOIL_AVG"":true,""TEMP_SOIL_AVG_5CM"":true,""TEMP_SOIL_AVG_10CM"":true,""TEMP_SOIL_AVG_20CM"":true,""TEMP_SOIL_AVG_50CM"":true,""WIND_SPEED_10M"":true,""WIND_SPEED_AVG_30M"":true,""WIND_GUSTS_SPEED"":true,""HUMIDITY_REL_SHELTER_AVG"":false,""PRESSURE"":true,""SUN_DURATION"":false,""SHORT_WAVE_FROM_SKY_AVG"":false,""SUN_INT_AVG"":false}}"
aws_1day.fid--65986ded_19d21fbe95f_2969,POINT (51.221 5.027),6464,2019-08-10T00:00:00,0.0,20.81,24.82,16.25,21.31,22.25,21.53,21.43,21.21,20.35,4.39,,13.8,62.57,1008.07,512.58,199.52,196.78,"{""validated"":{""PRECIP_QUANTITY"":true,""TEMP_AVG"":true,""TEMP_MAX"":true,""TEMP_MIN"":true,""TEMP_GRASS_PT100_AVG"":true,""TEMP_SOIL_AVG"":true,""TEMP_SOIL_AVG_5CM"":true,""TEMP_SOIL_AVG_10CM"":true,""TEMP_SOIL_AVG_20CM"":true,""TEMP_SOIL_AVG_50CM"":true,""WIND_SPEED_10M"":true,""WIND_SPEED_AVG_30M"":false,""WIND_GUSTS_SPEED"":true,""HUMIDITY_REL_SHELTER_AVG"":true,""PRESSURE"":true,""SUN_DURATION"":false,""SHORT_WAVE_FROM_SKY_AVG"":false,""SUN_INT_AVG"":false}}"
aws_1day.fid--65986ded_19d21fbe95f_2990,POINT (50.511 6.073),6494,2019-08-11T00:00:00,0.0,12.51,16.37,7.99,,14.42,14.64,14.85,15.01,15.09,2.93,,9.01,75.71,938.12,,179.07,,"{""validated"":{""PRECIP_QUANTITY"":true,""TEMP_AVG"":true,""TEMP_MAX"":true,""TEMP_MIN"":true,""TEMP_GRASS_PT100_AVG"":false,""TEMP_SOIL_AVG"":true,""TEMP_SOIL_AVG_5CM"":true,""TEMP_SOIL_AVG_10CM"":true,""TEMP_SOIL_AVG_20CM"":true,""TEMP_SOIL_AVG_50CM"":true,""WIND_SPEED_10M"":true,""WIND_SPEED_AVG_30M"":false,""WIND_GUSTS_SPEED"":true,""HUMIDITY_REL_SHELTER_AVG"":true,""PRESSURE"":true,""SUN_DURATION"":true,""SHORT_WAVE_FROM_SKY_AVG"":false,""SUN_INT_AVG"":true}}"
aws_1day.fid--65986ded_19d21fbe95f_298f,POINT (50.096 4.595),6455,2019-08-11T00:00:00,0.0,15.64,19.74,11.66,16.76,16.83,17.3,17.65,18.05,18.66,2.45,,7.48,73.5,987.71,295.67,134.48,113.17,"{""validated"":{""PRECIP_QUANTITY"":true,""TEMP_AVG"":true,""TEMP_MAX"":true,""TEMP_MIN"":true,""TEMP_GRASS_PT100_AVG"":true,""TEMP_SOIL_AVG"":true,""TEMP_SOIL_AVG_5CM"":true,""TEMP_SOIL_AVG_10CM"":true,""TEMP_SOIL_AVG_20CM"":true,""TEMP_SOIL_AVG_50CM"":true,""WIND_SPEED_10M"":true,""WIND_SPEED_AVG_30M"":false,""WIND_GUSTS_SPEED"":true,""HUMIDITY_REL_SHELTER_AVG"":true,""PRESSURE"":true,""SUN_DURATION"":false,""SHORT_WAVE_FROM_SKY_AVG"":false,""SUN_INT_AVG"":false}}"
aws_1day.fid--65986ded_19d21fbe95f_298e,POINT (50.582 4.689),6459,2019-08-11T00:00:00,0.0,16.68,20.0,13.41,17.39,18.02,17.99,18.36,18.92,18.85,3.59,,8.93,69.22,996.91,273.58,150.65,99.08,"{""validated"":{""PRECIP_QUANTITY"":true,""TEMP_AVG"":true,""TEMP_MAX"":true,""TEMP_MIN"":true,""TEMP_GRASS_PT100_AVG"":true,""TEMP_SOIL_AVG"":true,""TEMP_SOIL_AVG_5CM"":true,""TEMP_SOIL_AVG_10CM"":true,""TEMP_SOIL_AVG_20CM"":true,""TEMP_SOIL_AVG_50CM"":true,""WIND_SPEED_10M"":true,""WIND_SPEED_AVG_30M"":false,""WIND_GUSTS_SPEED"":true,""HUMIDITY_REL_SHELTER_AVG"":true,""PRESSURE"":true,""SUN_DURATION"":false,""SHORT_WAVE_FROM_SKY_AVG"":false,""SUN_INT_AVG"":false}}"
aws_1day.fid--65986ded_19d21fbe95f_298d,POINT (50.194 5.255),6472,2019-08-11T00:00:00,0.0,15.0,18.29,11.15,15.34,15.6,15.08,16.24,17.05,17.93,3.31,4.51,9.69,69.32,982.3,321.33,135.52,128.56,"{""validated"":{""PRECIP_QUANTITY"":true,""TEMP_AVG"":true,""TEMP_MAX"":true,""TEMP_MIN"":true,""TEMP_GRASS_PT100_AVG"":true,""TEMP_SOIL_AVG"":true,""TEMP_SOIL_AVG_5CM"":true,""TEMP_SOIL_AVG_10CM"":true,""TEMP_SOIL_AVG_20CM"":true,""TEMP_SOIL_AVG_50CM"":true,""WIND_SPEED_10M"":true,""WIND_SPEED_AVG_30M"":true,""WIND_GUSTS_SPEED"":true,""HUMIDITY_REL_SHELTER_AVG"":true,""PRESSURE"":true,""SUN_DURATION"":false,""SHORT_WAVE_FROM_SKY_AVG"":false,""SUN_INT_AVG"":false}}"
aws_1day.fid--65986ded_19d21fbe95f_2984,POINT (51.348 3.202),6418,2019-08-11T00:00:00,0.1,17.78,20.04,15.61,,,,,,,7.47,,14.6,72.06,1012.24,302.83,,91.39,"{""validated"":{""PRECIP_QUANTITY"":true,""TEMP_AVG"":true,""TEMP_MAX"":true,""TEMP_MIN"":true,""TEMP_GRASS_PT100_AVG"":false,""TEMP_SOIL_AVG"":false,""TEMP_SOIL_AVG_5CM"":false,""TEMP_SOIL_AVG_10CM"":false,""TEMP_SOIL_AVG_20CM"":false,""TEMP_SOIL_AVG_50CM"":false,""WIND_SPEED_10M"":true,""WIND_SPEED_AVG_30M"":false,""WIND_GUSTS_SPEED"":true,""HUMIDITY_REL_SHELTER_AVG"":true,""PRESSURE"":true,""SUN_DURATION"":false,""SHORT_WAVE_FROM_SKY_AVG"":false,""SUN_INT_AVG"":false}}"
aws_1day.fid--65986ded_19d21fbe95f_298b,POINT (50.797 4.358),6447,2019-08-11T00:00:00,0.0,17.43,19.95,14.55,18.12,20.4,20.26,20.57,20.87,20.72,,3.68,9.73,68.42,1002.57,,144.02,,"{""validated"":{""PRECIP_QUANTITY"":true,""TEMP_AVG"":true,""TEMP_MAX"":true,""TEMP_MIN"":true,""TEMP_GRASS_PT100_AVG"":true,""TEMP_SOIL_AVG"":true,""TEMP_SOIL_AVG_5CM"":true,""TEMP_SOIL_AVG_10CM"":true,""TEMP_SOIL_AVG_20CM"":true,""TEMP_SOIL_AVG_50CM"":true,""WIND_SPEED_10M"":false,""WIND_SPEED_AVG_30M"":true,""WIND_GUSTS_SPEED"":true,""HUMIDITY_REL_SHELTER_AVG"":false,""PRESSURE"":true,""SUN_DURATION"":false,""SHORT_WAVE_FROM_SKY_AVG"":false,""SUN_INT_AVG"":false}}"
aws_1day.fid--65986ded_19d21fbe95f_298a,POINT (51.221 5.027),6464,2019-08-11T00:00:00,0.0,18.1,21.5,14.03,18.91,21.84,21.11,21.08,20.93,20.12,2.64,,8.75,68.84,1012.4,432.42,188.64,138.37,"{""validated"":{""PRECIP_QUANTITY"":true,""TEMP_AVG"":true,""TEMP_MAX"":true,""TEMP_MIN"":true,""TEMP_GRASS_PT100_AVG"":true,""TEMP_SOIL_AVG"":true,""TEMP_SOIL_AVG_5CM"":true,""TEMP_SOIL_AVG_10CM"":true,""TEMP_SOIL_AVG_20CM"":true,""TEMP_SOIL_AVG_50CM"":true,""WIND_SPEED_10M"":true,""WIND_SPEED_AVG_30M"":false,""WIND_GUSTS_SPEED"":true,""HUMIDITY_REL_SHELTER_AVG"":true,""PRESSURE"":true,""SUN_DURATION"":false,""SHORT_WAVE_FROM_SKY_AVG"":false,""SUN_INT_AVG"":false}}"
aws_1day.fid--65986ded_19d21fbe95f_2989,POINT (50.916 5.45),6477,2019-08-11T00:00:00,0.0,17.22,21.41,12.56,17.09,20.32,20.06,20.02,18.14,19.39,2.89,,8.67,73.07,1010.83,384.08,168.08,127.8,"{""validated"":{""PRECIP_QUANTITY"":true,""TEMP_AVG"":true,""TEMP_MAX"":true,""TEMP_MIN"":true,""TEMP_GRASS_PT100_AVG"":true,""TEMP_SOIL_AVG"":true,""TEMP_SOIL_AVG_5CM"":true,""TEMP_SOIL_AVG_10CM"":true,""TEMP_SOIL_AVG_20CM"":true,""TEMP_SOIL_AVG_50CM"":true,""WIND_SPEED_10M"":true,""WIND_SPEED_AVG_30M"":false,""WIND_GUSTS_SPEED"":true,""HUMIDITY_REL_SHELTER_AVG"":true,""PRESSURE"":true,""SUN_DURATION"":false,""SHORT_WAVE_FROM_SKY_AVG"":false,""SUN_INT_AVG"":false}}"
aws_1day.fid--65986ded_19d21fbe95f_2988,POINT (50.904 3.122),6414,2019-08-11T00:00:00,0.0,17.1,20.83,13.53,16.11,18.46,19.27,19.58,19.74,19.78,3.85,,10.01,75.87,1011.69,209.5,153.56,66.18,"{""validated"":{""PRECIP_QUANTITY"":true,""TEMP_AVG"":true,""TEMP_MAX"":true,""TEMP_MIN"":true,""TEMP_GRASS_PT100_AVG"":true,""TEMP_SOIL_AVG"":true,""TEMP_SOIL_AVG_5CM"":true,""TEMP_SOIL_AVG_10CM"":true,""TEMP_SOIL_AVG_20CM"":true,""TEMP_SOIL_AVG_50CM"":true,""WIND_SPEED_10M"":true,""WIND_SPEED_AVG_30M"":false,""WIND_GUSTS_SPEED"":true,""HUMIDITY_REL_SHELTER_AVG"":true,""PRESSURE"":true,""SUN_DURATION"":false,""SHORT_WAVE_FROM_SKY_AVG"":false,""SUN_INT_AVG"":false}}"
aws_1day.fid--65986ded_19d21fbe95f_2987,POINT (49.62 5.587),6484,2019-08-11T00:00:00,0.11,14.65,17.87,9.72,23.64,14.98,15.94,16.12,17.84,19.19,1.77,,6.4,80.8,979.08,272.75,126.73,82.7,"{""validated"":{""PRECIP_QUANTITY"":true,""TEMP_AVG"":true,""TEMP_MAX"":true,""TEMP_MIN"":true,""TEMP_GRASS_PT100_AVG"":false,""TEMP_SOIL_AVG"":false,""TEMP_SOIL_AVG_5CM"":false,""TEMP_SOIL_AVG_10CM"":false,""TEMP_SOIL_AVG_20CM"":false,""TEMP_SOIL_AVG_50CM"":false,""WIND_SPEED_10M"":true,""WIND_SPEED_AVG_30M"":false,""WIND_GUSTS_SPEED"":true,""HUMIDITY_REL_SHELTER_AVG"":false,""PRESSURE"":true,""SUN_DURATION"":false,""SHORT_WAVE_FROM_SKY_AVG"":false,""SUN_INT_AVG"":false}}"
aws_1day.fid--65986ded_19d21fbe95f_2986,POINT (50.98 3.816),6434,2019-08-11T00:00:00,0.0,17.28,20.45,13.64,18.26,19.93,19.92,20.22,20.49,20.41,3.48,4.46,10.12,72.34,1012.95,327.5,157.85,95.26,"{""validated"":{""PRECIP_QUANTITY"":true,""TEMP_AVG"":true,""TEMP_MAX"":true,""TEMP_MIN"":true,""TEMP_GRASS_PT100_AVG"":true,""TEMP_SOIL_AVG"":true,""TEMP_SOIL_AVG_5CM"":true,""TEMP_SOIL_AVG_10CM"":true,""TEMP_SOIL_AVG_20CM"":true,""TEMP_SOIL_AVG_50CM"":true,""WIND_SPEED_10M"":true,""WIND_SPEED_AVG_30M"":true,""WIND_GUSTS_SPEED"":true,""HUMIDITY_REL_SHELTER_AVG"":false,""PRESSURE"":true,""SUN_DURATION"":false,""SHORT_WAVE_FROM_SKY_AVG"":false,""SUN_INT_AVG"":false}}"
aws_1day.fid--65986ded_19d21fbe95f_2985,POINT (51.075 4.525),6439,2019-08-11T00:00:00,0.02,18.36,21.22,15.2,18.9,20.38,20.19,20.33,20.51,20.49,3.44,,9.19,68.22,1013.79,395.92,175.6,119.89,"{""validated"":{""PRECIP_QUANTITY"":true,""TEMP_AVG"":true,""TEMP_MAX"":true,""TEMP_MIN"":true,""TEMP_GRASS_PT100_AVG"":true,""TEMP_SOIL_AVG"":true,""TEMP_SOIL_AVG_5CM"":false,""TEMP_SOIL_AVG_10CM"":true,""TEMP_SOIL_AVG_20CM"":true,""TEMP_SOIL_AVG_50CM"":true,""WIND_SPEED_10M"":true,""WIND_SPEED_AVG_30M"":false,""WIND_GUSTS_SPEED"":true,""HUMIDITY_REL_SHELTER_AVG"":false,""PRESSURE"":true,""SUN_DURATION"":false,""SHORT_WAVE_FROM_SKY_AVG"":false,""SUN_INT_AVG"":false}}"
aws_1day.fid--65986ded_19d21fbe95f_298c,POINT (51.325 4.364),6438,2019-08-11T00:00:00,0.0,18.55,21.03,15.77,19.5,20.94,20.59,20.49,19.61,20.9,5.22,,10.48,67.59,1014.0,401.0,166.32,121.41,"{""validated"":{""PRECIP_QUANTITY"":true,""TEMP_AVG"":true,""TEMP_MAX"":true,""TEMP_MIN"":true,""TEMP_GRASS_PT100_AVG"":true,""TEMP_SOIL_AVG"":true,""TEMP_SOIL_AVG_5CM"":true,""TEMP_SOIL_AVG_10CM"":true,""TEMP_SOIL_AVG_20CM"":true,""TEMP_SOIL_AVG_50CM"":true,""WIND_SPEED_10M"":true,""WIND_SPEED_AVG_30M"":false,""WIND_GUSTS_SPEED"":true,""HUMIDITY_REL_SHELTER_AVG"":true,""PRESSURE"":true,""SUN_DURATION"":false,""SHORT_WAVE_FROM_SKY_AVG"":false,""SUN_INT_AVG"":false}}"
aws_1day.fid--65986ded_19d21fbe95f_2980,POINT (50.511 6.073),6494,2019-08-11T00:00:00,0.0,12.51,16.37,7.99,,14.42,14.64,14.85,15.01,15.09,2.93,,9.01,75.71,938.12,,179.07,,"{""validated"":{""PRECIP_QUANTITY"":true,""TEMP_AVG"":true,""TEMP_MAX"":true,""TEMP_MIN"":true,""TEMP_GRASS_PT100_AVG"":false,""TEMP_SOIL_AVG"":true,""TEMP_SOIL_AVG_5CM"":true,""TEMP_SOIL_AVG_10CM"":true,""TEMP_SOIL_AVG_20CM"":true,""TEMP_SOIL_AVG_50CM"":true,""WIND_SPEED_10M"":true,""WIND_SPEED_AVG_30M"":false,""WIND_GUSTS_SPEED"":true,""HUMIDITY_REL_SHELTER_AVG"":true,""PRESSURE"":true,""SUN_DURATION"":true,""SHORT_WAVE_FROM_SKY_AVG"":false,""SUN_INT_AVG"":true}}"
aws_1day.fid--65986ded_19d21fbe95f_297e,POINT (50.582 4.689),6459,2019-08-11T00:00:00,0.0,16.68,20.0,13.41,17.39,18.02,17.99,18.36,18.92,18.85,3.59,,8.93,69.22,996.91,273.58,150.65,99.08,"{""validated"":{""PRECIP_QUANTITY"":true,""TEMP_AVG"":true,""TEMP_MAX"":true,""TEMP_MIN"":true,""TEMP_GRASS_PT100_AVG"":true,""TEMP_SOIL_AVG"":true,""TEMP_SOIL_AVG_5CM"":true,""TEMP_SOIL_AVG_10CM"":true,""TEMP_SOIL_AVG_20CM"":true,""TEMP_SOIL_AVG_50CM"":true,""WIND_SPEED_10M"":true,""WIND_SPEED_AVG_30M"":false,""WIND_GUSTS_SPEED"":true,""HUMIDITY_REL_SHELTER_AVG"":true,""PRESSURE"":true,""SUN_DURATION"":false,""SHORT_WAVE_FROM_SKY_AVG"":false,""SUN_INT_AVG"":false}}"
aws_1day.fid--65986ded_19d21fbe95f_2974,POINT (51.348 3.202),6418,2019-08-11T00:00:00,0.1,17.78,20.04,15.61,,,,,,,7.47,,14.6,72.06,1012.24,302.83,,91.39,"{""validated"":{""PRECIP_QUANTITY"":true,""TEMP_AVG"":true,""TEMP_MAX"":true,""TEMP_MIN"":true,""TEMP_GRASS_PT100_AVG"":false,""TEMP_SOIL_AVG"":false,""TEMP_SOIL_AVG_5CM"":false,""TEMP_SOIL_AVG_10CM"":false,""TEMP_SOIL_AVG_20CM"":false,""TEMP_SOIL_AVG_50CM"":false,""WIND_SPEED_10M"":true,""WIND_SPEED_AVG_30M"":false,""WIND_GUSTS_SPEED"":true,""HUMIDITY_REL_SHELTER_AVG"":true,""PRESSURE"":true,""SUN_DURATION"":false,""SHORT_WAVE_FROM_SKY_AVG"":false,""SUN_INT_AVG"":false}}"
aws_1day.fid--65986ded_19d21fbe95f_2975,POINT (51.075 4.525),6439,2019-08-11T00:00:00,0.02,18.36,21.22,15.2,18.9,20.38,20.19,20.33,20.51,20.49,3.44,,9.19,68.22,1013.79,395.92,175.6,119.89,"{""validated"":{""PRECIP_QUANTITY"":true,""TEMP_AVG"":true,""TEMP_MAX"":true,""TEMP_MIN"":true,""TEMP_GRASS_PT100_AVG"":true,""TEMP_SOIL_AVG"":true,""TEMP_SOIL_AVG_5CM"":false,""TEMP_SOIL_AVG_10CM"":true,""TEMP_SOIL_AVG_20CM"":true,""TEMP_SOIL_AVG_50CM"":true,""WIND_SPEED_10M"":true,""WIND_SPEED_AVG_30M"":false,""WIND_GUSTS_SPEED"":true,""HUMIDITY_REL_SHELTER_AVG"":false,""PRESSURE"":true,""SUN_DURATION"":false,""SHORT_WAVE_FROM_SKY_AVG"":false,""SUN_INT_AVG"":false}}"
aws_1day.fid--65986ded_19d21fbe95f_297f,POINT (50.096 4.595),6455,2019-08-11T00:00:00,0.0,15.64,19.74,11.66,16.76,16.83,17.3,17.65,18.05,18.66,2.45,,7.48,73.5,987.71,295.67,134.48,113.17,"{""validated"":{""PRECIP_QUANTITY"":true,""TEMP_AVG"":true,""TEMP_MAX"":true,""TEMP_MIN"":true,""TEMP_GRASS_PT100_AVG"":true,""TEMP_SOIL_AVG"":true,""TEMP_SOIL_AVG_5CM"":true,""TEMP_SOIL_AVG_10CM"":true,""TEMP_SOIL_AVG_20CM"":true,""TEMP_SOIL_AVG_50CM"":true,""WIND_SPEED_10M"":true,""WIND_SPEED_AVG_30M"":false,""WIND_GUSTS_SPEED"":true,""HUMIDITY_REL_SHELTER_AVG"":true,""PRESSURE"":true,""SUN_DURATION"":false,""SHORT_WAVE_FROM_SKY_AVG"":false,""SUN_INT_AVG"":false}}"
aws_1day.fid--65986ded_19d21fbe95f_2977,POINT (49.62 5.587),6484,2019-08-11T00:00:00,0.11,14.65,17.87,9.72,23.64,14.98,15.94,16.12,17.84,19.19,1.77,,6.4,80.8,979.08,272.75,126.73,82.7,"{""validated"":{""PRECIP_QUANTITY"":true,""TEMP_AVG"":true,""TEMP_MAX"":true,""TEMP_MIN"":true,""TEMP_GRASS_PT100_AVG"":false,""TEMP_SOIL_AVG"":false,""TEMP_SOIL_AVG_5CM"":false,""TEMP_SOIL_AVG_10CM"":false,""TEMP_SOIL_AVG_20CM"":false,""TEMP_SOIL_AVG_50CM"":false,""WIND_SPEED_10M"":true,""WIND_SPEED_AVG_30M"":false,""WIND_GUSTS_SPEED"":true,""HUMIDITY_REL_SHELTER_AVG"":false,""PRESSURE"":true,""SUN_DURATION"":false,""SHORT_WAVE_FROM_SKY_AVG"":false,""SUN_INT_AVG"":false}}"
aws_1day.fid--65986ded_19d21fbe95f_2978,POINT (50.904 3.122),6414,2019-08-11T00:00:00,0.0,17.1,20.83,13.53,16.11,18.46,19.27,19.58,19.74,19.78,3.85,,10.01,75.87,1011.69,209.5,153.56,66.18,"{""validated"":{""PRECIP_QUANTITY"":true,""TEMP_AVG"":true,""TEMP_MAX"":true,""TEMP_MIN"":true,""TEMP_GRASS_PT100_AVG"":true,""TEMP_SOIL_AVG"":true,""TEMP_SOIL_AVG_5CM"":true,""TEMP_SOIL_AVG_10CM"":true,""TEMP_SOIL_AVG_20CM"":true,""TEMP_SOIL_AVG_50CM"":true,""WIND_SPEED_10M"":true,""WIND_SPEED_AVG_30M"":false,""WIND_GUSTS_SPEED"":true,""HUMIDITY_REL_SHELTER_AVG"":true,""PRESSURE"":true,""SUN_DURATION"":false,""SHORT_WAVE_FROM_SKY_AVG"":false,""SUN_INT_AVG"":false}}"
aws_1day.fid--65986ded_19d21fbe95f_2976,POINT (50.98 3.816),6434,2019-08-11T00:00:00,0.0,17.28,20.45,13.64,18.26,19.93,19.92,20.22,20.49,20.41,3.48,4.46,10.12,72.34,1012.95,327.5,157.85,95.26,"{""validated"":{""PRECIP_QUANTITY"":true,""TEMP_AVG"":true,""TEMP_MAX"":true,""TEMP_MIN"":true,""TEMP_GRASS_PT100_AVG"":true,""TEMP_SOIL_AVG"":true,""TEMP_SOIL_AVG_5CM"":true,""TEMP_SOIL_AVG_10CM"":true,""TEMP_SOIL_AVG_20CM"":true,""TEMP_SOIL_AVG_50CM"":true,""WIND_SPEED_10M"":true,""WIND_SPEED_AVG_30M"":true,""WIND_GUSTS_SPEED"":true,""HUMIDITY_REL_SHELTER_AVG"":false,""PRESSURE"":true,""SUN_DURATION"":false,""SHORT_WAVE_FROM_SKY_AVG"":false,""SUN_INT_AVG"":false}}"
aws_1day.fid--65986ded_19d21fbe95f_297a,POINT (51.221 5.027),6464,2019-08-11T00:00:00,0.0,18.1,21.5,14.03,18.91,21.84,21.11,21.08,20.93,20.12,2.64,,8.75,68.84,1012.4,432.42,188.64,138.37,"{""validated"":{""PRECIP_QUANTITY"":true,""TEMP_AVG"":true,""TEMP_MAX"":true,""TEMP_MIN"":true,""TEMP_GRASS_PT100_AVG"":true,""TEMP_SOIL_AVG"":true,""TEMP_SOIL_AVG_5CM"":true,""TEMP_SOIL_AVG_10CM"":true,""TEMP_SOIL_AVG_20CM"":true,""TEMP_SOIL_AVG_50CM"":true,""WIND_SPEED_10M"":true,""WIND_SPEED_AVG_30M"":false,""WIND_GUSTS_SPEED"":true,""HUMIDITY_REL_SHELTER_AVG"":true,""PRESSURE"":true,""SUN_DURATION"":false,""SHORT_WAVE_FROM_SKY_AVG"":false,""SUN_INT_AVG"":false}}"
aws_1day.fid--65986ded_19d21fbe95f_297b,POINT (50.797 4.358),6447,2019-08-11T00:00:00,0.0,17.43,19.95,14.55,18.12,20.4,20.26,20.57,20.87,20.72,,3.68,9.73,68.42,1002.57,,144.02,,"{""validated"":{""PRECIP_QUANTITY"":true,""TEMP_AVG"":true,""TEMP_MAX"":true,""TEMP_MIN"":true,""TEMP_GRASS_PT100_AVG"":true,""TEMP_SOIL_AVG"":true,""TEMP_SOIL_AVG_5CM"":true,""TEMP_SOIL_AVG_10CM"":true,""TEMP_SOIL_AVG_20CM"":true,""TEMP_SOIL_AVG_50CM"":true,""WIND_SPEED_10M"":false,""WIND_SPEED_AVG_30M"":true,""WIND_GUSTS_SPEED"":true,""HUMIDITY_REL_SHELTER_AVG"":false,""PRESSURE"":true,""SUN_DURATION"":false,""SHORT_WAVE_FROM_SKY_AVG"":false,""SUN_INT_AVG"":false}}"
aws_1day.fid--65986ded_19d21fbe95f_297c,POINT (51.325 4.364),6438,2019-08-11T00:00:00,0.0,18.55,21.03,15.77,19.5,20.94,20.59,20.49,19.61,20.9,5.22,,10.48,67.59,1014.0,401.0,166.32,121.41,"{""validated"":{""PRECIP_QUANTITY"":true,""TEMP_AVG"":true,""TEMP_MAX"":true,""TEMP_MIN"":true,""TEMP_GRASS_PT100_AVG"":true,""TEMP_SOIL_AVG"":true,""TEMP_SOIL_AVG_5CM"":true,""TEMP_SOIL_AVG_10CM"":true,""TEMP_SOIL_AVG_20CM"":true,""TEMP_SOIL_AVG_50CM"":true,""WIND_SPEED_10M"":true,""WIND_SPEED_AVG_30M"":false,""WIND_GUSTS_SPEED"":true,""HUMIDITY_REL_SHELTER_AVG"":true,""PRESSURE"":true,""SUN_DURATION"":false,""SHORT_WAVE_FROM_SKY_AVG"":false,""SUN_INT_AVG"":false}}"
aws_1day.fid--65986ded_19d21fbe95f_297d,POINT (50.194 5.255),6472,2019-08-11T00:00:00,0.0,15.0,18.29,11.15,15.34,15.6,15.08,16.24,17.05,17.93,3.31,4.51,9.69,69.32,982.3,321.33,135.52,128.56,"{""validated"":{""PRECIP_QUANTITY"":true,""TEMP_AVG"":true,""TEMP_MAX"":true,""TEMP_MIN"":true,""TEMP_GRASS_PT100_AVG"":true,""TEMP_SOIL_AVG"":true,""TEMP_SOIL_AVG_5CM"":true,""TEMP_SOIL_AVG_10CM"":true,""TEMP_SOIL_AVG_20CM"":true,""TEMP_SOIL_AVG_50CM"":true,""WIND_SPEED_10M"":true,""WIND_SPEED_AVG_30M"":true,""WIND_GUSTS_SPEED"":true,""HUMIDITY_REL_SHELTER_AVG"":true,""PRESSURE"":true,""SUN_DURATION"":false,""SHORT_WAVE_FROM_SKY_AVG"":false,""SUN_INT_AVG"":false}}"
aws_1day.fid--65986ded_19d21fbe95f_2979,POINT (50.916 5.45),6477,2019-08-11T00:00:00,0.0,17.22,21.41,12.56,17.09,20.32,20.06,20.02,18.14,19.39,2.89,,8.67,73.07,1010.83,384.08,168.08,127.8,"{""validated"":{""PRECIP_QUANTITY"":true,""TEMP_AVG"":true,""TEMP_MAX"":true,""TEMP_MIN"":true,""TEMP_GRASS_PT100_AVG"":true,""TEMP_SOIL_AVG"":true,""TEMP_SOIL_AVG_5CM"":true,""TEMP_SOIL_AVG_10CM"":true,""TEMP_SOIL_AVG_20CM"":true,""TEMP_SOIL_AVG_50CM"":true,""WIND_SPEED_10M"":true,""WIND_SPEED_AVG_30M"":false,""WIND_GUSTS_SPEED"":true,""HUMIDITY_REL_SHELTER_AVG"":true,""PRESSURE"":true,""SUN_DURATION"":false,""SHORT_WAVE_FROM_SKY_AVG"":false,""SUN_INT_AVG"":false}}"
aws_1day.fid--65986ded_19d21fbe95f_2999,POINT (50.511 6.073),6494,2019-08-12T00:00:00,17.89,11.19,17.33,8.02,,13.7,13.95,14.21,14.44,14.76,2.33,,8.45,90.62,938.12,,139.78,,"{""validated"":{""PRECIP_QUANTITY"":false,""TEMP_AVG"":true,""TEMP_MAX"":true,""TEMP_MIN"":true,""TEMP_GRASS_PT100_AVG"":false,""TEMP_SOIL_AVG"":true,""TEMP_SOIL_AVG_5CM"":true,""TEMP_SOIL_AVG_10CM"":true,""TEMP_SOIL_AVG_20CM"":true,""TEMP_SOIL_AVG_50CM"":true,""WIND_SPEED_10M"":true,""WIND_SPEED_AVG_30M"":false,""WIND_GUSTS_SPEED"":true,""HUMIDITY_REL_SHELTER_AVG"":true,""PRESSURE"":true,""SUN_DURATION"":true,""SHORT_WAVE_FROM_SKY_AVG"":false,""SUN_INT_AVG"":true}}"
aws_1day.fid--65986ded_19d21fbe95f_299c,POINT (50.916 5.45),6477,2019-08-12T00:00:00,4.75,15.75,22.63,9.66,16.86,20.32,19.43,19.41,17.71,19.11,2.44,,13.5,81.83,1010.93,469.08,197.69,203.34,"{""validated"":{""PRECIP_QUANTITY"":true,""TEMP_AVG"":true,""TEMP_MAX"":true,""TEMP_MIN"":true,""TEMP_GRASS_PT100_AVG"":true,""TEMP_SOIL_AVG"":true,""TEMP_SOIL_AVG_5CM"":true,""TEMP_SOIL_AVG_10CM"":true,""TEMP_SOIL_AVG_20CM"":true,""TEMP_SOIL_AVG_50CM"":true,""WIND_SPEED_10M"":true,""WIND_SPEED_AVG_30M"":false,""WIND_GUSTS_SPEED"":true,""HUMIDITY_REL_SHELTER_AVG"":true,""PRESSURE"":true,""SUN_DURATION"":false,""SHORT_WAVE_FROM_SKY_AVG"":false,""SUN_INT_AVG"":false}}"
aws_1day.fid--65986ded_19d21fbe95f_299b,POINT (51.325 4.364),6438,2019-08-12T00:00:00,6.56,16.61,22.98,13.83,17.88,19.98,19.58,19.64,19.09,20.62,3.9,,15.32,81.64,1014.43,476.75,162.39,187.16,"{""validated"":{""PRECIP_QUANTITY"":true,""TEMP_AVG"":true,""TEMP_MAX"":true,""TEMP_MIN"":true,""TEMP_GRASS_PT100_AVG"":true,""TEMP_SOIL_AVG"":true,""TEMP_SOIL_AVG_5CM"":true,""TEMP_SOIL_AVG_10CM"":true,""TEMP_SOIL_AVG_20CM"":true,""TEMP_SOIL_AVG_50CM"":true,""WIND_SPEED_10M"":true,""WIND_SPEED_AVG_30M"":false,""WIND_GUSTS_SPEED"":true,""HUMIDITY_REL_SHELTER_AVG"":true,""PRESSURE"":true,""SUN_DURATION"":false,""SHORT_WAVE_FROM_SKY_AVG"":false,""SUN_INT_AVG"":false}}"
aws_1day.fid--65986ded_19d21fbe95f_299d,POINT (51.221 5.027),6464,2019-08-12T00:00:00,6.35,15.91,23.26,11.81,17.09,20.84,20.01,20.2,20.37,19.9,1.97,,11.11,81.96,1012.72,507.0,190.17,208.43,"{""validated"":{""PRECIP_QUANTITY"":true,""TEMP_AVG"":true,""TEMP_MAX"":true,""TEMP_MIN"":true,""TEMP_GRASS_PT100_AVG"":true,""TEMP_SOIL_AVG"":true,""TEMP_SOIL_AVG_5CM"":true,""TEMP_SOIL_AVG_10CM"":true,""TEMP_SOIL_AVG_20CM"":true,""TEMP_SOIL_AVG_50CM"":true,""WIND_SPEED_10M"":true,""WIND_SPEED_AVG_30M"":false,""WIND_GUSTS_SPEED"":true,""HUMIDITY_REL_SHELTER_AVG"":true,""PRESSURE"":true,""SUN_DURATION"":false,""SHORT_WAVE_FROM_SKY_AVG"":false,""SUN_INT_AVG"":false}}"
aws_1day.fid--65986ded_19d21fbe95f_299a,POINT (50.096 4.595),6455,2019-08-12T00:00:00,5.2,14.35,21.37,10.24,16.44,17.51,17.52,17.58,17.71,18.14,2.01,,11.33,85.64,987.66,358.92,168.89,154.84,"{""validated"":{""PRECIP_QUANTITY"":true,""TEMP_AVG"":true,""TEMP_MAX"":true,""TEMP_MIN"":true,""TEMP_GRASS_PT100_AVG"":true,""TEMP_SOIL_AVG"":true,""TEMP_SOIL_AVG_5CM"":true,""TEMP_SOIL_AVG_10CM"":true,""TEMP_SOIL_AVG_20CM"":true,""TEMP_SOIL_AVG_50CM"":true,""WIND_SPEED_10M"":true,""WIND_SPEED_AVG_30M"":false,""WIND_GUSTS_SPEED"":true,""HUMIDITY_REL_SHELTER_AVG"":false,""PRESSURE"":true,""SUN_DURATION"":false,""SHORT_WAVE_FROM_SKY_AVG"":false,""SUN_INT_AVG"":false}}"
aws_1day.fid--65986ded_19d21fbe95f_2998,POINT (50.797 4.358),6447,2019-08-12T00:00:00,12.07,15.61,21.56,12.08,17.55,19.58,19.28,19.65,20.09,20.31,,2.54,13.71,80.62,1002.83,,162.57,,"{""validated"":{""PRECIP_QUANTITY"":true,""TEMP_AVG"":true,""TEMP_MAX"":true,""TEMP_MIN"":true,""TEMP_GRASS_PT100_AVG"":true,""TEMP_SOIL_AVG"":true,""TEMP_SOIL_AVG_5CM"":true,""TEMP_SOIL_AVG_10CM"":true,""TEMP_SOIL_AVG_20CM"":true,""TEMP_SOIL_AVG_50CM"":true,""WIND_SPEED_10M"":false,""WIND_SPEED_AVG_30M"":true,""WIND_GUSTS_SPEED"":true,""HUMIDITY_REL_SHELTER_AVG"":false,""PRESSURE"":true,""SUN_DURATION"":false,""SHORT_WAVE_FROM_SKY_AVG"":false,""SUN_INT_AVG"":false}}"
aws_1day.fid--65986ded_19d21fbe95f_2993,POINT (51.075 4.525),6439,2019-08-12T00:00:00,8.11,16.43,23.06,12.93,18.97,19.78,19.48,19.69,20.02,20.13,2.75,,15.12,81.38,1014.19,495.5,182.11,197.47,"{""validated"":{""PRECIP_QUANTITY"":true,""TEMP_AVG"":true,""TEMP_MAX"":true,""TEMP_MIN"":true,""TEMP_GRASS_PT100_AVG"":true,""TEMP_SOIL_AVG"":true,""TEMP_SOIL_AVG_5CM"":false,""TEMP_SOIL_AVG_10CM"":true,""TEMP_SOIL_AVG_20CM"":true,""TEMP_SOIL_AVG_50CM"":true,""WIND_SPEED_10M"":true,""WIND_SPEED_AVG_30M"":false,""WIND_GUSTS_SPEED"":true,""HUMIDITY_REL_SHELTER_AVG"":false,""PRESSURE"":true,""SUN_DURATION"":false,""SHORT_WAVE_FROM_SKY_AVG"":false,""SUN_INT_AVG"":false}}"
aws_1day.fid--65986ded_19d21fbe95f_2996,POINT (51.348 3.202),6418,2019-08-12T00:00:00,5.48,16.72,19.82,14.44,,,,,,,5.23,,15.59,77.03,1013.22,457.5,,166.55,"{""validated"":{""PRECIP_QUANTITY"":true,""TEMP_AVG"":true,""TEMP_MAX"":true,""TEMP_MIN"":true,""TEMP_GRASS_PT100_AVG"":false,""TEMP_SOIL_AVG"":false,""TEMP_SOIL_AVG_5CM"":false,""TEMP_SOIL_AVG_10CM"":false,""TEMP_SOIL_AVG_20CM"":false,""TEMP_SOIL_AVG_50CM"":false,""WIND_SPEED_10M"":true,""WIND_SPEED_AVG_30M"":false,""WIND_GUSTS_SPEED"":true,""HUMIDITY_REL_SHELTER_AVG"":true,""PRESSURE"":true,""SUN_DURATION"":false,""SHORT_WAVE_FROM_SKY_AVG"":false,""SUN_INT_AVG"":false}}"
aws_1day.fid--65986ded_19d21fbe95f_2995,POINT (50.582 4.689),6459,2019-08-12T00:00:00,9.45,15.37,22.06,12.44,17.28,17.56,17.57,17.8,18.34,18.5,3.01,,12.34,80.97,996.97,405.33,176.85,178.05,"{""validated"":{""PRECIP_QUANTITY"":true,""TEMP_AVG"":true,""TEMP_MAX"":true,""TEMP_MIN"":true,""TEMP_GRASS_PT100_AVG"":true,""TEMP_SOIL_AVG"":true,""TEMP_SOIL_AVG_5CM"":true,""TEMP_SOIL_AVG_10CM"":true,""TEMP_SOIL_AVG_20CM"":true,""TEMP_SOIL_AVG_50CM"":true,""WIND_SPEED_10M"":true,""WIND_SPEED_AVG_30M"":false,""WIND_GUSTS_SPEED"":true,""HUMIDITY_REL_SHELTER_AVG"":true,""PRESSURE"":true,""SUN_DURATION"":false,""SHORT_WAVE_FROM_SKY_AVG"":false,""SUN_INT_AVG"":false}}"
aws_1day.fid--65986ded_19d21fbe95f_2994,POINT (49.62 5.587),6484,2019-08-12T00:00:00,25.66,13.79,19.2,9.06,23.35,15.24,16.47,16.28,17.45,18.49,1.95,,11.4,91.48,978.94,409.92,161.51,119.78,"{""validated"":{""PRECIP_QUANTITY"":true,""TEMP_AVG"":true,""TEMP_MAX"":true,""TEMP_MIN"":true,""TEMP_GRASS_PT100_AVG"":false,""TEMP_SOIL_AVG"":false,""TEMP_SOIL_AVG_5CM"":false,""TEMP_SOIL_AVG_10CM"":false,""TEMP_SOIL_AVG_20CM"":false,""TEMP_SOIL_AVG_50CM"":false,""WIND_SPEED_10M"":true,""WIND_SPEED_AVG_30M"":false,""WIND_GUSTS_SPEED"":true,""HUMIDITY_REL_SHELTER_AVG"":false,""PRESSURE"":true,""SUN_DURATION"":false,""SHORT_WAVE_FROM_SKY_AVG"":false,""SUN_INT_AVG"":false}}"
aws_1day.fid--65986ded_19d21fbe95f_2992,POINT (50.98 3.816),6434,2019-08-12T00:00:00,12.47,15.46,20.86,12.45,17.78,18.62,18.5,18.99,19.57,19.96,2.67,3.51,9.43,83.97,1013.44,472.25,158.6,170.12,"{""validated"":{""PRECIP_QUANTITY"":true,""TEMP_AVG"":true,""TEMP_MAX"":true,""TEMP_MIN"":true,""TEMP_GRASS_PT100_AVG"":true,""TEMP_SOIL_AVG"":true,""TEMP_SOIL_AVG_5CM"":true,""TEMP_SOIL_AVG_10CM"":true,""TEMP_SOIL_AVG_20CM"":true,""TEMP_SOIL_AVG_50CM"":true,""WIND_SPEED_10M"":true,""WIND_SPEED_AVG_30M"":true,""WIND_GUSTS_SPEED"":true,""HUMIDITY_REL_SHELTER_AVG"":false,""PRESSURE"":true,""SUN_DURATION"":false,""SHORT_WAVE_FROM_SKY_AVG"":false,""SUN_INT_AVG"":false}}"
aws_1day.fid--65986ded_19d21fbe95f_2991,POINT (50.904 3.122),6414,2019-08-12T00:00:00,18.88,15.55,20.68,12.13,15.9,17.42,18.16,18.6,19.05,19.4,2.98,,11.52,85.1,1012.39,436.83,172.04,153.12,"{""validated"":{""PRECIP_QUANTITY"":true,""TEMP_AVG"":true,""TEMP_MAX"":true,""TEMP_MIN"":true,""TEMP_GRASS_PT100_AVG"":true,""TEMP_SOIL_AVG"":true,""TEMP_SOIL_AVG_5CM"":true,""TEMP_SOIL_AVG_10CM"":true,""TEMP_SOIL_AVG_20CM"":true,""TEMP_SOIL_AVG_50CM"":true,""WIND_SPEED_10M"":true,""WIND_SPEED_AVG_30M"":false,""WIND_GUSTS_SPEED"":true,""HUMIDITY_REL_SHELTER_AVG"":true,""PRESSURE"":true,""SUN_DURATION"":false,""SHORT_WAVE_FROM_SKY_AVG"":false,""SUN_INT_AVG"":false}}"
aws_1day.fid--65986ded_19d21fbe95f_2997,POINT (50.194 5.255),6472,2019-08-12T00:00:00,2.62,14.56,20.91,10.61,17.18,17.12,16.27,16.65,16.84,17.37,3.22,4.35,12.28,78.81,982.14,418.92,201.49,199.84,"{""validated"":{""PRECIP_QUANTITY"":true,""TEMP_AVG"":true,""TEMP_MAX"":true,""TEMP_MIN"":true,""TEMP_GRASS_PT100_AVG"":true,""TEMP_SOIL_AVG"":true,""TEMP_SOIL_AVG_5CM"":true,""TEMP_SOIL_AVG_10CM"":true,""TEMP_SOIL_AVG_20CM"":true,""TEMP_SOIL_AVG_50CM"":true,""WIND_SPEED_10M"":true,""WIND_SPEED_AVG_30M"":true,""WIND_GUSTS_SPEED"":true,""HUMIDITY_REL_SHELTER_AVG"":true,""PRESSURE"":true,""SUN_DURATION"":false,""SHORT_WAVE_FROM_SKY_AVG"":false,""SUN_INT_AVG"":false}}"
aws_1day.fid--65986ded_19d21fbe95f_29aa,POINT (50.194 5.255),6472,2019-08-13T00:00:00,1.19,12.93,17.81,9.9,14.62,15.32,15.32,16.17,16.65,17.18,3.29,4.12,11.16,81.34,985.06,307.42,169.08,148.31,"{""validated"":{""PRECIP_QUANTITY"":true,""TEMP_AVG"":true,""TEMP_MAX"":true,""TEMP_MIN"":true,""TEMP_GRASS_PT100_AVG"":true,""TEMP_SOIL_AVG"":true,""TEMP_SOIL_AVG_5CM"":true,""TEMP_SOIL_AVG_10CM"":true,""TEMP_SOIL_AVG_20CM"":true,""TEMP_SOIL_AVG_50CM"":true,""WIND_SPEED_10M"":true,""WIND_SPEED_AVG_30M"":true,""WIND_GUSTS_SPEED"":true,""HUMIDITY_REL_SHELTER_AVG"":true,""PRESSURE"":true,""SUN_DURATION"":false,""SHORT_WAVE_FROM_SKY_AVG"":false,""SUN_INT_AVG"":false}}"
aws_1day.fid--65986ded_19d21fbe95f_29a9,POINT (51.221 5.027),6464,2019-08-13T00:00:00,7.02,13.76,19.49,8.82,14.46,17.3,17.64,18.17,18.88,19.43,2.05,,10.32,88.16,1015.64,402.83,173.86,157.19,"{""validated"":{""PRECIP_QUANTITY"":true,""TEMP_AVG"":true,""TEMP_MAX"":true,""TEMP_MIN"":true,""TEMP_GRASS_PT100_AVG"":true,""TEMP_SOIL_AVG"":true,""TEMP_SOIL_AVG_5CM"":true,""TEMP_SOIL_AVG_10CM"":true,""TEMP_SOIL_AVG_20CM"":true,""TEMP_SOIL_AVG_50CM"":true,""WIND_SPEED_10M"":true,""WIND_SPEED_AVG_30M"":false,""WIND_GUSTS_SPEED"":true,""HUMIDITY_REL_SHELTER_AVG"":true,""PRESSURE"":true,""SUN_DURATION"":false,""SHORT_WAVE_FROM_SKY_AVG"":false,""SUN_INT_AVG"":false}}"
aws_1day.fid--65986ded_19d21fbe95f_29a8,POINT (50.98 3.816),6434,2019-08-13T00:00:00,0.0,14.62,19.41,10.76,16.82,16.59,16.56,17.18,18.07,19.26,3.04,4.04,8.96,78.66,1016.44,589.08,196.32,224.33,"{""validated"":{""PRECIP_QUANTITY"":true,""TEMP_AVG"":true,""TEMP_MAX"":true,""TEMP_MIN"":true,""TEMP_GRASS_PT100_AVG"":true,""TEMP_SOIL_AVG"":true,""TEMP_SOIL_AVG_5CM"":true,""TEMP_SOIL_AVG_10CM"":true,""TEMP_SOIL_AVG_20CM"":true,""TEMP_SOIL_AVG_50CM"":true,""WIND_SPEED_10M"":true,""WIND_SPEED_AVG_30M"":true,""WIND_GUSTS_SPEED"":true,""HUMIDITY_REL_SHELTER_AVG"":false,""PRESSURE"":true,""SUN_DURATION"":false,""SHORT_WAVE_FROM_SKY_AVG"":false,""SUN_INT_AVG"":false}}"
aws_1day.fid--65986ded_19d21fbe95f_29a7,POINT (50.096 4.595),6455,2019-08-13T00:00:00,2.15,12.57,17.84,8.73,14.34,15.37,16.58,16.89,17.21,17.85,2.05,,11.59,90.64,990.83,435.73,163.75,168.7,"{""validated"":{""PRECIP_QUANTITY"":true,""TEMP_AVG"":true,""TEMP_MAX"":true,""TEMP_MIN"":true,""TEMP_GRASS_PT100_AVG"":true,""TEMP_SOIL_AVG"":true,""TEMP_SOIL_AVG_5CM"":true,""TEMP_SOIL_AVG_10CM"":true,""TEMP_SOIL_AVG_20CM"":true,""TEMP_SOIL_AVG_50CM"":true,""WIND_SPEED_10M"":true,""WIND_SPEED_AVG_30M"":false,""WIND_GUSTS_SPEED"":true,""HUMIDITY_REL_SHELTER_AVG"":false,""PRESSURE"":true,""SUN_DURATION"":false,""SHORT_WAVE_FROM_SKY_AVG"":false,""SUN_INT_AVG"":false}}"
aws_1day.fid--65986ded_19d21fbe95f_29a6,POINT (51.348 3.202),6418,2019-08-13T00:00:00,1.19,16.53,18.75,13.17,,,,,,,6.21,,13.85,69.08,1016.21,647.83,,258.29,"{""validated"":{""PRECIP_QUANTITY"":true,""TEMP_AVG"":true,""TEMP_MAX"":true,""TEMP_MIN"":true,""TEMP_GRASS_PT100_AVG"":false,""TEMP_SOIL_AVG"":false,""TEMP_SOIL_AVG_5CM"":false,""TEMP_SOIL_AVG_10CM"":false,""TEMP_SOIL_AVG_20CM"":false,""TEMP_SOIL_AVG_50CM"":false,""WIND_SPEED_10M"":true,""WIND_SPEED_AVG_30M"":false,""WIND_GUSTS_SPEED"":true,""HUMIDITY_REL_SHELTER_AVG"":true,""PRESSURE"":true,""SUN_DURATION"":false,""SHORT_WAVE_FROM_SKY_AVG"":false,""SUN_INT_AVG"":false}}"
aws_1day.fid--65986ded_19d21fbe95f_29a5,POINT (50.904 3.122),6414,2019-08-13T00:00:00,0.55,14.64,19.61,9.64,14.19,15.37,16.17,16.76,17.64,18.8,3.11,,9.83,79.67,1015.49,552.5,186.45,212.03,"{""validated"":{""PRECIP_QUANTITY"":true,""TEMP_AVG"":true,""TEMP_MAX"":true,""TEMP_MIN"":true,""TEMP_GRASS_PT100_AVG"":true,""TEMP_SOIL_AVG"":true,""TEMP_SOIL_AVG_5CM"":true,""TEMP_SOIL_AVG_10CM"":true,""TEMP_SOIL_AVG_20CM"":true,""TEMP_SOIL_AVG_50CM"":true,""WIND_SPEED_10M"":true,""WIND_SPEED_AVG_30M"":false,""WIND_GUSTS_SPEED"":true,""HUMIDITY_REL_SHELTER_AVG"":true,""PRESSURE"":true,""SUN_DURATION"":false,""SHORT_WAVE_FROM_SKY_AVG"":false,""SUN_INT_AVG"":false}}"
aws_1day.fid--65986ded_19d21fbe95f_29a4,POINT (49.62 5.587),6484,2019-08-13T00:00:00,0.0,14.15,18.7,10.48,23.62,15.72,16.61,16.25,17.2,18.11,2.27,,8.26,77.72,981.51,333.83,203.21,125.45,"{""validated"":{""PRECIP_QUANTITY"":true,""TEMP_AVG"":true,""TEMP_MAX"":true,""TEMP_MIN"":true,""TEMP_GRASS_PT100_AVG"":false,""TEMP_SOIL_AVG"":false,""TEMP_SOIL_AVG_5CM"":false,""TEMP_SOIL_AVG_10CM"":false,""TEMP_SOIL_AVG_20CM"":false,""TEMP_SOIL_AVG_50CM"":false,""WIND_SPEED_10M"":true,""WIND_SPEED_AVG_30M"":false,""WIND_GUSTS_SPEED"":true,""HUMIDITY_REL_SHELTER_AVG"":false,""PRESSURE"":true,""SUN_DURATION"":false,""SHORT_WAVE_FROM_SKY_AVG"":false,""SUN_INT_AVG"":false}}"
aws_1day.fid--65986ded_19d21fbe95f_29a3,POINT (50.797 4.358),6447,2019-08-13T00:00:00,1.83,14.09,18.21,10.76,15.83,17.02,17.35,17.95,18.75,19.73,,2.85,10.62,80.81,1005.8,,185.59,,"{""validated"":{""PRECIP_QUANTITY"":true,""TEMP_AVG"":true,""TEMP_MAX"":true,""TEMP_MIN"":true,""TEMP_GRASS_PT100_AVG"":true,""TEMP_SOIL_AVG"":true,""TEMP_SOIL_AVG_5CM"":true,""TEMP_SOIL_AVG_10CM"":true,""TEMP_SOIL_AVG_20CM"":true,""TEMP_SOIL_AVG_50CM"":true,""WIND_SPEED_10M"":false,""WIND_SPEED_AVG_30M"":true,""WIND_GUSTS_SPEED"":true,""HUMIDITY_REL_SHELTER_AVG"":false,""PRESSURE"":true,""SUN_DURATION"":false,""SHORT_WAVE_FROM_SKY_AVG"":false,""SUN_INT_AVG"":false}}"
aws_1day.fid--65986ded_19d21fbe95f_29a2,POINT (50.511 6.073),6494,2019-08-13T00:00:00,0.0,10.54,15.77,8.19,,14.1,14.11,14.17,14.23,14.47,3.67,,9.22,88.45,940.42,,169.39,,"{""validated"":{""PRECIP_QUANTITY"":false,""TEMP_AVG"":true,""TEMP_MAX"":true,""TEMP_MIN"":true,""TEMP_GRASS_PT100_AVG"":false,""TEMP_SOIL_AVG"":true,""TEMP_SOIL_AVG_5CM"":true,""TEMP_SOIL_AVG_10CM"":true,""TEMP_SOIL_AVG_20CM"":true,""TEMP_SOIL_AVG_50CM"":true,""WIND_SPEED_10M"":true,""WIND_SPEED_AVG_30M"":false,""WIND_GUSTS_SPEED"":true,""HUMIDITY_REL_SHELTER_AVG"":true,""PRESSURE"":true,""SUN_DURATION"":true,""SHORT_WAVE_FROM_SKY_AVG"":false,""SUN_INT_AVG"":true}}"
aws_1day.fid--65986ded_19d21fbe95f_29a1,POINT (50.916 5.45),6477,2019-08-13T00:00:00,8.3,14.49,20.15,8.15,15.5,17.44,17.32,17.76,16.7,18.77,2.89,,11.52,82.21,1013.82,441.5,192.27,193.37,"{""validated"":{""PRECIP_QUANTITY"":true,""TEMP_AVG"":true,""TEMP_MAX"":true,""TEMP_MIN"":true,""TEMP_GRASS_PT100_AVG"":true,""TEMP_SOIL_AVG"":true,""TEMP_SOIL_AVG_5CM"":true,""TEMP_SOIL_AVG_10CM"":true,""TEMP_SOIL_AVG_20CM"":true,""TEMP_SOIL_AVG_50CM"":true,""WIND_SPEED_10M"":true,""WIND_SPEED_AVG_30M"":false,""WIND_GUSTS_SPEED"":true,""HUMIDITY_REL_SHELTER_AVG"":false,""PRESSURE"":true,""SUN_DURATION"":false,""SHORT_WAVE_FROM_SKY_AVG"":false,""SUN_INT_AVG"":false}}"
aws_1day.fid--65986ded_19d21fbe95f_29a0,POINT (51.075 4.525),6439,2019-08-13T00:00:00,8.4,14.24,19.34,10.67,17.12,16.68,17.0,17.5,18.5,19.55,2.42,,10.88,88.27,1017.18,500.17,179.74,192.72,"{""validated"":{""PRECIP_QUANTITY"":true,""TEMP_AVG"":true,""TEMP_MAX"":true,""TEMP_MIN"":true,""TEMP_GRASS_PT100_AVG"":true,""TEMP_SOIL_AVG"":true,""TEMP_SOIL_AVG_5CM"":false,""TEMP_SOIL_AVG_10CM"":true,""TEMP_SOIL_AVG_20CM"":true,""TEMP_SOIL_AVG_50CM"":true,""WIND_SPEED_10M"":true,""WIND_SPEED_AVG_30M"":false,""WIND_GUSTS_SPEED"":true,""HUMIDITY_REL_SHELTER_AVG"":false,""PRESSURE"":true,""SUN_DURATION"":false,""SHORT_WAVE_FROM_SKY_AVG"":false,""SUN_INT_AVG"":false}}"
aws_1day.fid--65986ded_19d21fbe95f_299f,POINT (51.325 4.364),6438,2019-08-13T00:00:00,7.7,14.82,18.68,10.16,15.54,16.69,17.18,17.49,17.45,19.94,3.17,,11.13,83.26,1017.38,504.33,166.08,191.97,"{""validated"":{""PRECIP_QUANTITY"":true,""TEMP_AVG"":true,""TEMP_MAX"":true,""TEMP_MIN"":true,""TEMP_GRASS_PT100_AVG"":true,""TEMP_SOIL_AVG"":true,""TEMP_SOIL_AVG_5CM"":true,""TEMP_SOIL_AVG_10CM"":true,""TEMP_SOIL_AVG_20CM"":true,""TEMP_SOIL_AVG_50CM"":true,""WIND_SPEED_10M"":true,""WIND_SPEED_AVG_30M"":false,""WIND_GUSTS_SPEED"":true,""HUMIDITY_REL_SHELTER_AVG"":true,""PRESSURE"":true,""SUN_DURATION"":false,""SHORT_WAVE_FROM_SKY_AVG"":false,""SUN_INT_AVG"":false}}"
aws_1day.fid--65986ded_19d21fbe95f_299e,POINT (50.582 4.689),6459,2019-08-13T00:00:00,0.0,14.03,18.3,10.62,16.01,15.5,15.49,16.13,17.21,18.11,4.2,,10.64,80.31,1000.02,569.67,218.67,247.2,"{""validated"":{""PRECIP_QUANTITY"":true,""TEMP_AVG"":true,""TEMP_MAX"":true,""TEMP_MIN"":true,""TEMP_GRASS_PT100_AVG"":true,""TEMP_SOIL_AVG"":true,""TEMP_SOIL_AVG_5CM"":true,""TEMP_SOIL_AVG_10CM"":true,""TEMP_SOIL_AVG_20CM"":true,""TEMP_SOIL_AVG_50CM"":true,""WIND_SPEED_10M"":true,""WIND_SPEED_AVG_30M"":false,""WIND_GUSTS_SPEED"":true,""HUMIDITY_REL_SHELTER_AVG"":true,""PRESSURE"":true,""SUN_DURATION"":false,""SHORT_WAVE_FROM_SKY_AVG"":false,""SUN_INT_AVG"":false}}"
aws_1day.fid--65986ded_19d21fbe95f_29b6,POINT (51.075 4.525),6439,2019-08-14T00:00:00,5.14,15.85,21.19,9.42,18.49,18.38,17.95,17.87,17.96,18.74,2.36,,10.01,85.11,1015.17,462.42,208.69,204.93,"{""validated"":{""PRECIP_QUANTITY"":false,""TEMP_AVG"":true,""TEMP_MAX"":true,""TEMP_MIN"":true,""TEMP_GRASS_PT100_AVG"":true,""TEMP_SOIL_AVG"":true,""TEMP_SOIL_AVG_5CM"":false,""TEMP_SOIL_AVG_10CM"":true,""TEMP_SOIL_AVG_20CM"":true,""TEMP_SOIL_AVG_50CM"":true,""WIND_SPEED_10M"":true,""WIND_SPEED_AVG_30M"":false,""WIND_GUSTS_SPEED"":true,""HUMIDITY_REL_SHELTER_AVG"":false,""PRESSURE"":true,""SUN_DURATION"":false,""SHORT_WAVE_FROM_SKY_AVG"":false,""SUN_INT_AVG"":false}}"
aws_1day.fid--65986ded_19d21fbe95f_29b5,POINT (50.916 5.45),6477,2019-08-14T00:00:00,2.0,15.39,22.43,6.06,16.73,18.2,17.7,17.39,15.78,17.99,2.09,,9.19,82.1,1012.11,521.17,214.3,226.99,"{""validated"":{""PRECIP_QUANTITY"":true,""TEMP_AVG"":true,""TEMP_MAX"":true,""TEMP_MIN"":true,""TEMP_GRASS_PT100_AVG"":true,""TEMP_SOIL_AVG"":true,""TEMP_SOIL_AVG_5CM"":true,""TEMP_SOIL_AVG_10CM"":true,""TEMP_SOIL_AVG_20CM"":true,""TEMP_SOIL_AVG_50CM"":true,""WIND_SPEED_10M"":true,""WIND_SPEED_AVG_30M"":false,""WIND_GUSTS_SPEED"":true,""HUMIDITY_REL_SHELTER_AVG"":false,""PRESSURE"":true,""SUN_DURATION"":false,""SHORT_WAVE_FROM_SKY_AVG"":false,""SUN_INT_AVG"":false}}"
aws_1day.fid--65986ded_19d21fbe95f_29b7,POINT (51.325 4.364),6438,2019-08-14T00:00:00,3.39,16.17,20.14,9.46,18.18,17.84,17.39,17.26,16.61,19.01,4.05,,11.84,84.36,1015.47,429.5,182.81,187.94,"{""validated"":{""PRECIP_QUANTITY"":true,""TEMP_AVG"":true,""TEMP_MAX"":true,""TEMP_MIN"":true,""TEMP_GRASS_PT100_AVG"":true,""TEMP_SOIL_AVG"":true,""TEMP_SOIL_AVG_5CM"":true,""TEMP_SOIL_AVG_10CM"":true,""TEMP_SOIL_AVG_20CM"":true,""TEMP_SOIL_AVG_50CM"":true,""WIND_SPEED_10M"":true,""WIND_SPEED_AVG_30M"":false,""WIND_GUSTS_SPEED"":true,""HUMIDITY_REL_SHELTER_AVG"":true,""PRESSURE"":true,""SUN_DURATION"":false,""SHORT_WAVE_FROM_SKY_AVG"":false,""SUN_INT_AVG"":false}}"
aws_1day.fid--65986ded_19d21fbe95f_29b3,POINT (50.582 4.689),6459,2019-08-14T00:00:00,1.4,15.71,21.02,9.18,17.92,17.52,16.66,16.37,16.67,17.51,3.2,,9.81,79.41,997.99,478.5,209.29,219.62,"{""validated"":{""PRECIP_QUANTITY"":true,""TEMP_AVG"":true,""TEMP_MAX"":true,""TEMP_MIN"":true,""TEMP_GRASS_PT100_AVG"":true,""TEMP_SOIL_AVG"":true,""TEMP_SOIL_AVG_5CM"":true,""TEMP_SOIL_AVG_10CM"":true,""TEMP_SOIL_AVG_20CM"":true,""TEMP_SOIL_AVG_50CM"":true,""WIND_SPEED_10M"":true,""WIND_SPEED_AVG_30M"":false,""WIND_GUSTS_SPEED"":true,""HUMIDITY_REL_SHELTER_AVG"":true,""PRESSURE"":true,""SUN_DURATION"":false,""SHORT_WAVE_FROM_SKY_AVG"":false,""SUN_INT_AVG"":false}}"
aws_1day.fid--65986ded_19d21fbe95f_29b2,POINT (50.797 4.358),6447,2019-08-14T00:00:00,4.41,15.77,20.43,10.71,18.22,18.27,18.05,18.04,18.26,19.06,,3.21,12.09,80.89,1003.67,,189.55,,"{""validated"":{""PRECIP_QUANTITY"":true,""TEMP_AVG"":true,""TEMP_MAX"":true,""TEMP_MIN"":true,""TEMP_GRASS_PT100_AVG"":true,""TEMP_SOIL_AVG"":true,""TEMP_SOIL_AVG_5CM"":true,""TEMP_SOIL_AVG_10CM"":true,""TEMP_SOIL_AVG_20CM"":true,""TEMP_SOIL_AVG_50CM"":true,""WIND_SPEED_10M"":false,""WIND_SPEED_AVG_30M"":true,""WIND_GUSTS_SPEED"":true,""HUMIDITY_REL_SHELTER_AVG"":false,""PRESSURE"":true,""SUN_DURATION"":false,""SHORT_WAVE_FROM_SKY_AVG"":false,""SUN_INT_AVG"":false}}"
aws_1day.fid--65986ded_19d21fbe95f_29b1,POINT (50.511 6.073),6494,2019-08-14T00:00:00,1.74,12.66,17.62,8.43,,16.57,15.02,14.72,14.43,14.29,3.19,,8.5,81.51,939.39,,201.9,,"{""validated"":{""PRECIP_QUANTITY"":true,""TEMP_AVG"":true,""TEMP_MAX"":true,""TEMP_MIN"":true,""TEMP_GRASS_PT100_AVG"":false,""TEMP_SOIL_AVG"":true,""TEMP_SOIL_AVG_5CM"":true,""TEMP_SOIL_AVG_10CM"":true,""TEMP_SOIL_AVG_20CM"":true,""TEMP_SOIL_AVG_50CM"":true,""WIND_SPEED_10M"":true,""WIND_SPEED_AVG_30M"":false,""WIND_GUSTS_SPEED"":true,""HUMIDITY_REL_SHELTER_AVG"":false,""PRESSURE"":true,""SUN_DURATION"":true,""SHORT_WAVE_FROM_SKY_AVG"":false,""SUN_INT_AVG"":true}}"
aws_1day.fid--65986ded_19d21fbe95f_29b4,POINT (51.221 5.027),6464,2019-08-14T00:00:00,3.16,15.39,21.07,7.38,16.65,18.71,18.16,17.99,18.01,18.63,2.04,,8.02,82.62,1013.91,519.75,234.19,239.73,"{""validated"":{""PRECIP_QUANTITY"":true,""TEMP_AVG"":true,""TEMP_MAX"":true,""TEMP_MIN"":true,""TEMP_GRASS_PT100_AVG"":true,""TEMP_SOIL_AVG"":true,""TEMP_SOIL_AVG_5CM"":true,""TEMP_SOIL_AVG_10CM"":true,""TEMP_SOIL_AVG_20CM"":true,""TEMP_SOIL_AVG_50CM"":true,""WIND_SPEED_10M"":true,""WIND_SPEED_AVG_30M"":false,""WIND_GUSTS_SPEED"":true,""HUMIDITY_REL_SHELTER_AVG"":true,""PRESSURE"":true,""SUN_DURATION"":false,""SHORT_WAVE_FROM_SKY_AVG"":false,""SUN_INT_AVG"":false}}"
aws_1day.fid--65986ded_19d21fbe95f_29af,POINT (50.194 5.255),6472,2019-08-14T00:00:00,0.99,15.02,20.47,9.24,17.63,17.7,16.51,16.46,16.41,16.85,3.06,4.24,10.1,75.76,983.21,393.08,204.14,173.48,"{""validated"":{""PRECIP_QUANTITY"":true,""TEMP_AVG"":true,""TEMP_MAX"":true,""TEMP_MIN"":true,""TEMP_GRASS_PT100_AVG"":true,""TEMP_SOIL_AVG"":true,""TEMP_SOIL_AVG_5CM"":true,""TEMP_SOIL_AVG_10CM"":true,""TEMP_SOIL_AVG_20CM"":true,""TEMP_SOIL_AVG_50CM"":true,""WIND_SPEED_10M"":true,""WIND_SPEED_AVG_30M"":true,""WIND_GUSTS_SPEED"":true,""HUMIDITY_REL_SHELTER_AVG"":true,""PRESSURE"":true,""SUN_DURATION"":false,""SHORT_WAVE_FROM_SKY_AVG"":false,""SUN_INT_AVG"":false}}"
aws_1day.fid--65986ded_19d21fbe95f_29ae,POINT (50.98 3.816),6434,2019-08-14T00:00:00,2.92,15.97,20.04,11.3,17.63,17.99,17.15,17.19,17.55,18.56,3.36,4.35,9.54,83.53,1014.08,425.25,162.5,167.94,"{""validated"":{""PRECIP_QUANTITY"":true,""TEMP_AVG"":true,""TEMP_MAX"":true,""TEMP_MIN"":true,""TEMP_GRASS_PT100_AVG"":true,""TEMP_SOIL_AVG"":true,""TEMP_SOIL_AVG_5CM"":true,""TEMP_SOIL_AVG_10CM"":true,""TEMP_SOIL_AVG_20CM"":true,""TEMP_SOIL_AVG_50CM"":true,""WIND_SPEED_10M"":true,""WIND_SPEED_AVG_30M"":true,""WIND_GUSTS_SPEED"":true,""HUMIDITY_REL_SHELTER_AVG"":false,""PRESSURE"":true,""SUN_DURATION"":false,""SHORT_WAVE_FROM_SKY_AVG"":false,""SUN_INT_AVG"":false}}"
aws_1day.fid--65986ded_19d21fbe95f_29ad,POINT (50.096 4.595),6455,2019-08-14T00:00:00,0.87,14.57,20.28,8.24,16.28,16.56,16.31,16.43,16.64,17.44,1.98,,9.25,84.1,988.51,239.92,156.13,95.9,"{""validated"":{""PRECIP_QUANTITY"":true,""TEMP_AVG"":true,""TEMP_MAX"":true,""TEMP_MIN"":true,""TEMP_GRASS_PT100_AVG"":true,""TEMP_SOIL_AVG"":true,""TEMP_SOIL_AVG_5CM"":true,""TEMP_SOIL_AVG_10CM"":true,""TEMP_SOIL_AVG_20CM"":true,""TEMP_SOIL_AVG_50CM"":true,""WIND_SPEED_10M"":true,""WIND_SPEED_AVG_30M"":false,""WIND_GUSTS_SPEED"":true,""HUMIDITY_REL_SHELTER_AVG"":false,""PRESSURE"":true,""SUN_DURATION"":false,""SHORT_WAVE_FROM_SKY_AVG"":false,""SUN_INT_AVG"":false}}"
aws_1day.fid--65986ded_19d21fbe95f_29ac,POINT (51.348 3.202),6418,2019-08-14T00:00:00,1.16,16.35,19.04,13.21,,,,,,,6.64,,12.39,82.85,1013.37,281.67,,100.74,"{""validated"":{""PRECIP_QUANTITY"":true,""TEMP_AVG"":true,""TEMP_MAX"":true,""TEMP_MIN"":true,""TEMP_GRASS_PT100_AVG"":false,""TEMP_SOIL_AVG"":false,""TEMP_SOIL_AVG_5CM"":false,""TEMP_SOIL_AVG_10CM"":false,""TEMP_SOIL_AVG_20CM"":false,""TEMP_SOIL_AVG_50CM"":false,""WIND_SPEED_10M"":true,""WIND_SPEED_AVG_30M"":false,""WIND_GUSTS_SPEED"":true,""HUMIDITY_REL_SHELTER_AVG"":true,""PRESSURE"":true,""SUN_DURATION"":false,""SHORT_WAVE_FROM_SKY_AVG"":false,""SUN_INT_AVG"":false}}"
aws_1day.fid--65986ded_19d21fbe95f_29ab,POINT (49.62 5.587),6484,2019-08-14T00:00:00,0.16,15.49,21.36,10.21,26.18,18.35,17.95,17.21,17.6,17.93,1.76,,7.33,79.95,979.86,244.67,186.51,93.66,"{""validated"":{""PRECIP_QUANTITY"":true,""TEMP_AVG"":true,""TEMP_MAX"":true,""TEMP_MIN"":true,""TEMP_GRASS_PT100_AVG"":false,""TEMP_SOIL_AVG"":false,""TEMP_SOIL_AVG_5CM"":false,""TEMP_SOIL_AVG_10CM"":false,""TEMP_SOIL_AVG_20CM"":false,""TEMP_SOIL_AVG_50CM"":false,""WIND_SPEED_10M"":true,""WIND_SPEED_AVG_30M"":false,""WIND_GUSTS_SPEED"":true,""HUMIDITY_REL_SHELTER_AVG"":false,""PRESSURE"":true,""SUN_DURATION"":false,""SHORT_WAVE_FROM_SKY_AVG"":false,""SUN_INT_AVG"":false}}"
aws_1day.fid--65986ded_19d21fbe95f_29b0,POINT (50.904 3.122),6414,2019-08-14T00:00:00,2.07,15.82,19.6,10.76,15.4,16.24,16.43,16.63,17.0,18.1,3.59,,9.14,86.41,1012.71,296.25,137.75,118.77,"{""validated"":{""PRECIP_QUANTITY"":true,""TEMP_AVG"":true,""TEMP_MAX"":true,""TEMP_MIN"":true,""TEMP_GRASS_PT100_AVG"":true,""TEMP_SOIL_AVG"":true,""TEMP_SOIL_AVG_5CM"":true,""TEMP_SOIL_AVG_10CM"":true,""TEMP_SOIL_AVG_20CM"":true,""TEMP_SOIL_AVG_50CM"":true,""WIND_SPEED_10M"":true,""WIND_SPEED_AVG_30M"":false,""WIND_GUSTS_SPEED"":true,""HUMIDITY_REL_SHELTER_AVG"":true,""PRESSURE"":true,""SUN_DURATION"":false,""SHORT_WAVE_FROM_SKY_AVG"":false,""SUN_INT_AVG"":false}}"
aws_1day.fid--65986ded_19d21fbe95f_29c4,POINT (50.582 4.689),6459,2019-08-15T00:00:00,2.44,16.95,21.02,13.66,17.79,17.46,17.51,17.5,17.59,17.41,5.42,,15.54,83.87,994.63,231.42,166.23,91.28,"{""validated"":{""PRECIP_QUANTITY"":true,""TEMP_AVG"":true,""TEMP_MAX"":true,""TEMP_MIN"":true,""TEMP_GRASS_PT100_AVG"":true,""TEMP_SOIL_AVG"":true,""TEMP_SOIL_AVG_5CM"":true,""TEMP_SOIL_AVG_10CM"":true,""TEMP_SOIL_AVG_20CM"":true,""TEMP_SOIL_AVG_50CM"":true,""WIND_SPEED_10M"":true,""WIND_SPEED_AVG_30M"":false,""WIND_GUSTS_SPEED"":true,""HUMIDITY_REL_SHELTER_AVG"":true,""PRESSURE"":true,""SUN_DURATION"":false,""SHORT_WAVE_FROM_SKY_AVG"":false,""SUN_INT_AVG"":false}}"
aws_1day.fid--65986ded_19d21fbe95f_29c3,POINT (50.98 3.816),6434,2019-08-15T00:00:00,0.23,18.1,21.4,14.68,19.93,19.09,18.45,18.4,18.42,18.41,4.09,5.31,11.29,78.95,1010.7,285.42,151.13,101.25,"{""validated"":{""PRECIP_QUANTITY"":true,""TEMP_AVG"":true,""TEMP_MAX"":true,""TEMP_MIN"":true,""TEMP_GRASS_PT100_AVG"":true,""TEMP_SOIL_AVG"":true,""TEMP_SOIL_AVG_5CM"":true,""TEMP_SOIL_AVG_10CM"":true,""TEMP_SOIL_AVG_20CM"":true,""TEMP_SOIL_AVG_50CM"":true,""WIND_SPEED_10M"":true,""WIND_SPEED_AVG_30M"":true,""WIND_GUSTS_SPEED"":true,""HUMIDITY_REL_SHELTER_AVG"":false,""PRESSURE"":true,""SUN_DURATION"":false,""SHORT_WAVE_FROM_SKY_AVG"":false,""SUN_INT_AVG"":false}}"
aws_1day.fid--65986ded_19d21fbe95f_29c2,POINT (50.797 4.358),6447,2019-08-15T00:00:00,0.3,17.5,20.88,14.36,18.6,18.47,18.63,18.85,18.96,18.95,,3.86,13.16,79.98,1000.23,,130.85,,"{""validated"":{""PRECIP_QUANTITY"":true,""TEMP_AVG"":true,""TEMP_MAX"":true,""TEMP_MIN"":true,""TEMP_GRASS_PT100_AVG"":true,""TEMP_SOIL_AVG"":true,""TEMP_SOIL_AVG_5CM"":true,""TEMP_SOIL_AVG_10CM"":true,""TEMP_SOIL_AVG_20CM"":true,""TEMP_SOIL_AVG_50CM"":true,""WIND_SPEED_10M"":false,""WIND_SPEED_AVG_30M"":true,""WIND_GUSTS_SPEED"":true,""HUMIDITY_REL_SHELTER_AVG"":false,""PRESSURE"":true,""SUN_DURATION"":false,""SHORT_WAVE_FROM_SKY_AVG"":false,""SUN_INT_AVG"":false}}"
aws_1day.fid--65986ded_19d21fbe95f_29c0,POINT (50.096 4.595),6455,2019-08-15T00:00:00,5.59,15.41,18.75,11.41,16.74,17.23,17.48,17.42,17.34,17.26,2.97,,11.17,90.1,985.79,276.07,142.9,103.67,"{""validated"":{""PRECIP_QUANTITY"":true,""TEMP_AVG"":true,""TEMP_MAX"":true,""TEMP_MIN"":true,""TEMP_GRASS_PT100_AVG"":true,""TEMP_SOIL_AVG"":true,""TEMP_SOIL_AVG_5CM"":true,""TEMP_SOIL_AVG_10CM"":true,""TEMP_SOIL_AVG_20CM"":true,""TEMP_SOIL_AVG_50CM"":true,""WIND_SPEED_10M"":true,""WIND_SPEED_AVG_30M"":false,""WIND_GUSTS_SPEED"":true,""HUMIDITY_REL_SHELTER_AVG"":false,""PRESSURE"":true,""SUN_DURATION"":false,""SHORT_WAVE_FROM_SKY_AVG"":false,""SUN_INT_AVG"":false}}"
aws_1day.fid--65986ded_19d21fbe95f_29bf,POINT (50.904 3.122),6414,2019-08-15T00:00:00,1.06,18.03,21.14,14.21,17.4,17.18,17.83,17.96,17.87,17.9,4.37,,12.28,81.77,1009.84,188.08,129.1,81.32,"{""validated"":{""PRECIP_QUANTITY"":true,""TEMP_AVG"":true,""TEMP_MAX"":true,""TEMP_MIN"":true,""TEMP_GRASS_PT100_AVG"":true,""TEMP_SOIL_AVG"":true,""TEMP_SOIL_AVG_5CM"":true,""TEMP_SOIL_AVG_10CM"":true,""TEMP_SOIL_AVG_20CM"":true,""TEMP_SOIL_AVG_50CM"":true,""WIND_SPEED_10M"":true,""WIND_SPEED_AVG_30M"":false,""WIND_GUSTS_SPEED"":true,""HUMIDITY_REL_SHELTER_AVG"":true,""PRESSURE"":true,""SUN_DURATION"":false,""SHORT_WAVE_FROM_SKY_AVG"":false,""SUN_INT_AVG"":false}}"
aws_1day.fid--65986ded_19d21fbe95f_29be,POINT (49.62 5.587),6484,2019-08-15T00:00:00,8.06,15.33,19.49,9.98,23.39,15.86,17.37,17.2,18.05,18.09,2.85,,11.75,90.83,976.97,163.75,143.05,53.58,"{""validated"":{""PRECIP_QUANTITY"":true,""TEMP_AVG"":false,""TEMP_MAX"":false,""TEMP_MIN"":false,""TEMP_GRASS_PT100_AVG"":false,""TEMP_SOIL_AVG"":false,""TEMP_SOIL_AVG_5CM"":false,""TEMP_SOIL_AVG_10CM"":false,""TEMP_SOIL_AVG_20CM"":false,""TEMP_SOIL_AVG_50CM"":false,""WIND_SPEED_10M"":false,""WIND_SPEED_AVG_30M"":false,""WIND_GUSTS_SPEED"":false,""HUMIDITY_REL_SHELTER_AVG"":false,""PRESSURE"":true,""SUN_DURATION"":false,""SHORT_WAVE_FROM_SKY_AVG"":false,""SUN_INT_AVG"":false}}"
aws_1day.fid--65986ded_19d21fbe95f_29c1,POINT (50.916 5.45),6477,2019-08-15T00:00:00,1.52,17.89,21.67,14.71,18.27,18.92,18.81,18.7,16.76,18.11,3.6,,11.35,82.91,1007.91,203.5,140.72,71.16,"{""validated"":{""PRECIP_QUANTITY"":true,""TEMP_AVG"":true,""TEMP_MAX"":true,""TEMP_MIN"":true,""TEMP_GRASS_PT100_AVG"":true,""TEMP_SOIL_AVG"":true,""TEMP_SOIL_AVG_5CM"":true,""TEMP_SOIL_AVG_10CM"":true,""TEMP_SOIL_AVG_20CM"":true,""TEMP_SOIL_AVG_50CM"":true,""WIND_SPEED_10M"":true,""WIND_SPEED_AVG_30M"":false,""WIND_GUSTS_SPEED"":true,""HUMIDITY_REL_SHELTER_AVG"":true,""PRESSURE"":true,""SUN_DURATION"":false,""SHORT_WAVE_FROM_SKY_AVG"":false,""SUN_INT_AVG"":false}}"
aws_1day.fid--65986ded_19d21fbe95f_29bc,POINT (50.194 5.255),6472,2019-08-15T00:00:00,11.73,15.43,17.92,12.14,16.45,17.07,16.72,17.19,17.21,16.93,4.62,5.81,16.57,84.49,980.09,286.08,147.78,99.69,"{""validated"":{""PRECIP_QUANTITY"":true,""TEMP_AVG"":true,""TEMP_MAX"":true,""TEMP_MIN"":true,""TEMP_GRASS_PT100_AVG"":true,""TEMP_SOIL_AVG"":true,""TEMP_SOIL_AVG_5CM"":true,""TEMP_SOIL_AVG_10CM"":true,""TEMP_SOIL_AVG_20CM"":true,""TEMP_SOIL_AVG_50CM"":true,""WIND_SPEED_10M"":true,""WIND_SPEED_AVG_30M"":true,""WIND_GUSTS_SPEED"":true,""HUMIDITY_REL_SHELTER_AVG"":true,""PRESSURE"":true,""SUN_DURATION"":false,""SHORT_WAVE_FROM_SKY_AVG"":false,""SUN_INT_AVG"":false}}"
aws_1day.fid--65986ded_19d21fbe95f_29bb,POINT (51.221 5.027),6464,2019-08-15T00:00:00,4.9,17.67,21.3,13.61,18.12,19.37,19.38,19.37,19.23,18.71,2.62,,9.93,83.54,1009.55,243.58,147.99,101.43,"{""validated"":{""PRECIP_QUANTITY"":true,""TEMP_AVG"":true,""TEMP_MAX"":true,""TEMP_MIN"":true,""TEMP_GRASS_PT100_AVG"":true,""TEMP_SOIL_AVG"":true,""TEMP_SOIL_AVG_5CM"":true,""TEMP_SOIL_AVG_10CM"":true,""TEMP_SOIL_AVG_20CM"":true,""TEMP_SOIL_AVG_50CM"":true,""WIND_SPEED_10M"":true,""WIND_SPEED_AVG_30M"":false,""WIND_GUSTS_SPEED"":true,""HUMIDITY_REL_SHELTER_AVG"":true,""PRESSURE"":true,""SUN_DURATION"":false,""SHORT_WAVE_FROM_SKY_AVG"":false,""SUN_INT_AVG"":false}}"
aws_1day.fid--65986ded_19d21fbe95f_29ba,POINT (51.325 4.364),6438,2019-08-15T00:00:00,2.28,18.23,20.79,15.73,18.56,18.28,18.33,18.23,17.35,18.91,5.82,,14.2,83.18,1011.48,244.08,143.23,100.72,"{""validated"":{""PRECIP_QUANTITY"":true,""TEMP_AVG"":true,""TEMP_MAX"":true,""TEMP_MIN"":true,""TEMP_GRASS_PT100_AVG"":true,""TEMP_SOIL_AVG"":true,""TEMP_SOIL_AVG_5CM"":true,""TEMP_SOIL_AVG_10CM"":true,""TEMP_SOIL_AVG_20CM"":true,""TEMP_SOIL_AVG_50CM"":true,""WIND_SPEED_10M"":true,""WIND_SPEED_AVG_30M"":false,""WIND_GUSTS_SPEED"":true,""HUMIDITY_REL_SHELTER_AVG"":true,""PRESSURE"":true,""SUN_DURATION"":false,""SHORT_WAVE_FROM_SKY_AVG"":false,""SUN_INT_AVG"":false}}"
aws_1day.fid--65986ded_19d21fbe95f_29b9,POINT (51.075 4.525),6439,2019-08-15T00:00:00,0.86,18.37,21.46,14.98,19.25,18.98,18.95,18.97,18.92,18.82,3.94,,11.11,79.95,1011.22,247.0,161.56,99.88,"{""validated"":{""PRECIP_QUANTITY"":true,""TEMP_AVG"":true,""TEMP_MAX"":true,""TEMP_MIN"":true,""TEMP_GRASS_PT100_AVG"":true,""TEMP_SOIL_AVG"":true,""TEMP_SOIL_AVG_5CM"":false,""TEMP_SOIL_AVG_10CM"":true,""TEMP_SOIL_AVG_20CM"":true,""TEMP_SOIL_AVG_50CM"":true,""WIND_SPEED_10M"":true,""WIND_SPEED_AVG_30M"":false,""WIND_GUSTS_SPEED"":true,""HUMIDITY_REL_SHELTER_AVG"":false,""PRESSURE"":true,""SUN_DURATION"":false,""SHORT_WAVE_FROM_SKY_AVG"":false,""SUN_INT_AVG"":false}}"
aws_1day.fid--65986ded_19d21fbe95f_29b8,POINT (51.348 3.202),6418,2019-08-15T00:00:00,2.53,18.61,20.29,17.15,,,,,,,6.86,,16.58,79.05,1010.53,428.0,,142.14,"{""validated"":{""PRECIP_QUANTITY"":true,""TEMP_AVG"":true,""TEMP_MAX"":true,""TEMP_MIN"":true,""TEMP_GRASS_PT100_AVG"":false,""TEMP_SOIL_AVG"":false,""TEMP_SOIL_AVG_5CM"":false,""TEMP_SOIL_AVG_10CM"":false,""TEMP_SOIL_AVG_20CM"":false,""TEMP_SOIL_AVG_50CM"":false,""WIND_SPEED_10M"":true,""WIND_SPEED_AVG_30M"":false,""WIND_GUSTS_SPEED"":true,""HUMIDITY_REL_SHELTER_AVG"":true,""PRESSURE"":true,""SUN_DURATION"":false,""SHORT_WAVE_FROM_SKY_AVG"":false,""SUN_INT_AVG"":false}}"
aws_1day.fid--65986ded_19d21fbe95f_29bd,POINT (50.511 6.073),6494,2019-08-15T00:00:00,7.05,13.05,16.26,11.7,,15.28,15.07,15.01,14.87,14.36,4.46,,12.13,95.86,936.31,,117.77,,"{""validated"":{""PRECIP_QUANTITY"":true,""TEMP_AVG"":true,""TEMP_MAX"":true,""TEMP_MIN"":true,""TEMP_GRASS_PT100_AVG"":false,""TEMP_SOIL_AVG"":true,""TEMP_SOIL_AVG_5CM"":true,""TEMP_SOIL_AVG_10CM"":true,""TEMP_SOIL_AVG_20CM"":true,""TEMP_SOIL_AVG_50CM"":true,""WIND_SPEED_10M"":true,""WIND_SPEED_AVG_30M"":false,""WIND_GUSTS_SPEED"":true,""HUMIDITY_REL_SHELTER_AVG"":true,""PRESSURE"":true,""SUN_DURATION"":true,""SHORT_WAVE_FROM_SKY_AVG"":false,""SUN_INT_AVG"":true}}"
aws_1day.fid--65986ded_19d21fbe95f_29d5,POINT (49.62 5.587),6484,2019-08-16T00:00:00,0.0,,,,,,,,,,2.64,,9.57,,978.82,,,,"{""validated"":{""PRECIP_QUANTITY"":true,""TEMP_AVG"":false,""TEMP_MAX"":false,""TEMP_MIN"":false,""TEMP_GRASS_PT100_AVG"":false,""TEMP_SOIL_AVG"":false,""TEMP_SOIL_AVG_5CM"":false,""TEMP_SOIL_AVG_10CM"":false,""TEMP_SOIL_AVG_20CM"":false,""TEMP_SOIL_AVG_50CM"":false,""WIND_SPEED_10M"":false,""WIND_SPEED_AVG_30M"":false,""WIND_GUSTS_SPEED"":false,""HUMIDITY_REL_SHELTER_AVG"":false,""PRESSURE"":false,""SUN_DURATION"":false,""SHORT_WAVE_FROM_SKY_AVG"":false,""SUN_INT_AVG"":false}}"
aws_1day.fid--65986ded_19d21fbe95f_29d6,POINT (50.582 4.689),6459,2019-08-16T00:00:00,0.0,17.69,22.22,12.83,19.42,18.97,18.09,17.62,17.47,17.36,3.73,,9.59,72.77,996.84,275.42,177.76,106.62,"{""validated"":{""PRECIP_QUANTITY"":true,""TEMP_AVG"":true,""TEMP_MAX"":true,""TEMP_MIN"":true,""TEMP_GRASS_PT100_AVG"":true,""TEMP_SOIL_AVG"":true,""TEMP_SOIL_AVG_5CM"":true,""TEMP_SOIL_AVG_10CM"":true,""TEMP_SOIL_AVG_20CM"":true,""TEMP_SOIL_AVG_50CM"":true,""WIND_SPEED_10M"":true,""WIND_SPEED_AVG_30M"":false,""WIND_GUSTS_SPEED"":true,""HUMIDITY_REL_SHELTER_AVG"":true,""PRESSURE"":true,""SUN_DURATION"":false,""SHORT_WAVE_FROM_SKY_AVG"":false,""SUN_INT_AVG"":false}}"
aws_1day.fid--65986ded_19d21fbe95f_29d7,POINT (50.904 3.122),6414,2019-08-16T00:00:00,1.22,17.68,22.7,12.54,16.89,17.26,17.48,17.55,17.52,17.82,3.41,,10.82,82.68,1011.37,169.33,141.55,58.94,"{""validated"":{""PRECIP_QUANTITY"":true,""TEMP_AVG"":true,""TEMP_MAX"":true,""TEMP_MIN"":true,""TEMP_GRASS_PT100_AVG"":true,""TEMP_SOIL_AVG"":true,""TEMP_SOIL_AVG_5CM"":true,""TEMP_SOIL_AVG_10CM"":true,""TEMP_SOIL_AVG_20CM"":true,""TEMP_SOIL_AVG_50CM"":true,""WIND_SPEED_10M"":true,""WIND_SPEED_AVG_30M"":false,""WIND_GUSTS_SPEED"":true,""HUMIDITY_REL_SHELTER_AVG"":false,""PRESSURE"":true,""SUN_DURATION"":false,""SHORT_WAVE_FROM_SKY_AVG"":false,""SUN_INT_AVG"":false}}"
aws_1day.fid--65986ded_19d21fbe95f_29d8,POINT (51.221 5.027),6464,2019-08-16T00:00:00,0.34,17.63,22.25,12.34,18.2,19.21,18.96,18.88,18.81,18.62,2.32,,7.23,78.54,1012.5,286.5,166.72,91.62,"{""validated"":{""PRECIP_QUANTITY"":true,""TEMP_AVG"":true,""TEMP_MAX"":true,""TEMP_MIN"":true,""TEMP_GRASS_PT100_AVG"":true,""TEMP_SOIL_AVG"":true,""TEMP_SOIL_AVG_5CM"":true,""TEMP_SOIL_AVG_10CM"":true,""TEMP_SOIL_AVG_20CM"":true,""TEMP_SOIL_AVG_50CM"":true,""WIND_SPEED_10M"":true,""WIND_SPEED_AVG_30M"":false,""WIND_GUSTS_SPEED"":true,""HUMIDITY_REL_SHELTER_AVG"":true,""PRESSURE"":true,""SUN_DURATION"":false,""SHORT_WAVE_FROM_SKY_AVG"":false,""SUN_INT_AVG"":false}}"
aws_1day.fid--65986ded_19d21fbe95f_29d9,POINT (50.096 4.595),6455,2019-08-16T00:00:00,0.0,16.83,20.98,11.22,19.12,18.08,17.27,17.23,17.21,17.26,2.64,,9.57,76.69,987.62,367.92,170.24,112.18,"{""validated"":{""PRECIP_QUANTITY"":true,""TEMP_AVG"":true,""TEMP_MAX"":true,""TEMP_MIN"":true,""TEMP_GRASS_PT100_AVG"":true,""TEMP_SOIL_AVG"":true,""TEMP_SOIL_AVG_5CM"":true,""TEMP_SOIL_AVG_10CM"":true,""TEMP_SOIL_AVG_20CM"":true,""TEMP_SOIL_AVG_50CM"":true,""WIND_SPEED_10M"":true,""WIND_SPEED_AVG_30M"":false,""WIND_GUSTS_SPEED"":true,""HUMIDITY_REL_SHELTER_AVG"":true,""PRESSURE"":true,""SUN_DURATION"":false,""SHORT_WAVE_FROM_SKY_AVG"":false,""SUN_INT_AVG"":false}}"
aws_1day.fid--65986ded_19d21fbe95f_29dc,POINT (51.325 4.364),6438,2019-08-16T00:00:00,0.5,18.21,22.51,13.11,19.29,18.91,18.35,18.15,17.19,18.79,3.93,,10.01,79.54,1013.96,384.67,171.59,133.15,"{""validated"":{""PRECIP_QUANTITY"":true,""TEMP_AVG"":true,""TEMP_MAX"":true,""TEMP_MIN"":true,""TEMP_GRASS_PT100_AVG"":true,""TEMP_SOIL_AVG"":true,""TEMP_SOIL_AVG_5CM"":true,""TEMP_SOIL_AVG_10CM"":true,""TEMP_SOIL_AVG_20CM"":true,""TEMP_SOIL_AVG_50CM"":true,""WIND_SPEED_10M"":true,""WIND_SPEED_AVG_30M"":false,""WIND_GUSTS_SPEED"":true,""HUMIDITY_REL_SHELTER_AVG"":true,""PRESSURE"":true,""SUN_DURATION"":false,""SHORT_WAVE_FROM_SKY_AVG"":false,""SUN_INT_AVG"":false}}"
aws_1day.fid--65986ded_19d21fbe95f_29db,POINT (50.98 3.816),6434,2019-08-16T00:00:00,0.22,18.05,22.43,13.34,19.67,20.19,19.12,18.79,18.52,18.39,3.32,4.31,9.66,78.11,1012.71,416.17,170.22,111.24,"{""validated"":{""PRECIP_QUANTITY"":true,""TEMP_AVG"":true,""TEMP_MAX"":true,""TEMP_MIN"":true,""TEMP_GRASS_PT100_AVG"":true,""TEMP_SOIL_AVG"":true,""TEMP_SOIL_AVG_5CM"":true,""TEMP_SOIL_AVG_10CM"":true,""TEMP_SOIL_AVG_20CM"":true,""TEMP_SOIL_AVG_50CM"":true,""WIND_SPEED_10M"":true,""WIND_SPEED_AVG_30M"":true,""WIND_GUSTS_SPEED"":true,""HUMIDITY_REL_SHELTER_AVG"":false,""PRESSURE"":true,""SUN_DURATION"":false,""SHORT_WAVE_FROM_SKY_AVG"":false,""SUN_INT_AVG"":false}}"
aws_1day.fid--65986ded_19d21fbe95f_29dd,POINT (51.348 3.202),6418,2019-08-16T00:00:00,0.74,17.89,21.35,14.01,,,,,,,5.27,,12.57,77.89,1012.22,300.25,,98.96,"{""validated"":{""PRECIP_QUANTITY"":true,""TEMP_AVG"":true,""TEMP_MAX"":true,""TEMP_MIN"":true,""TEMP_GRASS_PT100_AVG"":false,""TEMP_SOIL_AVG"":false,""TEMP_SOIL_AVG_5CM"":false,""TEMP_SOIL_AVG_10CM"":false,""TEMP_SOIL_AVG_20CM"":false,""TEMP_SOIL_AVG_50CM"":false,""WIND_SPEED_10M"":true,""WIND_SPEED_AVG_30M"":false,""WIND_GUSTS_SPEED"":true,""HUMIDITY_REL_SHELTER_AVG"":true,""PRESSURE"":true,""SUN_DURATION"":false,""SHORT_WAVE_FROM_SKY_AVG"":false,""SUN_INT_AVG"":false}}"
aws_1day.fid--65986ded_19d21fbe95f_29de,POINT (51.075 4.525),6439,2019-08-16T00:00:00,0.36,18.3,23.06,13.81,19.88,18.97,18.77,18.71,18.67,18.78,2.89,,9.02,76.86,1013.75,345.33,176.35,110.25,"{""validated"":{""PRECIP_QUANTITY"":true,""TEMP_AVG"":true,""TEMP_MAX"":true,""TEMP_MIN"":true,""TEMP_GRASS_PT100_AVG"":true,""TEMP_SOIL_AVG"":true,""TEMP_SOIL_AVG_5CM"":false,""TEMP_SOIL_AVG_10CM"":true,""TEMP_SOIL_AVG_20CM"":true,""TEMP_SOIL_AVG_50CM"":true,""WIND_SPEED_10M"":true,""WIND_SPEED_AVG_30M"":false,""WIND_GUSTS_SPEED"":true,""HUMIDITY_REL_SHELTER_AVG"":false,""PRESSURE"":true,""SUN_DURATION"":false,""SHORT_WAVE_FROM_SKY_AVG"":false,""SUN_INT_AVG"":false}}"
aws_1day.fid--65986ded_19d21fbe95f_29d4,POINT (50.916 5.45),6477,2019-08-16T00:00:00,0.3,17.85,22.47,12.49,18.36,19.64,18.85,18.45,16.42,18.01,2.85,,8.5,77.31,1010.88,285.08,178.25,108.85,"{""validated"":{""PRECIP_QUANTITY"":true,""TEMP_AVG"":true,""TEMP_MAX"":true,""TEMP_MIN"":true,""TEMP_GRASS_PT100_AVG"":true,""TEMP_SOIL_AVG"":true,""TEMP_SOIL_AVG_5CM"":true,""TEMP_SOIL_AVG_10CM"":true,""TEMP_SOIL_AVG_20CM"":true,""TEMP_SOIL_AVG_50CM"":true,""WIND_SPEED_10M"":true,""WIND_SPEED_AVG_30M"":false,""WIND_GUSTS_SPEED"":true,""HUMIDITY_REL_SHELTER_AVG"":true,""PRESSURE"":true,""SUN_DURATION"":false,""SHORT_WAVE_FROM_SKY_AVG"":false,""SUN_INT_AVG"":false}}"
aws_1day.fid--65986ded_19d21fbe95f_29da,POINT (50.194 5.255),6472,2019-08-16T00:00:00,0.0,16.21,20.45,10.96,18.38,17.58,16.7,16.85,16.84,16.89,3.64,4.83,10.1,72.67,982.35,418.58,190.17,145.96,"{""validated"":{""PRECIP_QUANTITY"":true,""TEMP_AVG"":true,""TEMP_MAX"":true,""TEMP_MIN"":true,""TEMP_GRASS_PT100_AVG"":true,""TEMP_SOIL_AVG"":true,""TEMP_SOIL_AVG_5CM"":true,""TEMP_SOIL_AVG_10CM"":true,""TEMP_SOIL_AVG_20CM"":true,""TEMP_SOIL_AVG_50CM"":true,""WIND_SPEED_10M"":true,""WIND_SPEED_AVG_30M"":true,""WIND_GUSTS_SPEED"":true,""HUMIDITY_REL_SHELTER_AVG"":true,""PRESSURE"":true,""SUN_DURATION"":false,""SHORT_WAVE_FROM_SKY_AVG"":false,""SUN_INT_AVG"":false}}"
aws_1day.fid--65986ded_19d21fbe95f_29d3,POINT (50.511 6.073),6494,2019-08-16T00:00:00,0.01,13.57,18.13,10.27,,16.76,15.56,15.37,14.99,14.41,3.42,,8.46,83.16,938.83,,185.36,,"{""validated"":{""PRECIP_QUANTITY"":true,""TEMP_AVG"":true,""TEMP_MAX"":true,""TEMP_MIN"":true,""TEMP_GRASS_PT100_AVG"":false,""TEMP_SOIL_AVG"":true,""TEMP_SOIL_AVG_5CM"":true,""TEMP_SOIL_AVG_10CM"":true,""TEMP_SOIL_AVG_20CM"":true,""TEMP_SOIL_AVG_50CM"":true,""WIND_SPEED_10M"":true,""WIND_SPEED_AVG_30M"":false,""WIND_GUSTS_SPEED"":true,""HUMIDITY_REL_SHELTER_AVG"":true,""PRESSURE"":true,""SUN_DURATION"":true,""SHORT_WAVE_FROM_SKY_AVG"":false,""SUN_INT_AVG"":true}}"
aws_1day.fid--65986ded_19d21fbe95f_29df,POINT (50.797 4.358),6447,2019-08-16T00:00:00,0.12,17.94,22.34,13.63,20.0,18.98,18.8,18.73,18.7,18.82,,3.62,10.21,74.77,1002.43,,162.39,,"{""validated"":{""PRECIP_QUANTITY"":true,""TEMP_AVG"":true,""TEMP_MAX"":true,""TEMP_MIN"":true,""TEMP_GRASS_PT100_AVG"":true,""TEMP_SOIL_AVG"":true,""TEMP_SOIL_AVG_5CM"":true,""TEMP_SOIL_AVG_10CM"":true,""TEMP_SOIL_AVG_20CM"":true,""TEMP_SOIL_AVG_50CM"":true,""WIND_SPEED_10M"":false,""WIND_SPEED_AVG_30M"":true,""WIND_GUSTS_SPEED"":true,""HUMIDITY_REL_SHELTER_AVG"":false,""PRESSURE"":true,""SUN_DURATION"":false,""SHORT_WAVE_FROM_SKY_AVG"":false,""SUN_INT_AVG"":false}}"
aws_1day.fid--65986ded_19d21fbe95f_29d0,POINT (51.075 4.525),6439,2019-08-16T00:00:00,0.36,18.3,23.06,13.81,19.88,18.97,18.77,18.71,18.67,18.78,2.89,,9.02,76.86,1013.75,345.33,176.35,110.25,"{""validated"":{""PRECIP_QUANTITY"":true,""TEMP_AVG"":true,""TEMP_MAX"":true,""TEMP_MIN"":true,""TEMP_GRASS_PT100_AVG"":true,""TEMP_SOIL_AVG"":true,""TEMP_SOIL_AVG_5CM"":false,""TEMP_SOIL_AVG_10CM"":true,""TEMP_SOIL_AVG_20CM"":true,""TEMP_SOIL_AVG_50CM"":true,""WIND_SPEED_10M"":true,""WIND_SPEED_AVG_30M"":false,""WIND_GUSTS_SPEED"":true,""HUMIDITY_REL_SHELTER_AVG"":false,""PRESSURE"":true,""SUN_DURATION"":false,""SHORT_WAVE_FROM_SKY_AVG"":false,""SUN_INT_AVG"":false}}"
aws_1day.fid--65986ded_19d21fbe95f_29d1,POINT (50.797 4.358),6447,2019-08-16T00:00:00,0.12,17.94,22.34,13.63,20.0,18.98,18.8,18.73,18.7,18.82,,3.62,10.21,74.77,1002.43,,162.39,,"{""validated"":{""PRECIP_QUANTITY"":true,""TEMP_AVG"":true,""TEMP_MAX"":true,""TEMP_MIN"":true,""TEMP_GRASS_PT100_AVG"":true,""TEMP_SOIL_AVG"":true,""TEMP_SOIL_AVG_5CM"":true,""TEMP_SOIL_AVG_10CM"":true,""TEMP_SOIL_AVG_20CM"":true,""TEMP_SOIL_AVG_50CM"":true,""WIND_SPEED_10M"":false,""WIND_SPEED_AVG_30M"":true,""WIND_GUSTS_SPEED"":true,""HUMIDITY_REL_SHELTER_AVG"":false,""PRESSURE"":true,""SUN_DURATION"":false,""SHORT_WAVE_FROM_SKY_AVG"":false,""SUN_INT_AVG"":false}}"
aws_1day.fid--65986ded_19d21fbe95f_29c5,POINT (50.511 6.073),6494,2019-08-16T00:00:00,0.01,13.57,18.13,10.27,,16.76,15.56,15.37,14.99,14.41,3.42,,8.46,83.16,938.83,,185.36,,"{""validated"":{""PRECIP_QUANTITY"":true,""TEMP_AVG"":true,""TEMP_MAX"":true,""TEMP_MIN"":true,""TEMP_GRASS_PT100_AVG"":false,""TEMP_SOIL_AVG"":true,""TEMP_SOIL_AVG_5CM"":true,""TEMP_SOIL_AVG_10CM"":true,""TEMP_SOIL_AVG_20CM"":true,""TEMP_SOIL_AVG_50CM"":true,""WIND_SPEED_10M"":true,""WIND_SPEED_AVG_30M"":false,""WIND_GUSTS_SPEED"":true,""HUMIDITY_REL_SHELTER_AVG"":true,""PRESSURE"":true,""SUN_DURATION"":true,""SHORT_WAVE_FROM_SKY_AVG"":false,""SUN_INT_AVG"":true}}"
aws_1day.fid--65986ded_19d21fbe95f_29c6,POINT (50.916 5.45),6477,2019-08-16T00:00:00,0.3,17.85,22.47,12.49,18.36,19.64,18.85,18.45,16.42,18.01,2.85,,8.5,77.31,1010.88,285.08,178.25,108.85,"{""validated"":{""PRECIP_QUANTITY"":true,""TEMP_AVG"":true,""TEMP_MAX"":true,""TEMP_MIN"":true,""TEMP_GRASS_PT100_AVG"":true,""TEMP_SOIL_AVG"":true,""TEMP_SOIL_AVG_5CM"":true,""TEMP_SOIL_AVG_10CM"":true,""TEMP_SOIL_AVG_20CM"":true,""TEMP_SOIL_AVG_50CM"":true,""WIND_SPEED_10M"":true,""WIND_SPEED_AVG_30M"":false,""WIND_GUSTS_SPEED"":true,""HUMIDITY_REL_SHELTER_AVG"":true,""PRESSURE"":true,""SUN_DURATION"":false,""SHORT_WAVE_FROM_SKY_AVG"":false,""SUN_INT_AVG"":false}}"
aws_1day.fid--65986ded_19d21fbe95f_29c8,POINT (50.582 4.689),6459,2019-08-16T00:00:00,0.0,17.69,22.22,12.83,19.42,18.97,18.09,17.62,17.47,17.36,3.73,,9.59,72.77,996.84,275.42,177.76,106.62,"{""validated"":{""PRECIP_QUANTITY"":true,""TEMP_AVG"":true,""TEMP_MAX"":true,""TEMP_MIN"":true,""TEMP_GRASS_PT100_AVG"":true,""TEMP_SOIL_AVG"":true,""TEMP_SOIL_AVG_5CM"":true,""TEMP_SOIL_AVG_10CM"":true,""TEMP_SOIL_AVG_20CM"":true,""TEMP_SOIL_AVG_50CM"":true,""WIND_SPEED_10M"":true,""WIND_SPEED_AVG_30M"":false,""WIND_GUSTS_SPEED"":true,""HUMIDITY_REL_SHELTER_AVG"":true,""PRESSURE"":true,""SUN_DURATION"":false,""SHORT_WAVE_FROM_SKY_AVG"":false,""SUN_INT_AVG"":false}}"
aws_1day.fid--65986ded_19d21fbe95f_29c9,POINT (50.904 3.122),6414,2019-08-16T00:00:00,1.22,17.68,22.7,12.54,16.89,17.26,17.48,17.55,17.52,17.82,3.41,,10.82,82.68,1011.37,169.33,141.55,58.94,"{""validated"":{""PRECIP_QUANTITY"":true,""TEMP_AVG"":true,""TEMP_MAX"":true,""TEMP_MIN"":true,""TEMP_GRASS_PT100_AVG"":true,""TEMP_SOIL_AVG"":true,""TEMP_SOIL_AVG_5CM"":true,""TEMP_SOIL_AVG_10CM"":true,""TEMP_SOIL_AVG_20CM"":true,""TEMP_SOIL_AVG_50CM"":true,""WIND_SPEED_10M"":true,""WIND_SPEED_AVG_30M"":false,""WIND_GUSTS_SPEED"":true,""HUMIDITY_REL_SHELTER_AVG"":false,""PRESSURE"":true,""SUN_DURATION"":false,""SHORT_WAVE_FROM_SKY_AVG"":false,""SUN_INT_AVG"":false}}"
aws_1day.fid--65986ded_19d21fbe95f_29c7,POINT (49.62 5.587),6484,2019-08-16T00:00:00,0.0,,,,,,,,,,2.64,,9.57,,978.82,,,,"{""validated"":{""PRECIP_QUANTITY"":true,""TEMP_AVG"":false,""TEMP_MAX"":false,""TEMP_MIN"":false,""TEMP_GRASS_PT100_AVG"":false,""TEMP_SOIL_AVG"":false,""TEMP_SOIL_AVG_5CM"":false,""TEMP_SOIL_AVG_10CM"":false,""TEMP_SOIL_AVG_20CM"":false,""TEMP_SOIL_AVG_50CM"":false,""WIND_SPEED_10M"":false,""WIND_SPEED_AVG_30M"":false,""WIND_GUSTS_SPEED"":false,""HUMIDITY_REL_SHELTER_AVG"":false,""PRESSURE"":false,""SUN_DURATION"":false,""SHORT_WAVE_FROM_SKY_AVG"":false,""SUN_INT_AVG"":false}}"
aws_1day.fid--65986ded_19d21fbe95f_29cb,POINT (50.096 4.595),6455,2019-08-16T00:00:00,0.0,16.83,20.98,11.22,19.12,18.08,17.27,17.23,17.21,17.26,2.64,,9.57,76.69,987.62,367.92,170.24,112.18,"{""validated"":{""PRECIP_QUANTITY"":true,""TEMP_AVG"":true,""TEMP_MAX"":true,""TEMP_MIN"":true,""TEMP_GRASS_PT100_AVG"":true,""TEMP_SOIL_AVG"":true,""TEMP_SOIL_AVG_5CM"":true,""TEMP_SOIL_AVG_10CM"":true,""TEMP_SOIL_AVG_20CM"":true,""TEMP_SOIL_AVG_50CM"":true,""WIND_SPEED_10M"":true,""WIND_SPEED_AVG_30M"":false,""WIND_GUSTS_SPEED"":true,""HUMIDITY_REL_SHELTER_AVG"":true,""PRESSURE"":true,""SUN_DURATION"":false,""SHORT_WAVE_FROM_SKY_AVG"":false,""SUN_INT_AVG"":false}}"
aws_1day.fid--65986ded_19d21fbe95f_29cc,POINT (50.194 5.255),6472,2019-08-16T00:00:00,0.0,16.21,20.45,10.96,18.38,17.58,16.7,16.85,16.84,16.89,3.64,4.83,10.1,72.67,982.35,418.58,190.17,145.96,"{""validated"":{""PRECIP_QUANTITY"":true,""TEMP_AVG"":true,""TEMP_MAX"":true,""TEMP_MIN"":true,""TEMP_GRASS_PT100_AVG"":true,""TEMP_SOIL_AVG"":true,""TEMP_SOIL_AVG_5CM"":true,""TEMP_SOIL_AVG_10CM"":true,""TEMP_SOIL_AVG_20CM"":true,""TEMP_SOIL_AVG_50CM"":true,""WIND_SPEED_10M"":true,""WIND_SPEED_AVG_30M"":true,""WIND_GUSTS_SPEED"":true,""HUMIDITY_REL_SHELTER_AVG"":true,""PRESSURE"":true,""SUN_DURATION"":false,""SHORT_WAVE_FROM_SKY_AVG"":false,""SUN_INT_AVG"":false}}"
aws_1day.fid--65986ded_19d21fbe95f_29cd,POINT (50.98 3.816),6434,2019-08-16T00:00:00,0.22,18.05,22.43,13.34,19.67,20.19,19.12,18.79,18.52,18.39,3.32,4.31,9.66,78.11,1012.71,416.17,170.22,111.24,"{""validated"":{""PRECIP_QUANTITY"":true,""TEMP_AVG"":true,""TEMP_MAX"":true,""TEMP_MIN"":true,""TEMP_GRASS_PT100_AVG"":true,""TEMP_SOIL_AVG"":true,""TEMP_SOIL_AVG_5CM"":true,""TEMP_SOIL_AVG_10CM"":true,""TEMP_SOIL_AVG_20CM"":true,""TEMP_SOIL_AVG_50CM"":true,""WIND_SPEED_10M"":true,""WIND_SPEED_AVG_30M"":true,""WIND_GUSTS_SPEED"":true,""HUMIDITY_REL_SHELTER_AVG"":false,""PRESSURE"":true,""SUN_DURATION"":false,""SHORT_WAVE_FROM_SKY_AVG"":false,""SUN_INT_AVG"":false}}"
aws_1day.fid--65986ded_19d21fbe95f_29ce,POINT (51.325 4.364),6438,2019-08-16T00:00:00,0.5,18.21,22.51,13.11,19.29,18.91,18.35,18.15,17.19,18.79,3.93,,10.01,79.54,1013.96,384.67,171.59,133.15,"{""validated"":{""PRECIP_QUANTITY"":true,""TEMP_AVG"":true,""TEMP_MAX"":true,""TEMP_MIN"":true,""TEMP_GRASS_PT100_AVG"":true,""TEMP_SOIL_AVG"":true,""TEMP_SOIL_AVG_5CM"":true,""TEMP_SOIL_AVG_10CM"":true,""TEMP_SOIL_AVG_20CM"":true,""TEMP_SOIL_AVG_50CM"":true,""WIND_SPEED_10M"":true,""WIND_SPEED_AVG_30M"":false,""WIND_GUSTS_SPEED"":true,""HUMIDITY_REL_SHELTER_AVG"":true,""PRESSURE"":true,""SUN_DURATION"":false,""SHORT_WAVE_FROM_SKY_AVG"":false,""SUN_INT_AVG"":false}}"
aws_1day.fid--65986ded_19d21fbe95f_29cf,POINT (51.348 3.202),6418,2019-08-16T00:00:00,0.74,17.89,21.35,14.01,,,,,,,5.27,,12.57,77.89,1012.22,300.25,,98.96,"{""validated"":{""PRECIP_QUANTITY"":true,""TEMP_AVG"":true,""TEMP_MAX"":true,""TEMP_MIN"":true,""TEMP_GRASS_PT100_AVG"":false,""TEMP_SOIL_AVG"":false,""TEMP_SOIL_AVG_5CM"":false,""TEMP_SOIL_AVG_10CM"":false,""TEMP_SOIL_AVG_20CM"":false,""TEMP_SOIL_AVG_50CM"":false,""WIND_SPEED_10M"":true,""WIND_SPEED_AVG_30M"":false,""WIND_GUSTS_SPEED"":true,""HUMIDITY_REL_SHELTER_AVG"":true,""PRESSURE"":true,""SUN_DURATION"":false,""SHORT_WAVE_FROM_SKY_AVG"":false,""SUN_INT_AVG"":false}}"
aws_1day.fid--65986ded_19d21fbe95f_29ca,POINT (51.221 5.027),6464,2019-08-16T00:00:00,0.34,17.63,22.25,12.34,18.2,19.21,18.96,18.88,18.81,18.62,2.32,,7.23,78.54,1012.5,286.5,166.72,91.62,"{""validated"":{""PRECIP_QUANTITY"":true,""TEMP_AVG"":true,""TEMP_MAX"":true,""TEMP_MIN"":true,""TEMP_GRASS_PT100_AVG"":true,""TEMP_SOIL_AVG"":true,""TEMP_SOIL_AVG_5CM"":true,""TEMP_SOIL_AVG_10CM"":true,""TEMP_SOIL_AVG_20CM"":true,""TEMP_SOIL_AVG_50CM"":true,""WIND_SPEED_10M"":true,""WIND_SPEED_AVG_30M"":false,""WIND_GUSTS_SPEED"":true,""HUMIDITY_REL_SHELTER_AVG"":true,""PRESSURE"":true,""SUN_DURATION"":false,""SHORT_WAVE_FROM_SKY_AVG"":false,""SUN_INT_AVG"":false}}"
aws_1day.fid--65986ded_19d21fbe95f_29e8,POINT (51.075 4.525),6439,2019-08-17T00:00:00,5.34,18.37,20.9,16.66,18.99,18.37,18.5,18.6,18.75,18.8,3.67,,10.36,89.95,1006.82,0.33,58.73,3.31,"{""validated"":{""PRECIP_QUANTITY"":true,""TEMP_AVG"":true,""TEMP_MAX"":true,""TEMP_MIN"":true,""TEMP_GRASS_PT100_AVG"":true,""TEMP_SOIL_AVG"":true,""TEMP_SOIL_AVG_5CM"":false,""TEMP_SOIL_AVG_10CM"":true,""TEMP_SOIL_AVG_20CM"":true,""TEMP_SOIL_AVG_50CM"":false,""WIND_SPEED_10M"":true,""WIND_SPEED_AVG_30M"":false,""WIND_GUSTS_SPEED"":true,""HUMIDITY_REL_SHELTER_AVG"":false,""PRESSURE"":true,""SUN_DURATION"":false,""SHORT_WAVE_FROM_SKY_AVG"":false,""SUN_INT_AVG"":false}}"
aws_1day.fid--65986ded_19d21fbe95f_29ec,POINT (50.096 4.595),6455,2019-08-17T00:00:00,14.81,16.94,18.49,14.7,17.48,17.31,17.29,17.32,17.35,17.27,3.74,,10.02,91.95,981.32,0.17,50.72,3.01,"{""validated"":{""PRECIP_QUANTITY"":true,""TEMP_AVG"":true,""TEMP_MAX"":true,""TEMP_MIN"":true,""TEMP_GRASS_PT100_AVG"":true,""TEMP_SOIL_AVG"":true,""TEMP_SOIL_AVG_5CM"":true,""TEMP_SOIL_AVG_10CM"":true,""TEMP_SOIL_AVG_20CM"":true,""TEMP_SOIL_AVG_50CM"":true,""WIND_SPEED_10M"":true,""WIND_SPEED_AVG_30M"":false,""WIND_GUSTS_SPEED"":true,""HUMIDITY_REL_SHELTER_AVG"":false,""PRESSURE"":true,""SUN_DURATION"":false,""SHORT_WAVE_FROM_SKY_AVG"":false,""SUN_INT_AVG"":false}}"
aws_1day.fid--65986ded_19d21fbe95f_29eb,POINT (49.62 5.587),6484,2019-08-17T00:00:00,17.16,,,,,,,,,,3.74,,10.02,,972.19,,,,"{""validated"":{""PRECIP_QUANTITY"":true,""TEMP_AVG"":false,""TEMP_MAX"":false,""TEMP_MIN"":false,""TEMP_GRASS_PT100_AVG"":false,""TEMP_SOIL_AVG"":false,""TEMP_SOIL_AVG_5CM"":false,""TEMP_SOIL_AVG_10CM"":false,""TEMP_SOIL_AVG_20CM"":false,""TEMP_SOIL_AVG_50CM"":false,""WIND_SPEED_10M"":false,""WIND_SPEED_AVG_30M"":false,""WIND_GUSTS_SPEED"":false,""HUMIDITY_REL_SHELTER_AVG"":false,""PRESSURE"":false,""SUN_DURATION"":false,""SHORT_WAVE_FROM_SKY_AVG"":false,""SUN_INT_AVG"":false}}"
aws_1day.fid--65986ded_19d21fbe95f_29ea,POINT (50.904 3.122),6414,2019-08-17T00:00:00,1.79,17.98,21.36,15.84,16.87,17.03,17.76,17.91,17.89,17.81,4.38,,12.22,86.06,1004.57,4.17,76.58,6.54,"{""validated"":{""PRECIP_QUANTITY"":true,""TEMP_AVG"":true,""TEMP_MAX"":true,""TEMP_MIN"":true,""TEMP_GRASS_PT100_AVG"":true,""TEMP_SOIL_AVG"":true,""TEMP_SOIL_AVG_5CM"":true,""TEMP_SOIL_AVG_10CM"":true,""TEMP_SOIL_AVG_20CM"":true,""TEMP_SOIL_AVG_50CM"":true,""WIND_SPEED_10M"":true,""WIND_SPEED_AVG_30M"":false,""WIND_GUSTS_SPEED"":true,""HUMIDITY_REL_SHELTER_AVG"":true,""PRESSURE"":true,""SUN_DURATION"":false,""SHORT_WAVE_FROM_SKY_AVG"":false,""SUN_INT_AVG"":false}}"
aws_1day.fid--65986ded_19d21fbe95f_29e9,POINT (51.348 3.202),6418,2019-08-17T00:00:00,5.69,17.92,19.22,16.55,,,,,,,6.87,,13.44,84.03,1005.15,15.0,,7.88,"{""validated"":{""PRECIP_QUANTITY"":true,""TEMP_AVG"":true,""TEMP_MAX"":true,""TEMP_MIN"":true,""TEMP_GRASS_PT100_AVG"":false,""TEMP_SOIL_AVG"":false,""TEMP_SOIL_AVG_5CM"":false,""TEMP_SOIL_AVG_10CM"":false,""TEMP_SOIL_AVG_20CM"":false,""TEMP_SOIL_AVG_50CM"":false,""WIND_SPEED_10M"":true,""WIND_SPEED_AVG_30M"":false,""WIND_GUSTS_SPEED"":true,""HUMIDITY_REL_SHELTER_AVG"":true,""PRESSURE"":true,""SUN_DURATION"":false,""SHORT_WAVE_FROM_SKY_AVG"":false,""SUN_INT_AVG"":false}}"
aws_1day.fid--65986ded_19d21fbe95f_29e7,POINT (51.221 5.027),6464,2019-08-17T00:00:00,6.31,18.1,19.91,16.66,18.07,18.5,18.59,18.67,18.78,18.62,2.98,,9.65,89.58,1005.55,0.0,56.4,2.73,"{""validated"":{""PRECIP_QUANTITY"":true,""TEMP_AVG"":true,""TEMP_MAX"":true,""TEMP_MIN"":true,""TEMP_GRASS_PT100_AVG"":true,""TEMP_SOIL_AVG"":true,""TEMP_SOIL_AVG_5CM"":true,""TEMP_SOIL_AVG_10CM"":true,""TEMP_SOIL_AVG_20CM"":true,""TEMP_SOIL_AVG_50CM"":true,""WIND_SPEED_10M"":true,""WIND_SPEED_AVG_30M"":false,""WIND_GUSTS_SPEED"":true,""HUMIDITY_REL_SHELTER_AVG"":true,""PRESSURE"":true,""SUN_DURATION"":false,""SHORT_WAVE_FROM_SKY_AVG"":false,""SUN_INT_AVG"":false}}"
aws_1day.fid--65986ded_19d21fbe95f_29e2,POINT (50.797 4.358),6447,2019-08-17T00:00:00,3.41,17.48,19.15,15.72,17.81,17.96,18.16,18.41,18.67,18.83,,4.04,12.46,86.76,995.77,,47.46,,"{""validated"":{""PRECIP_QUANTITY"":true,""TEMP_AVG"":true,""TEMP_MAX"":true,""TEMP_MIN"":true,""TEMP_GRASS_PT100_AVG"":true,""TEMP_SOIL_AVG"":true,""TEMP_SOIL_AVG_5CM"":true,""TEMP_SOIL_AVG_10CM"":true,""TEMP_SOIL_AVG_20CM"":true,""TEMP_SOIL_AVG_50CM"":true,""WIND_SPEED_10M"":false,""WIND_SPEED_AVG_30M"":true,""WIND_GUSTS_SPEED"":true,""HUMIDITY_REL_SHELTER_AVG"":false,""PRESSURE"":true,""SUN_DURATION"":false,""SHORT_WAVE_FROM_SKY_AVG"":false,""SUN_INT_AVG"":false}}"
aws_1day.fid--65986ded_19d21fbe95f_29e5,POINT (50.511 6.073),6494,2019-08-17T00:00:00,3.09,14.29,15.12,12.98,,14.73,14.8,14.86,14.88,14.48,4.76,,11.31,91.84,933.32,0.0,44.34,2.06,"{""validated"":{""PRECIP_QUANTITY"":true,""TEMP_AVG"":true,""TEMP_MAX"":true,""TEMP_MIN"":true,""TEMP_GRASS_PT100_AVG"":false,""TEMP_SOIL_AVG"":true,""TEMP_SOIL_AVG_5CM"":true,""TEMP_SOIL_AVG_10CM"":true,""TEMP_SOIL_AVG_20CM"":true,""TEMP_SOIL_AVG_50CM"":true,""WIND_SPEED_10M"":true,""WIND_SPEED_AVG_30M"":false,""WIND_GUSTS_SPEED"":true,""HUMIDITY_REL_SHELTER_AVG"":true,""PRESSURE"":true,""SUN_DURATION"":false,""SHORT_WAVE_FROM_SKY_AVG"":false,""SUN_INT_AVG"":false}}"
aws_1day.fid--65986ded_19d21fbe95f_29e4,POINT (51.325 4.364),6438,2019-08-17T00:00:00,3.17,18.55,21.07,16.91,18.64,18.38,18.41,18.31,17.45,18.86,5.62,,12.55,88.16,1006.97,0.58,75.75,9.08,"{""validated"":{""PRECIP_QUANTITY"":true,""TEMP_AVG"":true,""TEMP_MAX"":true,""TEMP_MIN"":true,""TEMP_GRASS_PT100_AVG"":true,""TEMP_SOIL_AVG"":true,""TEMP_SOIL_AVG_5CM"":true,""TEMP_SOIL_AVG_10CM"":true,""TEMP_SOIL_AVG_20CM"":true,""TEMP_SOIL_AVG_50CM"":true,""WIND_SPEED_10M"":true,""WIND_SPEED_AVG_30M"":false,""WIND_GUSTS_SPEED"":true,""HUMIDITY_REL_SHELTER_AVG"":true,""PRESSURE"":true,""SUN_DURATION"":false,""SHORT_WAVE_FROM_SKY_AVG"":false,""SUN_INT_AVG"":false}}"
aws_1day.fid--65986ded_19d21fbe95f_29e3,POINT (50.194 5.255),6472,2019-08-17T00:00:00,7.53,16.83,17.83,14.99,17.05,16.5,15.97,16.46,16.71,16.86,4.74,6.19,13.16,82.85,976.21,0.0,40.48,4.37,"{""validated"":{""PRECIP_QUANTITY"":true,""TEMP_AVG"":true,""TEMP_MAX"":true,""TEMP_MIN"":true,""TEMP_GRASS_PT100_AVG"":true,""TEMP_SOIL_AVG"":true,""TEMP_SOIL_AVG_5CM"":true,""TEMP_SOIL_AVG_10CM"":true,""TEMP_SOIL_AVG_20CM"":true,""TEMP_SOIL_AVG_50CM"":true,""WIND_SPEED_10M"":true,""WIND_SPEED_AVG_30M"":true,""WIND_GUSTS_SPEED"":true,""HUMIDITY_REL_SHELTER_AVG"":true,""PRESSURE"":true,""SUN_DURATION"":false,""SHORT_WAVE_FROM_SKY_AVG"":false,""SUN_INT_AVG"":false}}"
aws_1day.fid--65986ded_19d21fbe95f_29e1,POINT (50.916 5.45),6477,2019-08-17T00:00:00,8.45,18.45,20.0,15.18,18.1,18.57,18.54,18.45,16.59,18.12,3.63,,11.0,88.62,1004.05,0.0,59.57,2.61,"{""validated"":{""PRECIP_QUANTITY"":true,""TEMP_AVG"":true,""TEMP_MAX"":true,""TEMP_MIN"":true,""TEMP_GRASS_PT100_AVG"":true,""TEMP_SOIL_AVG"":true,""TEMP_SOIL_AVG_5CM"":true,""TEMP_SOIL_AVG_10CM"":true,""TEMP_SOIL_AVG_20CM"":true,""TEMP_SOIL_AVG_50CM"":true,""WIND_SPEED_10M"":true,""WIND_SPEED_AVG_30M"":false,""WIND_GUSTS_SPEED"":true,""HUMIDITY_REL_SHELTER_AVG"":true,""PRESSURE"":true,""SUN_DURATION"":false,""SHORT_WAVE_FROM_SKY_AVG"":false,""SUN_INT_AVG"":false}}"
aws_1day.fid--65986ded_19d21fbe95f_29e0,POINT (50.582 4.689),6459,2019-08-17T00:00:00,10.97,17.27,18.79,14.88,17.38,17.24,17.54,17.56,17.73,17.45,4.38,,10.75,90.51,990.37,0.0,58.91,2.23,"{""validated"":{""PRECIP_QUANTITY"":true,""TEMP_AVG"":true,""TEMP_MAX"":true,""TEMP_MIN"":true,""TEMP_GRASS_PT100_AVG"":true,""TEMP_SOIL_AVG"":true,""TEMP_SOIL_AVG_5CM"":true,""TEMP_SOIL_AVG_10CM"":true,""TEMP_SOIL_AVG_20CM"":true,""TEMP_SOIL_AVG_50CM"":true,""WIND_SPEED_10M"":true,""WIND_SPEED_AVG_30M"":false,""WIND_GUSTS_SPEED"":true,""HUMIDITY_REL_SHELTER_AVG"":true,""PRESSURE"":true,""SUN_DURATION"":false,""SHORT_WAVE_FROM_SKY_AVG"":false,""SUN_INT_AVG"":false}}"
aws_1day.fid--65986ded_19d21fbe95f_29e6,POINT (50.98 3.816),6434,2019-08-17T00:00:00,0.85,18.14,20.94,15.84,18.43,18.52,18.36,18.46,18.66,18.54,3.78,4.75,10.42,86.9,1005.82,0.5,65.72,14.58,"{""validated"":{""PRECIP_QUANTITY"":true,""TEMP_AVG"":true,""TEMP_MAX"":true,""TEMP_MIN"":true,""TEMP_GRASS_PT100_AVG"":true,""TEMP_SOIL_AVG"":true,""TEMP_SOIL_AVG_5CM"":true,""TEMP_SOIL_AVG_10CM"":true,""TEMP_SOIL_AVG_20CM"":true,""TEMP_SOIL_AVG_50CM"":true,""WIND_SPEED_10M"":true,""WIND_SPEED_AVG_30M"":true,""WIND_GUSTS_SPEED"":true,""HUMIDITY_REL_SHELTER_AVG"":false,""PRESSURE"":true,""SUN_DURATION"":false,""SHORT_WAVE_FROM_SKY_AVG"":false,""SUN_INT_AVG"":false}}"
aws_1day.fid--65986ded_19d21fbe95f_29f5,POINT (51.075 4.525),6439,2019-08-18T00:00:00,6.44,16.9,21.45,14.19,18.22,17.71,18.06,18.29,18.56,18.67,2.64,,9.37,85.48,1006.54,204.25,116.5,66.97,"{""validated"":{""PRECIP_QUANTITY"":true,""TEMP_AVG"":true,""TEMP_MAX"":true,""TEMP_MIN"":true,""TEMP_GRASS_PT100_AVG"":true,""TEMP_SOIL_AVG"":true,""TEMP_SOIL_AVG_5CM"":false,""TEMP_SOIL_AVG_10CM"":true,""TEMP_SOIL_AVG_20CM"":true,""TEMP_SOIL_AVG_50CM"":true,""WIND_SPEED_10M"":true,""WIND_SPEED_AVG_30M"":false,""WIND_GUSTS_SPEED"":true,""HUMIDITY_REL_SHELTER_AVG"":false,""PRESSURE"":true,""SUN_DURATION"":false,""SHORT_WAVE_FROM_SKY_AVG"":false,""SUN_INT_AVG"":false}}"
aws_1day.fid--65986ded_19d21fbe95f_29f9,POINT (50.194 5.255),6472,2019-08-18T00:00:00,10.47,16.13,19.68,12.32,16.4,16.98,16.59,17.01,16.97,16.75,4.06,5.23,15.16,87.9,974.94,90.25,69.55,30.34,"{""validated"":{""PRECIP_QUANTITY"":true,""TEMP_AVG"":true,""TEMP_MAX"":true,""TEMP_MIN"":true,""TEMP_GRASS_PT100_AVG"":true,""TEMP_SOIL_AVG"":true,""TEMP_SOIL_AVG_5CM"":true,""TEMP_SOIL_AVG_10CM"":true,""TEMP_SOIL_AVG_20CM"":true,""TEMP_SOIL_AVG_50CM"":true,""WIND_SPEED_10M"":true,""WIND_SPEED_AVG_30M"":true,""WIND_GUSTS_SPEED"":true,""HUMIDITY_REL_SHELTER_AVG"":true,""PRESSURE"":true,""SUN_DURATION"":false,""SHORT_WAVE_FROM_SKY_AVG"":false,""SUN_INT_AVG"":false}}"
aws_1day.fid--65986ded_19d21fbe95f_29f8,POINT (51.348 3.202),6418,2019-08-18T00:00:00,0.62,16.99,20.33,14.92,,,,,,,6.12,,15.59,81.17,1005.49,387.58,,163.46,"{""validated"":{""PRECIP_QUANTITY"":true,""TEMP_AVG"":true,""TEMP_MAX"":true,""TEMP_MIN"":true,""TEMP_GRASS_PT100_AVG"":false,""TEMP_SOIL_AVG"":false,""TEMP_SOIL_AVG_5CM"":false,""TEMP_SOIL_AVG_10CM"":false,""TEMP_SOIL_AVG_20CM"":false,""TEMP_SOIL_AVG_50CM"":false,""WIND_SPEED_10M"":true,""WIND_SPEED_AVG_30M"":false,""WIND_GUSTS_SPEED"":true,""HUMIDITY_REL_SHELTER_AVG"":true,""PRESSURE"":true,""SUN_DURATION"":false,""SHORT_WAVE_FROM_SKY_AVG"":false,""SUN_INT_AVG"":false}}"
aws_1day.fid--65986ded_19d21fbe95f_29f7,POINT (50.797 4.358),6447,2019-08-18T00:00:00,11.57,16.41,20.84,13.85,17.55,17.63,17.89,18.25,18.49,18.64,,2.74,10.88,83.66,995.29,,112.49,,"{""validated"":{""PRECIP_QUANTITY"":true,""TEMP_AVG"":true,""TEMP_MAX"":true,""TEMP_MIN"":true,""TEMP_GRASS_PT100_AVG"":true,""TEMP_SOIL_AVG"":true,""TEMP_SOIL_AVG_5CM"":true,""TEMP_SOIL_AVG_10CM"":true,""TEMP_SOIL_AVG_20CM"":true,""TEMP_SOIL_AVG_50CM"":true,""WIND_SPEED_10M"":false,""WIND_SPEED_AVG_30M"":true,""WIND_GUSTS_SPEED"":true,""HUMIDITY_REL_SHELTER_AVG"":false,""PRESSURE"":true,""SUN_DURATION"":false,""SHORT_WAVE_FROM_SKY_AVG"":false,""SUN_INT_AVG"":false}}"
aws_1day.fid--65986ded_19d21fbe95f_29f6,POINT (51.221 5.027),6464,2019-08-18T00:00:00,6.76,16.54,20.63,12.97,16.76,18.4,18.59,18.72,18.74,18.43,1.79,,8.41,87.39,1005.11,151.75,107.9,49.02,"{""validated"":{""PRECIP_QUANTITY"":true,""TEMP_AVG"":true,""TEMP_MAX"":true,""TEMP_MIN"":true,""TEMP_GRASS_PT100_AVG"":true,""TEMP_SOIL_AVG"":true,""TEMP_SOIL_AVG_5CM"":true,""TEMP_SOIL_AVG_10CM"":true,""TEMP_SOIL_AVG_20CM"":true,""TEMP_SOIL_AVG_50CM"":true,""WIND_SPEED_10M"":true,""WIND_SPEED_AVG_30M"":false,""WIND_GUSTS_SPEED"":true,""HUMIDITY_REL_SHELTER_AVG"":true,""PRESSURE"":true,""SUN_DURATION"":false,""SHORT_WAVE_FROM_SKY_AVG"":false,""SUN_INT_AVG"":false}}"
aws_1day.fid--65986ded_19d21fbe95f_29f4,POINT (50.904 3.122),6414,2019-08-18T00:00:00,6.78,16.53,21.5,12.69,16.62,16.3,17.2,17.49,17.66,17.75,3.38,,11.69,83.52,1004.75,369.5,154.21,166.25,"{""validated"":{""PRECIP_QUANTITY"":true,""TEMP_AVG"":true,""TEMP_MAX"":true,""TEMP_MIN"":true,""TEMP_GRASS_PT100_AVG"":true,""TEMP_SOIL_AVG"":true,""TEMP_SOIL_AVG_5CM"":true,""TEMP_SOIL_AVG_10CM"":true,""TEMP_SOIL_AVG_20CM"":true,""TEMP_SOIL_AVG_50CM"":true,""WIND_SPEED_10M"":true,""WIND_SPEED_AVG_30M"":false,""WIND_GUSTS_SPEED"":true,""HUMIDITY_REL_SHELTER_AVG"":true,""PRESSURE"":true,""SUN_DURATION"":false,""SHORT_WAVE_FROM_SKY_AVG"":false,""SUN_INT_AVG"":false}}"
aws_1day.fid--65986ded_19d21fbe95f_29ef,POINT (50.582 4.689),6459,2019-08-18T00:00:00,25.89,15.91,20.14,12.88,16.39,16.23,16.53,16.86,17.32,17.36,3.61,,10.69,87.28,989.62,158.17,95.79,42.98,"{""validated"":{""PRECIP_QUANTITY"":true,""TEMP_AVG"":true,""TEMP_MAX"":true,""TEMP_MIN"":true,""TEMP_GRASS_PT100_AVG"":true,""TEMP_SOIL_AVG"":true,""TEMP_SOIL_AVG_5CM"":true,""TEMP_SOIL_AVG_10CM"":true,""TEMP_SOIL_AVG_20CM"":true,""TEMP_SOIL_AVG_50CM"":true,""WIND_SPEED_10M"":true,""WIND_SPEED_AVG_30M"":false,""WIND_GUSTS_SPEED"":true,""HUMIDITY_REL_SHELTER_AVG"":true,""PRESSURE"":true,""SUN_DURATION"":false,""SHORT_WAVE_FROM_SKY_AVG"":false,""SUN_INT_AVG"":false}}"
aws_1day.fid--65986ded_19d21fbe95f_29f2,POINT (50.98 3.816),6434,2019-08-18T00:00:00,6.76,16.71,21.44,13.69,17.76,17.66,17.64,17.92,18.24,18.39,2.99,3.88,11.35,82.22,1005.82,318.08,122.28,127.64,"{""validated"":{""PRECIP_QUANTITY"":true,""TEMP_AVG"":true,""TEMP_MAX"":true,""TEMP_MIN"":true,""TEMP_GRASS_PT100_AVG"":true,""TEMP_SOIL_AVG"":true,""TEMP_SOIL_AVG_5CM"":true,""TEMP_SOIL_AVG_10CM"":true,""TEMP_SOIL_AVG_20CM"":true,""TEMP_SOIL_AVG_50CM"":true,""WIND_SPEED_10M"":true,""WIND_SPEED_AVG_30M"":true,""WIND_GUSTS_SPEED"":true,""HUMIDITY_REL_SHELTER_AVG"":false,""PRESSURE"":true,""SUN_DURATION"":false,""SHORT_WAVE_FROM_SKY_AVG"":false,""SUN_INT_AVG"":false}}"
aws_1day.fid--65986ded_19d21fbe95f_29f1,POINT (50.096 4.595),6455,2019-08-18T00:00:00,5.2,15.48,18.3,10.74,15.88,16.96,17.55,17.53,17.47,17.24,2.52,,12.7,96.03,980.27,83.57,65.32,24.98,"{""validated"":{""PRECIP_QUANTITY"":true,""TEMP_AVG"":true,""TEMP_MAX"":true,""TEMP_MIN"":true,""TEMP_GRASS_PT100_AVG"":true,""TEMP_SOIL_AVG"":true,""TEMP_SOIL_AVG_5CM"":true,""TEMP_SOIL_AVG_10CM"":true,""TEMP_SOIL_AVG_20CM"":true,""TEMP_SOIL_AVG_50CM"":true,""WIND_SPEED_10M"":true,""WIND_SPEED_AVG_30M"":false,""WIND_GUSTS_SPEED"":true,""HUMIDITY_REL_SHELTER_AVG"":false,""PRESSURE"":true,""SUN_DURATION"":false,""SHORT_WAVE_FROM_SKY_AVG"":false,""SUN_INT_AVG"":false}}"
aws_1day.fid--65986ded_19d21fbe95f_29f0,POINT (51.325 4.364),6438,2019-08-18T00:00:00,3.38,17.28,21.36,15.03,17.88,17.37,17.62,17.7,17.09,18.74,4.13,,12.55,83.13,1006.82,222.58,97.61,85.37,"{""validated"":{""PRECIP_QUANTITY"":true,""TEMP_AVG"":true,""TEMP_MAX"":true,""TEMP_MIN"":true,""TEMP_GRASS_PT100_AVG"":true,""TEMP_SOIL_AVG"":true,""TEMP_SOIL_AVG_5CM"":true,""TEMP_SOIL_AVG_10CM"":true,""TEMP_SOIL_AVG_20CM"":true,""TEMP_SOIL_AVG_50CM"":true,""WIND_SPEED_10M"":true,""WIND_SPEED_AVG_30M"":false,""WIND_GUSTS_SPEED"":true,""HUMIDITY_REL_SHELTER_AVG"":true,""PRESSURE"":true,""SUN_DURATION"":false,""SHORT_WAVE_FROM_SKY_AVG"":false,""SUN_INT_AVG"":false}}"
aws_1day.fid--65986ded_19d21fbe95f_29ee,POINT (50.511 6.073),6494,2019-08-18T00:00:00,15.62,13.76,17.75,9.33,,14.53,14.92,14.95,14.84,14.43,4.69,,14.99,97.57,932.03,0.0,50.87,2.12,"{""validated"":{""PRECIP_QUANTITY"":true,""TEMP_AVG"":true,""TEMP_MAX"":true,""TEMP_MIN"":true,""TEMP_GRASS_PT100_AVG"":false,""TEMP_SOIL_AVG"":true,""TEMP_SOIL_AVG_5CM"":true,""TEMP_SOIL_AVG_10CM"":true,""TEMP_SOIL_AVG_20CM"":true,""TEMP_SOIL_AVG_50CM"":true,""WIND_SPEED_10M"":true,""WIND_SPEED_AVG_30M"":false,""WIND_GUSTS_SPEED"":true,""HUMIDITY_REL_SHELTER_AVG"":true,""PRESSURE"":true,""SUN_DURATION"":false,""SHORT_WAVE_FROM_SKY_AVG"":false,""SUN_INT_AVG"":false}}"
aws_1day.fid--65986ded_19d21fbe95f_29ed,POINT (50.916 5.45),6477,2019-08-18T00:00:00,18.06,16.37,20.27,13.43,16.62,17.61,17.79,17.93,16.32,17.96,2.38,,8.32,90.52,1003.39,139.67,87.92,35.99,"{""validated"":{""PRECIP_QUANTITY"":true,""TEMP_AVG"":true,""TEMP_MAX"":true,""TEMP_MIN"":true,""TEMP_GRASS_PT100_AVG"":true,""TEMP_SOIL_AVG"":true,""TEMP_SOIL_AVG_5CM"":true,""TEMP_SOIL_AVG_10CM"":true,""TEMP_SOIL_AVG_20CM"":true,""TEMP_SOIL_AVG_50CM"":true,""WIND_SPEED_10M"":true,""WIND_SPEED_AVG_30M"":false,""WIND_GUSTS_SPEED"":true,""HUMIDITY_REL_SHELTER_AVG"":true,""PRESSURE"":true,""SUN_DURATION"":false,""SHORT_WAVE_FROM_SKY_AVG"":false,""SUN_INT_AVG"":false}}"
aws_1day.fid--65986ded_19d21fbe95f_29f3,POINT (49.62 5.587),6484,2019-08-18T00:00:00,3.86,,,,,,,,,,2.91,,13.67,,971.22,,,,"{""validated"":{""PRECIP_QUANTITY"":false,""TEMP_AVG"":false,""TEMP_MAX"":false,""TEMP_MIN"":false,""TEMP_GRASS_PT100_AVG"":false,""TEMP_SOIL_AVG"":false,""TEMP_SOIL_AVG_5CM"":false,""TEMP_SOIL_AVG_10CM"":false,""TEMP_SOIL_AVG_20CM"":false,""TEMP_SOIL_AVG_50CM"":false,""WIND_SPEED_10M"":false,""WIND_SPEED_AVG_30M"":false,""WIND_GUSTS_SPEED"":false,""HUMIDITY_REL_SHELTER_AVG"":false,""PRESSURE"":false,""SUN_DURATION"":false,""SHORT_WAVE_FROM_SKY_AVG"":false,""SUN_INT_AVG"":false}}"
aws_1day.fid--65986ded_19d21fbe95f_2a06,POINT (50.916 5.45),6477,2019-08-19T00:00:00,0.0,16.69,22.0,11.54,16.98,18.2,17.82,17.68,15.91,17.67,3.36,,11.29,74.93,1012.45,671.0,249.81,302.59,"{""validated"":{""PRECIP_QUANTITY"":true,""TEMP_AVG"":true,""TEMP_MAX"":true,""TEMP_MIN"":true,""TEMP_GRASS_PT100_AVG"":true,""TEMP_SOIL_AVG"":true,""TEMP_SOIL_AVG_5CM"":true,""TEMP_SOIL_AVG_10CM"":true,""TEMP_SOIL_AVG_20CM"":true,""TEMP_SOIL_AVG_50CM"":true,""WIND_SPEED_10M"":true,""WIND_SPEED_AVG_30M"":false,""WIND_GUSTS_SPEED"":true,""HUMIDITY_REL_SHELTER_AVG"":true,""PRESSURE"":true,""SUN_DURATION"":false,""SHORT_WAVE_FROM_SKY_AVG"":false,""SUN_INT_AVG"":false}}"
aws_1day.fid--65986ded_19d21fbe95f_2a05,POINT (51.075 4.525),6439,2019-08-19T00:00:00,0.0,17.14,21.42,13.67,18.1,16.98,17.1,17.33,17.77,18.38,4.0,,10.82,70.87,1015.58,599.58,213.69,239.11,"{""validated"":{""PRECIP_QUANTITY"":true,""TEMP_AVG"":true,""TEMP_MAX"":true,""TEMP_MIN"":true,""TEMP_GRASS_PT100_AVG"":true,""TEMP_SOIL_AVG"":true,""TEMP_SOIL_AVG_5CM"":false,""TEMP_SOIL_AVG_10CM"":true,""TEMP_SOIL_AVG_20CM"":true,""TEMP_SOIL_AVG_50CM"":true,""WIND_SPEED_10M"":true,""WIND_SPEED_AVG_30M"":false,""WIND_GUSTS_SPEED"":true,""HUMIDITY_REL_SHELTER_AVG"":false,""PRESSURE"":true,""SUN_DURATION"":false,""SHORT_WAVE_FROM_SKY_AVG"":false,""SUN_INT_AVG"":false}}"
aws_1day.fid--65986ded_19d21fbe95f_2a04,POINT (51.325 4.364),6438,2019-08-19T00:00:00,0.15,17.35,22.09,13.49,18.2,17.69,17.21,17.19,16.46,18.37,5.7,,13.43,71.43,1015.67,600.83,203.74,262.25,"{""validated"":{""PRECIP_QUANTITY"":true,""TEMP_AVG"":true,""TEMP_MAX"":true,""TEMP_MIN"":true,""TEMP_GRASS_PT100_AVG"":true,""TEMP_SOIL_AVG"":true,""TEMP_SOIL_AVG_5CM"":true,""TEMP_SOIL_AVG_10CM"":true,""TEMP_SOIL_AVG_20CM"":true,""TEMP_SOIL_AVG_50CM"":true,""WIND_SPEED_10M"":true,""WIND_SPEED_AVG_30M"":false,""WIND_GUSTS_SPEED"":true,""HUMIDITY_REL_SHELTER_AVG"":true,""PRESSURE"":true,""SUN_DURATION"":false,""SHORT_WAVE_FROM_SKY_AVG"":false,""SUN_INT_AVG"":false}}"
aws_1day.fid--65986ded_19d21fbe95f_2a03,POINT (49.62 5.587),6484,2019-08-19T00:00:00,0.0,14.81,20.04,8.66,24.15,15.86,16.95,16.8,17.64,17.73,2.06,,9.13,83.4,980.28,467.5,207.88,189.28,"{""validated"":{""PRECIP_QUANTITY"":false,""TEMP_AVG"":false,""TEMP_MAX"":false,""TEMP_MIN"":false,""TEMP_GRASS_PT100_AVG"":false,""TEMP_SOIL_AVG"":false,""TEMP_SOIL_AVG_5CM"":false,""TEMP_SOIL_AVG_10CM"":false,""TEMP_SOIL_AVG_20CM"":false,""TEMP_SOIL_AVG_50CM"":false,""WIND_SPEED_10M"":false,""WIND_SPEED_AVG_30M"":false,""WIND_GUSTS_SPEED"":false,""HUMIDITY_REL_SHELTER_AVG"":false,""PRESSURE"":false,""SUN_DURATION"":false,""SHORT_WAVE_FROM_SKY_AVG"":false,""SUN_INT_AVG"":false}}"
aws_1day.fid--65986ded_19d21fbe95f_2a02,POINT (50.096 4.595),6455,2019-08-19T00:00:00,0.03,14.92,20.79,9.87,16.48,16.39,16.68,16.77,16.88,17.14,2.33,,9.13,78.66,989.47,582.6,220.82,278.54,"{""validated"":{""PRECIP_QUANTITY"":true,""TEMP_AVG"":true,""TEMP_MAX"":true,""TEMP_MIN"":true,""TEMP_GRASS_PT100_AVG"":true,""TEMP_SOIL_AVG"":true,""TEMP_SOIL_AVG_5CM"":true,""TEMP_SOIL_AVG_10CM"":true,""TEMP_SOIL_AVG_20CM"":true,""TEMP_SOIL_AVG_50CM"":true,""WIND_SPEED_10M"":true,""WIND_SPEED_AVG_30M"":false,""WIND_GUSTS_SPEED"":true,""HUMIDITY_REL_SHELTER_AVG"":false,""PRESSURE"":true,""SUN_DURATION"":false,""SHORT_WAVE_FROM_SKY_AVG"":false,""SUN_INT_AVG"":false}}"
aws_1day.fid--65986ded_19d21fbe95f_2a01,POINT (51.348 3.202),6418,2019-08-19T00:00:00,0.21,16.81,19.95,14.38,,,,,,,7.33,,14.78,75.01,1014.19,617.5,,256.58,"{""validated"":{""PRECIP_QUANTITY"":true,""TEMP_AVG"":true,""TEMP_MAX"":true,""TEMP_MIN"":true,""TEMP_GRASS_PT100_AVG"":false,""TEMP_SOIL_AVG"":false,""TEMP_SOIL_AVG_5CM"":false,""TEMP_SOIL_AVG_10CM"":false,""TEMP_SOIL_AVG_20CM"":false,""TEMP_SOIL_AVG_50CM"":false,""WIND_SPEED_10M"":true,""WIND_SPEED_AVG_30M"":false,""WIND_GUSTS_SPEED"":true,""HUMIDITY_REL_SHELTER_AVG"":true,""PRESSURE"":true,""SUN_DURATION"":false,""SHORT_WAVE_FROM_SKY_AVG"":false,""SUN_INT_AVG"":false}}"
aws_1day.fid--65986ded_19d21fbe95f_2a00,POINT (50.511 6.073),6494,2019-08-19T00:00:00,0.01,12.43,17.39,8.16,,15.3,14.64,14.58,14.47,14.32,3.66,,10.59,78.03,939.94,,231.26,,"{""validated"":{""PRECIP_QUANTITY"":true,""TEMP_AVG"":true,""TEMP_MAX"":true,""TEMP_MIN"":true,""TEMP_GRASS_PT100_AVG"":false,""TEMP_SOIL_AVG"":true,""TEMP_SOIL_AVG_5CM"":true,""TEMP_SOIL_AVG_10CM"":true,""TEMP_SOIL_AVG_20CM"":true,""TEMP_SOIL_AVG_50CM"":true,""WIND_SPEED_10M"":true,""WIND_SPEED_AVG_30M"":false,""WIND_GUSTS_SPEED"":true,""HUMIDITY_REL_SHELTER_AVG"":true,""PRESSURE"":true,""SUN_DURATION"":true,""SHORT_WAVE_FROM_SKY_AVG"":false,""SUN_INT_AVG"":true}}"
aws_1day.fid--65986ded_19d21fbe95f_29fe,POINT (50.194 5.255),6472,2019-08-19T00:00:00,0.0,15.18,20.15,10.04,15.93,16.48,15.86,16.3,16.48,16.66,3.55,4.67,11.34,68.5,983.92,650.42,238.32,321.35,"{""validated"":{""PRECIP_QUANTITY"":true,""TEMP_AVG"":true,""TEMP_MAX"":true,""TEMP_MIN"":true,""TEMP_GRASS_PT100_AVG"":true,""TEMP_SOIL_AVG"":true,""TEMP_SOIL_AVG_5CM"":true,""TEMP_SOIL_AVG_10CM"":true,""TEMP_SOIL_AVG_20CM"":true,""TEMP_SOIL_AVG_50CM"":true,""WIND_SPEED_10M"":true,""WIND_SPEED_AVG_30M"":true,""WIND_GUSTS_SPEED"":true,""HUMIDITY_REL_SHELTER_AVG"":true,""PRESSURE"":true,""SUN_DURATION"":false,""SHORT_WAVE_FROM_SKY_AVG"":false,""SUN_INT_AVG"":false}}"
aws_1day.fid--65986ded_19d21fbe95f_29fd,POINT (51.221 5.027),6464,2019-08-19T00:00:00,0.0,16.52,21.43,12.7,17.21,17.67,17.56,17.73,17.98,18.22,2.65,,8.69,72.69,1014.06,579.17,205.82,244.04,"{""validated"":{""PRECIP_QUANTITY"":true,""TEMP_AVG"":true,""TEMP_MAX"":true,""TEMP_MIN"":true,""TEMP_GRASS_PT100_AVG"":true,""TEMP_SOIL_AVG"":true,""TEMP_SOIL_AVG_5CM"":true,""TEMP_SOIL_AVG_10CM"":true,""TEMP_SOIL_AVG_20CM"":true,""TEMP_SOIL_AVG_50CM"":true,""WIND_SPEED_10M"":true,""WIND_SPEED_AVG_30M"":false,""WIND_GUSTS_SPEED"":true,""HUMIDITY_REL_SHELTER_AVG"":true,""PRESSURE"":true,""SUN_DURATION"":false,""SHORT_WAVE_FROM_SKY_AVG"":false,""SUN_INT_AVG"":false}}"
aws_1day.fid--65986ded_19d21fbe95f_29fc,POINT (50.582 4.689),6459,2019-08-19T00:00:00,0.03,16.01,21.12,11.75,17.39,17.47,16.26,16.2,16.6,17.08,4.31,,12.46,71.14,998.7,643.25,243.3,284.03,"{""validated"":{""PRECIP_QUANTITY"":true,""TEMP_AVG"":true,""TEMP_MAX"":true,""TEMP_MIN"":true,""TEMP_GRASS_PT100_AVG"":true,""TEMP_SOIL_AVG"":true,""TEMP_SOIL_AVG_5CM"":true,""TEMP_SOIL_AVG_10CM"":true,""TEMP_SOIL_AVG_20CM"":true,""TEMP_SOIL_AVG_50CM"":true,""WIND_SPEED_10M"":true,""WIND_SPEED_AVG_30M"":false,""WIND_GUSTS_SPEED"":true,""HUMIDITY_REL_SHELTER_AVG"":true,""PRESSURE"":true,""SUN_DURATION"":false,""SHORT_WAVE_FROM_SKY_AVG"":false,""SUN_INT_AVG"":false}}"
aws_1day.fid--65986ded_19d21fbe95f_29fb,POINT (50.98 3.816),6434,2019-08-19T00:00:00,0.0,16.54,21.15,12.86,18.79,18.16,17.29,17.38,17.57,18.06,4.24,5.4,13.38,72.1,1014.82,706.33,228.25,288.99,"{""validated"":{""PRECIP_QUANTITY"":true,""TEMP_AVG"":true,""TEMP_MAX"":true,""TEMP_MIN"":true,""TEMP_GRASS_PT100_AVG"":true,""TEMP_SOIL_AVG"":true,""TEMP_SOIL_AVG_5CM"":true,""TEMP_SOIL_AVG_10CM"":true,""TEMP_SOIL_AVG_20CM"":true,""TEMP_SOIL_AVG_50CM"":true,""WIND_SPEED_10M"":true,""WIND_SPEED_AVG_30M"":true,""WIND_GUSTS_SPEED"":true,""HUMIDITY_REL_SHELTER_AVG"":false,""PRESSURE"":true,""SUN_DURATION"":false,""SHORT_WAVE_FROM_SKY_AVG"":false,""SUN_INT_AVG"":false}}"
aws_1day.fid--65986ded_19d21fbe95f_29fa,POINT (50.797 4.358),6447,2019-08-19T00:00:00,0.03,16.43,20.66,12.49,17.57,17.15,17.15,17.43,17.8,18.36,,3.65,10.71,70.27,1004.33,,189.5,,"{""validated"":{""PRECIP_QUANTITY"":true,""TEMP_AVG"":true,""TEMP_MAX"":true,""TEMP_MIN"":true,""TEMP_GRASS_PT100_AVG"":true,""TEMP_SOIL_AVG"":true,""TEMP_SOIL_AVG_5CM"":true,""TEMP_SOIL_AVG_10CM"":true,""TEMP_SOIL_AVG_20CM"":true,""TEMP_SOIL_AVG_50CM"":true,""WIND_SPEED_10M"":false,""WIND_SPEED_AVG_30M"":true,""WIND_GUSTS_SPEED"":true,""HUMIDITY_REL_SHELTER_AVG"":false,""PRESSURE"":true,""SUN_DURATION"":false,""SHORT_WAVE_FROM_SKY_AVG"":false,""SUN_INT_AVG"":false}}"
aws_1day.fid--65986ded_19d21fbe95f_29ff,POINT (50.904 3.122),6414,2019-08-19T00:00:00,1.63,15.88,20.75,11.96,15.66,15.55,16.06,16.4,16.8,17.51,4.33,,13.03,78.08,1013.72,630.0,206.85,254.64,"{""validated"":{""PRECIP_QUANTITY"":true,""TEMP_AVG"":true,""TEMP_MAX"":true,""TEMP_MIN"":true,""TEMP_GRASS_PT100_AVG"":true,""TEMP_SOIL_AVG"":true,""TEMP_SOIL_AVG_5CM"":true,""TEMP_SOIL_AVG_10CM"":true,""TEMP_SOIL_AVG_20CM"":true,""TEMP_SOIL_AVG_50CM"":true,""WIND_SPEED_10M"":true,""WIND_SPEED_AVG_30M"":false,""WIND_GUSTS_SPEED"":true,""HUMIDITY_REL_SHELTER_AVG"":true,""PRESSURE"":true,""SUN_DURATION"":false,""SHORT_WAVE_FROM_SKY_AVG"":false,""SUN_INT_AVG"":false}}"
aws_1day.fid--65986ded_19d21fbe95f_2a0e,POINT (50.511 6.073),6494,2019-08-20T00:00:00,0.0,11.4,16.89,5.35,,13.78,13.82,13.93,14.04,14.18,2.4,,8.68,78.55,945.32,,212.97,,"{""validated"":{""PRECIP_QUANTITY"":true,""TEMP_AVG"":true,""TEMP_MAX"":true,""TEMP_MIN"":true,""TEMP_GRASS_PT100_AVG"":false,""TEMP_SOIL_AVG"":true,""TEMP_SOIL_AVG_5CM"":true,""TEMP_SOIL_AVG_10CM"":true,""TEMP_SOIL_AVG_20CM"":true,""TEMP_SOIL_AVG_50CM"":true,""WIND_SPEED_10M"":true,""WIND_SPEED_AVG_30M"":false,""WIND_GUSTS_SPEED"":true,""HUMIDITY_REL_SHELTER_AVG"":true,""PRESSURE"":true,""SUN_DURATION"":true,""SHORT_WAVE_FROM_SKY_AVG"":false,""SUN_INT_AVG"":true}}"
aws_1day.fid--65986ded_19d21fbe95f_2a13,POINT (50.904 3.122),6414,2019-08-20T00:00:00,0.0,15.65,21.44,9.68,15.31,15.93,16.23,16.45,16.63,17.19,3.15,,9.6,76.45,1020.86,599.5,211.06,246.05,"{""validated"":{""PRECIP_QUANTITY"":true,""TEMP_AVG"":true,""TEMP_MAX"":true,""TEMP_MIN"":true,""TEMP_GRASS_PT100_AVG"":true,""TEMP_SOIL_AVG"":true,""TEMP_SOIL_AVG_5CM"":true,""TEMP_SOIL_AVG_10CM"":true,""TEMP_SOIL_AVG_20CM"":true,""TEMP_SOIL_AVG_50CM"":true,""WIND_SPEED_10M"":true,""WIND_SPEED_AVG_30M"":false,""WIND_GUSTS_SPEED"":true,""HUMIDITY_REL_SHELTER_AVG"":true,""PRESSURE"":true,""SUN_DURATION"":false,""SHORT_WAVE_FROM_SKY_AVG"":false,""SUN_INT_AVG"":false}}"
aws_1day.fid--65986ded_19d21fbe95f_2a12,POINT (51.325 4.364),6438,2019-08-20T00:00:00,0.0,16.61,20.55,12.08,17.69,19.01,18.34,18.08,16.94,18.21,3.86,,10.24,76.38,1022.93,702.92,215.09,295.89,"{""validated"":{""PRECIP_QUANTITY"":true,""TEMP_AVG"":true,""TEMP_MAX"":true,""TEMP_MIN"":true,""TEMP_GRASS_PT100_AVG"":true,""TEMP_SOIL_AVG"":true,""TEMP_SOIL_AVG_5CM"":true,""TEMP_SOIL_AVG_10CM"":true,""TEMP_SOIL_AVG_20CM"":true,""TEMP_SOIL_AVG_50CM"":true,""WIND_SPEED_10M"":true,""WIND_SPEED_AVG_30M"":false,""WIND_GUSTS_SPEED"":true,""HUMIDITY_REL_SHELTER_AVG"":true,""PRESSURE"":true,""SUN_DURATION"":false,""SHORT_WAVE_FROM_SKY_AVG"":false,""SUN_INT_AVG"":false}}"
aws_1day.fid--65986ded_19d21fbe95f_2a11,POINT (51.348 3.202),6418,2019-08-20T00:00:00,0.0,16.75,19.75,13.46,,,,,,,5.41,,10.53,73.53,1021.89,779.75,,343.36,"{""validated"":{""PRECIP_QUANTITY"":true,""TEMP_AVG"":true,""TEMP_MAX"":true,""TEMP_MIN"":true,""TEMP_GRASS_PT100_AVG"":false,""TEMP_SOIL_AVG"":false,""TEMP_SOIL_AVG_5CM"":false,""TEMP_SOIL_AVG_10CM"":false,""TEMP_SOIL_AVG_20CM"":false,""TEMP_SOIL_AVG_50CM"":false,""WIND_SPEED_10M"":true,""WIND_SPEED_AVG_30M"":false,""WIND_GUSTS_SPEED"":true,""HUMIDITY_REL_SHELTER_AVG"":true,""PRESSURE"":true,""SUN_DURATION"":false,""SHORT_WAVE_FROM_SKY_AVG"":false,""SUN_INT_AVG"":false}}"
aws_1day.fid--65986ded_19d21fbe95f_2a0f,POINT (50.582 4.689),6459,2019-08-20T00:00:00,0.09,15.31,21.14,9.68,16.27,18.27,16.4,16.37,16.68,16.89,3.15,,9.59,73.62,1005.13,636.17,241.92,272.42,"{""validated"":{""PRECIP_QUANTITY"":true,""TEMP_AVG"":true,""TEMP_MAX"":true,""TEMP_MIN"":true,""TEMP_GRASS_PT100_AVG"":true,""TEMP_SOIL_AVG"":true,""TEMP_SOIL_AVG_5CM"":true,""TEMP_SOIL_AVG_10CM"":true,""TEMP_SOIL_AVG_20CM"":true,""TEMP_SOIL_AVG_50CM"":true,""WIND_SPEED_10M"":true,""WIND_SPEED_AVG_30M"":false,""WIND_GUSTS_SPEED"":true,""HUMIDITY_REL_SHELTER_AVG"":true,""PRESSURE"":true,""SUN_DURATION"":false,""SHORT_WAVE_FROM_SKY_AVG"":false,""SUN_INT_AVG"":false}}"
aws_1day.fid--65986ded_19d21fbe95f_2a0d,POINT (51.221 5.027),6464,2019-08-20T00:00:00,0.56,15.75,21.73,9.45,16.3,19.01,18.57,18.43,18.24,18.0,1.66,,7.57,76.91,1021.02,636.25,243.3,273.2,"{""validated"":{""PRECIP_QUANTITY"":false,""TEMP_AVG"":true,""TEMP_MAX"":true,""TEMP_MIN"":true,""TEMP_GRASS_PT100_AVG"":true,""TEMP_SOIL_AVG"":true,""TEMP_SOIL_AVG_5CM"":true,""TEMP_SOIL_AVG_10CM"":true,""TEMP_SOIL_AVG_20CM"":true,""TEMP_SOIL_AVG_50CM"":true,""WIND_SPEED_10M"":true,""WIND_SPEED_AVG_30M"":false,""WIND_GUSTS_SPEED"":true,""HUMIDITY_REL_SHELTER_AVG"":true,""PRESSURE"":true,""SUN_DURATION"":false,""SHORT_WAVE_FROM_SKY_AVG"":false,""SUN_INT_AVG"":false}}"
aws_1day.fid--65986ded_19d21fbe95f_2a10,POINT (50.916 5.45),6477,2019-08-20T00:00:00,0.06,15.59,21.67,8.97,16.07,18.43,17.67,17.56,15.83,17.56,2.03,,7.68,77.46,1019.1,678.08,229.85,268.42,"{""validated"":{""PRECIP_QUANTITY"":true,""TEMP_AVG"":true,""TEMP_MAX"":true,""TEMP_MIN"":true,""TEMP_GRASS_PT100_AVG"":true,""TEMP_SOIL_AVG"":true,""TEMP_SOIL_AVG_5CM"":true,""TEMP_SOIL_AVG_10CM"":true,""TEMP_SOIL_AVG_20CM"":true,""TEMP_SOIL_AVG_50CM"":true,""WIND_SPEED_10M"":true,""WIND_SPEED_AVG_30M"":false,""WIND_GUSTS_SPEED"":true,""HUMIDITY_REL_SHELTER_AVG"":true,""PRESSURE"":true,""SUN_DURATION"":false,""SHORT_WAVE_FROM_SKY_AVG"":false,""SUN_INT_AVG"":false}}"
aws_1day.fid--65986ded_19d21fbe95f_2a0b,POINT (50.98 3.816),6434,2019-08-20T00:00:00,0.0,15.89,21.45,10.96,18.63,19.42,18.25,17.96,17.79,17.87,2.83,3.82,9.54,75.33,1021.88,637.0,220.15,278.85,"{""validated"":{""PRECIP_QUANTITY"":true,""TEMP_AVG"":true,""TEMP_MAX"":true,""TEMP_MIN"":true,""TEMP_GRASS_PT100_AVG"":true,""TEMP_SOIL_AVG"":true,""TEMP_SOIL_AVG_5CM"":true,""TEMP_SOIL_AVG_10CM"":true,""TEMP_SOIL_AVG_20CM"":true,""TEMP_SOIL_AVG_50CM"":true,""WIND_SPEED_10M"":true,""WIND_SPEED_AVG_30M"":true,""WIND_GUSTS_SPEED"":true,""HUMIDITY_REL_SHELTER_AVG"":false,""PRESSURE"":true,""SUN_DURATION"":false,""SHORT_WAVE_FROM_SKY_AVG"":false,""SUN_INT_AVG"":false}}"
aws_1day.fid--65986ded_19d21fbe95f_2a0a,POINT (50.797 4.358),6447,2019-08-20T00:00:00,0.0,16.29,21.36,11.7,17.62,17.47,17.35,17.46,17.64,18.08,,2.53,9.01,73.46,1011.05,,215.78,,"{""validated"":{""PRECIP_QUANTITY"":true,""TEMP_AVG"":true,""TEMP_MAX"":true,""TEMP_MIN"":true,""TEMP_GRASS_PT100_AVG"":true,""TEMP_SOIL_AVG"":true,""TEMP_SOIL_AVG_5CM"":true,""TEMP_SOIL_AVG_10CM"":true,""TEMP_SOIL_AVG_20CM"":true,""TEMP_SOIL_AVG_50CM"":true,""WIND_SPEED_10M"":false,""WIND_SPEED_AVG_30M"":true,""WIND_GUSTS_SPEED"":true,""HUMIDITY_REL_SHELTER_AVG"":false,""PRESSURE"":true,""SUN_DURATION"":false,""SHORT_WAVE_FROM_SKY_AVG"":false,""SUN_INT_AVG"":false}}"
aws_1day.fid--65986ded_19d21fbe95f_2a0c,POINT (50.096 4.595),6455,2019-08-20T00:00:00,0.0,14.13,20.59,8.21,15.78,16.36,16.58,16.61,16.68,16.95,1.43,,6.68,78.25,995.6,656.59,211.46,248.13,"{""validated"":{""PRECIP_QUANTITY"":true,""TEMP_AVG"":true,""TEMP_MAX"":true,""TEMP_MIN"":true,""TEMP_GRASS_PT100_AVG"":true,""TEMP_SOIL_AVG"":true,""TEMP_SOIL_AVG_5CM"":true,""TEMP_SOIL_AVG_10CM"":true,""TEMP_SOIL_AVG_20CM"":true,""TEMP_SOIL_AVG_50CM"":true,""WIND_SPEED_10M"":true,""WIND_SPEED_AVG_30M"":false,""WIND_GUSTS_SPEED"":true,""HUMIDITY_REL_SHELTER_AVG"":false,""PRESSURE"":true,""SUN_DURATION"":false,""SHORT_WAVE_FROM_SKY_AVG"":false,""SUN_INT_AVG"":false}}"
aws_1day.fid--65986ded_19d21fbe95f_2a09,POINT (51.075 4.525),6439,2019-08-20T00:00:00,0.0,16.36,21.7,10.62,17.43,17.4,17.45,17.54,17.68,18.09,2.47,,8.26,75.68,1022.57,541.67,208.29,225.6,"{""validated"":{""PRECIP_QUANTITY"":true,""TEMP_AVG"":true,""TEMP_MAX"":true,""TEMP_MIN"":true,""TEMP_GRASS_PT100_AVG"":true,""TEMP_SOIL_AVG"":true,""TEMP_SOIL_AVG_5CM"":false,""TEMP_SOIL_AVG_10CM"":true,""TEMP_SOIL_AVG_20CM"":true,""TEMP_SOIL_AVG_50CM"":true,""WIND_SPEED_10M"":true,""WIND_SPEED_AVG_30M"":false,""WIND_GUSTS_SPEED"":true,""HUMIDITY_REL_SHELTER_AVG"":false,""PRESSURE"":true,""SUN_DURATION"":false,""SHORT_WAVE_FROM_SKY_AVG"":false,""SUN_INT_AVG"":false}}"
aws_1day.fid--65986ded_19d21fbe95f_2a08,POINT (50.194 5.255),6472,2019-08-20T00:00:00,0.0,14.21,19.74,8.48,15.24,16.28,15.64,16.03,16.19,16.44,2.32,3.18,8.75,70.81,989.96,631.25,211.53,224.13,"{""validated"":{""PRECIP_QUANTITY"":true,""TEMP_AVG"":true,""TEMP_MAX"":true,""TEMP_MIN"":true,""TEMP_GRASS_PT100_AVG"":true,""TEMP_SOIL_AVG"":true,""TEMP_SOIL_AVG_5CM"":true,""TEMP_SOIL_AVG_10CM"":true,""TEMP_SOIL_AVG_20CM"":true,""TEMP_SOIL_AVG_50CM"":true,""WIND_SPEED_10M"":true,""WIND_SPEED_AVG_30M"":true,""WIND_GUSTS_SPEED"":true,""HUMIDITY_REL_SHELTER_AVG"":true,""PRESSURE"":true,""SUN_DURATION"":false,""SHORT_WAVE_FROM_SKY_AVG"":false,""SUN_INT_AVG"":false}}"
aws_1day.fid--65986ded_19d21fbe95f_2a07,POINT (49.62 5.587),6484,2019-08-20T00:00:00,0.0,13.25,19.37,7.51,22.95,14.66,15.7,15.6,16.75,17.53,1.75,,5.65,84.7,986.11,337.42,179.54,70.92,"{""validated"":{""PRECIP_QUANTITY"":true,""TEMP_AVG"":true,""TEMP_MAX"":true,""TEMP_MIN"":true,""TEMP_GRASS_PT100_AVG"":false,""TEMP_SOIL_AVG"":true,""TEMP_SOIL_AVG_5CM"":true,""TEMP_SOIL_AVG_10CM"":true,""TEMP_SOIL_AVG_20CM"":true,""TEMP_SOIL_AVG_50CM"":true,""WIND_SPEED_10M"":true,""WIND_SPEED_AVG_30M"":false,""WIND_GUSTS_SPEED"":true,""HUMIDITY_REL_SHELTER_AVG"":false,""PRESSURE"":true,""SUN_DURATION"":false,""SHORT_WAVE_FROM_SKY_AVG"":false,""SUN_INT_AVG"":false}}"
aws_1day.fid--65986ded_19d21fbe95f_2a24,POINT (50.797 4.358),6447,2019-08-21T00:00:00,0.03,16.26,22.54,9.58,18.81,18.82,18.36,18.17,17.97,17.96,,1.55,4.56,71.55,1014.8,,242.61,,"{""validated"":{""PRECIP_QUANTITY"":true,""TEMP_AVG"":true,""TEMP_MAX"":true,""TEMP_MIN"":true,""TEMP_GRASS_PT100_AVG"":true,""TEMP_SOIL_AVG"":true,""TEMP_SOIL_AVG_5CM"":true,""TEMP_SOIL_AVG_10CM"":true,""TEMP_SOIL_AVG_20CM"":true,""TEMP_SOIL_AVG_50CM"":true,""WIND_SPEED_10M"":false,""WIND_SPEED_AVG_30M"":true,""WIND_GUSTS_SPEED"":true,""HUMIDITY_REL_SHELTER_AVG"":false,""PRESSURE"":true,""SUN_DURATION"":false,""SHORT_WAVE_FROM_SKY_AVG"":false,""SUN_INT_AVG"":false}}"
aws_1day.fid--65986ded_19d21fbe95f_2a25,POINT (50.194 5.255),6472,2019-08-21T00:00:00,0.0,14.7,21.42,7.32,17.97,17.7,16.78,16.66,16.39,16.29,1.66,2.05,6.93,69.41,993.14,731.08,235.34,297.51,"{""validated"":{""PRECIP_QUANTITY"":true,""TEMP_AVG"":true,""TEMP_MAX"":true,""TEMP_MIN"":true,""TEMP_GRASS_PT100_AVG"":true,""TEMP_SOIL_AVG"":true,""TEMP_SOIL_AVG_5CM"":true,""TEMP_SOIL_AVG_10CM"":true,""TEMP_SOIL_AVG_20CM"":true,""TEMP_SOIL_AVG_50CM"":true,""WIND_SPEED_10M"":true,""WIND_SPEED_AVG_30M"":true,""WIND_GUSTS_SPEED"":true,""HUMIDITY_REL_SHELTER_AVG"":true,""PRESSURE"":true,""SUN_DURATION"":false,""SHORT_WAVE_FROM_SKY_AVG"":false,""SUN_INT_AVG"":false}}"
aws_1day.fid--65986ded_19d21fbe95f_2a26,POINT (50.582 4.689),6459,2019-08-21T00:00:00,0.0,15.24,21.74,7.66,19.04,20.7,17.75,17.26,17.01,16.8,1.29,,4.41,71.64,1008.65,794.92,255.55,333.68,"{""validated"":{""PRECIP_QUANTITY"":true,""TEMP_AVG"":true,""TEMP_MAX"":true,""TEMP_MIN"":true,""TEMP_GRASS_PT100_AVG"":true,""TEMP_SOIL_AVG"":true,""TEMP_SOIL_AVG_5CM"":true,""TEMP_SOIL_AVG_10CM"":true,""TEMP_SOIL_AVG_20CM"":true,""TEMP_SOIL_AVG_50CM"":true,""WIND_SPEED_10M"":true,""WIND_SPEED_AVG_30M"":false,""WIND_GUSTS_SPEED"":true,""HUMIDITY_REL_SHELTER_AVG"":true,""PRESSURE"":true,""SUN_DURATION"":false,""SHORT_WAVE_FROM_SKY_AVG"":false,""SUN_INT_AVG"":false}}"
aws_1day.fid--65986ded_19d21fbe95f_2a27,POINT (50.98 3.816),6434,2019-08-21T00:00:00,0.0,15.79,22.88,9.03,18.22,21.9,19.68,19.14,18.62,17.96,1.35,1.79,6.58,72.47,1025.68,796.17,248.69,371.42,"{""validated"":{""PRECIP_QUANTITY"":true,""TEMP_AVG"":true,""TEMP_MAX"":true,""TEMP_MIN"":true,""TEMP_GRASS_PT100_AVG"":true,""TEMP_SOIL_AVG"":true,""TEMP_SOIL_AVG_5CM"":true,""TEMP_SOIL_AVG_10CM"":true,""TEMP_SOIL_AVG_20CM"":true,""TEMP_SOIL_AVG_50CM"":true,""WIND_SPEED_10M"":true,""WIND_SPEED_AVG_30M"":true,""WIND_GUSTS_SPEED"":true,""HUMIDITY_REL_SHELTER_AVG"":false,""PRESSURE"":true,""SUN_DURATION"":false,""SHORT_WAVE_FROM_SKY_AVG"":false,""SUN_INT_AVG"":false}}"
aws_1day.fid--65986ded_19d21fbe95f_2a28,POINT (51.221 5.027),6464,2019-08-21T00:00:00,0.0,15.14,22.23,7.3,16.16,20.67,19.59,19.29,18.86,18.11,0.64,,3.81,77.21,1025.25,740.33,249.39,312.16,"{""validated"":{""PRECIP_QUANTITY"":true,""TEMP_AVG"":true,""TEMP_MAX"":true,""TEMP_MIN"":true,""TEMP_GRASS_PT100_AVG"":true,""TEMP_SOIL_AVG"":true,""TEMP_SOIL_AVG_5CM"":true,""TEMP_SOIL_AVG_10CM"":true,""TEMP_SOIL_AVG_20CM"":true,""TEMP_SOIL_AVG_50CM"":true,""WIND_SPEED_10M"":true,""WIND_SPEED_AVG_30M"":false,""WIND_GUSTS_SPEED"":true,""HUMIDITY_REL_SHELTER_AVG"":true,""PRESSURE"":true,""SUN_DURATION"":false,""SHORT_WAVE_FROM_SKY_AVG"":false,""SUN_INT_AVG"":false}}"
aws_1day.fid--65986ded_19d21fbe95f_2a2b,POINT (50.904 3.122),6414,2019-08-21T00:00:00,0.0,15.65,23.09,8.51,16.51,18.56,17.9,17.71,17.13,17.04,1.56,,6.81,76.04,1024.51,780.92,241.35,341.39,"{""validated"":{""PRECIP_QUANTITY"":true,""TEMP_AVG"":true,""TEMP_MAX"":true,""TEMP_MIN"":true,""TEMP_GRASS_PT100_AVG"":true,""TEMP_SOIL_AVG"":true,""TEMP_SOIL_AVG_5CM"":true,""TEMP_SOIL_AVG_10CM"":true,""TEMP_SOIL_AVG_20CM"":true,""TEMP_SOIL_AVG_50CM"":true,""WIND_SPEED_10M"":true,""WIND_SPEED_AVG_30M"":false,""WIND_GUSTS_SPEED"":true,""HUMIDITY_REL_SHELTER_AVG"":true,""PRESSURE"":true,""SUN_DURATION"":false,""SHORT_WAVE_FROM_SKY_AVG"":false,""SUN_INT_AVG"":false}}"
aws_1day.fid--65986ded_19d21fbe95f_2a2a,POINT (51.075 4.525),6439,2019-08-21T00:00:00,0.0,16.01,22.37,8.86,19.21,20.04,19.17,18.82,18.24,18.02,1.16,,5.24,74.71,1026.59,794.0,262.19,334.01,"{""validated"":{""PRECIP_QUANTITY"":true,""TEMP_AVG"":true,""TEMP_MAX"":true,""TEMP_MIN"":true,""TEMP_GRASS_PT100_AVG"":true,""TEMP_SOIL_AVG"":true,""TEMP_SOIL_AVG_5CM"":false,""TEMP_SOIL_AVG_10CM"":true,""TEMP_SOIL_AVG_20CM"":true,""TEMP_SOIL_AVG_50CM"":true,""WIND_SPEED_10M"":true,""WIND_SPEED_AVG_30M"":false,""WIND_GUSTS_SPEED"":true,""HUMIDITY_REL_SHELTER_AVG"":false,""PRESSURE"":true,""SUN_DURATION"":false,""SHORT_WAVE_FROM_SKY_AVG"":false,""SUN_INT_AVG"":false}}"
aws_1day.fid--65986ded_19d21fbe95f_2a23,POINT (49.62 5.587),6484,2019-08-21T00:00:00,0.0,14.15,22.18,6.13,24.29,16.16,16.49,16.04,16.75,17.24,1.86,,5.3,76.97,989.02,695.25,246.29,255.89,"{""validated"":{""PRECIP_QUANTITY"":true,""TEMP_AVG"":true,""TEMP_MAX"":true,""TEMP_MIN"":true,""TEMP_GRASS_PT100_AVG"":false,""TEMP_SOIL_AVG"":true,""TEMP_SOIL_AVG_5CM"":true,""TEMP_SOIL_AVG_10CM"":true,""TEMP_SOIL_AVG_20CM"":true,""TEMP_SOIL_AVG_50CM"":true,""WIND_SPEED_10M"":true,""WIND_SPEED_AVG_30M"":false,""WIND_GUSTS_SPEED"":true,""HUMIDITY_REL_SHELTER_AVG"":false,""PRESSURE"":true,""SUN_DURATION"":false,""SHORT_WAVE_FROM_SKY_AVG"":false,""SUN_INT_AVG"":false}}"
aws_1day.fid--65986ded_19d21fbe95f_2a2c,POINT (50.511 6.073),6494,2019-08-21T00:00:00,0.0,13.38,19.1,7.57,,15.96,14.5,14.29,14.08,13.99,1.8,,5.47,70.76,948.84,,235.49,,"{""validated"":{""PRECIP_QUANTITY"":true,""TEMP_AVG"":true,""TEMP_MAX"":true,""TEMP_MIN"":true,""TEMP_GRASS_PT100_AVG"":false,""TEMP_SOIL_AVG"":true,""TEMP_SOIL_AVG_5CM"":true,""TEMP_SOIL_AVG_10CM"":true,""TEMP_SOIL_AVG_20CM"":true,""TEMP_SOIL_AVG_50CM"":true,""WIND_SPEED_10M"":true,""WIND_SPEED_AVG_30M"":false,""WIND_GUSTS_SPEED"":true,""HUMIDITY_REL_SHELTER_AVG"":true,""PRESSURE"":true,""SUN_DURATION"":true,""SHORT_WAVE_FROM_SKY_AVG"":false,""SUN_INT_AVG"":true}}"
aws_1day.fid--65986ded_19d21fbe95f_2a2d,POINT (50.916 5.45),6477,2019-08-21T00:00:00,0.0,15.25,22.84,6.98,17.24,20.24,18.81,18.36,16.16,17.54,0.88,,4.89,77.83,1023.09,778.25,259.72,328.97,"{""validated"":{""PRECIP_QUANTITY"":true,""TEMP_AVG"":true,""TEMP_MAX"":true,""TEMP_MIN"":true,""TEMP_GRASS_PT100_AVG"":true,""TEMP_SOIL_AVG"":true,""TEMP_SOIL_AVG_5CM"":true,""TEMP_SOIL_AVG_10CM"":true,""TEMP_SOIL_AVG_20CM"":true,""TEMP_SOIL_AVG_50CM"":true,""WIND_SPEED_10M"":true,""WIND_SPEED_AVG_30M"":false,""WIND_GUSTS_SPEED"":true,""HUMIDITY_REL_SHELTER_AVG"":false,""PRESSURE"":true,""SUN_DURATION"":false,""SHORT_WAVE_FROM_SKY_AVG"":false,""SUN_INT_AVG"":false}}"
aws_1day.fid--65986ded_19d21fbe95f_2a29,POINT (50.096 4.595),6455,2019-08-21T00:00:00,0.0,14.54,21.78,7.02,16.93,19.1,17.59,17.24,17.03,16.84,0.79,,3.97,77.1,998.72,740.08,232.6,322.47,"{""validated"":{""PRECIP_QUANTITY"":true,""TEMP_AVG"":true,""TEMP_MAX"":true,""TEMP_MIN"":true,""TEMP_GRASS_PT100_AVG"":true,""TEMP_SOIL_AVG"":true,""TEMP_SOIL_AVG_5CM"":true,""TEMP_SOIL_AVG_10CM"":true,""TEMP_SOIL_AVG_20CM"":true,""TEMP_SOIL_AVG_50CM"":true,""WIND_SPEED_10M"":true,""WIND_SPEED_AVG_30M"":false,""WIND_GUSTS_SPEED"":true,""HUMIDITY_REL_SHELTER_AVG"":true,""PRESSURE"":true,""SUN_DURATION"":false,""SHORT_WAVE_FROM_SKY_AVG"":false,""SUN_INT_AVG"":false}}"
aws_1day.fid--65986ded_19d21fbe95f_2a22,POINT (51.348 3.202),6418,2019-08-21T00:00:00,0.0,17.1,20.48,12.98,,,,,,,3.43,,5.53,74.78,1025.83,737.83,,289.27,"{""validated"":{""PRECIP_QUANTITY"":true,""TEMP_AVG"":true,""TEMP_MAX"":true,""TEMP_MIN"":true,""TEMP_GRASS_PT100_AVG"":false,""TEMP_SOIL_AVG"":false,""TEMP_SOIL_AVG_5CM"":false,""TEMP_SOIL_AVG_10CM"":false,""TEMP_SOIL_AVG_20CM"":false,""TEMP_SOIL_AVG_50CM"":false,""WIND_SPEED_10M"":true,""WIND_SPEED_AVG_30M"":false,""WIND_GUSTS_SPEED"":true,""HUMIDITY_REL_SHELTER_AVG"":true,""PRESSURE"":true,""SUN_DURATION"":false,""SHORT_WAVE_FROM_SKY_AVG"":false,""SUN_INT_AVG"":false}}"
aws_1day.fid--65986ded_19d21fbe95f_2a2e,POINT (51.325 4.364),6438,2019-08-21T00:00:00,0.0,16.07,22.63,9.09,18.59,22.17,19.64,19.12,17.62,18.45,1.34,,5.4,74.3,1027.1,778.42,243.96,341.53,"{""validated"":{""PRECIP_QUANTITY"":true,""TEMP_AVG"":true,""TEMP_MAX"":true,""TEMP_MIN"":true,""TEMP_GRASS_PT100_AVG"":true,""TEMP_SOIL_AVG"":true,""TEMP_SOIL_AVG_5CM"":true,""TEMP_SOIL_AVG_10CM"":true,""TEMP_SOIL_AVG_20CM"":true,""TEMP_SOIL_AVG_50CM"":true,""WIND_SPEED_10M"":true,""WIND_SPEED_AVG_30M"":false,""WIND_GUSTS_SPEED"":true,""HUMIDITY_REL_SHELTER_AVG"":true,""PRESSURE"":true,""SUN_DURATION"":false,""SHORT_WAVE_FROM_SKY_AVG"":false,""SUN_INT_AVG"":false}}"
aws_1day.fid--65986ded_19d21fbe95f_2a1f,POINT (50.916 5.45),6477,2019-08-21T00:00:00,0.0,15.25,22.84,6.98,17.24,20.24,18.81,18.36,16.16,17.54,0.88,,4.89,77.83,1023.09,778.25,259.72,328.97,"{""validated"":{""PRECIP_QUANTITY"":true,""TEMP_AVG"":true,""TEMP_MAX"":true,""TEMP_MIN"":true,""TEMP_GRASS_PT100_AVG"":true,""TEMP_SOIL_AVG"":true,""TEMP_SOIL_AVG_5CM"":true,""TEMP_SOIL_AVG_10CM"":true,""TEMP_SOIL_AVG_20CM"":true,""TEMP_SOIL_AVG_50CM"":true,""WIND_SPEED_10M"":true,""WIND_SPEED_AVG_30M"":false,""WIND_GUSTS_SPEED"":true,""HUMIDITY_REL_SHELTER_AVG"":false,""PRESSURE"":true,""SUN_DURATION"":false,""SHORT_WAVE_FROM_SKY_AVG"":false,""SUN_INT_AVG"":false}}"
aws_1day.fid--65986ded_19d21fbe95f_2a20,POINT (51.325 4.364),6438,2019-08-21T00:00:00,0.0,16.07,22.63,9.09,18.59,22.17,19.64,19.12,17.62,18.45,1.34,,5.4,74.3,1027.1,778.42,243.96,341.53,"{""validated"":{""PRECIP_QUANTITY"":true,""TEMP_AVG"":true,""TEMP_MAX"":true,""TEMP_MIN"":true,""TEMP_GRASS_PT100_AVG"":true,""TEMP_SOIL_AVG"":true,""TEMP_SOIL_AVG_5CM"":true,""TEMP_SOIL_AVG_10CM"":true,""TEMP_SOIL_AVG_20CM"":true,""TEMP_SOIL_AVG_50CM"":true,""WIND_SPEED_10M"":true,""WIND_SPEED_AVG_30M"":false,""WIND_GUSTS_SPEED"":true,""HUMIDITY_REL_SHELTER_AVG"":true,""PRESSURE"":true,""SUN_DURATION"":false,""SHORT_WAVE_FROM_SKY_AVG"":false,""SUN_INT_AVG"":false}}"
aws_1day.fid--65986ded_19d21fbe95f_2a14,POINT (51.348 3.202),6418,2019-08-21T00:00:00,0.0,17.1,20.48,12.98,,,,,,,3.43,,5.53,74.78,1025.83,737.83,,289.27,"{""validated"":{""PRECIP_QUANTITY"":true,""TEMP_AVG"":true,""TEMP_MAX"":true,""TEMP_MIN"":true,""TEMP_GRASS_PT100_AVG"":false,""TEMP_SOIL_AVG"":false,""TEMP_SOIL_AVG_5CM"":false,""TEMP_SOIL_AVG_10CM"":false,""TEMP_SOIL_AVG_20CM"":false,""TEMP_SOIL_AVG_50CM"":false,""WIND_SPEED_10M"":true,""WIND_SPEED_AVG_30M"":false,""WIND_GUSTS_SPEED"":true,""HUMIDITY_REL_SHELTER_AVG"":true,""PRESSURE"":true,""SUN_DURATION"":false,""SHORT_WAVE_FROM_SKY_AVG"":false,""SUN_INT_AVG"":false}}"
aws_1day.fid--65986ded_19d21fbe95f_2a15,POINT (49.62 5.587),6484,2019-08-21T00:00:00,0.0,14.15,22.18,6.13,24.29,16.16,16.49,16.04,16.75,17.24,1.86,,5.3,76.97,989.02,695.25,246.29,255.89,"{""validated"":{""PRECIP_QUANTITY"":true,""TEMP_AVG"":true,""TEMP_MAX"":true,""TEMP_MIN"":true,""TEMP_GRASS_PT100_AVG"":false,""TEMP_SOIL_AVG"":true,""TEMP_SOIL_AVG_5CM"":true,""TEMP_SOIL_AVG_10CM"":true,""TEMP_SOIL_AVG_20CM"":true,""TEMP_SOIL_AVG_50CM"":true,""WIND_SPEED_10M"":true,""WIND_SPEED_AVG_30M"":false,""WIND_GUSTS_SPEED"":true,""HUMIDITY_REL_SHELTER_AVG"":false,""PRESSURE"":true,""SUN_DURATION"":false,""SHORT_WAVE_FROM_SKY_AVG"":false,""SUN_INT_AVG"":false}}"
aws_1day.fid--65986ded_19d21fbe95f_2a17,POINT (50.194 5.255),6472,2019-08-21T00:00:00,0.0,14.7,21.42,7.32,17.97,17.7,16.78,16.66,16.39,16.29,1.66,2.05,6.93,69.41,993.14,731.08,235.34,297.51,"{""validated"":{""PRECIP_QUANTITY"":true,""TEMP_AVG"":true,""TEMP_MAX"":true,""TEMP_MIN"":true,""TEMP_GRASS_PT100_AVG"":true,""TEMP_SOIL_AVG"":true,""TEMP_SOIL_AVG_5CM"":true,""TEMP_SOIL_AVG_10CM"":true,""TEMP_SOIL_AVG_20CM"":true,""TEMP_SOIL_AVG_50CM"":true,""WIND_SPEED_10M"":true,""WIND_SPEED_AVG_30M"":true,""WIND_GUSTS_SPEED"":true,""HUMIDITY_REL_SHELTER_AVG"":true,""PRESSURE"":true,""SUN_DURATION"":false,""SHORT_WAVE_FROM_SKY_AVG"":false,""SUN_INT_AVG"":false}}"
aws_1day.fid--65986ded_19d21fbe95f_2a18,POINT (50.582 4.689),6459,2019-08-21T00:00:00,0.0,15.24,21.74,7.66,19.04,20.7,17.75,17.26,17.01,16.8,1.29,,4.41,71.64,1008.65,794.92,255.55,333.68,"{""validated"":{""PRECIP_QUANTITY"":true,""TEMP_AVG"":true,""TEMP_MAX"":true,""TEMP_MIN"":true,""TEMP_GRASS_PT100_AVG"":true,""TEMP_SOIL_AVG"":true,""TEMP_SOIL_AVG_5CM"":true,""TEMP_SOIL_AVG_10CM"":true,""TEMP_SOIL_AVG_20CM"":true,""TEMP_SOIL_AVG_50CM"":true,""WIND_SPEED_10M"":true,""WIND_SPEED_AVG_30M"":false,""WIND_GUSTS_SPEED"":true,""HUMIDITY_REL_SHELTER_AVG"":true,""PRESSURE"":true,""SUN_DURATION"":false,""SHORT_WAVE_FROM_SKY_AVG"":false,""SUN_INT_AVG"":false}}"
aws_1day.fid--65986ded_19d21fbe95f_2a16,POINT (50.797 4.358),6447,2019-08-21T00:00:00,0.03,16.26,22.54,9.58,18.81,18.82,18.36,18.17,17.97,17.96,,1.55,4.56,71.55,1014.8,,242.61,,"{""validated"":{""PRECIP_QUANTITY"":true,""TEMP_AVG"":true,""TEMP_MAX"":true,""TEMP_MIN"":true,""TEMP_GRASS_PT100_AVG"":true,""TEMP_SOIL_AVG"":true,""TEMP_SOIL_AVG_5CM"":true,""TEMP_SOIL_AVG_10CM"":true,""TEMP_SOIL_AVG_20CM"":true,""TEMP_SOIL_AVG_50CM"":true,""WIND_SPEED_10M"":false,""WIND_SPEED_AVG_30M"":true,""WIND_GUSTS_SPEED"":true,""HUMIDITY_REL_SHELTER_AVG"":false,""PRESSURE"":true,""SUN_DURATION"":false,""SHORT_WAVE_FROM_SKY_AVG"":false,""SUN_INT_AVG"":false}}"
aws_1day.fid--65986ded_19d21fbe95f_2a1a,POINT (51.221 5.027),6464,2019-08-21T00:00:00,0.0,15.14,22.23,7.3,16.16,20.67,19.59,19.29,18.86,18.11,0.64,,3.81,77.21,1025.25,740.33,249.39,312.16,"{""validated"":{""PRECIP_QUANTITY"":true,""TEMP_AVG"":true,""TEMP_MAX"":true,""TEMP_MIN"":true,""TEMP_GRASS_PT100_AVG"":true,""TEMP_SOIL_AVG"":true,""TEMP_SOIL_AVG_5CM"":true,""TEMP_SOIL_AVG_10CM"":true,""TEMP_SOIL_AVG_20CM"":true,""TEMP_SOIL_AVG_50CM"":true,""WIND_SPEED_10M"":true,""WIND_SPEED_AVG_30M"":false,""WIND_GUSTS_SPEED"":true,""HUMIDITY_REL_SHELTER_AVG"":true,""PRESSURE"":true,""SUN_DURATION"":false,""SHORT_WAVE_FROM_SKY_AVG"":false,""SUN_INT_AVG"":false}}"
aws_1day.fid--65986ded_19d21fbe95f_2a1b,POINT (50.096 4.595),6455,2019-08-21T00:00:00,0.0,14.54,21.78,7.02,16.93,19.1,17.59,17.24,17.03,16.84,0.79,,3.97,77.1,998.72,740.08,232.6,322.47,"{""validated"":{""PRECIP_QUANTITY"":true,""TEMP_AVG"":true,""TEMP_MAX"":true,""TEMP_MIN"":true,""TEMP_GRASS_PT100_AVG"":true,""TEMP_SOIL_AVG"":true,""TEMP_SOIL_AVG_5CM"":true,""TEMP_SOIL_AVG_10CM"":true,""TEMP_SOIL_AVG_20CM"":true,""TEMP_SOIL_AVG_50CM"":true,""WIND_SPEED_10M"":true,""WIND_SPEED_AVG_30M"":false,""WIND_GUSTS_SPEED"":true,""HUMIDITY_REL_SHELTER_AVG"":true,""PRESSURE"":true,""SUN_DURATION"":false,""SHORT_WAVE_FROM_SKY_AVG"":false,""SUN_INT_AVG"":false}}"
aws_1day.fid--65986ded_19d21fbe95f_2a1c,POINT (51.075 4.525),6439,2019-08-21T00:00:00,0.0,16.01,22.37,8.86,19.21,20.04,19.17,18.82,18.24,18.02,1.16,,5.24,74.71,1026.59,794.0,262.19,334.01,"{""validated"":{""PRECIP_QUANTITY"":true,""TEMP_AVG"":true,""TEMP_MAX"":true,""TEMP_MIN"":true,""TEMP_GRASS_PT100_AVG"":true,""TEMP_SOIL_AVG"":true,""TEMP_SOIL_AVG_5CM"":false,""TEMP_SOIL_AVG_10CM"":true,""TEMP_SOIL_AVG_20CM"":true,""TEMP_SOIL_AVG_50CM"":true,""WIND_SPEED_10M"":true,""WIND_SPEED_AVG_30M"":false,""WIND_GUSTS_SPEED"":true,""HUMIDITY_REL_SHELTER_AVG"":false,""PRESSURE"":true,""SUN_DURATION"":false,""SHORT_WAVE_FROM_SKY_AVG"":false,""SUN_INT_AVG"":false}}"
aws_1day.fid--65986ded_19d21fbe95f_2a1d,POINT (50.904 3.122),6414,2019-08-21T00:00:00,0.0,15.65,23.09,8.51,16.51,18.56,17.9,17.71,17.13,17.04,1.56,,6.81,76.04,1024.51,780.92,241.35,341.39,"{""validated"":{""PRECIP_QUANTITY"":true,""TEMP_AVG"":true,""TEMP_MAX"":true,""TEMP_MIN"":true,""TEMP_GRASS_PT100_AVG"":true,""TEMP_SOIL_AVG"":true,""TEMP_SOIL_AVG_5CM"":true,""TEMP_SOIL_AVG_10CM"":true,""TEMP_SOIL_AVG_20CM"":true,""TEMP_SOIL_AVG_50CM"":true,""WIND_SPEED_10M"":true,""WIND_SPEED_AVG_30M"":false,""WIND_GUSTS_SPEED"":true,""HUMIDITY_REL_SHELTER_AVG"":true,""PRESSURE"":true,""SUN_DURATION"":false,""SHORT_WAVE_FROM_SKY_AVG"":false,""SUN_INT_AVG"":false}}"
aws_1day.fid--65986ded_19d21fbe95f_2a1e,POINT (50.511 6.073),6494,2019-08-21T00:00:00,0.0,13.38,19.1,7.57,,15.96,14.5,14.29,14.08,13.99,1.8,,5.47,70.76,948.84,,235.49,,"{""validated"":{""PRECIP_QUANTITY"":true,""TEMP_AVG"":true,""TEMP_MAX"":true,""TEMP_MIN"":true,""TEMP_GRASS_PT100_AVG"":false,""TEMP_SOIL_AVG"":true,""TEMP_SOIL_AVG_5CM"":true,""TEMP_SOIL_AVG_10CM"":true,""TEMP_SOIL_AVG_20CM"":true,""TEMP_SOIL_AVG_50CM"":true,""WIND_SPEED_10M"":true,""WIND_SPEED_AVG_30M"":false,""WIND_GUSTS_SPEED"":true,""HUMIDITY_REL_SHELTER_AVG"":true,""PRESSURE"":true,""SUN_DURATION"":true,""SHORT_WAVE_FROM_SKY_AVG"":false,""SUN_INT_AVG"":true}}"
aws_1day.fid--65986ded_19d21fbe95f_2a19,POINT (50.98 3.816),6434,2019-08-21T00:00:00,0.0,15.79,22.88,9.03,18.22,21.9,19.68,19.14,18.62,17.96,1.35,1.79,6.58,72.47,1025.68,796.17,248.69,371.42,"{""validated"":{""PRECIP_QUANTITY"":true,""TEMP_AVG"":true,""TEMP_MAX"":true,""TEMP_MIN"":true,""TEMP_GRASS_PT100_AVG"":true,""TEMP_SOIL_AVG"":true,""TEMP_SOIL_AVG_5CM"":true,""TEMP_SOIL_AVG_10CM"":true,""TEMP_SOIL_AVG_20CM"":true,""TEMP_SOIL_AVG_50CM"":true,""WIND_SPEED_10M"":true,""WIND_SPEED_AVG_30M"":true,""WIND_GUSTS_SPEED"":true,""HUMIDITY_REL_SHELTER_AVG"":false,""PRESSURE"":true,""SUN_DURATION"":false,""SHORT_WAVE_FROM_SKY_AVG"":false,""SUN_INT_AVG"":false}}"
aws_1day.fid--65986ded_19d21fbe95f_2a36,POINT (50.904 3.122),6414,2019-08-22T00:00:00,0.0,16.09,24.47,8.2,16.48,20.03,19.32,19.06,18.21,17.34,1.94,,7.33,72.65,1022.99,781.67,254.9,388.09,"{""validated"":{""PRECIP_QUANTITY"":true,""TEMP_AVG"":true,""TEMP_MAX"":true,""TEMP_MIN"":true,""TEMP_GRASS_PT100_AVG"":true,""TEMP_SOIL_AVG"":true,""TEMP_SOIL_AVG_5CM"":true,""TEMP_SOIL_AVG_10CM"":true,""TEMP_SOIL_AVG_20CM"":true,""TEMP_SOIL_AVG_50CM"":true,""WIND_SPEED_10M"":true,""WIND_SPEED_AVG_30M"":false,""WIND_GUSTS_SPEED"":true,""HUMIDITY_REL_SHELTER_AVG"":false,""PRESSURE"":true,""SUN_DURATION"":false,""SHORT_WAVE_FROM_SKY_AVG"":false,""SUN_INT_AVG"":false}}"
aws_1day.fid--65986ded_19d21fbe95f_2a3b,POINT (51.221 5.027),6464,2019-08-22T00:00:00,0.0,16.84,24.91,8.12,17.63,23.02,21.35,20.82,19.99,18.44,1.01,,6.56,74.94,1023.23,758.83,266.4,368.98,"{""validated"":{""PRECIP_QUANTITY"":true,""TEMP_AVG"":true,""TEMP_MAX"":true,""TEMP_MIN"":true,""TEMP_GRASS_PT100_AVG"":true,""TEMP_SOIL_AVG"":true,""TEMP_SOIL_AVG_5CM"":true,""TEMP_SOIL_AVG_10CM"":true,""TEMP_SOIL_AVG_20CM"":true,""TEMP_SOIL_AVG_50CM"":true,""WIND_SPEED_10M"":true,""WIND_SPEED_AVG_30M"":false,""WIND_GUSTS_SPEED"":true,""HUMIDITY_REL_SHELTER_AVG"":true,""PRESSURE"":true,""SUN_DURATION"":false,""SHORT_WAVE_FROM_SKY_AVG"":false,""SUN_INT_AVG"":false}}"
aws_1day.fid--65986ded_19d21fbe95f_2a3a,POINT (50.916 5.45),6477,2019-08-22T00:00:00,0.0,16.84,25.32,7.21,18.55,21.72,19.79,19.22,16.65,17.81,1.28,,6.64,76.03,1021.1,801.67,267.8,388.07,"{""validated"":{""PRECIP_QUANTITY"":true,""TEMP_AVG"":true,""TEMP_MAX"":true,""TEMP_MIN"":true,""TEMP_GRASS_PT100_AVG"":true,""TEMP_SOIL_AVG"":true,""TEMP_SOIL_AVG_5CM"":true,""TEMP_SOIL_AVG_10CM"":true,""TEMP_SOIL_AVG_20CM"":true,""TEMP_SOIL_AVG_50CM"":true,""WIND_SPEED_10M"":true,""WIND_SPEED_AVG_30M"":false,""WIND_GUSTS_SPEED"":true,""HUMIDITY_REL_SHELTER_AVG"":false,""PRESSURE"":true,""SUN_DURATION"":false,""SHORT_WAVE_FROM_SKY_AVG"":false,""SUN_INT_AVG"":false}}"
aws_1day.fid--65986ded_19d21fbe95f_2a39,POINT (50.582 4.689),6459,2019-08-22T00:00:00,0.0,17.05,24.64,8.81,18.95,21.47,18.41,17.93,17.63,16.97,1.91,,6.4,67.85,1006.97,799.25,266.49,370.99,"{""validated"":{""PRECIP_QUANTITY"":true,""TEMP_AVG"":true,""TEMP_MAX"":true,""TEMP_MIN"":true,""TEMP_GRASS_PT100_AVG"":true,""TEMP_SOIL_AVG"":true,""TEMP_SOIL_AVG_5CM"":true,""TEMP_SOIL_AVG_10CM"":true,""TEMP_SOIL_AVG_20CM"":true,""TEMP_SOIL_AVG_50CM"":true,""WIND_SPEED_10M"":true,""WIND_SPEED_AVG_30M"":false,""WIND_GUSTS_SPEED"":true,""HUMIDITY_REL_SHELTER_AVG"":true,""PRESSURE"":true,""SUN_DURATION"":false,""SHORT_WAVE_FROM_SKY_AVG"":false,""SUN_INT_AVG"":false}}"
aws_1day.fid--65986ded_19d21fbe95f_2a37,POINT (50.98 3.816),6434,2019-08-22T00:00:00,0.0,16.1,24.87,7.2,19.37,22.62,20.56,20.03,19.47,18.37,1.67,2.19,6.87,73.18,1023.98,806.5,256.78,392.56,"{""validated"":{""PRECIP_QUANTITY"":true,""TEMP_AVG"":true,""TEMP_MAX"":true,""TEMP_MIN"":true,""TEMP_GRASS_PT100_AVG"":true,""TEMP_SOIL_AVG"":true,""TEMP_SOIL_AVG_5CM"":true,""TEMP_SOIL_AVG_10CM"":true,""TEMP_SOIL_AVG_20CM"":true,""TEMP_SOIL_AVG_50CM"":true,""WIND_SPEED_10M"":true,""WIND_SPEED_AVG_30M"":true,""WIND_GUSTS_SPEED"":true,""HUMIDITY_REL_SHELTER_AVG"":false,""PRESSURE"":true,""SUN_DURATION"":false,""SHORT_WAVE_FROM_SKY_AVG"":false,""SUN_INT_AVG"":false}}"
aws_1day.fid--65986ded_19d21fbe95f_2a35,POINT (51.325 4.364),6438,2019-08-22T00:00:00,0.0,16.6,24.36,8.31,18.43,23.83,20.94,20.38,18.72,18.93,1.77,,8.06,76.76,1025.3,788.5,259.18,396.59,"{""validated"":{""PRECIP_QUANTITY"":true,""TEMP_AVG"":true,""TEMP_MAX"":true,""TEMP_MIN"":true,""TEMP_GRASS_PT100_AVG"":true,""TEMP_SOIL_AVG"":true,""TEMP_SOIL_AVG_5CM"":true,""TEMP_SOIL_AVG_10CM"":true,""TEMP_SOIL_AVG_20CM"":true,""TEMP_SOIL_AVG_50CM"":true,""WIND_SPEED_10M"":true,""WIND_SPEED_AVG_30M"":false,""WIND_GUSTS_SPEED"":true,""HUMIDITY_REL_SHELTER_AVG"":true,""PRESSURE"":true,""SUN_DURATION"":false,""SHORT_WAVE_FROM_SKY_AVG"":false,""SUN_INT_AVG"":false}}"
aws_1day.fid--65986ded_19d21fbe95f_2a38,POINT (51.348 3.202),6418,2019-08-22T00:00:00,0.0,18.05,20.72,14.61,,,,,,,3.7,,8.03,66.64,1024.32,795.08,,367.9,"{""validated"":{""PRECIP_QUANTITY"":true,""TEMP_AVG"":true,""TEMP_MAX"":true,""TEMP_MIN"":true,""TEMP_GRASS_PT100_AVG"":false,""TEMP_SOIL_AVG"":false,""TEMP_SOIL_AVG_5CM"":false,""TEMP_SOIL_AVG_10CM"":false,""TEMP_SOIL_AVG_20CM"":false,""TEMP_SOIL_AVG_50CM"":false,""WIND_SPEED_10M"":true,""WIND_SPEED_AVG_30M"":false,""WIND_GUSTS_SPEED"":true,""HUMIDITY_REL_SHELTER_AVG"":true,""PRESSURE"":true,""SUN_DURATION"":false,""SHORT_WAVE_FROM_SKY_AVG"":false,""SUN_INT_AVG"":false}}"
aws_1day.fid--65986ded_19d21fbe95f_2a33,POINT (50.096 4.595),6455,2019-08-22T00:00:00,0.0,16.38,24.93,7.26,18.67,21.98,19.23,18.6,18.1,17.04,1.01,,5.95,73.37,997.24,741.25,250.58,386.54,"{""validated"":{""PRECIP_QUANTITY"":true,""TEMP_AVG"":true,""TEMP_MAX"":true,""TEMP_MIN"":true,""TEMP_GRASS_PT100_AVG"":true,""TEMP_SOIL_AVG"":true,""TEMP_SOIL_AVG_5CM"":true,""TEMP_SOIL_AVG_10CM"":true,""TEMP_SOIL_AVG_20CM"":true,""TEMP_SOIL_AVG_50CM"":true,""WIND_SPEED_10M"":true,""WIND_SPEED_AVG_30M"":false,""WIND_GUSTS_SPEED"":true,""HUMIDITY_REL_SHELTER_AVG"":false,""PRESSURE"":true,""SUN_DURATION"":false,""SHORT_WAVE_FROM_SKY_AVG"":false,""SUN_INT_AVG"":false}}"
aws_1day.fid--65986ded_19d21fbe95f_2a32,POINT (51.075 4.525),6439,2019-08-22T00:00:00,0.0,17.56,24.79,9.26,21.48,23.44,20.81,20.3,19.42,18.45,1.44,,7.62,71.65,1024.69,795.33,265.37,361.74,"{""validated"":{""PRECIP_QUANTITY"":true,""TEMP_AVG"":true,""TEMP_MAX"":true,""TEMP_MIN"":true,""TEMP_GRASS_PT100_AVG"":true,""TEMP_SOIL_AVG"":true,""TEMP_SOIL_AVG_5CM"":false,""TEMP_SOIL_AVG_10CM"":true,""TEMP_SOIL_AVG_20CM"":true,""TEMP_SOIL_AVG_50CM"":true,""WIND_SPEED_10M"":true,""WIND_SPEED_AVG_30M"":false,""WIND_GUSTS_SPEED"":true,""HUMIDITY_REL_SHELTER_AVG"":false,""PRESSURE"":true,""SUN_DURATION"":false,""SHORT_WAVE_FROM_SKY_AVG"":false,""SUN_INT_AVG"":false}}"
aws_1day.fid--65986ded_19d21fbe95f_2a31,POINT (50.194 5.255),6472,2019-08-22T00:00:00,0.0,17.6,24.43,10.12,20.18,19.78,18.38,17.93,17.26,16.45,1.31,1.72,5.64,59.68,991.66,808.92,257.35,408.3,"{""validated"":{""PRECIP_QUANTITY"":true,""TEMP_AVG"":true,""TEMP_MAX"":true,""TEMP_MIN"":true,""TEMP_GRASS_PT100_AVG"":true,""TEMP_SOIL_AVG"":true,""TEMP_SOIL_AVG_5CM"":true,""TEMP_SOIL_AVG_10CM"":true,""TEMP_SOIL_AVG_20CM"":true,""TEMP_SOIL_AVG_50CM"":true,""WIND_SPEED_10M"":true,""WIND_SPEED_AVG_30M"":true,""WIND_GUSTS_SPEED"":true,""HUMIDITY_REL_SHELTER_AVG"":true,""PRESSURE"":true,""SUN_DURATION"":false,""SHORT_WAVE_FROM_SKY_AVG"":false,""SUN_INT_AVG"":false}}"
aws_1day.fid--65986ded_19d21fbe95f_2a30,POINT (50.797 4.358),6447,2019-08-22T00:00:00,0.0,18.18,24.42,11.7,20.08,21.14,19.91,19.41,18.81,18.15,,1.82,7.26,69.35,1013.14,,248.49,,"{""validated"":{""PRECIP_QUANTITY"":true,""TEMP_AVG"":true,""TEMP_MAX"":true,""TEMP_MIN"":true,""TEMP_GRASS_PT100_AVG"":true,""TEMP_SOIL_AVG"":true,""TEMP_SOIL_AVG_5CM"":true,""TEMP_SOIL_AVG_10CM"":true,""TEMP_SOIL_AVG_20CM"":true,""TEMP_SOIL_AVG_50CM"":true,""WIND_SPEED_10M"":false,""WIND_SPEED_AVG_30M"":true,""WIND_GUSTS_SPEED"":true,""HUMIDITY_REL_SHELTER_AVG"":false,""PRESSURE"":true,""SUN_DURATION"":false,""SHORT_WAVE_FROM_SKY_AVG"":false,""SUN_INT_AVG"":false}}"
aws_1day.fid--65986ded_19d21fbe95f_2a2f,POINT (49.62 5.587),6484,2019-08-22T00:00:00,0.03,15.66,23.61,7.26,25.85,18.41,18.01,17.23,17.5,17.35,1.96,,6.52,77.23,987.6,754.17,254.82,280.48,"{""validated"":{""PRECIP_QUANTITY"":true,""TEMP_AVG"":true,""TEMP_MAX"":true,""TEMP_MIN"":true,""TEMP_GRASS_PT100_AVG"":false,""TEMP_SOIL_AVG"":true,""TEMP_SOIL_AVG_5CM"":true,""TEMP_SOIL_AVG_10CM"":true,""TEMP_SOIL_AVG_20CM"":true,""TEMP_SOIL_AVG_50CM"":true,""WIND_SPEED_10M"":true,""WIND_SPEED_AVG_30M"":false,""WIND_GUSTS_SPEED"":true,""HUMIDITY_REL_SHELTER_AVG"":false,""PRESSURE"":true,""SUN_DURATION"":false,""SHORT_WAVE_FROM_SKY_AVG"":false,""SUN_INT_AVG"":false}}"
aws_1day.fid--65986ded_19d21fbe95f_2a34,POINT (50.511 6.073),6494,2019-08-22T00:00:00,0.0,15.35,21.96,8.34,,17.66,15.38,15.06,14.68,14.02,1.93,,5.51,63.06,947.73,,263.33,,"{""validated"":{""PRECIP_QUANTITY"":true,""TEMP_AVG"":true,""TEMP_MAX"":true,""TEMP_MIN"":true,""TEMP_GRASS_PT100_AVG"":false,""TEMP_SOIL_AVG"":true,""TEMP_SOIL_AVG_5CM"":true,""TEMP_SOIL_AVG_10CM"":true,""TEMP_SOIL_AVG_20CM"":true,""TEMP_SOIL_AVG_50CM"":true,""WIND_SPEED_10M"":true,""WIND_SPEED_AVG_30M"":false,""WIND_GUSTS_SPEED"":true,""HUMIDITY_REL_SHELTER_AVG"":true,""PRESSURE"":true,""SUN_DURATION"":true,""SHORT_WAVE_FROM_SKY_AVG"":false,""SUN_INT_AVG"":true}}"
aws_1day.fid--65986ded_19d21fbe95f_2a48,POINT (50.511 6.073),6494,2019-08-23T00:00:00,0.0,18.0,24.58,10.92,,19.36,16.33,15.95,15.42,14.21,2.21,,5.68,56.42,946.89,,259.7,,"{""validated"":{""PRECIP_QUANTITY"":true,""TEMP_AVG"":true,""TEMP_MAX"":true,""TEMP_MIN"":true,""TEMP_GRASS_PT100_AVG"":false,""TEMP_SOIL_AVG"":true,""TEMP_SOIL_AVG_5CM"":true,""TEMP_SOIL_AVG_10CM"":true,""TEMP_SOIL_AVG_20CM"":true,""TEMP_SOIL_AVG_50CM"":true,""WIND_SPEED_10M"":true,""WIND_SPEED_AVG_30M"":false,""WIND_GUSTS_SPEED"":true,""HUMIDITY_REL_SHELTER_AVG"":true,""PRESSURE"":true,""SUN_DURATION"":true,""SHORT_WAVE_FROM_SKY_AVG"":false,""SUN_INT_AVG"":true}}"
aws_1day.fid--65986ded_19d21fbe95f_2a47,POINT (49.62 5.587),6484,2019-08-23T00:00:00,0.03,17.29,26.18,8.51,26.53,20.6,19.69,18.68,18.59,17.74,2.42,,7.92,73.46,986.1,753.83,270.46,320.54,"{""validated"":{""PRECIP_QUANTITY"":true,""TEMP_AVG"":true,""TEMP_MAX"":true,""TEMP_MIN"":true,""TEMP_GRASS_PT100_AVG"":false,""TEMP_SOIL_AVG"":true,""TEMP_SOIL_AVG_5CM"":true,""TEMP_SOIL_AVG_10CM"":true,""TEMP_SOIL_AVG_20CM"":true,""TEMP_SOIL_AVG_50CM"":true,""WIND_SPEED_10M"":true,""WIND_SPEED_AVG_30M"":false,""WIND_GUSTS_SPEED"":true,""HUMIDITY_REL_SHELTER_AVG"":false,""PRESSURE"":true,""SUN_DURATION"":false,""SHORT_WAVE_FROM_SKY_AVG"":false,""SUN_INT_AVG"":false}}"
aws_1day.fid--65986ded_19d21fbe95f_2a46,POINT (50.916 5.45),6477,2019-08-23T00:00:00,0.0,19.01,27.05,8.63,20.32,23.22,21.13,20.32,17.19,18.21,1.6,,6.17,70.41,1020.1,771.08,247.09,324.41,"{""validated"":{""PRECIP_QUANTITY"":true,""TEMP_AVG"":true,""TEMP_MAX"":true,""TEMP_MIN"":true,""TEMP_GRASS_PT100_AVG"":true,""TEMP_SOIL_AVG"":true,""TEMP_SOIL_AVG_5CM"":true,""TEMP_SOIL_AVG_10CM"":true,""TEMP_SOIL_AVG_20CM"":true,""TEMP_SOIL_AVG_50CM"":true,""WIND_SPEED_10M"":true,""WIND_SPEED_AVG_30M"":false,""WIND_GUSTS_SPEED"":true,""HUMIDITY_REL_SHELTER_AVG"":false,""PRESSURE"":true,""SUN_DURATION"":false,""SHORT_WAVE_FROM_SKY_AVG"":false,""SUN_INT_AVG"":false}}"
aws_1day.fid--65986ded_19d21fbe95f_2a45,POINT (50.904 3.122),6414,2019-08-23T00:00:00,0.0,17.79,26.55,7.16,19.05,22.5,20.94,20.41,19.17,17.78,1.38,,4.49,70.64,1021.76,803.08,251.31,384.06,"{""validated"":{""PRECIP_QUANTITY"":true,""TEMP_AVG"":true,""TEMP_MAX"":true,""TEMP_MIN"":true,""TEMP_GRASS_PT100_AVG"":true,""TEMP_SOIL_AVG"":true,""TEMP_SOIL_AVG_5CM"":true,""TEMP_SOIL_AVG_10CM"":true,""TEMP_SOIL_AVG_20CM"":true,""TEMP_SOIL_AVG_50CM"":true,""WIND_SPEED_10M"":true,""WIND_SPEED_AVG_30M"":false,""WIND_GUSTS_SPEED"":true,""HUMIDITY_REL_SHELTER_AVG"":false,""PRESSURE"":true,""SUN_DURATION"":false,""SHORT_WAVE_FROM_SKY_AVG"":false,""SUN_INT_AVG"":false}}"
aws_1day.fid--65986ded_19d21fbe95f_2a44,POINT (51.221 5.027),6464,2019-08-23T00:00:00,0.0,18.04,26.37,8.5,19.03,23.99,22.31,21.77,20.9,18.94,0.82,,4.82,75.16,1022.48,752.42,253.28,321.33,"{""validated"":{""PRECIP_QUANTITY"":true,""TEMP_AVG"":true,""TEMP_MAX"":true,""TEMP_MIN"":true,""TEMP_GRASS_PT100_AVG"":true,""TEMP_SOIL_AVG"":true,""TEMP_SOIL_AVG_5CM"":true,""TEMP_SOIL_AVG_10CM"":true,""TEMP_SOIL_AVG_20CM"":true,""TEMP_SOIL_AVG_50CM"":true,""WIND_SPEED_10M"":true,""WIND_SPEED_AVG_30M"":false,""WIND_GUSTS_SPEED"":true,""HUMIDITY_REL_SHELTER_AVG"":true,""PRESSURE"":true,""SUN_DURATION"":false,""SHORT_WAVE_FROM_SKY_AVG"":false,""SUN_INT_AVG"":false}}"
aws_1day.fid--65986ded_19d21fbe95f_2a43,POINT (51.348 3.202),6418,2019-08-23T00:00:00,0.03,18.43,21.31,14.2,,,,,,,3.52,,7.57,72.86,1023.4,789.58,,330.28,"{""validated"":{""PRECIP_QUANTITY"":true,""TEMP_AVG"":true,""TEMP_MAX"":true,""TEMP_MIN"":true,""TEMP_GRASS_PT100_AVG"":false,""TEMP_SOIL_AVG"":false,""TEMP_SOIL_AVG_5CM"":false,""TEMP_SOIL_AVG_10CM"":false,""TEMP_SOIL_AVG_20CM"":false,""TEMP_SOIL_AVG_50CM"":false,""WIND_SPEED_10M"":true,""WIND_SPEED_AVG_30M"":false,""WIND_GUSTS_SPEED"":true,""HUMIDITY_REL_SHELTER_AVG"":true,""PRESSURE"":true,""SUN_DURATION"":false,""SHORT_WAVE_FROM_SKY_AVG"":false,""SUN_INT_AVG"":false}}"
aws_1day.fid--65986ded_19d21fbe95f_2a42,POINT (51.325 4.364),6438,2019-08-23T00:00:00,0.0,18.54,26.46,8.02,20.66,25.52,21.96,21.29,19.4,19.39,1.29,,5.17,70.37,1024.54,774.17,245.2,352.4,"{""validated"":{""PRECIP_QUANTITY"":true,""TEMP_AVG"":true,""TEMP_MAX"":true,""TEMP_MIN"":true,""TEMP_GRASS_PT100_AVG"":true,""TEMP_SOIL_AVG"":true,""TEMP_SOIL_AVG_5CM"":true,""TEMP_SOIL_AVG_10CM"":true,""TEMP_SOIL_AVG_20CM"":true,""TEMP_SOIL_AVG_50CM"":true,""WIND_SPEED_10M"":true,""WIND_SPEED_AVG_30M"":false,""WIND_GUSTS_SPEED"":true,""HUMIDITY_REL_SHELTER_AVG"":false,""PRESSURE"":true,""SUN_DURATION"":false,""SHORT_WAVE_FROM_SKY_AVG"":false,""SUN_INT_AVG"":false}}"
aws_1day.fid--65986ded_19d21fbe95f_2a40,POINT (50.582 4.689),6459,2019-08-23T00:00:00,0.0,18.82,25.37,10.02,21.07,23.03,19.64,18.88,18.25,17.21,2.58,,7.11,69.95,1005.82,785.25,257.83,341.19,"{""validated"":{""PRECIP_QUANTITY"":true,""TEMP_AVG"":true,""TEMP_MAX"":true,""TEMP_MIN"":true,""TEMP_GRASS_PT100_AVG"":true,""TEMP_SOIL_AVG"":true,""TEMP_SOIL_AVG_5CM"":true,""TEMP_SOIL_AVG_10CM"":true,""TEMP_SOIL_AVG_20CM"":true,""TEMP_SOIL_AVG_50CM"":true,""WIND_SPEED_10M"":true,""WIND_SPEED_AVG_30M"":false,""WIND_GUSTS_SPEED"":true,""HUMIDITY_REL_SHELTER_AVG"":true,""PRESSURE"":true,""SUN_DURATION"":false,""SHORT_WAVE_FROM_SKY_AVG"":false,""SUN_INT_AVG"":false}}"
aws_1day.fid--65986ded_19d21fbe95f_2a3f,POINT (50.797 4.358),6447,2019-08-23T00:00:00,0.0,19.84,26.6,11.87,21.47,23.11,21.44,20.72,19.83,18.57,,1.91,6.45,68.53,1012.06,,233.76,,"{""validated"":{""PRECIP_QUANTITY"":true,""TEMP_AVG"":true,""TEMP_MAX"":true,""TEMP_MIN"":true,""TEMP_GRASS_PT100_AVG"":true,""TEMP_SOIL_AVG"":true,""TEMP_SOIL_AVG_5CM"":true,""TEMP_SOIL_AVG_10CM"":true,""TEMP_SOIL_AVG_20CM"":true,""TEMP_SOIL_AVG_50CM"":true,""WIND_SPEED_10M"":false,""WIND_SPEED_AVG_30M"":true,""WIND_GUSTS_SPEED"":true,""HUMIDITY_REL_SHELTER_AVG"":false,""PRESSURE"":true,""SUN_DURATION"":false,""SHORT_WAVE_FROM_SKY_AVG"":false,""SUN_INT_AVG"":false}}"
aws_1day.fid--65986ded_19d21fbe95f_2a3e,POINT (50.096 4.595),6455,2019-08-23T00:00:00,0.0,18.21,26.91,8.66,19.94,23.53,20.47,19.77,19.19,17.52,1.1,,5.28,70.47,995.77,739.17,243.57,367.28,"{""validated"":{""PRECIP_QUANTITY"":true,""TEMP_AVG"":true,""TEMP_MAX"":true,""TEMP_MIN"":true,""TEMP_GRASS_PT100_AVG"":true,""TEMP_SOIL_AVG"":true,""TEMP_SOIL_AVG_5CM"":true,""TEMP_SOIL_AVG_10CM"":true,""TEMP_SOIL_AVG_20CM"":true,""TEMP_SOIL_AVG_50CM"":true,""WIND_SPEED_10M"":true,""WIND_SPEED_AVG_30M"":false,""WIND_GUSTS_SPEED"":true,""HUMIDITY_REL_SHELTER_AVG"":true,""PRESSURE"":true,""SUN_DURATION"":false,""SHORT_WAVE_FROM_SKY_AVG"":false,""SUN_INT_AVG"":false}}"
aws_1day.fid--65986ded_19d21fbe95f_2a3d,POINT (50.98 3.816),6434,2019-08-23T00:00:00,0.0,17.54,27.09,7.37,20.52,24.26,21.42,20.63,20.01,18.73,1.26,2.03,5.07,72.56,1022.91,796.58,242.81,364.89,"{""validated"":{""PRECIP_QUANTITY"":true,""TEMP_AVG"":true,""TEMP_MAX"":true,""TEMP_MIN"":true,""TEMP_GRASS_PT100_AVG"":true,""TEMP_SOIL_AVG"":true,""TEMP_SOIL_AVG_5CM"":true,""TEMP_SOIL_AVG_10CM"":true,""TEMP_SOIL_AVG_20CM"":true,""TEMP_SOIL_AVG_50CM"":true,""WIND_SPEED_10M"":true,""WIND_SPEED_AVG_30M"":true,""WIND_GUSTS_SPEED"":true,""HUMIDITY_REL_SHELTER_AVG"":false,""PRESSURE"":true,""SUN_DURATION"":false,""SHORT_WAVE_FROM_SKY_AVG"":false,""SUN_INT_AVG"":false}}"
aws_1day.fid--65986ded_19d21fbe95f_2a3c,POINT (50.194 5.255),6472,2019-08-23T00:00:00,0.0,18.82,26.2,10.21,20.98,20.48,19.21,18.71,17.99,16.82,2.28,2.97,7.16,61.01,990.35,795.33,260.46,403.89,"{""validated"":{""PRECIP_QUANTITY"":true,""TEMP_AVG"":true,""TEMP_MAX"":true,""TEMP_MIN"":true,""TEMP_GRASS_PT100_AVG"":true,""TEMP_SOIL_AVG"":true,""TEMP_SOIL_AVG_5CM"":true,""TEMP_SOIL_AVG_10CM"":true,""TEMP_SOIL_AVG_20CM"":true,""TEMP_SOIL_AVG_50CM"":true,""WIND_SPEED_10M"":true,""WIND_SPEED_AVG_30M"":true,""WIND_GUSTS_SPEED"":true,""HUMIDITY_REL_SHELTER_AVG"":true,""PRESSURE"":false,""SUN_DURATION"":false,""SHORT_WAVE_FROM_SKY_AVG"":false,""SUN_INT_AVG"":false}}"
aws_1day.fid--65986ded_19d21fbe95f_2a41,POINT (51.075 4.525),6439,2019-08-23T00:00:00,0.0,19.15,26.51,9.75,22.66,24.53,21.8,21.23,20.22,18.93,1.44,,5.18,71.06,1023.78,785.5,254.06,325.31,"{""validated"":{""PRECIP_QUANTITY"":true,""TEMP_AVG"":true,""TEMP_MAX"":true,""TEMP_MIN"":true,""TEMP_GRASS_PT100_AVG"":true,""TEMP_SOIL_AVG"":true,""TEMP_SOIL_AVG_5CM"":false,""TEMP_SOIL_AVG_10CM"":true,""TEMP_SOIL_AVG_20CM"":true,""TEMP_SOIL_AVG_50CM"":true,""WIND_SPEED_10M"":true,""WIND_SPEED_AVG_30M"":false,""WIND_GUSTS_SPEED"":true,""HUMIDITY_REL_SHELTER_AVG"":false,""PRESSURE"":true,""SUN_DURATION"":false,""SHORT_WAVE_FROM_SKY_AVG"":false,""SUN_INT_AVG"":false}}"
aws_1day.fid--65986ded_19d21fbe95f_2a50,POINT (50.194 5.255),6472,2019-08-24T00:00:00,0.0,20.83,28.0,11.34,22.0,23.08,20.7,19.89,18.86,17.2,2.66,3.31,7.52,54.42,986.43,785.67,260.57,415.2,"{""validated"":{""PRECIP_QUANTITY"":true,""TEMP_AVG"":true,""TEMP_MAX"":true,""TEMP_MIN"":true,""TEMP_GRASS_PT100_AVG"":true,""TEMP_SOIL_AVG"":true,""TEMP_SOIL_AVG_5CM"":true,""TEMP_SOIL_AVG_10CM"":true,""TEMP_SOIL_AVG_20CM"":true,""TEMP_SOIL_AVG_50CM"":true,""WIND_SPEED_10M"":true,""WIND_SPEED_AVG_30M"":true,""WIND_GUSTS_SPEED"":true,""HUMIDITY_REL_SHELTER_AVG"":true,""PRESSURE"":true,""SUN_DURATION"":false,""SHORT_WAVE_FROM_SKY_AVG"":false,""SUN_INT_AVG"":false}}"
aws_1day.fid--65986ded_19d21fbe95f_2a54,POINT (50.096 4.595),6455,2019-08-24T00:00:00,0.0,19.58,28.23,10.22,21.03,25.26,21.66,20.88,20.17,18.04,1.12,,6.96,72.31,991.69,737.33,246.99,391.19,"{""validated"":{""PRECIP_QUANTITY"":true,""TEMP_AVG"":true,""TEMP_MAX"":true,""TEMP_MIN"":true,""TEMP_GRASS_PT100_AVG"":true,""TEMP_SOIL_AVG"":true,""TEMP_SOIL_AVG_5CM"":true,""TEMP_SOIL_AVG_10CM"":true,""TEMP_SOIL_AVG_20CM"":true,""TEMP_SOIL_AVG_50CM"":true,""WIND_SPEED_10M"":true,""WIND_SPEED_AVG_30M"":false,""WIND_GUSTS_SPEED"":true,""HUMIDITY_REL_SHELTER_AVG"":true,""PRESSURE"":true,""SUN_DURATION"":false,""SHORT_WAVE_FROM_SKY_AVG"":false,""SUN_INT_AVG"":false}}"
aws_1day.fid--65986ded_19d21fbe95f_2a53,POINT (50.904 3.122),6414,2019-08-24T00:00:00,0.0,20.79,29.85,10.72,20.88,24.79,22.96,22.31,20.7,18.46,1.5,,7.57,67.37,1016.68,774.17,242.53,376.96,"{""validated"":{""PRECIP_QUANTITY"":true,""TEMP_AVG"":true,""TEMP_MAX"":true,""TEMP_MIN"":true,""TEMP_GRASS_PT100_AVG"":true,""TEMP_SOIL_AVG"":true,""TEMP_SOIL_AVG_5CM"":true,""TEMP_SOIL_AVG_10CM"":true,""TEMP_SOIL_AVG_20CM"":true,""TEMP_SOIL_AVG_50CM"":true,""WIND_SPEED_10M"":true,""WIND_SPEED_AVG_30M"":false,""WIND_GUSTS_SPEED"":true,""HUMIDITY_REL_SHELTER_AVG"":true,""PRESSURE"":true,""SUN_DURATION"":false,""SHORT_WAVE_FROM_SKY_AVG"":false,""SUN_INT_AVG"":false}}"
aws_1day.fid--65986ded_19d21fbe95f_2a52,POINT (49.62 5.587),6484,2019-08-24T00:00:00,0.0,18.52,27.5,9.52,27.78,22.62,21.1,19.88,19.56,18.25,2.37,,7.92,75.26,982.44,740.42,264.72,310.6,"{""validated"":{""PRECIP_QUANTITY"":true,""TEMP_AVG"":true,""TEMP_MAX"":true,""TEMP_MIN"":true,""TEMP_GRASS_PT100_AVG"":false,""TEMP_SOIL_AVG"":true,""TEMP_SOIL_AVG_5CM"":true,""TEMP_SOIL_AVG_10CM"":true,""TEMP_SOIL_AVG_20CM"":true,""TEMP_SOIL_AVG_50CM"":true,""WIND_SPEED_10M"":true,""WIND_SPEED_AVG_30M"":false,""WIND_GUSTS_SPEED"":true,""HUMIDITY_REL_SHELTER_AVG"":false,""PRESSURE"":true,""SUN_DURATION"":false,""SHORT_WAVE_FROM_SKY_AVG"":false,""SUN_INT_AVG"":false}}"
aws_1day.fid--65986ded_19d21fbe95f_2a51,POINT (50.797 4.358),6447,2019-08-24T00:00:00,0.0,22.56,29.35,14.84,23.5,25.92,23.78,22.77,21.38,19.23,,2.01,6.0,64.23,1007.37,,244.65,,"{""validated"":{""PRECIP_QUANTITY"":true,""TEMP_AVG"":true,""TEMP_MAX"":true,""TEMP_MIN"":true,""TEMP_GRASS_PT100_AVG"":true,""TEMP_SOIL_AVG"":true,""TEMP_SOIL_AVG_5CM"":true,""TEMP_SOIL_AVG_10CM"":true,""TEMP_SOIL_AVG_20CM"":true,""TEMP_SOIL_AVG_50CM"":true,""WIND_SPEED_10M"":false,""WIND_SPEED_AVG_30M"":true,""WIND_GUSTS_SPEED"":true,""HUMIDITY_REL_SHELTER_AVG"":false,""PRESSURE"":true,""SUN_DURATION"":false,""SHORT_WAVE_FROM_SKY_AVG"":false,""SUN_INT_AVG"":false}}"
aws_1day.fid--65986ded_19d21fbe95f_2a4f,POINT (50.98 3.816),6434,2019-08-24T00:00:00,0.0,21.13,29.95,12.27,22.9,26.88,23.22,22.09,21.1,19.2,1.63,2.19,6.23,66.67,1017.91,785.92,247.75,401.62,"{""validated"":{""PRECIP_QUANTITY"":true,""TEMP_AVG"":true,""TEMP_MAX"":true,""TEMP_MIN"":true,""TEMP_GRASS_PT100_AVG"":true,""TEMP_SOIL_AVG"":true,""TEMP_SOIL_AVG_5CM"":true,""TEMP_SOIL_AVG_10CM"":true,""TEMP_SOIL_AVG_20CM"":true,""TEMP_SOIL_AVG_50CM"":true,""WIND_SPEED_10M"":true,""WIND_SPEED_AVG_30M"":true,""WIND_GUSTS_SPEED"":true,""HUMIDITY_REL_SHELTER_AVG"":false,""PRESSURE"":true,""SUN_DURATION"":false,""SHORT_WAVE_FROM_SKY_AVG"":false,""SUN_INT_AVG"":false}}"
aws_1day.fid--65986ded_19d21fbe95f_2a55,POINT (50.916 5.45),6477,2019-08-24T00:00:00,0.0,20.05,30.16,9.17,21.37,25.87,23.22,22.05,18.19,18.75,1.25,,7.57,70.17,1015.44,784.08,262.98,387.1,"{""validated"":{""PRECIP_QUANTITY"":true,""TEMP_AVG"":true,""TEMP_MAX"":true,""TEMP_MIN"":true,""TEMP_GRASS_PT100_AVG"":true,""TEMP_SOIL_AVG"":true,""TEMP_SOIL_AVG_5CM"":true,""TEMP_SOIL_AVG_10CM"":true,""TEMP_SOIL_AVG_20CM"":true,""TEMP_SOIL_AVG_50CM"":true,""WIND_SPEED_10M"":true,""WIND_SPEED_AVG_30M"":false,""WIND_GUSTS_SPEED"":true,""HUMIDITY_REL_SHELTER_AVG"":false,""PRESSURE"":true,""SUN_DURATION"":false,""SHORT_WAVE_FROM_SKY_AVG"":false,""SUN_INT_AVG"":false}}"
aws_1day.fid--65986ded_19d21fbe95f_2a4d,POINT (51.325 4.364),6438,2019-08-24T00:00:00,0.0,21.32,29.82,11.15,22.91,27.73,23.55,22.77,20.57,20.03,1.35,,7.7,65.65,1019.57,782.17,253.04,399.89,"{""validated"":{""PRECIP_QUANTITY"":true,""TEMP_AVG"":true,""TEMP_MAX"":true,""TEMP_MIN"":true,""TEMP_GRASS_PT100_AVG"":true,""TEMP_SOIL_AVG"":true,""TEMP_SOIL_AVG_5CM"":true,""TEMP_SOIL_AVG_10CM"":true,""TEMP_SOIL_AVG_20CM"":true,""TEMP_SOIL_AVG_50CM"":true,""WIND_SPEED_10M"":true,""WIND_SPEED_AVG_30M"":false,""WIND_GUSTS_SPEED"":true,""HUMIDITY_REL_SHELTER_AVG"":true,""PRESSURE"":true,""SUN_DURATION"":false,""SHORT_WAVE_FROM_SKY_AVG"":false,""SUN_INT_AVG"":false}}"
aws_1day.fid--65986ded_19d21fbe95f_2a4c,POINT (50.511 6.073),6494,2019-08-24T00:00:00,0.0,18.81,25.77,11.62,,19.87,17.07,16.65,16.05,14.5,2.31,,8.63,53.0,943.4,,263.31,,"{""validated"":{""PRECIP_QUANTITY"":true,""TEMP_AVG"":true,""TEMP_MAX"":true,""TEMP_MIN"":true,""TEMP_GRASS_PT100_AVG"":false,""TEMP_SOIL_AVG"":true,""TEMP_SOIL_AVG_5CM"":true,""TEMP_SOIL_AVG_10CM"":true,""TEMP_SOIL_AVG_20CM"":true,""TEMP_SOIL_AVG_50CM"":true,""WIND_SPEED_10M"":true,""WIND_SPEED_AVG_30M"":false,""WIND_GUSTS_SPEED"":true,""HUMIDITY_REL_SHELTER_AVG"":true,""PRESSURE"":true,""SUN_DURATION"":true,""SHORT_WAVE_FROM_SKY_AVG"":false,""SUN_INT_AVG"":true}}"
aws_1day.fid--65986ded_19d21fbe95f_2a4b,POINT (51.348 3.202),6418,2019-08-24T00:00:00,0.0,21.14,24.76,17.84,,,,,,,3.12,,6.99,70.22,1018.36,777.67,,360.41,"{""validated"":{""PRECIP_QUANTITY"":true,""TEMP_AVG"":true,""TEMP_MAX"":true,""TEMP_MIN"":true,""TEMP_GRASS_PT100_AVG"":false,""TEMP_SOIL_AVG"":false,""TEMP_SOIL_AVG_5CM"":false,""TEMP_SOIL_AVG_10CM"":false,""TEMP_SOIL_AVG_20CM"":false,""TEMP_SOIL_AVG_50CM"":false,""WIND_SPEED_10M"":true,""WIND_SPEED_AVG_30M"":false,""WIND_GUSTS_SPEED"":true,""HUMIDITY_REL_SHELTER_AVG"":true,""PRESSURE"":true,""SUN_DURATION"":false,""SHORT_WAVE_FROM_SKY_AVG"":false,""SUN_INT_AVG"":false}}"
aws_1day.fid--65986ded_19d21fbe95f_2a4a,POINT (51.075 4.525),6439,2019-08-24T00:00:00,0.0,21.05,29.59,11.8,24.92,25.92,23.56,22.84,21.43,19.48,1.2,,6.64,69.29,1018.9,795.25,262.14,367.98,"{""validated"":{""PRECIP_QUANTITY"":true,""TEMP_AVG"":true,""TEMP_MAX"":true,""TEMP_MIN"":true,""TEMP_GRASS_PT100_AVG"":true,""TEMP_SOIL_AVG"":true,""TEMP_SOIL_AVG_5CM"":false,""TEMP_SOIL_AVG_10CM"":true,""TEMP_SOIL_AVG_20CM"":true,""TEMP_SOIL_AVG_50CM"":true,""WIND_SPEED_10M"":true,""WIND_SPEED_AVG_30M"":false,""WIND_GUSTS_SPEED"":true,""HUMIDITY_REL_SHELTER_AVG"":false,""PRESSURE"":true,""SUN_DURATION"":false,""SHORT_WAVE_FROM_SKY_AVG"":false,""SUN_INT_AVG"":false}}"
aws_1day.fid--65986ded_19d21fbe95f_2a49,POINT (50.582 4.689),6459,2019-08-24T00:00:00,0.03,20.65,28.09,11.07,23.02,25.01,21.17,20.18,19.14,17.56,1.72,,5.85,64.38,1001.36,779.83,264.06,381.33,"{""validated"":{""PRECIP_QUANTITY"":true,""TEMP_AVG"":true,""TEMP_MAX"":true,""TEMP_MIN"":true,""TEMP_GRASS_PT100_AVG"":true,""TEMP_SOIL_AVG"":true,""TEMP_SOIL_AVG_5CM"":true,""TEMP_SOIL_AVG_10CM"":true,""TEMP_SOIL_AVG_20CM"":true,""TEMP_SOIL_AVG_50CM"":true,""WIND_SPEED_10M"":true,""WIND_SPEED_AVG_30M"":false,""WIND_GUSTS_SPEED"":true,""HUMIDITY_REL_SHELTER_AVG"":true,""PRESSURE"":true,""SUN_DURATION"":false,""SHORT_WAVE_FROM_SKY_AVG"":false,""SUN_INT_AVG"":false}}"
aws_1day.fid--65986ded_19d21fbe95f_2a4e,POINT (51.221 5.027),6464,2019-08-24T00:00:00,0.0,20.2,29.63,10.29,21.19,26.07,23.79,23.05,21.9,19.43,1.0,,6.0,71.46,1017.65,752.5,258.31,369.31,"{""validated"":{""PRECIP_QUANTITY"":true,""TEMP_AVG"":true,""TEMP_MAX"":true,""TEMP_MIN"":true,""TEMP_GRASS_PT100_AVG"":true,""TEMP_SOIL_AVG"":true,""TEMP_SOIL_AVG_5CM"":true,""TEMP_SOIL_AVG_10CM"":true,""TEMP_SOIL_AVG_20CM"":true,""TEMP_SOIL_AVG_50CM"":true,""WIND_SPEED_10M"":true,""WIND_SPEED_AVG_30M"":false,""WIND_GUSTS_SPEED"":true,""HUMIDITY_REL_SHELTER_AVG"":true,""PRESSURE"":true,""SUN_DURATION"":false,""SHORT_WAVE_FROM_SKY_AVG"":false,""SUN_INT_AVG"":false}}"
aws_1day.fid--65986ded_19d21fbe95f_2a62,POINT (51.325 4.364),6438,2019-08-25T00:00:00,0.0,22.75,31.66,12.28,24.54,28.85,24.69,23.88,21.54,20.74,1.25,,5.81,63.49,1018.29,773.83,242.64,361.69,"{""validated"":{""PRECIP_QUANTITY"":true,""TEMP_AVG"":true,""TEMP_MAX"":true,""TEMP_MIN"":true,""TEMP_GRASS_PT100_AVG"":true,""TEMP_SOIL_AVG"":true,""TEMP_SOIL_AVG_5CM"":true,""TEMP_SOIL_AVG_10CM"":true,""TEMP_SOIL_AVG_20CM"":true,""TEMP_SOIL_AVG_50CM"":true,""WIND_SPEED_10M"":true,""WIND_SPEED_AVG_30M"":false,""WIND_GUSTS_SPEED"":true,""HUMIDITY_REL_SHELTER_AVG"":true,""PRESSURE"":true,""SUN_DURATION"":false,""SHORT_WAVE_FROM_SKY_AVG"":false,""SUN_INT_AVG"":false}}"
aws_1day.fid--65986ded_19d21fbe95f_2a61,POINT (50.797 4.358),6447,2019-08-25T00:00:00,0.0,23.81,30.91,16.46,24.57,27.57,25.28,24.25,22.77,20.1,,1.91,6.87,63.76,1006.33,,234.56,,"{""validated"":{""PRECIP_QUANTITY"":true,""TEMP_AVG"":true,""TEMP_MAX"":true,""TEMP_MIN"":true,""TEMP_GRASS_PT100_AVG"":true,""TEMP_SOIL_AVG"":true,""TEMP_SOIL_AVG_5CM"":true,""TEMP_SOIL_AVG_10CM"":true,""TEMP_SOIL_AVG_20CM"":true,""TEMP_SOIL_AVG_50CM"":true,""WIND_SPEED_10M"":false,""WIND_SPEED_AVG_30M"":true,""WIND_GUSTS_SPEED"":true,""HUMIDITY_REL_SHELTER_AVG"":false,""PRESSURE"":true,""SUN_DURATION"":false,""SHORT_WAVE_FROM_SKY_AVG"":false,""SUN_INT_AVG"":false}}"
aws_1day.fid--65986ded_19d21fbe95f_2a60,POINT (50.096 4.595),6455,2019-08-25T00:00:00,0.0,21.08,29.58,12.06,22.49,26.94,22.87,22.02,21.21,18.62,0.98,,5.94,69.84,990.74,732.5,238.97,375.3,"{""validated"":{""PRECIP_QUANTITY"":true,""TEMP_AVG"":true,""TEMP_MAX"":true,""TEMP_MIN"":true,""TEMP_GRASS_PT100_AVG"":true,""TEMP_SOIL_AVG"":true,""TEMP_SOIL_AVG_5CM"":true,""TEMP_SOIL_AVG_10CM"":true,""TEMP_SOIL_AVG_20CM"":true,""TEMP_SOIL_AVG_50CM"":true,""WIND_SPEED_10M"":true,""WIND_SPEED_AVG_30M"":false,""WIND_GUSTS_SPEED"":true,""HUMIDITY_REL_SHELTER_AVG"":true,""PRESSURE"":true,""SUN_DURATION"":false,""SHORT_WAVE_FROM_SKY_AVG"":false,""SUN_INT_AVG"":false}}"
aws_1day.fid--65986ded_19d21fbe95f_2a5e,POINT (49.62 5.587),6484,2019-08-25T00:00:00,0.03,19.71,28.82,10.79,29.82,24.84,22.77,21.35,20.77,18.84,1.96,,5.88,75.94,981.39,747.58,260.24,306.05,"{""validated"":{""PRECIP_QUANTITY"":true,""TEMP_AVG"":true,""TEMP_MAX"":true,""TEMP_MIN"":true,""TEMP_GRASS_PT100_AVG"":false,""TEMP_SOIL_AVG"":true,""TEMP_SOIL_AVG_5CM"":true,""TEMP_SOIL_AVG_10CM"":true,""TEMP_SOIL_AVG_20CM"":true,""TEMP_SOIL_AVG_50CM"":true,""WIND_SPEED_10M"":true,""WIND_SPEED_AVG_30M"":false,""WIND_GUSTS_SPEED"":true,""HUMIDITY_REL_SHELTER_AVG"":false,""PRESSURE"":true,""SUN_DURATION"":false,""SHORT_WAVE_FROM_SKY_AVG"":false,""SUN_INT_AVG"":false}}"
aws_1day.fid--65986ded_19d21fbe95f_2a5d,POINT (50.511 6.073),6494,2019-08-25T00:00:00,0.0,19.96,27.2,12.24,,22.11,18.07,17.45,16.67,14.78,1.49,,5.3,60.07,942.48,,249.77,,"{""validated"":{""PRECIP_QUANTITY"":true,""TEMP_AVG"":true,""TEMP_MAX"":true,""TEMP_MIN"":true,""TEMP_GRASS_PT100_AVG"":false,""TEMP_SOIL_AVG"":true,""TEMP_SOIL_AVG_5CM"":true,""TEMP_SOIL_AVG_10CM"":true,""TEMP_SOIL_AVG_20CM"":true,""TEMP_SOIL_AVG_50CM"":true,""WIND_SPEED_10M"":true,""WIND_SPEED_AVG_30M"":false,""WIND_GUSTS_SPEED"":true,""HUMIDITY_REL_SHELTER_AVG"":true,""PRESSURE"":true,""SUN_DURATION"":true,""SHORT_WAVE_FROM_SKY_AVG"":false,""SUN_INT_AVG"":true}}"
aws_1day.fid--65986ded_19d21fbe95f_2a5c,POINT (50.194 5.255),6472,2019-08-25T00:00:00,0.0,22.4,29.06,13.72,24.02,26.02,22.41,21.39,20.09,17.77,1.93,2.71,5.16,50.84,985.46,798.08,245.8,392.85,"{""validated"":{""PRECIP_QUANTITY"":true,""TEMP_AVG"":true,""TEMP_MAX"":true,""TEMP_MIN"":true,""TEMP_GRASS_PT100_AVG"":true,""TEMP_SOIL_AVG"":true,""TEMP_SOIL_AVG_5CM"":true,""TEMP_SOIL_AVG_10CM"":true,""TEMP_SOIL_AVG_20CM"":true,""TEMP_SOIL_AVG_50CM"":true,""WIND_SPEED_10M"":true,""WIND_SPEED_AVG_30M"":true,""WIND_GUSTS_SPEED"":true,""HUMIDITY_REL_SHELTER_AVG"":true,""PRESSURE"":true,""SUN_DURATION"":false,""SHORT_WAVE_FROM_SKY_AVG"":false,""SUN_INT_AVG"":false}}"
aws_1day.fid--65986ded_19d21fbe95f_2a5f,POINT (51.075 4.525),6439,2019-08-25T00:00:00,0.0,22.18,31.06,13.15,26.32,26.79,24.64,23.98,22.56,20.25,0.86,,4.25,67.5,1017.69,793.83,251.52,344.21,"{""validated"":{""PRECIP_QUANTITY"":true,""TEMP_AVG"":true,""TEMP_MAX"":true,""TEMP_MIN"":true,""TEMP_GRASS_PT100_AVG"":true,""TEMP_SOIL_AVG"":true,""TEMP_SOIL_AVG_5CM"":false,""TEMP_SOIL_AVG_10CM"":true,""TEMP_SOIL_AVG_20CM"":true,""TEMP_SOIL_AVG_50CM"":true,""WIND_SPEED_10M"":true,""WIND_SPEED_AVG_30M"":false,""WIND_GUSTS_SPEED"":true,""HUMIDITY_REL_SHELTER_AVG"":false,""PRESSURE"":true,""SUN_DURATION"":false,""SHORT_WAVE_FROM_SKY_AVG"":false,""SUN_INT_AVG"":false}}"
aws_1day.fid--65986ded_19d21fbe95f_2a5a,POINT (51.348 3.202),6418,2019-08-25T00:00:00,0.0,21.81,23.85,18.95,,,,,,,2.52,,7.28,70.96,1017.37,765.5,,318.28,"{""validated"":{""PRECIP_QUANTITY"":true,""TEMP_AVG"":true,""TEMP_MAX"":true,""TEMP_MIN"":true,""TEMP_GRASS_PT100_AVG"":false,""TEMP_SOIL_AVG"":false,""TEMP_SOIL_AVG_5CM"":false,""TEMP_SOIL_AVG_10CM"":false,""TEMP_SOIL_AVG_20CM"":false,""TEMP_SOIL_AVG_50CM"":false,""WIND_SPEED_10M"":true,""WIND_SPEED_AVG_30M"":false,""WIND_GUSTS_SPEED"":true,""HUMIDITY_REL_SHELTER_AVG"":true,""PRESSURE"":true,""SUN_DURATION"":false,""SHORT_WAVE_FROM_SKY_AVG"":false,""SUN_INT_AVG"":false}}"
aws_1day.fid--65986ded_19d21fbe95f_2a59,POINT (51.221 5.027),6464,2019-08-25T00:00:00,0.0,20.94,30.8,10.97,22.04,27.34,24.79,24.01,22.78,20.0,0.61,,4.03,70.85,1016.42,756.92,257.7,369.43,"{""validated"":{""PRECIP_QUANTITY"":true,""TEMP_AVG"":true,""TEMP_MAX"":true,""TEMP_MIN"":true,""TEMP_GRASS_PT100_AVG"":true,""TEMP_SOIL_AVG"":true,""TEMP_SOIL_AVG_5CM"":true,""TEMP_SOIL_AVG_10CM"":true,""TEMP_SOIL_AVG_20CM"":true,""TEMP_SOIL_AVG_50CM"":true,""WIND_SPEED_10M"":true,""WIND_SPEED_AVG_30M"":false,""WIND_GUSTS_SPEED"":true,""HUMIDITY_REL_SHELTER_AVG"":true,""PRESSURE"":true,""SUN_DURATION"":false,""SHORT_WAVE_FROM_SKY_AVG"":false,""SUN_INT_AVG"":false}}"
aws_1day.fid--65986ded_19d21fbe95f_2a58,POINT (50.904 3.122),6414,2019-08-25T00:00:00,0.0,22.32,31.2,12.63,22.94,26.42,24.37,23.65,21.89,19.26,1.41,,6.52,66.38,1015.72,764.33,230.46,345.07,"{""validated"":{""PRECIP_QUANTITY"":true,""TEMP_AVG"":true,""TEMP_MAX"":true,""TEMP_MIN"":true,""TEMP_GRASS_PT100_AVG"":true,""TEMP_SOIL_AVG"":true,""TEMP_SOIL_AVG_5CM"":true,""TEMP_SOIL_AVG_10CM"":true,""TEMP_SOIL_AVG_20CM"":true,""TEMP_SOIL_AVG_50CM"":true,""WIND_SPEED_10M"":true,""WIND_SPEED_AVG_30M"":false,""WIND_GUSTS_SPEED"":true,""HUMIDITY_REL_SHELTER_AVG"":true,""PRESSURE"":true,""SUN_DURATION"":false,""SHORT_WAVE_FROM_SKY_AVG"":false,""SUN_INT_AVG"":false}}"
aws_1day.fid--65986ded_19d21fbe95f_2a57,POINT (50.98 3.816),6434,2019-08-25T00:00:00,0.0,21.59,31.34,11.77,25.06,28.08,24.41,23.14,22.07,19.81,0.93,1.45,5.59,68.49,1016.83,770.92,237.14,377.34,"{""validated"":{""PRECIP_QUANTITY"":true,""TEMP_AVG"":true,""TEMP_MAX"":true,""TEMP_MIN"":true,""TEMP_GRASS_PT100_AVG"":true,""TEMP_SOIL_AVG"":true,""TEMP_SOIL_AVG_5CM"":true,""TEMP_SOIL_AVG_10CM"":true,""TEMP_SOIL_AVG_20CM"":true,""TEMP_SOIL_AVG_50CM"":true,""WIND_SPEED_10M"":true,""WIND_SPEED_AVG_30M"":true,""WIND_GUSTS_SPEED"":true,""HUMIDITY_REL_SHELTER_AVG"":false,""PRESSURE"":true,""SUN_DURATION"":false,""SHORT_WAVE_FROM_SKY_AVG"":false,""SUN_INT_AVG"":false}}"
aws_1day.fid--65986ded_19d21fbe95f_2a56,POINT (50.582 4.689),6459,2019-08-25T00:00:00,0.0,21.86,30.1,13.11,24.04,26.69,22.49,21.36,20.11,18.05,1.6,,4.96,62.72,1000.33,791.33,256.18,360.9,"{""validated"":{""PRECIP_QUANTITY"":true,""TEMP_AVG"":true,""TEMP_MAX"":true,""TEMP_MIN"":true,""TEMP_GRASS_PT100_AVG"":true,""TEMP_SOIL_AVG"":true,""TEMP_SOIL_AVG_5CM"":true,""TEMP_SOIL_AVG_10CM"":true,""TEMP_SOIL_AVG_20CM"":true,""TEMP_SOIL_AVG_50CM"":true,""WIND_SPEED_10M"":true,""WIND_SPEED_AVG_30M"":false,""WIND_GUSTS_SPEED"":true,""HUMIDITY_REL_SHELTER_AVG"":true,""PRESSURE"":true,""SUN_DURATION"":false,""SHORT_WAVE_FROM_SKY_AVG"":false,""SUN_INT_AVG"":false}}"
aws_1day.fid--65986ded_19d21fbe95f_2a5b,POINT (50.916 5.45),6477,2019-08-25T00:00:00,0.0,20.72,30.89,9.84,22.58,27.7,24.57,23.34,19.17,19.54,0.93,,4.78,72.9,1014.31,790.75,258.12,377.04,"{""validated"":{""PRECIP_QUANTITY"":true,""TEMP_AVG"":true,""TEMP_MAX"":true,""TEMP_MIN"":true,""TEMP_GRASS_PT100_AVG"":true,""TEMP_SOIL_AVG"":true,""TEMP_SOIL_AVG_5CM"":true,""TEMP_SOIL_AVG_10CM"":true,""TEMP_SOIL_AVG_20CM"":true,""TEMP_SOIL_AVG_50CM"":true,""WIND_SPEED_10M"":true,""WIND_SPEED_AVG_30M"":false,""WIND_GUSTS_SPEED"":true,""HUMIDITY_REL_SHELTER_AVG"":true,""PRESSURE"":true,""SUN_DURATION"":false,""SHORT_WAVE_FROM_SKY_AVG"":false,""SUN_INT_AVG"":false}}"
aws_1day.fid--65986ded_19d21fbe95f_2a73,POINT (50.98 3.816),6434,2019-08-26T00:00:00,0.0,22.66,31.93,12.22,25.66,29.11,25.2,23.77,22.72,20.37,1.12,1.95,6.0,68.91,1016.01,757.92,232.91,354.71,"{""validated"":{""PRECIP_QUANTITY"":true,""TEMP_AVG"":true,""TEMP_MAX"":true,""TEMP_MIN"":true,""TEMP_GRASS_PT100_AVG"":true,""TEMP_SOIL_AVG"":true,""TEMP_SOIL_AVG_5CM"":true,""TEMP_SOIL_AVG_10CM"":true,""TEMP_SOIL_AVG_20CM"":true,""TEMP_SOIL_AVG_50CM"":true,""WIND_SPEED_10M"":true,""WIND_SPEED_AVG_30M"":true,""WIND_GUSTS_SPEED"":true,""HUMIDITY_REL_SHELTER_AVG"":false,""PRESSURE"":true,""SUN_DURATION"":false,""SHORT_WAVE_FROM_SKY_AVG"":false,""SUN_INT_AVG"":false}}"
aws_1day.fid--65986ded_19d21fbe95f_2a74,POINT (50.582 4.689),6459,2019-08-26T00:00:00,0.03,22.77,29.84,14.59,25.01,28.07,23.66,22.3,20.89,18.58,1.57,,6.23,68.61,999.32,735.08,236.6,301.39,"{""validated"":{""PRECIP_QUANTITY"":true,""TEMP_AVG"":true,""TEMP_MAX"":true,""TEMP_MIN"":true,""TEMP_GRASS_PT100_AVG"":true,""TEMP_SOIL_AVG"":true,""TEMP_SOIL_AVG_5CM"":true,""TEMP_SOIL_AVG_10CM"":true,""TEMP_SOIL_AVG_20CM"":true,""TEMP_SOIL_AVG_50CM"":true,""WIND_SPEED_10M"":true,""WIND_SPEED_AVG_30M"":false,""WIND_GUSTS_SPEED"":true,""HUMIDITY_REL_SHELTER_AVG"":true,""PRESSURE"":true,""SUN_DURATION"":false,""SHORT_WAVE_FROM_SKY_AVG"":false,""SUN_INT_AVG"":false}}"
aws_1day.fid--65986ded_19d21fbe95f_2a75,POINT (51.325 4.364),6438,2019-08-26T00:00:00,0.0,23.93,31.92,13.69,25.67,29.64,25.47,24.65,22.28,21.43,1.19,,5.11,67.75,1017.41,710.0,216.0,296.28,"{""validated"":{""PRECIP_QUANTITY"":true,""TEMP_AVG"":true,""TEMP_MAX"":true,""TEMP_MIN"":true,""TEMP_GRASS_PT100_AVG"":true,""TEMP_SOIL_AVG"":true,""TEMP_SOIL_AVG_5CM"":true,""TEMP_SOIL_AVG_10CM"":true,""TEMP_SOIL_AVG_20CM"":true,""TEMP_SOIL_AVG_50CM"":true,""WIND_SPEED_10M"":true,""WIND_SPEED_AVG_30M"":false,""WIND_GUSTS_SPEED"":true,""HUMIDITY_REL_SHELTER_AVG"":true,""PRESSURE"":true,""SUN_DURATION"":false,""SHORT_WAVE_FROM_SKY_AVG"":false,""SUN_INT_AVG"":false}}"
aws_1day.fid--65986ded_19d21fbe95f_2a76,POINT (50.096 4.595),6455,2019-08-26T00:00:00,0.0,22.17,30.72,13.27,23.45,27.73,23.67,22.86,22.04,19.22,0.88,,5.12,70.51,989.63,689.1,219.06,319.47,"{""validated"":{""PRECIP_QUANTITY"":true,""TEMP_AVG"":true,""TEMP_MAX"":true,""TEMP_MIN"":true,""TEMP_GRASS_PT100_AVG"":true,""TEMP_SOIL_AVG"":true,""TEMP_SOIL_AVG_5CM"":true,""TEMP_SOIL_AVG_10CM"":true,""TEMP_SOIL_AVG_20CM"":true,""TEMP_SOIL_AVG_50CM"":true,""WIND_SPEED_10M"":true,""WIND_SPEED_AVG_30M"":false,""WIND_GUSTS_SPEED"":true,""HUMIDITY_REL_SHELTER_AVG"":true,""PRESSURE"":true,""SUN_DURATION"":false,""SHORT_WAVE_FROM_SKY_AVG"":false,""SUN_INT_AVG"":false}}"
aws_1day.fid--65986ded_19d21fbe95f_2a77,POINT (50.511 6.073),6494,2019-08-26T00:00:00,13.22,19.99,27.32,15.53,,20.81,18.39,17.96,17.38,15.18,1.55,,7.48,77.57,941.69,,157.36,,"{""validated"":{""PRECIP_QUANTITY"":true,""TEMP_AVG"":true,""TEMP_MAX"":true,""TEMP_MIN"":true,""TEMP_GRASS_PT100_AVG"":false,""TEMP_SOIL_AVG"":true,""TEMP_SOIL_AVG_5CM"":true,""TEMP_SOIL_AVG_10CM"":true,""TEMP_SOIL_AVG_20CM"":true,""TEMP_SOIL_AVG_50CM"":true,""WIND_SPEED_10M"":true,""WIND_SPEED_AVG_30M"":false,""WIND_GUSTS_SPEED"":true,""HUMIDITY_REL_SHELTER_AVG"":true,""PRESSURE"":true,""SUN_DURATION"":true,""SHORT_WAVE_FROM_SKY_AVG"":false,""SUN_INT_AVG"":true}}"
aws_1day.fid--65986ded_19d21fbe95f_2a7a,POINT (49.62 5.587),6484,2019-08-26T00:00:00,0.0,20.99,29.83,13.53,31.13,26.35,24.19,22.67,21.99,19.55,1.83,,6.29,75.63,980.24,724.42,234.27,279.71,"{""validated"":{""PRECIP_QUANTITY"":true,""TEMP_AVG"":true,""TEMP_MAX"":true,""TEMP_MIN"":true,""TEMP_GRASS_PT100_AVG"":false,""TEMP_SOIL_AVG"":true,""TEMP_SOIL_AVG_5CM"":true,""TEMP_SOIL_AVG_10CM"":true,""TEMP_SOIL_AVG_20CM"":true,""TEMP_SOIL_AVG_50CM"":true,""WIND_SPEED_10M"":true,""WIND_SPEED_AVG_30M"":false,""WIND_GUSTS_SPEED"":true,""HUMIDITY_REL_SHELTER_AVG"":false,""PRESSURE"":true,""SUN_DURATION"":false,""SHORT_WAVE_FROM_SKY_AVG"":false,""SUN_INT_AVG"":false}}"
aws_1day.fid--65986ded_19d21fbe95f_2a79,POINT (51.075 4.525),6439,2019-08-26T00:00:00,0.0,23.76,31.74,14.57,27.75,27.7,25.49,24.77,23.3,20.89,0.98,,4.66,70.71,1016.71,722.75,231.85,278.45,"{""validated"":{""PRECIP_QUANTITY"":true,""TEMP_AVG"":true,""TEMP_MAX"":true,""TEMP_MIN"":true,""TEMP_GRASS_PT100_AVG"":true,""TEMP_SOIL_AVG"":true,""TEMP_SOIL_AVG_5CM"":false,""TEMP_SOIL_AVG_10CM"":true,""TEMP_SOIL_AVG_20CM"":true,""TEMP_SOIL_AVG_50CM"":true,""WIND_SPEED_10M"":true,""WIND_SPEED_AVG_30M"":false,""WIND_GUSTS_SPEED"":true,""HUMIDITY_REL_SHELTER_AVG"":false,""PRESSURE"":true,""SUN_DURATION"":false,""SHORT_WAVE_FROM_SKY_AVG"":false,""SUN_INT_AVG"":false}}"
aws_1day.fid--65986ded_19d21fbe95f_2a7b,POINT (51.348 3.202),6418,2019-08-26T00:00:00,0.0,22.21,24.34,18.91,,,,,,,3.13,,7.45,71.4,1016.56,765.25,,326.99,"{""validated"":{""PRECIP_QUANTITY"":true,""TEMP_AVG"":true,""TEMP_MAX"":true,""TEMP_MIN"":true,""TEMP_GRASS_PT100_AVG"":false,""TEMP_SOIL_AVG"":false,""TEMP_SOIL_AVG_5CM"":false,""TEMP_SOIL_AVG_10CM"":false,""TEMP_SOIL_AVG_20CM"":false,""TEMP_SOIL_AVG_50CM"":false,""WIND_SPEED_10M"":true,""WIND_SPEED_AVG_30M"":false,""WIND_GUSTS_SPEED"":true,""HUMIDITY_REL_SHELTER_AVG"":true,""PRESSURE"":true,""SUN_DURATION"":false,""SHORT_WAVE_FROM_SKY_AVG"":false,""SUN_INT_AVG"":false}}"
aws_1day.fid--65986ded_19d21fbe95f_2a7c,POINT (50.916 5.45),6477,2019-08-26T00:00:00,0.0,22.72,32.17,13.31,25.05,29.83,26.48,25.02,20.21,20.38,0.91,,5.3,76.63,1013.02,733.5,236.56,288.43,"{""validated"":{""PRECIP_QUANTITY"":true,""TEMP_AVG"":true,""TEMP_MAX"":true,""TEMP_MIN"":true,""TEMP_GRASS_PT100_AVG"":true,""TEMP_SOIL_AVG"":true,""TEMP_SOIL_AVG_5CM"":true,""TEMP_SOIL_AVG_10CM"":true,""TEMP_SOIL_AVG_20CM"":true,""TEMP_SOIL_AVG_50CM"":true,""WIND_SPEED_10M"":true,""WIND_SPEED_AVG_30M"":false,""WIND_GUSTS_SPEED"":true,""HUMIDITY_REL_SHELTER_AVG"":true,""PRESSURE"":true,""SUN_DURATION"":false,""SHORT_WAVE_FROM_SKY_AVG"":false,""SUN_INT_AVG"":false}}"
aws_1day.fid--65986ded_19d21fbe95f_2a7d,POINT (50.797 4.358),6447,2019-08-26T00:00:00,0.0,24.61,31.29,16.89,25.64,28.47,26.13,25.06,23.6,20.87,,1.82,5.72,62.46,1005.43,,219.51,,"{""validated"":{""PRECIP_QUANTITY"":true,""TEMP_AVG"":true,""TEMP_MAX"":true,""TEMP_MIN"":true,""TEMP_GRASS_PT100_AVG"":true,""TEMP_SOIL_AVG"":true,""TEMP_SOIL_AVG_5CM"":true,""TEMP_SOIL_AVG_10CM"":true,""TEMP_SOIL_AVG_20CM"":true,""TEMP_SOIL_AVG_50CM"":true,""WIND_SPEED_10M"":false,""WIND_SPEED_AVG_30M"":true,""WIND_GUSTS_SPEED"":true,""HUMIDITY_REL_SHELTER_AVG"":false,""PRESSURE"":true,""SUN_DURATION"":false,""SHORT_WAVE_FROM_SKY_AVG"":false,""SUN_INT_AVG"":false}}"
aws_1day.fid--65986ded_19d21fbe95f_2a72,POINT (50.904 3.122),6414,2019-08-26T00:00:00,0.0,23.3,31.76,12.92,23.32,27.54,25.28,24.54,22.77,20.02,1.38,,5.59,65.64,1014.85,762.92,233.36,351.39,"{""validated"":{""PRECIP_QUANTITY"":true,""TEMP_AVG"":true,""TEMP_MAX"":true,""TEMP_MIN"":true,""TEMP_GRASS_PT100_AVG"":true,""TEMP_SOIL_AVG"":true,""TEMP_SOIL_AVG_5CM"":true,""TEMP_SOIL_AVG_10CM"":true,""TEMP_SOIL_AVG_20CM"":true,""TEMP_SOIL_AVG_50CM"":true,""WIND_SPEED_10M"":true,""WIND_SPEED_AVG_30M"":false,""WIND_GUSTS_SPEED"":true,""HUMIDITY_REL_SHELTER_AVG"":true,""PRESSURE"":true,""SUN_DURATION"":false,""SHORT_WAVE_FROM_SKY_AVG"":false,""SUN_INT_AVG"":false}}"
aws_1day.fid--65986ded_19d21fbe95f_2a78,POINT (50.194 5.255),6472,2019-08-26T00:00:00,0.0,23.17,30.4,15.43,25.11,27.6,23.81,22.75,21.36,18.52,1.79,2.09,5.75,58.71,984.3,756.08,238.93,360.78,"{""validated"":{""PRECIP_QUANTITY"":true,""TEMP_AVG"":true,""TEMP_MAX"":true,""TEMP_MIN"":true,""TEMP_GRASS_PT100_AVG"":true,""TEMP_SOIL_AVG"":true,""TEMP_SOIL_AVG_5CM"":true,""TEMP_SOIL_AVG_10CM"":true,""TEMP_SOIL_AVG_20CM"":true,""TEMP_SOIL_AVG_50CM"":true,""WIND_SPEED_10M"":true,""WIND_SPEED_AVG_30M"":true,""WIND_GUSTS_SPEED"":true,""HUMIDITY_REL_SHELTER_AVG"":true,""PRESSURE"":true,""SUN_DURATION"":false,""SHORT_WAVE_FROM_SKY_AVG"":false,""SUN_INT_AVG"":false}}"
aws_1day.fid--65986ded_19d21fbe95f_2a71,POINT (51.221 5.027),6464,2019-08-26T00:00:00,0.0,22.69,31.75,13.51,24.0,28.72,25.81,24.93,23.57,20.54,0.52,,4.48,76.39,1015.27,709.25,225.03,277.61,"{""validated"":{""PRECIP_QUANTITY"":true,""TEMP_AVG"":true,""TEMP_MAX"":true,""TEMP_MIN"":true,""TEMP_GRASS_PT100_AVG"":true,""TEMP_SOIL_AVG"":true,""TEMP_SOIL_AVG_5CM"":true,""TEMP_SOIL_AVG_10CM"":true,""TEMP_SOIL_AVG_20CM"":true,""TEMP_SOIL_AVG_50CM"":true,""WIND_SPEED_10M"":true,""WIND_SPEED_AVG_30M"":false,""WIND_GUSTS_SPEED"":true,""HUMIDITY_REL_SHELTER_AVG"":true,""PRESSURE"":true,""SUN_DURATION"":false,""SHORT_WAVE_FROM_SKY_AVG"":false,""SUN_INT_AVG"":false}}"
aws_1day.fid--65986ded_19d21fbe95f_2a6f,POINT (50.797 4.358),6447,2019-08-26T00:00:00,0.0,24.61,31.29,16.89,25.64,28.47,26.13,25.06,23.6,20.87,,1.82,5.72,62.46,1005.43,,219.51,,"{""validated"":{""PRECIP_QUANTITY"":true,""TEMP_AVG"":true,""TEMP_MAX"":true,""TEMP_MIN"":true,""TEMP_GRASS_PT100_AVG"":true,""TEMP_SOIL_AVG"":true,""TEMP_SOIL_AVG_5CM"":true,""TEMP_SOIL_AVG_10CM"":true,""TEMP_SOIL_AVG_20CM"":true,""TEMP_SOIL_AVG_50CM"":true,""WIND_SPEED_10M"":false,""WIND_SPEED_AVG_30M"":true,""WIND_GUSTS_SPEED"":true,""HUMIDITY_REL_SHELTER_AVG"":false,""PRESSURE"":true,""SUN_DURATION"":false,""SHORT_WAVE_FROM_SKY_AVG"":false,""SUN_INT_AVG"":false}}"
aws_1day.fid--65986ded_19d21fbe95f_2a6e,POINT (50.916 5.45),6477,2019-08-26T00:00:00,0.0,22.72,32.17,13.31,25.05,29.83,26.48,25.02,20.21,20.38,0.91,,5.3,76.63,1013.02,733.5,236.56,288.43,"{""validated"":{""PRECIP_QUANTITY"":true,""TEMP_AVG"":true,""TEMP_MAX"":true,""TEMP_MIN"":true,""TEMP_GRASS_PT100_AVG"":true,""TEMP_SOIL_AVG"":true,""TEMP_SOIL_AVG_5CM"":true,""TEMP_SOIL_AVG_10CM"":true,""TEMP_SOIL_AVG_20CM"":true,""TEMP_SOIL_AVG_50CM"":true,""WIND_SPEED_10M"":true,""WIND_SPEED_AVG_30M"":false,""WIND_GUSTS_SPEED"":true,""HUMIDITY_REL_SHELTER_AVG"":true,""PRESSURE"":true,""SUN_DURATION"":false,""SHORT_WAVE_FROM_SKY_AVG"":false,""SUN_INT_AVG"":false}}"
aws_1day.fid--65986ded_19d21fbe95f_2a63,POINT (51.221 5.027),6464,2019-08-26T00:00:00,0.0,22.69,31.75,13.51,24.0,28.72,25.81,24.93,23.57,20.54,0.52,,4.48,76.39,1015.27,709.25,225.03,277.61,"{""validated"":{""PRECIP_QUANTITY"":true,""TEMP_AVG"":true,""TEMP_MAX"":true,""TEMP_MIN"":true,""TEMP_GRASS_PT100_AVG"":true,""TEMP_SOIL_AVG"":true,""TEMP_SOIL_AVG_5CM"":true,""TEMP_SOIL_AVG_10CM"":true,""TEMP_SOIL_AVG_20CM"":true,""TEMP_SOIL_AVG_50CM"":true,""WIND_SPEED_10M"":true,""WIND_SPEED_AVG_30M"":false,""WIND_GUSTS_SPEED"":true,""HUMIDITY_REL_SHELTER_AVG"":true,""PRESSURE"":true,""SUN_DURATION"":false,""SHORT_WAVE_FROM_SKY_AVG"":false,""SUN_INT_AVG"":false}}"
aws_1day.fid--65986ded_19d21fbe95f_2a64,POINT (50.904 3.122),6414,2019-08-26T00:00:00,0.0,23.3,31.76,12.92,23.32,27.54,25.28,24.54,22.77,20.02,1.38,,5.59,65.64,1014.85,762.92,233.36,351.39,"{""validated"":{""PRECIP_QUANTITY"":true,""TEMP_AVG"":true,""TEMP_MAX"":true,""TEMP_MIN"":true,""TEMP_GRASS_PT100_AVG"":true,""TEMP_SOIL_AVG"":true,""TEMP_SOIL_AVG_5CM"":true,""TEMP_SOIL_AVG_10CM"":true,""TEMP_SOIL_AVG_20CM"":true,""TEMP_SOIL_AVG_50CM"":true,""WIND_SPEED_10M"":true,""WIND_SPEED_AVG_30M"":false,""WIND_GUSTS_SPEED"":true,""HUMIDITY_REL_SHELTER_AVG"":true,""PRESSURE"":true,""SUN_DURATION"":false,""SHORT_WAVE_FROM_SKY_AVG"":false,""SUN_INT_AVG"":false}}"
aws_1day.fid--65986ded_19d21fbe95f_2a65,POINT (50.98 3.816),6434,2019-08-26T00:00:00,0.0,22.66,31.93,12.22,25.66,29.11,25.2,23.77,22.72,20.37,1.12,1.95,6.0,68.91,1016.01,757.92,232.91,354.71,"{""validated"":{""PRECIP_QUANTITY"":true,""TEMP_AVG"":true,""TEMP_MAX"":true,""TEMP_MIN"":true,""TEMP_GRASS_PT100_AVG"":true,""TEMP_SOIL_AVG"":true,""TEMP_SOIL_AVG_5CM"":true,""TEMP_SOIL_AVG_10CM"":true,""TEMP_SOIL_AVG_20CM"":true,""TEMP_SOIL_AVG_50CM"":true,""WIND_SPEED_10M"":true,""WIND_SPEED_AVG_30M"":true,""WIND_GUSTS_SPEED"":true,""HUMIDITY_REL_SHELTER_AVG"":false,""PRESSURE"":true,""SUN_DURATION"":false,""SHORT_WAVE_FROM_SKY_AVG"":false,""SUN_INT_AVG"":false}}"
aws_1day.fid--65986ded_19d21fbe95f_2a67,POINT (51.325 4.364),6438,2019-08-26T00:00:00,0.0,23.93,31.92,13.69,25.67,29.64,25.47,24.65,22.28,21.43,1.19,,5.11,67.75,1017.41,710.0,216.0,296.28,"{""validated"":{""PRECIP_QUANTITY"":true,""TEMP_AVG"":true,""TEMP_MAX"":true,""TEMP_MIN"":true,""TEMP_GRASS_PT100_AVG"":true,""TEMP_SOIL_AVG"":true,""TEMP_SOIL_AVG_5CM"":true,""TEMP_SOIL_AVG_10CM"":true,""TEMP_SOIL_AVG_20CM"":true,""TEMP_SOIL_AVG_50CM"":true,""WIND_SPEED_10M"":true,""WIND_SPEED_AVG_30M"":false,""WIND_GUSTS_SPEED"":true,""HUMIDITY_REL_SHELTER_AVG"":true,""PRESSURE"":true,""SUN_DURATION"":false,""SHORT_WAVE_FROM_SKY_AVG"":false,""SUN_INT_AVG"":false}}"
aws_1day.fid--65986ded_19d21fbe95f_2a68,POINT (50.096 4.595),6455,2019-08-26T00:00:00,0.0,22.17,30.72,13.27,23.45,27.73,23.67,22.86,22.04,19.22,0.88,,5.12,70.51,989.63,689.1,219.06,319.47,"{""validated"":{""PRECIP_QUANTITY"":true,""TEMP_AVG"":true,""TEMP_MAX"":true,""TEMP_MIN"":true,""TEMP_GRASS_PT100_AVG"":true,""TEMP_SOIL_AVG"":true,""TEMP_SOIL_AVG_5CM"":true,""TEMP_SOIL_AVG_10CM"":true,""TEMP_SOIL_AVG_20CM"":true,""TEMP_SOIL_AVG_50CM"":true,""WIND_SPEED_10M"":true,""WIND_SPEED_AVG_30M"":false,""WIND_GUSTS_SPEED"":true,""HUMIDITY_REL_SHELTER_AVG"":true,""PRESSURE"":true,""SUN_DURATION"":false,""SHORT_WAVE_FROM_SKY_AVG"":false,""SUN_INT_AVG"":false}}"
aws_1day.fid--65986ded_19d21fbe95f_2a66,POINT (50.582 4.689),6459,2019-08-26T00:00:00,0.03,22.77,29.84,14.59,25.01,28.07,23.66,22.3,20.89,18.58,1.57,,6.23,68.61,999.32,735.08,236.6,301.39,"{""validated"":{""PRECIP_QUANTITY"":true,""TEMP_AVG"":true,""TEMP_MAX"":true,""TEMP_MIN"":true,""TEMP_GRASS_PT100_AVG"":true,""TEMP_SOIL_AVG"":true,""TEMP_SOIL_AVG_5CM"":true,""TEMP_SOIL_AVG_10CM"":true,""TEMP_SOIL_AVG_20CM"":true,""TEMP_SOIL_AVG_50CM"":true,""WIND_SPEED_10M"":true,""WIND_SPEED_AVG_30M"":false,""WIND_GUSTS_SPEED"":true,""HUMIDITY_REL_SHELTER_AVG"":true,""PRESSURE"":true,""SUN_DURATION"":false,""SHORT_WAVE_FROM_SKY_AVG"":false,""SUN_INT_AVG"":false}}"
aws_1day.fid--65986ded_19d21fbe95f_2a6a,POINT (50.194 5.255),6472,2019-08-26T00:00:00,0.0,23.17,30.4,15.43,25.11,27.6,23.81,22.75,21.36,18.52,1.79,2.09,5.75,58.71,984.3,756.08,238.93,360.78,"{""validated"":{""PRECIP_QUANTITY"":true,""TEMP_AVG"":true,""TEMP_MAX"":true,""TEMP_MIN"":true,""TEMP_GRASS_PT100_AVG"":true,""TEMP_SOIL_AVG"":true,""TEMP_SOIL_AVG_5CM"":true,""TEMP_SOIL_AVG_10CM"":true,""TEMP_SOIL_AVG_20CM"":true,""TEMP_SOIL_AVG_50CM"":true,""WIND_SPEED_10M"":true,""WIND_SPEED_AVG_30M"":true,""WIND_GUSTS_SPEED"":true,""HUMIDITY_REL_SHELTER_AVG"":true,""PRESSURE"":true,""SUN_DURATION"":false,""SHORT_WAVE_FROM_SKY_AVG"":false,""SUN_INT_AVG"":false}}"
aws_1day.fid--65986ded_19d21fbe95f_2a6b,POINT (51.075 4.525),6439,2019-08-26T00:00:00,0.0,23.76,31.74,14.57,27.75,27.7,25.49,24.77,23.3,20.89,0.98,,4.66,70.71,1016.71,722.75,231.85,278.45,"{""validated"":{""PRECIP_QUANTITY"":true,""TEMP_AVG"":true,""TEMP_MAX"":true,""TEMP_MIN"":true,""TEMP_GRASS_PT100_AVG"":true,""TEMP_SOIL_AVG"":true,""TEMP_SOIL_AVG_5CM"":false,""TEMP_SOIL_AVG_10CM"":true,""TEMP_SOIL_AVG_20CM"":true,""TEMP_SOIL_AVG_50CM"":true,""WIND_SPEED_10M"":true,""WIND_SPEED_AVG_30M"":false,""WIND_GUSTS_SPEED"":true,""HUMIDITY_REL_SHELTER_AVG"":false,""PRESSURE"":true,""SUN_DURATION"":false,""SHORT_WAVE_FROM_SKY_AVG"":false,""SUN_INT_AVG"":false}}"
aws_1day.fid--65986ded_19d21fbe95f_2a6c,POINT (49.62 5.587),6484,2019-08-26T00:00:00,0.0,20.99,29.83,13.53,31.13,26.35,24.19,22.67,21.99,19.55,1.83,,6.29,75.63,980.24,724.42,234.27,279.71,"{""validated"":{""PRECIP_QUANTITY"":true,""TEMP_AVG"":true,""TEMP_MAX"":true,""TEMP_MIN"":true,""TEMP_GRASS_PT100_AVG"":false,""TEMP_SOIL_AVG"":true,""TEMP_SOIL_AVG_5CM"":true,""TEMP_SOIL_AVG_10CM"":true,""TEMP_SOIL_AVG_20CM"":true,""TEMP_SOIL_AVG_50CM"":true,""WIND_SPEED_10M"":true,""WIND_SPEED_AVG_30M"":false,""WIND_GUSTS_SPEED"":true,""HUMIDITY_REL_SHELTER_AVG"":false,""PRESSURE"":true,""SUN_DURATION"":false,""SHORT_WAVE_FROM_SKY_AVG"":false,""SUN_INT_AVG"":false}}"
aws_1day.fid--65986ded_19d21fbe95f_2a6d,POINT (51.348 3.202),6418,2019-08-26T00:00:00,0.0,22.21,24.34,18.91,,,,,,,3.13,,7.45,71.4,1016.56,765.25,,326.99,"{""validated"":{""PRECIP_QUANTITY"":true,""TEMP_AVG"":true,""TEMP_MAX"":true,""TEMP_MIN"":true,""TEMP_GRASS_PT100_AVG"":false,""TEMP_SOIL_AVG"":false,""TEMP_SOIL_AVG_5CM"":false,""TEMP_SOIL_AVG_10CM"":false,""TEMP_SOIL_AVG_20CM"":false,""TEMP_SOIL_AVG_50CM"":false,""WIND_SPEED_10M"":true,""WIND_SPEED_AVG_30M"":false,""WIND_GUSTS_SPEED"":true,""HUMIDITY_REL_SHELTER_AVG"":true,""PRESSURE"":true,""SUN_DURATION"":false,""SHORT_WAVE_FROM_SKY_AVG"":false,""SUN_INT_AVG"":false}}"
aws_1day.fid--65986ded_19d21fbe95f_2a69,POINT (50.511 6.073),6494,2019-08-26T00:00:00,13.22,19.99,27.32,15.53,,20.81,18.39,17.96,17.38,15.18,1.55,,7.48,77.57,941.69,,157.36,,"{""validated"":{""PRECIP_QUANTITY"":true,""TEMP_AVG"":true,""TEMP_MAX"":true,""TEMP_MIN"":true,""TEMP_GRASS_PT100_AVG"":false,""TEMP_SOIL_AVG"":true,""TEMP_SOIL_AVG_5CM"":true,""TEMP_SOIL_AVG_10CM"":true,""TEMP_SOIL_AVG_20CM"":true,""TEMP_SOIL_AVG_50CM"":true,""WIND_SPEED_10M"":true,""WIND_SPEED_AVG_30M"":false,""WIND_GUSTS_SPEED"":true,""HUMIDITY_REL_SHELTER_AVG"":true,""PRESSURE"":true,""SUN_DURATION"":true,""SHORT_WAVE_FROM_SKY_AVG"":false,""SUN_INT_AVG"":true}}"
aws_1day.fid--65986ded_19d21fbe95f_2a86,POINT (50.511 6.073),6494,2019-08-27T00:00:00,0.0,21.02,28.19,15.32,,22.33,19.0,18.41,17.66,15.45,1.81,,7.24,65.83,939.76,,236.35,,"{""validated"":{""PRECIP_QUANTITY"":true,""TEMP_AVG"":true,""TEMP_MAX"":true,""TEMP_MIN"":true,""TEMP_GRASS_PT100_AVG"":false,""TEMP_SOIL_AVG"":true,""TEMP_SOIL_AVG_5CM"":true,""TEMP_SOIL_AVG_10CM"":true,""TEMP_SOIL_AVG_20CM"":true,""TEMP_SOIL_AVG_50CM"":true,""WIND_SPEED_10M"":true,""WIND_SPEED_AVG_30M"":false,""WIND_GUSTS_SPEED"":true,""HUMIDITY_REL_SHELTER_AVG"":true,""PRESSURE"":true,""SUN_DURATION"":true,""SHORT_WAVE_FROM_SKY_AVG"":false,""SUN_INT_AVG"":true}}"
aws_1day.fid--65986ded_19d21fbe95f_2a8a,POINT (50.98 3.816),6434,2019-08-27T00:00:00,0.0,24.42,32.92,15.89,26.93,29.68,26.12,24.62,23.54,20.94,1.35,2.04,6.46,65.41,1012.54,649.33,206.75,271.05,"{""validated"":{""PRECIP_QUANTITY"":true,""TEMP_AVG"":true,""TEMP_MAX"":true,""TEMP_MIN"":true,""TEMP_GRASS_PT100_AVG"":true,""TEMP_SOIL_AVG"":true,""TEMP_SOIL_AVG_5CM"":true,""TEMP_SOIL_AVG_10CM"":true,""TEMP_SOIL_AVG_20CM"":true,""TEMP_SOIL_AVG_50CM"":true,""WIND_SPEED_10M"":true,""WIND_SPEED_AVG_30M"":true,""WIND_GUSTS_SPEED"":true,""HUMIDITY_REL_SHELTER_AVG"":false,""PRESSURE"":true,""SUN_DURATION"":false,""SHORT_WAVE_FROM_SKY_AVG"":false,""SUN_INT_AVG"":false}}"
aws_1day.fid--65986ded_19d21fbe95f_2a89,POINT (50.096 4.595),6455,2019-08-27T00:00:00,0.0,23.09,32.23,13.98,24.02,28.27,24.23,23.47,22.67,19.76,1.31,,7.44,62.65,987.22,681.58,228.69,337.1,"{""validated"":{""PRECIP_QUANTITY"":true,""TEMP_AVG"":true,""TEMP_MAX"":true,""TEMP_MIN"":true,""TEMP_GRASS_PT100_AVG"":true,""TEMP_SOIL_AVG"":true,""TEMP_SOIL_AVG_5CM"":true,""TEMP_SOIL_AVG_10CM"":true,""TEMP_SOIL_AVG_20CM"":true,""TEMP_SOIL_AVG_50CM"":true,""WIND_SPEED_10M"":true,""WIND_SPEED_AVG_30M"":false,""WIND_GUSTS_SPEED"":true,""HUMIDITY_REL_SHELTER_AVG"":true,""PRESSURE"":true,""SUN_DURATION"":false,""SHORT_WAVE_FROM_SKY_AVG"":false,""SUN_INT_AVG"":false}}"
aws_1day.fid--65986ded_19d21fbe95f_2a88,POINT (50.797 4.358),6447,2019-08-27T00:00:00,0.0,25.94,33.25,19.55,26.46,29.53,27.24,26.22,24.68,21.6,,2.09,10.98,57.5,1002.3,,207.16,,"{""validated"":{""PRECIP_QUANTITY"":true,""TEMP_AVG"":true,""TEMP_MAX"":true,""TEMP_MIN"":true,""TEMP_GRASS_PT100_AVG"":true,""TEMP_SOIL_AVG"":true,""TEMP_SOIL_AVG_5CM"":true,""TEMP_SOIL_AVG_10CM"":true,""TEMP_SOIL_AVG_20CM"":true,""TEMP_SOIL_AVG_50CM"":true,""WIND_SPEED_10M"":false,""WIND_SPEED_AVG_30M"":true,""WIND_GUSTS_SPEED"":true,""HUMIDITY_REL_SHELTER_AVG"":false,""PRESSURE"":true,""SUN_DURATION"":false,""SHORT_WAVE_FROM_SKY_AVG"":false,""SUN_INT_AVG"":false}}"
aws_1day.fid--65986ded_19d21fbe95f_2a87,POINT (50.904 3.122),6414,2019-08-27T00:00:00,0.0,24.43,33.05,16.24,24.24,28.2,26.21,25.48,23.68,20.73,1.45,,5.82,66.15,1011.34,630.33,207.94,258.34,"{""validated"":{""PRECIP_QUANTITY"":true,""TEMP_AVG"":true,""TEMP_MAX"":true,""TEMP_MIN"":true,""TEMP_GRASS_PT100_AVG"":true,""TEMP_SOIL_AVG"":true,""TEMP_SOIL_AVG_5CM"":true,""TEMP_SOIL_AVG_10CM"":true,""TEMP_SOIL_AVG_20CM"":true,""TEMP_SOIL_AVG_50CM"":true,""WIND_SPEED_10M"":true,""WIND_SPEED_AVG_30M"":false,""WIND_GUSTS_SPEED"":true,""HUMIDITY_REL_SHELTER_AVG"":true,""PRESSURE"":true,""SUN_DURATION"":false,""SHORT_WAVE_FROM_SKY_AVG"":false,""SUN_INT_AVG"":false}}"
aws_1day.fid--65986ded_19d21fbe95f_2a85,POINT (49.62 5.587),6484,2019-08-27T00:00:00,0.0,21.01,30.16,12.89,30.78,25.96,24.06,22.71,22.36,20.14,1.7,,4.72,77.64,978.34,617.75,208.27,226.52,"{""validated"":{""PRECIP_QUANTITY"":true,""TEMP_AVG"":true,""TEMP_MAX"":true,""TEMP_MIN"":true,""TEMP_GRASS_PT100_AVG"":false,""TEMP_SOIL_AVG"":true,""TEMP_SOIL_AVG_5CM"":true,""TEMP_SOIL_AVG_10CM"":true,""TEMP_SOIL_AVG_20CM"":true,""TEMP_SOIL_AVG_50CM"":true,""WIND_SPEED_10M"":true,""WIND_SPEED_AVG_30M"":false,""WIND_GUSTS_SPEED"":true,""HUMIDITY_REL_SHELTER_AVG"":false,""PRESSURE"":true,""SUN_DURATION"":false,""SHORT_WAVE_FROM_SKY_AVG"":false,""SUN_INT_AVG"":false}}"
aws_1day.fid--65986ded_19d21fbe95f_2a81,POINT (50.194 5.255),6472,2019-08-27T00:00:00,0.0,24.16,30.79,16.5,24.96,28.18,24.34,23.5,22.26,19.28,1.83,2.48,8.22,53.96,981.97,724.92,232.83,334.37,"{""validated"":{""PRECIP_QUANTITY"":true,""TEMP_AVG"":true,""TEMP_MAX"":true,""TEMP_MIN"":true,""TEMP_GRASS_PT100_AVG"":true,""TEMP_SOIL_AVG"":true,""TEMP_SOIL_AVG_5CM"":true,""TEMP_SOIL_AVG_10CM"":true,""TEMP_SOIL_AVG_20CM"":true,""TEMP_SOIL_AVG_50CM"":true,""WIND_SPEED_10M"":true,""WIND_SPEED_AVG_30M"":true,""WIND_GUSTS_SPEED"":true,""HUMIDITY_REL_SHELTER_AVG"":true,""PRESSURE"":true,""SUN_DURATION"":false,""SHORT_WAVE_FROM_SKY_AVG"":false,""SUN_INT_AVG"":false}}"
aws_1day.fid--65986ded_19d21fbe95f_2a83,POINT (50.916 5.45),6477,2019-08-27T00:00:00,0.0,23.85,33.25,15.61,25.71,31.08,27.66,26.32,21.31,21.32,0.95,,5.07,73.41,1010.16,754.33,235.66,322.57,"{""validated"":{""PRECIP_QUANTITY"":true,""TEMP_AVG"":true,""TEMP_MAX"":true,""TEMP_MIN"":true,""TEMP_GRASS_PT100_AVG"":true,""TEMP_SOIL_AVG"":true,""TEMP_SOIL_AVG_5CM"":true,""TEMP_SOIL_AVG_10CM"":true,""TEMP_SOIL_AVG_20CM"":true,""TEMP_SOIL_AVG_50CM"":true,""WIND_SPEED_10M"":true,""WIND_SPEED_AVG_30M"":false,""WIND_GUSTS_SPEED"":true,""HUMIDITY_REL_SHELTER_AVG"":true,""PRESSURE"":true,""SUN_DURATION"":false,""SHORT_WAVE_FROM_SKY_AVG"":false,""SUN_INT_AVG"":false}}"
aws_1day.fid--65986ded_19d21fbe95f_2a82,POINT (50.582 4.689),6459,2019-08-27T00:00:00,0.0,24.8,32.63,16.74,26.19,28.97,24.54,23.26,21.77,19.13,1.89,,8.76,56.96,996.44,698.75,243.39,315.34,"{""validated"":{""PRECIP_QUANTITY"":true,""TEMP_AVG"":true,""TEMP_MAX"":true,""TEMP_MIN"":true,""TEMP_GRASS_PT100_AVG"":true,""TEMP_SOIL_AVG"":true,""TEMP_SOIL_AVG_5CM"":true,""TEMP_SOIL_AVG_10CM"":true,""TEMP_SOIL_AVG_20CM"":true,""TEMP_SOIL_AVG_50CM"":true,""WIND_SPEED_10M"":true,""WIND_SPEED_AVG_30M"":false,""WIND_GUSTS_SPEED"":true,""HUMIDITY_REL_SHELTER_AVG"":true,""PRESSURE"":true,""SUN_DURATION"":false,""SHORT_WAVE_FROM_SKY_AVG"":false,""SUN_INT_AVG"":false}}"
aws_1day.fid--65986ded_19d21fbe95f_2a80,POINT (51.075 4.525),6439,2019-08-27T00:00:00,0.0,25.0,33.26,17.78,28.85,29.27,26.83,26.08,24.46,21.61,1.02,,7.28,66.93,1013.36,694.67,231.43,277.23,"{""validated"":{""PRECIP_QUANTITY"":true,""TEMP_AVG"":true,""TEMP_MAX"":true,""TEMP_MIN"":true,""TEMP_GRASS_PT100_AVG"":true,""TEMP_SOIL_AVG"":true,""TEMP_SOIL_AVG_5CM"":false,""TEMP_SOIL_AVG_10CM"":true,""TEMP_SOIL_AVG_20CM"":true,""TEMP_SOIL_AVG_50CM"":true,""WIND_SPEED_10M"":true,""WIND_SPEED_AVG_30M"":false,""WIND_GUSTS_SPEED"":true,""HUMIDITY_REL_SHELTER_AVG"":false,""PRESSURE"":true,""SUN_DURATION"":false,""SHORT_WAVE_FROM_SKY_AVG"":false,""SUN_INT_AVG"":false}}"
aws_1day.fid--65986ded_19d21fbe95f_2a7f,POINT (51.348 3.202),6418,2019-08-27T00:00:00,0.0,22.67,25.03,21.11,,,,,,,2.53,,7.16,78.42,1012.95,643.25,,241.79,"{""validated"":{""PRECIP_QUANTITY"":true,""TEMP_AVG"":true,""TEMP_MAX"":true,""TEMP_MIN"":true,""TEMP_GRASS_PT100_AVG"":false,""TEMP_SOIL_AVG"":false,""TEMP_SOIL_AVG_5CM"":false,""TEMP_SOIL_AVG_10CM"":false,""TEMP_SOIL_AVG_20CM"":false,""TEMP_SOIL_AVG_50CM"":false,""WIND_SPEED_10M"":true,""WIND_SPEED_AVG_30M"":false,""WIND_GUSTS_SPEED"":true,""HUMIDITY_REL_SHELTER_AVG"":true,""PRESSURE"":true,""SUN_DURATION"":false,""SHORT_WAVE_FROM_SKY_AVG"":false,""SUN_INT_AVG"":false}}"
aws_1day.fid--65986ded_19d21fbe95f_2a7e,POINT (51.221 5.027),6464,2019-08-27T00:00:00,0.0,23.89,33.5,16.29,24.75,29.87,26.92,26.06,24.61,21.14,0.81,,5.72,71.55,1012.12,714.83,232.3,308.88,"{""validated"":{""PRECIP_QUANTITY"":true,""TEMP_AVG"":true,""TEMP_MAX"":true,""TEMP_MIN"":true,""TEMP_GRASS_PT100_AVG"":true,""TEMP_SOIL_AVG"":true,""TEMP_SOIL_AVG_5CM"":true,""TEMP_SOIL_AVG_10CM"":true,""TEMP_SOIL_AVG_20CM"":true,""TEMP_SOIL_AVG_50CM"":true,""WIND_SPEED_10M"":true,""WIND_SPEED_AVG_30M"":false,""WIND_GUSTS_SPEED"":true,""HUMIDITY_REL_SHELTER_AVG"":true,""PRESSURE"":true,""SUN_DURATION"":false,""SHORT_WAVE_FROM_SKY_AVG"":false,""SUN_INT_AVG"":false}}"
aws_1day.fid--65986ded_19d21fbe95f_2a84,POINT (51.325 4.364),6438,2019-08-27T00:00:00,0.0,24.83,33.38,16.9,26.56,30.31,26.37,25.59,23.19,22.11,1.3,,9.18,66.25,1013.96,696.33,209.24,281.49,"{""validated"":{""PRECIP_QUANTITY"":true,""TEMP_AVG"":true,""TEMP_MAX"":true,""TEMP_MIN"":true,""TEMP_GRASS_PT100_AVG"":true,""TEMP_SOIL_AVG"":true,""TEMP_SOIL_AVG_5CM"":true,""TEMP_SOIL_AVG_10CM"":true,""TEMP_SOIL_AVG_20CM"":true,""TEMP_SOIL_AVG_50CM"":true,""WIND_SPEED_10M"":true,""WIND_SPEED_AVG_30M"":false,""WIND_GUSTS_SPEED"":true,""HUMIDITY_REL_SHELTER_AVG"":true,""PRESSURE"":true,""SUN_DURATION"":false,""SHORT_WAVE_FROM_SKY_AVG"":false,""SUN_INT_AVG"":false}}"
aws_1day.fid--65986ded_19d21fbe95f_2a92,POINT (50.797 4.358),6447,2019-08-28T00:00:00,5.51,23.03,29.5,19.09,23.97,26.26,25.19,24.94,24.36,22.15,,2.6,10.3,62.67,1002.42,,158.95,,"{""validated"":{""PRECIP_QUANTITY"":true,""TEMP_AVG"":true,""TEMP_MAX"":true,""TEMP_MIN"":true,""TEMP_GRASS_PT100_AVG"":true,""TEMP_SOIL_AVG"":true,""TEMP_SOIL_AVG_5CM"":true,""TEMP_SOIL_AVG_10CM"":true,""TEMP_SOIL_AVG_20CM"":true,""TEMP_SOIL_AVG_50CM"":true,""WIND_SPEED_10M"":false,""WIND_SPEED_AVG_30M"":true,""WIND_GUSTS_SPEED"":true,""HUMIDITY_REL_SHELTER_AVG"":false,""PRESSURE"":true,""SUN_DURATION"":false,""SHORT_WAVE_FROM_SKY_AVG"":false,""SUN_INT_AVG"":false}}"
aws_1day.fid--65986ded_19d21fbe95f_2a96,POINT (50.511 6.073),6494,2019-08-28T00:00:00,0.0,18.46,26.09,14.63,,20.09,18.4,18.14,17.72,15.73,1.83,,7.36,76.41,938.93,,173.62,,"{""validated"":{""PRECIP_QUANTITY"":true,""TEMP_AVG"":true,""TEMP_MAX"":true,""TEMP_MIN"":true,""TEMP_GRASS_PT100_AVG"":false,""TEMP_SOIL_AVG"":true,""TEMP_SOIL_AVG_5CM"":true,""TEMP_SOIL_AVG_10CM"":true,""TEMP_SOIL_AVG_20CM"":true,""TEMP_SOIL_AVG_50CM"":true,""WIND_SPEED_10M"":true,""WIND_SPEED_AVG_30M"":false,""WIND_GUSTS_SPEED"":true,""HUMIDITY_REL_SHELTER_AVG"":true,""PRESSURE"":true,""SUN_DURATION"":true,""SHORT_WAVE_FROM_SKY_AVG"":false,""SUN_INT_AVG"":true}}"
aws_1day.fid--65986ded_19d21fbe95f_2a95,POINT (50.194 5.255),6472,2019-08-28T00:00:00,0.0,22.42,28.29,16.02,22.68,25.81,23.23,22.87,22.17,19.82,2.53,3.35,9.16,58.84,981.89,561.83,184.77,173.55,"{""validated"":{""PRECIP_QUANTITY"":true,""TEMP_AVG"":true,""TEMP_MAX"":true,""TEMP_MIN"":true,""TEMP_GRASS_PT100_AVG"":true,""TEMP_SOIL_AVG"":true,""TEMP_SOIL_AVG_5CM"":true,""TEMP_SOIL_AVG_10CM"":true,""TEMP_SOIL_AVG_20CM"":true,""TEMP_SOIL_AVG_50CM"":true,""WIND_SPEED_10M"":true,""WIND_SPEED_AVG_30M"":true,""WIND_GUSTS_SPEED"":true,""HUMIDITY_REL_SHELTER_AVG"":true,""PRESSURE"":true,""SUN_DURATION"":false,""SHORT_WAVE_FROM_SKY_AVG"":false,""SUN_INT_AVG"":false}}"
aws_1day.fid--65986ded_19d21fbe95f_2a97,POINT (51.325 4.364),6438,2019-08-28T00:00:00,2.57,22.91,28.67,18.73,23.71,25.31,24.91,24.53,22.85,22.51,3.2,,9.95,71.85,1013.85,443.08,166.74,124.81,"{""validated"":{""PRECIP_QUANTITY"":true,""TEMP_AVG"":true,""TEMP_MAX"":true,""TEMP_MIN"":true,""TEMP_GRASS_PT100_AVG"":true,""TEMP_SOIL_AVG"":true,""TEMP_SOIL_AVG_5CM"":true,""TEMP_SOIL_AVG_10CM"":true,""TEMP_SOIL_AVG_20CM"":true,""TEMP_SOIL_AVG_50CM"":true,""WIND_SPEED_10M"":true,""WIND_SPEED_AVG_30M"":false,""WIND_GUSTS_SPEED"":true,""HUMIDITY_REL_SHELTER_AVG"":true,""PRESSURE"":true,""SUN_DURATION"":false,""SHORT_WAVE_FROM_SKY_AVG"":false,""SUN_INT_AVG"":false}}"
aws_1day.fid--65986ded_19d21fbe95f_2a93,POINT (50.904 3.122),6414,2019-08-28T00:00:00,0.48,21.94,28.09,17.45,22.14,24.92,24.79,24.56,23.65,21.31,2.58,,8.5,75.19,1011.84,395.42,158.0,92.09,"{""validated"":{""PRECIP_QUANTITY"":true,""TEMP_AVG"":true,""TEMP_MAX"":true,""TEMP_MIN"":true,""TEMP_GRASS_PT100_AVG"":true,""TEMP_SOIL_AVG"":true,""TEMP_SOIL_AVG_5CM"":true,""TEMP_SOIL_AVG_10CM"":true,""TEMP_SOIL_AVG_20CM"":true,""TEMP_SOIL_AVG_50CM"":true,""WIND_SPEED_10M"":true,""WIND_SPEED_AVG_30M"":false,""WIND_GUSTS_SPEED"":true,""HUMIDITY_REL_SHELTER_AVG"":true,""PRESSURE"":true,""SUN_DURATION"":false,""SHORT_WAVE_FROM_SKY_AVG"":false,""SUN_INT_AVG"":false}}"
aws_1day.fid--65986ded_19d21fbe95f_2a91,POINT (49.62 5.587),6484,2019-08-28T00:00:00,1.04,20.97,28.1,15.79,29.65,24.41,24.12,22.9,22.64,20.52,1.67,,7.8,79.85,978.42,472.5,185.35,128.25,"{""validated"":{""PRECIP_QUANTITY"":true,""TEMP_AVG"":true,""TEMP_MAX"":true,""TEMP_MIN"":true,""TEMP_GRASS_PT100_AVG"":false,""TEMP_SOIL_AVG"":true,""TEMP_SOIL_AVG_5CM"":true,""TEMP_SOIL_AVG_10CM"":true,""TEMP_SOIL_AVG_20CM"":true,""TEMP_SOIL_AVG_50CM"":true,""WIND_SPEED_10M"":true,""WIND_SPEED_AVG_30M"":false,""WIND_GUSTS_SPEED"":true,""HUMIDITY_REL_SHELTER_AVG"":false,""PRESSURE"":true,""SUN_DURATION"":false,""SHORT_WAVE_FROM_SKY_AVG"":false,""SUN_INT_AVG"":false}}"
aws_1day.fid--65986ded_19d21fbe95f_2a94,POINT (51.221 5.027),6464,2019-08-28T00:00:00,2.99,22.25,29.9,16.74,22.4,26.73,25.0,24.69,24.06,21.54,1.43,,9.14,73.03,1011.93,435.42,167.9,129.01,"{""validated"":{""PRECIP_QUANTITY"":true,""TEMP_AVG"":true,""TEMP_MAX"":true,""TEMP_MIN"":true,""TEMP_GRASS_PT100_AVG"":true,""TEMP_SOIL_AVG"":true,""TEMP_SOIL_AVG_5CM"":true,""TEMP_SOIL_AVG_10CM"":true,""TEMP_SOIL_AVG_20CM"":true,""TEMP_SOIL_AVG_50CM"":true,""WIND_SPEED_10M"":true,""WIND_SPEED_AVG_30M"":false,""WIND_GUSTS_SPEED"":true,""HUMIDITY_REL_SHELTER_AVG"":true,""PRESSURE"":true,""SUN_DURATION"":false,""SHORT_WAVE_FROM_SKY_AVG"":false,""SUN_INT_AVG"":false}}"
aws_1day.fid--65986ded_19d21fbe95f_2a8f,POINT (50.916 5.45),6477,2019-08-28T00:00:00,0.0,22.41,29.51,14.64,23.38,27.56,26.0,25.28,21.23,21.9,1.72,,6.58,74.41,1010.06,502.75,176.59,154.6,"{""validated"":{""PRECIP_QUANTITY"":true,""TEMP_AVG"":true,""TEMP_MAX"":true,""TEMP_MIN"":true,""TEMP_GRASS_PT100_AVG"":true,""TEMP_SOIL_AVG"":true,""TEMP_SOIL_AVG_5CM"":true,""TEMP_SOIL_AVG_10CM"":true,""TEMP_SOIL_AVG_20CM"":true,""TEMP_SOIL_AVG_50CM"":true,""WIND_SPEED_10M"":true,""WIND_SPEED_AVG_30M"":false,""WIND_GUSTS_SPEED"":true,""HUMIDITY_REL_SHELTER_AVG"":true,""PRESSURE"":true,""SUN_DURATION"":false,""SHORT_WAVE_FROM_SKY_AVG"":false,""SUN_INT_AVG"":false}}"
aws_1day.fid--65986ded_19d21fbe95f_2a8e,POINT (50.98 3.816),6434,2019-08-28T00:00:00,7.89,22.71,27.56,18.52,23.93,23.15,23.31,23.34,23.14,21.36,2.56,3.43,13.61,72.55,1012.82,376.25,164.78,116.46,"{""validated"":{""PRECIP_QUANTITY"":true,""TEMP_AVG"":true,""TEMP_MAX"":true,""TEMP_MIN"":true,""TEMP_GRASS_PT100_AVG"":true,""TEMP_SOIL_AVG"":true,""TEMP_SOIL_AVG_5CM"":true,""TEMP_SOIL_AVG_10CM"":true,""TEMP_SOIL_AVG_20CM"":true,""TEMP_SOIL_AVG_50CM"":true,""WIND_SPEED_10M"":true,""WIND_SPEED_AVG_30M"":true,""WIND_GUSTS_SPEED"":true,""HUMIDITY_REL_SHELTER_AVG"":false,""PRESSURE"":true,""SUN_DURATION"":false,""SHORT_WAVE_FROM_SKY_AVG"":false,""SUN_INT_AVG"":false}}"
aws_1day.fid--65986ded_19d21fbe95f_2a8d,POINT (51.075 4.525),6439,2019-08-28T00:00:00,8.78,22.89,28.83,17.93,24.45,23.85,23.63,23.69,23.49,21.99,2.31,,7.45,71.61,1013.37,407.33,170.05,108.15,"{""validated"":{""PRECIP_QUANTITY"":false,""TEMP_AVG"":true,""TEMP_MAX"":true,""TEMP_MIN"":true,""TEMP_GRASS_PT100_AVG"":true,""TEMP_SOIL_AVG"":true,""TEMP_SOIL_AVG_5CM"":false,""TEMP_SOIL_AVG_10CM"":true,""TEMP_SOIL_AVG_20CM"":true,""TEMP_SOIL_AVG_50CM"":true,""WIND_SPEED_10M"":true,""WIND_SPEED_AVG_30M"":false,""WIND_GUSTS_SPEED"":true,""HUMIDITY_REL_SHELTER_AVG"":false,""PRESSURE"":true,""SUN_DURATION"":false,""SHORT_WAVE_FROM_SKY_AVG"":false,""SUN_INT_AVG"":false}}"
aws_1day.fid--65986ded_19d21fbe95f_2a8c,POINT (51.348 3.202),6418,2019-08-28T00:00:00,0.15,21.07,23.36,18.95,,,,,,,4.92,,9.95,78.04,1013.13,233.67,,66.48,"{""validated"":{""PRECIP_QUANTITY"":true,""TEMP_AVG"":true,""TEMP_MAX"":true,""TEMP_MIN"":true,""TEMP_GRASS_PT100_AVG"":false,""TEMP_SOIL_AVG"":false,""TEMP_SOIL_AVG_5CM"":false,""TEMP_SOIL_AVG_10CM"":false,""TEMP_SOIL_AVG_20CM"":false,""TEMP_SOIL_AVG_50CM"":false,""WIND_SPEED_10M"":true,""WIND_SPEED_AVG_30M"":false,""WIND_GUSTS_SPEED"":true,""HUMIDITY_REL_SHELTER_AVG"":true,""PRESSURE"":true,""SUN_DURATION"":false,""SHORT_WAVE_FROM_SKY_AVG"":false,""SUN_INT_AVG"":false}}"
aws_1day.fid--65986ded_19d21fbe95f_2a8b,POINT (50.096 4.595),6455,2019-08-28T00:00:00,0.0,22.53,29.36,15.87,23.12,27.14,24.19,23.62,22.97,20.2,1.48,,6.87,68.87,987.31,520.83,180.06,179.76,"{""validated"":{""PRECIP_QUANTITY"":true,""TEMP_AVG"":true,""TEMP_MAX"":true,""TEMP_MIN"":true,""TEMP_GRASS_PT100_AVG"":true,""TEMP_SOIL_AVG"":true,""TEMP_SOIL_AVG_5CM"":true,""TEMP_SOIL_AVG_10CM"":true,""TEMP_SOIL_AVG_20CM"":true,""TEMP_SOIL_AVG_50CM"":true,""WIND_SPEED_10M"":true,""WIND_SPEED_AVG_30M"":false,""WIND_GUSTS_SPEED"":true,""HUMIDITY_REL_SHELTER_AVG"":true,""PRESSURE"":true,""SUN_DURATION"":false,""SHORT_WAVE_FROM_SKY_AVG"":false,""SUN_INT_AVG"":false}}"
aws_1day.fid--65986ded_19d21fbe95f_2a90,POINT (50.582 4.689),6459,2019-08-28T00:00:00,0.43,23.12,29.07,18.42,23.74,25.92,23.01,22.4,21.67,19.59,2.96,,8.27,63.21,996.49,444.17,180.84,137.07,"{""validated"":{""PRECIP_QUANTITY"":true,""TEMP_AVG"":true,""TEMP_MAX"":true,""TEMP_MIN"":true,""TEMP_GRASS_PT100_AVG"":true,""TEMP_SOIL_AVG"":true,""TEMP_SOIL_AVG_5CM"":true,""TEMP_SOIL_AVG_10CM"":true,""TEMP_SOIL_AVG_20CM"":true,""TEMP_SOIL_AVG_50CM"":true,""WIND_SPEED_10M"":true,""WIND_SPEED_AVG_30M"":false,""WIND_GUSTS_SPEED"":true,""HUMIDITY_REL_SHELTER_AVG"":true,""PRESSURE"":true,""SUN_DURATION"":false,""SHORT_WAVE_FROM_SKY_AVG"":false,""SUN_INT_AVG"":false}}"
aws_1day.fid--65986ded_19d21fbe95f_2aa4,POINT (50.511 6.073),6494,2019-08-29T00:00:00,0.0,16.33,20.63,10.45,,18.56,17.93,17.76,17.45,15.81,1.93,,5.75,86.91,942.61,,165.06,,"{""validated"":{""PRECIP_QUANTITY"":true,""TEMP_AVG"":true,""TEMP_MAX"":true,""TEMP_MIN"":true,""TEMP_GRASS_PT100_AVG"":false,""TEMP_SOIL_AVG"":true,""TEMP_SOIL_AVG_5CM"":true,""TEMP_SOIL_AVG_10CM"":true,""TEMP_SOIL_AVG_20CM"":true,""TEMP_SOIL_AVG_50CM"":true,""WIND_SPEED_10M"":true,""WIND_SPEED_AVG_30M"":false,""WIND_GUSTS_SPEED"":true,""HUMIDITY_REL_SHELTER_AVG"":true,""PRESSURE"":true,""SUN_DURATION"":true,""SHORT_WAVE_FROM_SKY_AVG"":false,""SUN_INT_AVG"":true}}"
aws_1day.fid--65986ded_19d21fbe95f_2aa3,POINT (50.096 4.595),6455,2019-08-29T00:00:00,0.87,18.43,23.78,11.02,19.18,23.28,23.35,23.09,22.73,20.46,1.45,,7.34,82.03,992.03,429.5,176.43,179.16,"{""validated"":{""PRECIP_QUANTITY"":true,""TEMP_AVG"":true,""TEMP_MAX"":true,""TEMP_MIN"":true,""TEMP_GRASS_PT100_AVG"":true,""TEMP_SOIL_AVG"":true,""TEMP_SOIL_AVG_5CM"":true,""TEMP_SOIL_AVG_10CM"":true,""TEMP_SOIL_AVG_20CM"":true,""TEMP_SOIL_AVG_50CM"":true,""WIND_SPEED_10M"":true,""WIND_SPEED_AVG_30M"":false,""WIND_GUSTS_SPEED"":true,""HUMIDITY_REL_SHELTER_AVG"":true,""PRESSURE"":true,""SUN_DURATION"":false,""SHORT_WAVE_FROM_SKY_AVG"":false,""SUN_INT_AVG"":false}}"
aws_1day.fid--65986ded_19d21fbe95f_2aa2,POINT (49.62 5.587),6484,2019-08-29T00:00:00,0.0,18.48,24.58,12.06,27.79,22.06,22.53,21.85,22.17,20.65,2.11,,6.87,82.58,982.16,526.42,197.37,180.97,"{""validated"":{""PRECIP_QUANTITY"":true,""TEMP_AVG"":true,""TEMP_MAX"":true,""TEMP_MIN"":true,""TEMP_GRASS_PT100_AVG"":false,""TEMP_SOIL_AVG"":true,""TEMP_SOIL_AVG_5CM"":true,""TEMP_SOIL_AVG_10CM"":true,""TEMP_SOIL_AVG_20CM"":true,""TEMP_SOIL_AVG_50CM"":true,""WIND_SPEED_10M"":true,""WIND_SPEED_AVG_30M"":false,""WIND_GUSTS_SPEED"":true,""HUMIDITY_REL_SHELTER_AVG"":false,""PRESSURE"":true,""SUN_DURATION"":false,""SHORT_WAVE_FROM_SKY_AVG"":false,""SUN_INT_AVG"":false}}"
aws_1day.fid--65986ded_19d21fbe95f_2aa1,POINT (50.797 4.358),6447,2019-08-29T00:00:00,2.9,18.81,22.12,13.29,20.01,20.57,21.15,21.94,22.56,22.01,,2.06,8.19,75.18,1007.72,,151.29,,"{""validated"":{""PRECIP_QUANTITY"":true,""TEMP_AVG"":true,""TEMP_MAX"":true,""TEMP_MIN"":true,""TEMP_GRASS_PT100_AVG"":true,""TEMP_SOIL_AVG"":true,""TEMP_SOIL_AVG_5CM"":true,""TEMP_SOIL_AVG_10CM"":true,""TEMP_SOIL_AVG_20CM"":true,""TEMP_SOIL_AVG_50CM"":true,""WIND_SPEED_10M"":false,""WIND_SPEED_AVG_30M"":true,""WIND_GUSTS_SPEED"":true,""HUMIDITY_REL_SHELTER_AVG"":false,""PRESSURE"":true,""SUN_DURATION"":false,""SHORT_WAVE_FROM_SKY_AVG"":false,""SUN_INT_AVG"":false}}"
aws_1day.fid--65986ded_19d21fbe95f_2aa0,POINT (50.916 5.45),6477,2019-08-29T00:00:00,6.69,19.04,23.78,11.04,20.03,22.39,22.69,23.11,20.47,21.82,1.74,,6.87,81.64,1015.44,463.92,187.95,169.43,"{""validated"":{""PRECIP_QUANTITY"":true,""TEMP_AVG"":true,""TEMP_MAX"":true,""TEMP_MIN"":true,""TEMP_GRASS_PT100_AVG"":true,""TEMP_SOIL_AVG"":true,""TEMP_SOIL_AVG_5CM"":true,""TEMP_SOIL_AVG_10CM"":true,""TEMP_SOIL_AVG_20CM"":true,""TEMP_SOIL_AVG_50CM"":true,""WIND_SPEED_10M"":true,""WIND_SPEED_AVG_30M"":false,""WIND_GUSTS_SPEED"":true,""HUMIDITY_REL_SHELTER_AVG"":true,""PRESSURE"":true,""SUN_DURATION"":false,""SHORT_WAVE_FROM_SKY_AVG"":false,""SUN_INT_AVG"":false}}"
aws_1day.fid--65986ded_19d21fbe95f_2a9f,POINT (50.98 3.816),6434,2019-08-29T00:00:00,0.2,18.24,22.74,11.15,19.52,20.9,21.1,21.7,21.84,21.1,2.25,3.11,8.32,78.49,1018.46,406.42,155.4,161.2,"{""validated"":{""PRECIP_QUANTITY"":true,""TEMP_AVG"":false,""TEMP_MAX"":false,""TEMP_MIN"":false,""TEMP_GRASS_PT100_AVG"":false,""TEMP_SOIL_AVG"":false,""TEMP_SOIL_AVG_5CM"":false,""TEMP_SOIL_AVG_10CM"":true,""TEMP_SOIL_AVG_20CM"":true,""TEMP_SOIL_AVG_50CM"":true,""WIND_SPEED_10M"":false,""WIND_SPEED_AVG_30M"":false,""WIND_GUSTS_SPEED"":false,""HUMIDITY_REL_SHELTER_AVG"":false,""PRESSURE"":false,""SUN_DURATION"":false,""SHORT_WAVE_FROM_SKY_AVG"":false,""SUN_INT_AVG"":false}}"
aws_1day.fid--65986ded_19d21fbe95f_2a9e,POINT (50.194 5.255),6472,2019-08-29T00:00:00,0.0,19.02,23.01,12.91,19.82,23.03,21.89,22.16,21.84,20.0,1.97,2.54,7.75,72.65,986.22,296.17,135.72,97.47,"{""validated"":{""PRECIP_QUANTITY"":true,""TEMP_AVG"":true,""TEMP_MAX"":true,""TEMP_MIN"":true,""TEMP_GRASS_PT100_AVG"":true,""TEMP_SOIL_AVG"":true,""TEMP_SOIL_AVG_5CM"":true,""TEMP_SOIL_AVG_10CM"":true,""TEMP_SOIL_AVG_20CM"":true,""TEMP_SOIL_AVG_50CM"":true,""WIND_SPEED_10M"":true,""WIND_SPEED_AVG_30M"":true,""WIND_GUSTS_SPEED"":true,""HUMIDITY_REL_SHELTER_AVG"":true,""PRESSURE"":true,""SUN_DURATION"":false,""SHORT_WAVE_FROM_SKY_AVG"":false,""SUN_INT_AVG"":false}}"
aws_1day.fid--65986ded_19d21fbe95f_2a9d,POINT (51.348 3.202),6418,2019-08-29T00:00:00,0.03,18.47,20.53,14.94,,,,,,,5.06,,10.71,73.1,1018.56,657.5,,271.88,"{""validated"":{""PRECIP_QUANTITY"":true,""TEMP_AVG"":true,""TEMP_MAX"":true,""TEMP_MIN"":true,""TEMP_GRASS_PT100_AVG"":false,""TEMP_SOIL_AVG"":false,""TEMP_SOIL_AVG_5CM"":false,""TEMP_SOIL_AVG_10CM"":false,""TEMP_SOIL_AVG_20CM"":false,""TEMP_SOIL_AVG_50CM"":false,""WIND_SPEED_10M"":true,""WIND_SPEED_AVG_30M"":false,""WIND_GUSTS_SPEED"":true,""HUMIDITY_REL_SHELTER_AVG"":true,""PRESSURE"":true,""SUN_DURATION"":false,""SHORT_WAVE_FROM_SKY_AVG"":false,""SUN_INT_AVG"":false}}"
aws_1day.fid--65986ded_19d21fbe95f_2a9c,POINT (51.221 5.027),6464,2019-08-29T00:00:00,4.36,18.46,23.34,10.8,18.68,21.18,21.53,21.94,22.25,21.26,1.41,,7.06,80.87,1017.57,434.0,168.24,162.45,"{""validated"":{""PRECIP_QUANTITY"":true,""TEMP_AVG"":true,""TEMP_MAX"":true,""TEMP_MIN"":true,""TEMP_GRASS_PT100_AVG"":true,""TEMP_SOIL_AVG"":true,""TEMP_SOIL_AVG_5CM"":true,""TEMP_SOIL_AVG_10CM"":true,""TEMP_SOIL_AVG_20CM"":true,""TEMP_SOIL_AVG_50CM"":true,""WIND_SPEED_10M"":true,""WIND_SPEED_AVG_30M"":false,""WIND_GUSTS_SPEED"":true,""HUMIDITY_REL_SHELTER_AVG"":true,""PRESSURE"":true,""SUN_DURATION"":false,""SHORT_WAVE_FROM_SKY_AVG"":false,""SUN_INT_AVG"":false}}"
aws_1day.fid--65986ded_19d21fbe95f_2a9b,POINT (50.904 3.122),6414,2019-08-29T00:00:00,0.0,17.92,23.11,10.0,17.71,21.35,22.4,22.62,22.51,21.3,2.79,,9.43,77.36,1017.49,525.75,187.35,212.5,"{""validated"":{""PRECIP_QUANTITY"":true,""TEMP_AVG"":true,""TEMP_MAX"":true,""TEMP_MIN"":true,""TEMP_GRASS_PT100_AVG"":true,""TEMP_SOIL_AVG"":true,""TEMP_SOIL_AVG_5CM"":true,""TEMP_SOIL_AVG_10CM"":true,""TEMP_SOIL_AVG_20CM"":true,""TEMP_SOIL_AVG_50CM"":true,""WIND_SPEED_10M"":true,""WIND_SPEED_AVG_30M"":false,""WIND_GUSTS_SPEED"":true,""HUMIDITY_REL_SHELTER_AVG"":true,""PRESSURE"":true,""SUN_DURATION"":false,""SHORT_WAVE_FROM_SKY_AVG"":false,""SUN_INT_AVG"":false}}"
aws_1day.fid--65986ded_19d21fbe95f_2a9a,POINT (51.325 4.364),6438,2019-08-29T00:00:00,0.16,18.74,23.38,11.36,19.42,22.39,22.72,22.78,21.83,22.3,3.73,,10.19,75.26,1019.57,466.75,160.86,167.74,"{""validated"":{""PRECIP_QUANTITY"":true,""TEMP_AVG"":true,""TEMP_MAX"":true,""TEMP_MIN"":true,""TEMP_GRASS_PT100_AVG"":true,""TEMP_SOIL_AVG"":true,""TEMP_SOIL_AVG_5CM"":true,""TEMP_SOIL_AVG_10CM"":true,""TEMP_SOIL_AVG_20CM"":true,""TEMP_SOIL_AVG_50CM"":true,""WIND_SPEED_10M"":true,""WIND_SPEED_AVG_30M"":false,""WIND_GUSTS_SPEED"":true,""HUMIDITY_REL_SHELTER_AVG"":true,""PRESSURE"":true,""SUN_DURATION"":false,""SHORT_WAVE_FROM_SKY_AVG"":false,""SUN_INT_AVG"":false}}"
aws_1day.fid--65986ded_19d21fbe95f_2a99,POINT (51.075 4.525),6439,2019-08-29T00:00:00,2.95,18.85,22.41,12.33,20.84,20.44,20.87,21.32,21.89,21.51,2.14,,8.67,80.2,1019.07,435.5,177.43,155.39,"{""validated"":{""PRECIP_QUANTITY"":false,""TEMP_AVG"":true,""TEMP_MAX"":true,""TEMP_MIN"":true,""TEMP_GRASS_PT100_AVG"":true,""TEMP_SOIL_AVG"":true,""TEMP_SOIL_AVG_5CM"":false,""TEMP_SOIL_AVG_10CM"":true,""TEMP_SOIL_AVG_20CM"":true,""TEMP_SOIL_AVG_50CM"":true,""WIND_SPEED_10M"":true,""WIND_SPEED_AVG_30M"":false,""WIND_GUSTS_SPEED"":true,""HUMIDITY_REL_SHELTER_AVG"":false,""PRESSURE"":true,""SUN_DURATION"":false,""SHORT_WAVE_FROM_SKY_AVG"":false,""SUN_INT_AVG"":false}}"
aws_1day.fid--65986ded_19d21fbe95f_2a98,POINT (50.582 4.689),6459,2019-08-29T00:00:00,6.88,18.28,22.22,11.46,18.97,19.37,19.4,20.12,20.72,19.71,2.53,,8.98,78.91,1001.6,367.25,158.35,138.99,"{""validated"":{""PRECIP_QUANTITY"":true,""TEMP_AVG"":true,""TEMP_MAX"":true,""TEMP_MIN"":true,""TEMP_GRASS_PT100_AVG"":true,""TEMP_SOIL_AVG"":true,""TEMP_SOIL_AVG_5CM"":true,""TEMP_SOIL_AVG_10CM"":true,""TEMP_SOIL_AVG_20CM"":true,""TEMP_SOIL_AVG_50CM"":true,""WIND_SPEED_10M"":true,""WIND_SPEED_AVG_30M"":false,""WIND_GUSTS_SPEED"":true,""HUMIDITY_REL_SHELTER_AVG"":true,""PRESSURE"":true,""SUN_DURATION"":false,""SHORT_WAVE_FROM_SKY_AVG"":false,""SUN_INT_AVG"":false}}"
aws_1day.fid--65986ded_19d21fbe95f_2ab1,POINT (50.904 3.122),6414,2019-08-30T00:00:00,0.0,16.98,25.32,9.04,17.69,21.71,21.54,21.51,21.27,20.77,2.18,,7.33,74.44,1019.39,765.5,235.02,361.73,"{""validated"":{""PRECIP_QUANTITY"":true,""TEMP_AVG"":true,""TEMP_MAX"":true,""TEMP_MIN"":true,""TEMP_GRASS_PT100_AVG"":true,""TEMP_SOIL_AVG"":true,""TEMP_SOIL_AVG_5CM"":true,""TEMP_SOIL_AVG_10CM"":true,""TEMP_SOIL_AVG_20CM"":true,""TEMP_SOIL_AVG_50CM"":true,""WIND_SPEED_10M"":true,""WIND_SPEED_AVG_30M"":false,""WIND_GUSTS_SPEED"":true,""HUMIDITY_REL_SHELTER_AVG"":true,""PRESSURE"":true,""SUN_DURATION"":false,""SHORT_WAVE_FROM_SKY_AVG"":false,""SUN_INT_AVG"":false}}"
aws_1day.fid--65986ded_19d21fbe95f_2ab0,POINT (51.221 5.027),6464,2019-08-30T00:00:00,0.0,16.12,24.68,8.83,16.55,21.1,20.36,20.35,20.4,20.3,0.83,,5.83,76.86,1020.03,729.33,244.45,343.18,"{""validated"":{""PRECIP_QUANTITY"":true,""TEMP_AVG"":true,""TEMP_MAX"":true,""TEMP_MIN"":true,""TEMP_GRASS_PT100_AVG"":true,""TEMP_SOIL_AVG"":true,""TEMP_SOIL_AVG_5CM"":true,""TEMP_SOIL_AVG_10CM"":true,""TEMP_SOIL_AVG_20CM"":true,""TEMP_SOIL_AVG_50CM"":true,""WIND_SPEED_10M"":true,""WIND_SPEED_AVG_30M"":false,""WIND_GUSTS_SPEED"":true,""HUMIDITY_REL_SHELTER_AVG"":true,""PRESSURE"":true,""SUN_DURATION"":false,""SHORT_WAVE_FROM_SKY_AVG"":false,""SUN_INT_AVG"":false}}"
aws_1day.fid--65986ded_19d21fbe95f_2aaf,POINT (50.582 4.689),6459,2019-08-30T00:00:00,0.0,16.25,24.35,9.66,18.17,20.28,18.69,18.6,18.95,19.14,1.46,,6.01,70.02,1003.8,765.83,253.15,384.9,"{""validated"":{""PRECIP_QUANTITY"":true,""TEMP_AVG"":true,""TEMP_MAX"":true,""TEMP_MIN"":true,""TEMP_GRASS_PT100_AVG"":true,""TEMP_SOIL_AVG"":true,""TEMP_SOIL_AVG_5CM"":true,""TEMP_SOIL_AVG_10CM"":true,""TEMP_SOIL_AVG_20CM"":true,""TEMP_SOIL_AVG_50CM"":true,""WIND_SPEED_10M"":true,""WIND_SPEED_AVG_30M"":false,""WIND_GUSTS_SPEED"":true,""HUMIDITY_REL_SHELTER_AVG"":true,""PRESSURE"":true,""SUN_DURATION"":false,""SHORT_WAVE_FROM_SKY_AVG"":false,""SUN_INT_AVG"":false}}"
aws_1day.fid--65986ded_19d21fbe95f_2aae,POINT (50.797 4.358),6447,2019-08-30T00:00:00,0.0,17.15,23.56,11.04,19.22,20.61,20.16,20.35,20.66,21.05,,1.55,5.5,68.99,1009.89,,234.82,,"{""validated"":{""PRECIP_QUANTITY"":true,""TEMP_AVG"":true,""TEMP_MAX"":true,""TEMP_MIN"":true,""TEMP_GRASS_PT100_AVG"":true,""TEMP_SOIL_AVG"":true,""TEMP_SOIL_AVG_5CM"":true,""TEMP_SOIL_AVG_10CM"":true,""TEMP_SOIL_AVG_20CM"":true,""TEMP_SOIL_AVG_50CM"":true,""WIND_SPEED_10M"":false,""WIND_SPEED_AVG_30M"":true,""WIND_GUSTS_SPEED"":true,""HUMIDITY_REL_SHELTER_AVG"":false,""PRESSURE"":true,""SUN_DURATION"":false,""SHORT_WAVE_FROM_SKY_AVG"":false,""SUN_INT_AVG"":false}}"
aws_1day.fid--65986ded_19d21fbe95f_2aad,POINT (50.511 6.073),6494,2019-08-30T00:00:00,0.0,15.96,23.02,8.93,,19.26,17.12,16.98,16.72,15.7,1.53,,4.81,70.8,944.42,,247.75,,"{""validated"":{""PRECIP_QUANTITY"":true,""TEMP_AVG"":true,""TEMP_MAX"":true,""TEMP_MIN"":true,""TEMP_GRASS_PT100_AVG"":false,""TEMP_SOIL_AVG"":true,""TEMP_SOIL_AVG_5CM"":true,""TEMP_SOIL_AVG_10CM"":true,""TEMP_SOIL_AVG_20CM"":true,""TEMP_SOIL_AVG_50CM"":true,""WIND_SPEED_10M"":true,""WIND_SPEED_AVG_30M"":false,""WIND_GUSTS_SPEED"":true,""HUMIDITY_REL_SHELTER_AVG"":true,""PRESSURE"":true,""SUN_DURATION"":true,""SHORT_WAVE_FROM_SKY_AVG"":false,""SUN_INT_AVG"":true}}"
aws_1day.fid--65986ded_19d21fbe95f_2aac,POINT (50.096 4.595),6455,2019-08-30T00:00:00,0.0,15.81,24.96,7.55,16.96,22.48,21.66,21.48,21.42,20.3,0.99,,5.27,70.86,994.04,717.84,238.96,392.91,"{""validated"":{""PRECIP_QUANTITY"":true,""TEMP_AVG"":true,""TEMP_MAX"":true,""TEMP_MIN"":true,""TEMP_GRASS_PT100_AVG"":true,""TEMP_SOIL_AVG"":true,""TEMP_SOIL_AVG_5CM"":true,""TEMP_SOIL_AVG_10CM"":true,""TEMP_SOIL_AVG_20CM"":true,""TEMP_SOIL_AVG_50CM"":true,""WIND_SPEED_10M"":true,""WIND_SPEED_AVG_30M"":false,""WIND_GUSTS_SPEED"":true,""HUMIDITY_REL_SHELTER_AVG"":false,""PRESSURE"":true,""SUN_DURATION"":false,""SHORT_WAVE_FROM_SKY_AVG"":false,""SUN_INT_AVG"":false}}"
aws_1day.fid--65986ded_19d21fbe95f_2aa8,POINT (50.98 3.816),6434,2019-08-30T00:00:00,0.0,16.92,24.71,10.02,19.14,22.27,21.16,20.97,20.91,20.52,1.94,2.74,6.52,75.73,1020.59,773.42,238.06,374.92,"{""validated"":{""PRECIP_QUANTITY"":true,""TEMP_AVG"":true,""TEMP_MAX"":true,""TEMP_MIN"":true,""TEMP_GRASS_PT100_AVG"":true,""TEMP_SOIL_AVG"":true,""TEMP_SOIL_AVG_5CM"":true,""TEMP_SOIL_AVG_10CM"":true,""TEMP_SOIL_AVG_20CM"":true,""TEMP_SOIL_AVG_50CM"":true,""WIND_SPEED_10M"":true,""WIND_SPEED_AVG_30M"":true,""WIND_GUSTS_SPEED"":true,""HUMIDITY_REL_SHELTER_AVG"":false,""PRESSURE"":true,""SUN_DURATION"":false,""SHORT_WAVE_FROM_SKY_AVG"":false,""SUN_INT_AVG"":false}}"
aws_1day.fid--65986ded_19d21fbe95f_2aaa,POINT (51.325 4.364),6438,2019-08-30T00:00:00,0.0,17.76,24.31,11.03,19.71,24.67,22.76,22.39,20.98,21.65,2.13,,9.71,73.91,1021.85,743.92,237.99,373.36,"{""validated"":{""PRECIP_QUANTITY"":true,""TEMP_AVG"":true,""TEMP_MAX"":true,""TEMP_MIN"":true,""TEMP_GRASS_PT100_AVG"":true,""TEMP_SOIL_AVG"":true,""TEMP_SOIL_AVG_5CM"":true,""TEMP_SOIL_AVG_10CM"":true,""TEMP_SOIL_AVG_20CM"":true,""TEMP_SOIL_AVG_50CM"":true,""WIND_SPEED_10M"":true,""WIND_SPEED_AVG_30M"":false,""WIND_GUSTS_SPEED"":true,""HUMIDITY_REL_SHELTER_AVG"":true,""PRESSURE"":true,""SUN_DURATION"":false,""SHORT_WAVE_FROM_SKY_AVG"":false,""SUN_INT_AVG"":false}}"
aws_1day.fid--65986ded_19d21fbe95f_2aa9,POINT (50.916 5.45),6477,2019-08-30T00:00:00,0.0,16.16,24.95,7.9,17.89,22.41,21.29,21.07,18.6,20.79,1.05,,4.6,79.7,1017.92,751.17,247.88,356.47,"{""validated"":{""PRECIP_QUANTITY"":true,""TEMP_AVG"":true,""TEMP_MAX"":true,""TEMP_MIN"":true,""TEMP_GRASS_PT100_AVG"":true,""TEMP_SOIL_AVG"":true,""TEMP_SOIL_AVG_5CM"":true,""TEMP_SOIL_AVG_10CM"":true,""TEMP_SOIL_AVG_20CM"":true,""TEMP_SOIL_AVG_50CM"":true,""WIND_SPEED_10M"":true,""WIND_SPEED_AVG_30M"":false,""WIND_GUSTS_SPEED"":true,""HUMIDITY_REL_SHELTER_AVG"":false,""PRESSURE"":true,""SUN_DURATION"":false,""SHORT_WAVE_FROM_SKY_AVG"":false,""SUN_INT_AVG"":false}}"
aws_1day.fid--65986ded_19d21fbe95f_2aa7,POINT (51.075 4.525),6439,2019-08-30T00:00:00,0.0,16.92,23.92,10.14,20.4,20.14,19.8,19.89,20.14,20.5,1.25,,5.71,76.49,1021.44,752.92,248.29,346.98,"{""validated"":{""PRECIP_QUANTITY"":true,""TEMP_AVG"":true,""TEMP_MAX"":true,""TEMP_MIN"":true,""TEMP_GRASS_PT100_AVG"":true,""TEMP_SOIL_AVG"":true,""TEMP_SOIL_AVG_5CM"":false,""TEMP_SOIL_AVG_10CM"":true,""TEMP_SOIL_AVG_20CM"":true,""TEMP_SOIL_AVG_50CM"":true,""WIND_SPEED_10M"":true,""WIND_SPEED_AVG_30M"":false,""WIND_GUSTS_SPEED"":true,""HUMIDITY_REL_SHELTER_AVG"":false,""PRESSURE"":true,""SUN_DURATION"":false,""SHORT_WAVE_FROM_SKY_AVG"":false,""SUN_INT_AVG"":false}}"
aws_1day.fid--65986ded_19d21fbe95f_2aa6,POINT (50.194 5.255),6472,2019-08-30T00:00:00,0.0,17.07,24.93,9.56,18.74,23.08,20.92,20.96,20.72,19.71,1.55,2.16,4.69,60.22,988.39,777.92,252.06,419.4,"{""validated"":{""PRECIP_QUANTITY"":true,""TEMP_AVG"":true,""TEMP_MAX"":true,""TEMP_MIN"":true,""TEMP_GRASS_PT100_AVG"":true,""TEMP_SOIL_AVG"":true,""TEMP_SOIL_AVG_5CM"":true,""TEMP_SOIL_AVG_10CM"":true,""TEMP_SOIL_AVG_20CM"":true,""TEMP_SOIL_AVG_50CM"":true,""WIND_SPEED_10M"":true,""WIND_SPEED_AVG_30M"":true,""WIND_GUSTS_SPEED"":true,""HUMIDITY_REL_SHELTER_AVG"":true,""PRESSURE"":true,""SUN_DURATION"":false,""SHORT_WAVE_FROM_SKY_AVG"":false,""SUN_INT_AVG"":false}}"
aws_1day.fid--65986ded_19d21fbe95f_2aa5,POINT (51.348 3.202),6418,2019-08-30T00:00:00,0.0,17.86,21.48,13.93,,,,,,,4.21,,7.97,75.63,1020.61,714.33,,309.12,"{""validated"":{""PRECIP_QUANTITY"":true,""TEMP_AVG"":true,""TEMP_MAX"":true,""TEMP_MIN"":true,""TEMP_GRASS_PT100_AVG"":false,""TEMP_SOIL_AVG"":false,""TEMP_SOIL_AVG_5CM"":false,""TEMP_SOIL_AVG_10CM"":false,""TEMP_SOIL_AVG_20CM"":false,""TEMP_SOIL_AVG_50CM"":false,""WIND_SPEED_10M"":true,""WIND_SPEED_AVG_30M"":false,""WIND_GUSTS_SPEED"":true,""HUMIDITY_REL_SHELTER_AVG"":true,""PRESSURE"":true,""SUN_DURATION"":false,""SHORT_WAVE_FROM_SKY_AVG"":false,""SUN_INT_AVG"":false}}"
aws_1day.fid--65986ded_19d21fbe95f_2aab,POINT (49.62 5.587),6484,2019-08-30T00:00:00,0.0,16.35,25.24,8.98,26.48,22.17,21.49,20.82,21.26,20.39,1.95,,5.18,74.11,984.29,742.0,250.94,328.82,"{""validated"":{""PRECIP_QUANTITY"":true,""TEMP_AVG"":true,""TEMP_MAX"":true,""TEMP_MIN"":true,""TEMP_GRASS_PT100_AVG"":false,""TEMP_SOIL_AVG"":true,""TEMP_SOIL_AVG_5CM"":true,""TEMP_SOIL_AVG_10CM"":true,""TEMP_SOIL_AVG_20CM"":true,""TEMP_SOIL_AVG_50CM"":true,""WIND_SPEED_10M"":true,""WIND_SPEED_AVG_30M"":false,""WIND_GUSTS_SPEED"":true,""HUMIDITY_REL_SHELTER_AVG"":false,""PRESSURE"":true,""SUN_DURATION"":false,""SHORT_WAVE_FROM_SKY_AVG"":false,""SUN_INT_AVG"":false}}"
aws_1day.fid--65986ded_19d21fbe95f_2ac3,POINT (50.096 4.595),6455,2019-08-31T00:00:00,0.0,19.44,31.2,7.45,21.27,24.27,21.64,21.3,21.06,19.97,2.52,,12.54,67.07,985.29,649.93,212.43,308.87,"{""validated"":{""PRECIP_QUANTITY"":true,""TEMP_AVG"":true,""TEMP_MAX"":true,""TEMP_MIN"":true,""TEMP_GRASS_PT100_AVG"":true,""TEMP_SOIL_AVG"":true,""TEMP_SOIL_AVG_5CM"":true,""TEMP_SOIL_AVG_10CM"":true,""TEMP_SOIL_AVG_20CM"":true,""TEMP_SOIL_AVG_50CM"":true,""WIND_SPEED_10M"":true,""WIND_SPEED_AVG_30M"":false,""WIND_GUSTS_SPEED"":true,""HUMIDITY_REL_SHELTER_AVG"":true,""PRESSURE"":true,""SUN_DURATION"":false,""SHORT_WAVE_FROM_SKY_AVG"":false,""SUN_INT_AVG"":false}}"
aws_1day.fid--65986ded_19d21fbe95f_2ac4,POINT (50.582 4.689),6459,2019-08-31T00:00:00,0.0,20.19,30.82,9.31,21.71,22.73,20.31,19.62,19.21,18.75,3.62,,12.68,61.97,994.59,614.08,211.95,274.7,"{""validated"":{""PRECIP_QUANTITY"":true,""TEMP_AVG"":true,""TEMP_MAX"":true,""TEMP_MIN"":true,""TEMP_GRASS_PT100_AVG"":true,""TEMP_SOIL_AVG"":true,""TEMP_SOIL_AVG_5CM"":true,""TEMP_SOIL_AVG_10CM"":true,""TEMP_SOIL_AVG_20CM"":true,""TEMP_SOIL_AVG_50CM"":true,""WIND_SPEED_10M"":true,""WIND_SPEED_AVG_30M"":false,""WIND_GUSTS_SPEED"":true,""HUMIDITY_REL_SHELTER_AVG"":true,""PRESSURE"":true,""SUN_DURATION"":false,""SHORT_WAVE_FROM_SKY_AVG"":false,""SUN_INT_AVG"":false}}"
aws_1day.fid--65986ded_19d21fbe95f_2ac5,POINT (51.075 4.525),6439,2019-08-31T00:00:00,0.0,19.74,29.7,10.11,22.85,23.52,22.05,21.55,20.7,20.08,2.02,,13.5,70.78,1011.81,595.58,214.19,263.77,"{""validated"":{""PRECIP_QUANTITY"":true,""TEMP_AVG"":true,""TEMP_MAX"":true,""TEMP_MIN"":true,""TEMP_GRASS_PT100_AVG"":true,""TEMP_SOIL_AVG"":true,""TEMP_SOIL_AVG_5CM"":false,""TEMP_SOIL_AVG_10CM"":true,""TEMP_SOIL_AVG_20CM"":true,""TEMP_SOIL_AVG_50CM"":true,""WIND_SPEED_10M"":true,""WIND_SPEED_AVG_30M"":false,""WIND_GUSTS_SPEED"":true,""HUMIDITY_REL_SHELTER_AVG"":false,""PRESSURE"":true,""SUN_DURATION"":false,""SHORT_WAVE_FROM_SKY_AVG"":false,""SUN_INT_AVG"":false}}"
aws_1day.fid--65986ded_19d21fbe95f_2ac6,POINT (50.194 5.255),6472,2019-08-31T00:00:00,0.09,20.97,29.66,10.88,21.72,24.36,21.56,21.17,20.71,19.52,3.51,4.48,12.99,56.6,979.91,671.42,218.24,307.5,"{""validated"":{""PRECIP_QUANTITY"":true,""TEMP_AVG"":true,""TEMP_MAX"":true,""TEMP_MIN"":true,""TEMP_GRASS_PT100_AVG"":true,""TEMP_SOIL_AVG"":true,""TEMP_SOIL_AVG_5CM"":true,""TEMP_SOIL_AVG_10CM"":true,""TEMP_SOIL_AVG_20CM"":true,""TEMP_SOIL_AVG_50CM"":true,""WIND_SPEED_10M"":true,""WIND_SPEED_AVG_30M"":true,""WIND_GUSTS_SPEED"":true,""HUMIDITY_REL_SHELTER_AVG"":true,""PRESSURE"":true,""SUN_DURATION"":false,""SHORT_WAVE_FROM_SKY_AVG"":false,""SUN_INT_AVG"":false}}"
aws_1day.fid--65986ded_19d21fbe95f_2ac7,POINT (50.98 3.816),6434,2019-08-31T00:00:00,0.05,19.09,30.09,8.52,21.07,23.57,21.86,21.37,21.15,20.34,2.22,3.21,12.45,69.48,1011.1,617.17,197.92,261.99,"{""validated"":{""PRECIP_QUANTITY"":true,""TEMP_AVG"":true,""TEMP_MAX"":true,""TEMP_MIN"":true,""TEMP_GRASS_PT100_AVG"":true,""TEMP_SOIL_AVG"":true,""TEMP_SOIL_AVG_5CM"":true,""TEMP_SOIL_AVG_10CM"":true,""TEMP_SOIL_AVG_20CM"":true,""TEMP_SOIL_AVG_50CM"":true,""WIND_SPEED_10M"":true,""WIND_SPEED_AVG_30M"":true,""WIND_GUSTS_SPEED"":true,""HUMIDITY_REL_SHELTER_AVG"":false,""PRESSURE"":true,""SUN_DURATION"":false,""SHORT_WAVE_FROM_SKY_AVG"":false,""SUN_INT_AVG"":false}}"
aws_1day.fid--65986ded_19d21fbe95f_2acd,POINT (51.221 5.027),6464,2019-08-31T00:00:00,0.58,19.27,29.95,8.7,20.43,23.75,21.89,21.51,21.0,19.98,1.48,,12.12,71.75,1010.36,612.33,217.53,275.68,"{""validated"":{""PRECIP_QUANTITY"":true,""TEMP_AVG"":true,""TEMP_MAX"":true,""TEMP_MIN"":true,""TEMP_GRASS_PT100_AVG"":true,""TEMP_SOIL_AVG"":true,""TEMP_SOIL_AVG_5CM"":true,""TEMP_SOIL_AVG_10CM"":true,""TEMP_SOIL_AVG_20CM"":true,""TEMP_SOIL_AVG_50CM"":true,""WIND_SPEED_10M"":true,""WIND_SPEED_AVG_30M"":false,""WIND_GUSTS_SPEED"":true,""HUMIDITY_REL_SHELTER_AVG"":true,""PRESSURE"":true,""SUN_DURATION"":false,""SHORT_WAVE_FROM_SKY_AVG"":false,""SUN_INT_AVG"":false}}"
aws_1day.fid--65986ded_19d21fbe95f_2ac9,POINT (50.904 3.122),6414,2019-08-31T00:00:00,0.0,19.11,30.07,9.14,19.28,22.45,21.91,21.73,21.23,20.46,3.2,,13.38,68.88,1010.08,523.0,185.8,223.77,"{""validated"":{""PRECIP_QUANTITY"":true,""TEMP_AVG"":true,""TEMP_MAX"":true,""TEMP_MIN"":true,""TEMP_GRASS_PT100_AVG"":true,""TEMP_SOIL_AVG"":true,""TEMP_SOIL_AVG_5CM"":true,""TEMP_SOIL_AVG_10CM"":true,""TEMP_SOIL_AVG_20CM"":true,""TEMP_SOIL_AVG_50CM"":true,""WIND_SPEED_10M"":true,""WIND_SPEED_AVG_30M"":false,""WIND_GUSTS_SPEED"":true,""HUMIDITY_REL_SHELTER_AVG"":true,""PRESSURE"":true,""SUN_DURATION"":false,""SHORT_WAVE_FROM_SKY_AVG"":false,""SUN_INT_AVG"":false}}"
aws_1day.fid--65986ded_19d21fbe95f_2aca,POINT (51.348 3.202),6418,2019-08-31T00:00:00,0.13,19.93,27.04,15.82,,,,,,,5.7,,17.91,68.0,1011.26,578.5,,245.05,"{""validated"":{""PRECIP_QUANTITY"":true,""TEMP_AVG"":true,""TEMP_MAX"":true,""TEMP_MIN"":true,""TEMP_GRASS_PT100_AVG"":false,""TEMP_SOIL_AVG"":false,""TEMP_SOIL_AVG_5CM"":false,""TEMP_SOIL_AVG_10CM"":false,""TEMP_SOIL_AVG_20CM"":false,""TEMP_SOIL_AVG_50CM"":false,""WIND_SPEED_10M"":true,""WIND_SPEED_AVG_30M"":false,""WIND_GUSTS_SPEED"":true,""HUMIDITY_REL_SHELTER_AVG"":true,""PRESSURE"":true,""SUN_DURATION"":false,""SHORT_WAVE_FROM_SKY_AVG"":false,""SUN_INT_AVG"":false}}"
aws_1day.fid--65986ded_19d21fbe95f_2acb,POINT (50.511 6.073),6494,2019-08-31T00:00:00,0.0,20.25,26.77,12.58,,22.29,18.42,17.91,17.19,15.6,3.6,,9.7,58.76,936.94,,232.65,,"{""validated"":{""PRECIP_QUANTITY"":true,""TEMP_AVG"":true,""TEMP_MAX"":true,""TEMP_MIN"":true,""TEMP_GRASS_PT100_AVG"":false,""TEMP_SOIL_AVG"":true,""TEMP_SOIL_AVG_5CM"":true,""TEMP_SOIL_AVG_10CM"":true,""TEMP_SOIL_AVG_20CM"":true,""TEMP_SOIL_AVG_50CM"":true,""WIND_SPEED_10M"":true,""WIND_SPEED_AVG_30M"":false,""WIND_GUSTS_SPEED"":true,""HUMIDITY_REL_SHELTER_AVG"":true,""PRESSURE"":true,""SUN_DURATION"":true,""SHORT_WAVE_FROM_SKY_AVG"":false,""SUN_INT_AVG"":true}}"
aws_1day.fid--65986ded_19d21fbe95f_2acc,POINT (50.916 5.45),6477,2019-08-31T00:00:00,0.0,20.47,31.26,7.68,22.18,25.54,23.29,22.31,18.6,20.34,2.0,,13.55,68.12,1008.31,598.75,211.69,272.04,"{""validated"":{""PRECIP_QUANTITY"":true,""TEMP_AVG"":true,""TEMP_MAX"":true,""TEMP_MIN"":true,""TEMP_GRASS_PT100_AVG"":true,""TEMP_SOIL_AVG"":true,""TEMP_SOIL_AVG_5CM"":true,""TEMP_SOIL_AVG_10CM"":true,""TEMP_SOIL_AVG_20CM"":true,""TEMP_SOIL_AVG_50CM"":true,""WIND_SPEED_10M"":true,""WIND_SPEED_AVG_30M"":false,""WIND_GUSTS_SPEED"":true,""HUMIDITY_REL_SHELTER_AVG"":false,""PRESSURE"":true,""SUN_DURATION"":false,""SHORT_WAVE_FROM_SKY_AVG"":false,""SUN_INT_AVG"":false}}"
aws_1day.fid--65986ded_19d21fbe95f_2ac2,POINT (51.325 4.364),6438,2019-08-31T00:00:00,0.14,19.37,29.6,8.73,21.91,25.41,23.02,22.58,21.03,21.5,3.04,,17.86,69.97,1012.39,568.5,197.33,266.18,"{""validated"":{""PRECIP_QUANTITY"":false,""TEMP_AVG"":true,""TEMP_MAX"":true,""TEMP_MIN"":true,""TEMP_GRASS_PT100_AVG"":true,""TEMP_SOIL_AVG"":true,""TEMP_SOIL_AVG_5CM"":true,""TEMP_SOIL_AVG_10CM"":true,""TEMP_SOIL_AVG_20CM"":true,""TEMP_SOIL_AVG_50CM"":true,""WIND_SPEED_10M"":true,""WIND_SPEED_AVG_30M"":false,""WIND_GUSTS_SPEED"":true,""HUMIDITY_REL_SHELTER_AVG"":true,""PRESSURE"":true,""SUN_DURATION"":false,""SHORT_WAVE_FROM_SKY_AVG"":false,""SUN_INT_AVG"":false}}"
aws_1day.fid--65986ded_19d21fbe95f_2ac8,POINT (49.62 5.587),6484,2019-08-31T00:00:00,0.0,20.19,30.43,9.06,28.44,23.86,22.3,21.15,21.25,20.23,2.67,,9.66,69.48,976.2,630.17,215.77,246.44,"{""validated"":{""PRECIP_QUANTITY"":true,""TEMP_AVG"":true,""TEMP_MAX"":true,""TEMP_MIN"":true,""TEMP_GRASS_PT100_AVG"":false,""TEMP_SOIL_AVG"":true,""TEMP_SOIL_AVG_5CM"":true,""TEMP_SOIL_AVG_10CM"":true,""TEMP_SOIL_AVG_20CM"":true,""TEMP_SOIL_AVG_50CM"":true,""WIND_SPEED_10M"":true,""WIND_SPEED_AVG_30M"":false,""WIND_GUSTS_SPEED"":true,""HUMIDITY_REL_SHELTER_AVG"":false,""PRESSURE"":true,""SUN_DURATION"":false,""SHORT_WAVE_FROM_SKY_AVG"":false,""SUN_INT_AVG"":false}}"
aws_1day.fid--65986ded_19d21fbe95f_2ac1,POINT (50.797 4.358),6447,2019-08-31T00:00:00,0.0,20.97,31.06,13.11,21.31,23.31,21.87,21.43,20.97,20.53,,2.91,12.41,61.72,1000.49,,190.63,,"{""validated"":{""PRECIP_QUANTITY"":true,""TEMP_AVG"":true,""TEMP_MAX"":true,""TEMP_MIN"":true,""TEMP_GRASS_PT100_AVG"":true,""TEMP_SOIL_AVG"":true,""TEMP_SOIL_AVG_5CM"":true,""TEMP_SOIL_AVG_10CM"":true,""TEMP_SOIL_AVG_20CM"":true,""TEMP_SOIL_AVG_50CM"":true,""WIND_SPEED_10M"":false,""WIND_SPEED_AVG_30M"":true,""WIND_GUSTS_SPEED"":true,""HUMIDITY_REL_SHELTER_AVG"":false,""PRESSURE"":true,""SUN_DURATION"":false,""SHORT_WAVE_FROM_SKY_AVG"":false,""SUN_INT_AVG"":false}}"
aws_1day.fid--65986ded_19d21fbe95f_2ab5,POINT (50.582 4.689),6459,2019-08-31T00:00:00,0.0,20.19,30.82,9.31,21.71,22.73,20.31,19.62,19.21,18.75,3.62,,12.68,61.97,994.59,614.08,211.95,274.7,"{""validated"":{""PRECIP_QUANTITY"":true,""TEMP_AVG"":true,""TEMP_MAX"":true,""TEMP_MIN"":true,""TEMP_GRASS_PT100_AVG"":true,""TEMP_SOIL_AVG"":true,""TEMP_SOIL_AVG_5CM"":true,""TEMP_SOIL_AVG_10CM"":true,""TEMP_SOIL_AVG_20CM"":true,""TEMP_SOIL_AVG_50CM"":true,""WIND_SPEED_10M"":true,""WIND_SPEED_AVG_30M"":false,""WIND_GUSTS_SPEED"":true,""HUMIDITY_REL_SHELTER_AVG"":true,""PRESSURE"":true,""SUN_DURATION"":false,""SHORT_WAVE_FROM_SKY_AVG"":false,""SUN_INT_AVG"":false}}"
aws_1day.fid--65986ded_19d21fbe95f_2abd,POINT (50.916 5.45),6477,2019-08-31T00:00:00,0.0,20.47,31.26,7.68,22.18,25.54,23.29,22.31,18.6,20.34,2.0,,13.55,68.12,1008.31,598.75,211.69,272.04,"{""validated"":{""PRECIP_QUANTITY"":true,""TEMP_AVG"":true,""TEMP_MAX"":true,""TEMP_MIN"":true,""TEMP_GRASS_PT100_AVG"":true,""TEMP_SOIL_AVG"":true,""TEMP_SOIL_AVG_5CM"":true,""TEMP_SOIL_AVG_10CM"":true,""TEMP_SOIL_AVG_20CM"":true,""TEMP_SOIL_AVG_50CM"":true,""WIND_SPEED_10M"":true,""WIND_SPEED_AVG_30M"":false,""WIND_GUSTS_SPEED"":true,""HUMIDITY_REL_SHELTER_AVG"":false,""PRESSURE"":true,""SUN_DURATION"":false,""SHORT_WAVE_FROM_SKY_AVG"":false,""SUN_INT_AVG"":false}}"
aws_1day.fid--65986ded_19d21fbe95f_2abe,POINT (51.221 5.027),6464,2019-08-31T00:00:00,0.58,19.27,29.95,8.7,20.43,23.75,21.89,21.51,21.0,19.98,1.48,,12.12,71.75,1010.36,612.33,217.53,275.68,"{""validated"":{""PRECIP_QUANTITY"":true,""TEMP_AVG"":true,""TEMP_MAX"":true,""TEMP_MIN"":true,""TEMP_GRASS_PT100_AVG"":true,""TEMP_SOIL_AVG"":true,""TEMP_SOIL_AVG_5CM"":true,""TEMP_SOIL_AVG_10CM"":true,""TEMP_SOIL_AVG_20CM"":true,""TEMP_SOIL_AVG_50CM"":true,""WIND_SPEED_10M"":true,""WIND_SPEED_AVG_30M"":false,""WIND_GUSTS_SPEED"":true,""HUMIDITY_REL_SHELTER_AVG"":true,""PRESSURE"":true,""SUN_DURATION"":false,""SHORT_WAVE_FROM_SKY_AVG"":false,""SUN_INT_AVG"":false}}"
aws_1day.fid--65986ded_19d21fbe95f_2ab2,POINT (50.797 4.358),6447,2019-08-31T00:00:00,0.0,20.97,31.06,13.11,21.31,23.31,21.87,21.43,20.97,20.53,,2.91,12.41,61.72,1000.49,,190.63,,"{""validated"":{""PRECIP_QUANTITY"":true,""TEMP_AVG"":true,""TEMP_MAX"":true,""TEMP_MIN"":true,""TEMP_GRASS_PT100_AVG"":true,""TEMP_SOIL_AVG"":true,""TEMP_SOIL_AVG_5CM"":true,""TEMP_SOIL_AVG_10CM"":true,""TEMP_SOIL_AVG_20CM"":true,""TEMP_SOIL_AVG_50CM"":true,""WIND_SPEED_10M"":false,""WIND_SPEED_AVG_30M"":true,""WIND_GUSTS_SPEED"":true,""HUMIDITY_REL_SHELTER_AVG"":false,""PRESSURE"":true,""SUN_DURATION"":false,""SHORT_WAVE_FROM_SKY_AVG"":false,""SUN_INT_AVG"":false}}"
aws_1day.fid--65986ded_19d21fbe95f_2ab3,POINT (51.325 4.364),6438,2019-08-31T00:00:00,0.14,19.37,29.6,8.73,21.91,25.41,23.02,22.58,21.03,21.5,3.04,,17.86,69.97,1012.39,568.5,197.33,266.18,"{""validated"":{""PRECIP_QUANTITY"":false,""TEMP_AVG"":true,""TEMP_MAX"":true,""TEMP_MIN"":true,""TEMP_GRASS_PT100_AVG"":true,""TEMP_SOIL_AVG"":true,""TEMP_SOIL_AVG_5CM"":true,""TEMP_SOIL_AVG_10CM"":true,""TEMP_SOIL_AVG_20CM"":true,""TEMP_SOIL_AVG_50CM"":true,""WIND_SPEED_10M"":true,""WIND_SPEED_AVG_30M"":false,""WIND_GUSTS_SPEED"":true,""HUMIDITY_REL_SHELTER_AVG"":true,""PRESSURE"":true,""SUN_DURATION"":false,""SHORT_WAVE_FROM_SKY_AVG"":false,""SUN_INT_AVG"":false}}"
aws_1day.fid--65986ded_19d21fbe95f_2ab6,POINT (51.075 4.525),6439,2019-08-31T00:00:00,0.0,19.74,29.7,10.11,22.85,23.52,22.05,21.55,20.7,20.08,2.02,,13.5,70.78,1011.81,595.58,214.19,263.77,"{""validated"":{""PRECIP_QUANTITY"":true,""TEMP_AVG"":true,""TEMP_MAX"":true,""TEMP_MIN"":true,""TEMP_GRASS_PT100_AVG"":true,""TEMP_SOIL_AVG"":true,""TEMP_SOIL_AVG_5CM"":false,""TEMP_SOIL_AVG_10CM"":true,""TEMP_SOIL_AVG_20CM"":true,""TEMP_SOIL_AVG_50CM"":true,""WIND_SPEED_10M"":true,""WIND_SPEED_AVG_30M"":false,""WIND_GUSTS_SPEED"":true,""HUMIDITY_REL_SHELTER_AVG"":false,""PRESSURE"":true,""SUN_DURATION"":false,""SHORT_WAVE_FROM_SKY_AVG"":false,""SUN_INT_AVG"":false}}"
aws_1day.fid--65986ded_19d21fbe95f_2ab7,POINT (50.194 5.255),6472,2019-08-31T00:00:00,0.09,20.97,29.66,10.88,21.72,24.36,21.56,21.17,20.71,19.52,3.51,4.48,12.99,56.6,979.91,671.42,218.24,307.5,"{""validated"":{""PRECIP_QUANTITY"":true,""TEMP_AVG"":true,""TEMP_MAX"":true,""TEMP_MIN"":true,""TEMP_GRASS_PT100_AVG"":true,""TEMP_SOIL_AVG"":true,""TEMP_SOIL_AVG_5CM"":true,""TEMP_SOIL_AVG_10CM"":true,""TEMP_SOIL_AVG_20CM"":true,""TEMP_SOIL_AVG_50CM"":true,""WIND_SPEED_10M"":true,""WIND_SPEED_AVG_30M"":true,""WIND_GUSTS_SPEED"":true,""HUMIDITY_REL_SHELTER_AVG"":true,""PRESSURE"":true,""SUN_DURATION"":false,""SHORT_WAVE_FROM_SKY_AVG"":false,""SUN_INT_AVG"":false}}"
aws_1day.fid--65986ded_19d21fbe95f_2ab4,POINT (50.096 4.595),6455,2019-08-31T00:00:00,0.0,19.44,31.2,7.45,21.27,24.27,21.64,21.3,21.06,19.97,2.52,,12.54,67.07,985.29,649.93,212.43,308.87,"{""validated"":{""PRECIP_QUANTITY"":true,""TEMP_AVG"":true,""TEMP_MAX"":true,""TEMP_MIN"":true,""TEMP_GRASS_PT100_AVG"":true,""TEMP_SOIL_AVG"":true,""TEMP_SOIL_AVG_5CM"":true,""TEMP_SOIL_AVG_10CM"":true,""TEMP_SOIL_AVG_20CM"":true,""TEMP_SOIL_AVG_50CM"":true,""WIND_SPEED_10M"":true,""WIND_SPEED_AVG_30M"":false,""WIND_GUSTS_SPEED"":true,""HUMIDITY_REL_SHELTER_AVG"":true,""PRESSURE"":true,""SUN_DURATION"":false,""SHORT_WAVE_FROM_SKY_AVG"":false,""SUN_INT_AVG"":false}}"
aws_1day.fid--65986ded_19d21fbe95f_2ab9,POINT (49.62 5.587),6484,2019-08-31T00:00:00,0.0,20.19,30.43,9.06,28.44,23.86,22.3,21.15,21.25,20.23,2.67,,9.66,69.48,976.2,630.17,215.77,246.44,"{""validated"":{""PRECIP_QUANTITY"":true,""TEMP_AVG"":true,""TEMP_MAX"":true,""TEMP_MIN"":true,""TEMP_GRASS_PT100_AVG"":false,""TEMP_SOIL_AVG"":true,""TEMP_SOIL_AVG_5CM"":true,""TEMP_SOIL_AVG_10CM"":true,""TEMP_SOIL_AVG_20CM"":true,""TEMP_SOIL_AVG_50CM"":true,""WIND_SPEED_10M"":true,""WIND_SPEED_AVG_30M"":false,""WIND_GUSTS_SPEED"":true,""HUMIDITY_REL_SHELTER_AVG"":false,""PRESSURE"":true,""SUN_DURATION"":false,""SHORT_WAVE_FROM_SKY_AVG"":false,""SUN_INT_AVG"":false}}"
aws_1day.fid--65986ded_19d21fbe95f_2aba,POINT (50.904 3.122),6414,2019-08-31T00:00:00,0.0,19.11,30.07,9.14,19.28,22.45,21.91,21.73,21.23,20.46,3.2,,13.38,68.88,1010.08,523.0,185.8,223.77,"{""validated"":{""PRECIP_QUANTITY"":true,""TEMP_AVG"":true,""TEMP_MAX"":true,""TEMP_MIN"":true,""TEMP_GRASS_PT100_AVG"":true,""TEMP_SOIL_AVG"":true,""TEMP_SOIL_AVG_5CM"":true,""TEMP_SOIL_AVG_10CM"":true,""TEMP_SOIL_AVG_20CM"":true,""TEMP_SOIL_AVG_50CM"":true,""WIND_SPEED_10M"":true,""WIND_SPEED_AVG_30M"":false,""WIND_GUSTS_SPEED"":true,""HUMIDITY_REL_SHELTER_AVG"":true,""PRESSURE"":true,""SUN_DURATION"":false,""SHORT_WAVE_FROM_SKY_AVG"":false,""SUN_INT_AVG"":false}}"
aws_1day.fid--65986ded_19d21fbe95f_2abb,POINT (51.348 3.202),6418,2019-08-31T00:00:00,0.13,19.93,27.04,15.82,,,,,,,5.7,,17.91,68.0,1011.26,578.5,,245.05,"{""validated"":{""PRECIP_QUANTITY"":true,""TEMP_AVG"":true,""TEMP_MAX"":true,""TEMP_MIN"":true,""TEMP_GRASS_PT100_AVG"":false,""TEMP_SOIL_AVG"":false,""TEMP_SOIL_AVG_5CM"":false,""TEMP_SOIL_AVG_10CM"":false,""TEMP_SOIL_AVG_20CM"":false,""TEMP_SOIL_AVG_50CM"":false,""WIND_SPEED_10M"":true,""WIND_SPEED_AVG_30M"":false,""WIND_GUSTS_SPEED"":true,""HUMIDITY_REL_SHELTER_AVG"":true,""PRESSURE"":true,""SUN_DURATION"":false,""SHORT_WAVE_FROM_SKY_AVG"":false,""SUN_INT_AVG"":false}}"
aws_1day.fid--65986ded_19d21fbe95f_2abc,POINT (50.511 6.073),6494,2019-08-31T00:00:00,0.0,20.25,26.77,12.58,,22.29,18.42,17.91,17.19,15.6,3.6,,9.7,58.76,936.94,,232.65,,"{""validated"":{""PRECIP_QUANTITY"":true,""TEMP_AVG"":true,""TEMP_MAX"":true,""TEMP_MIN"":true,""TEMP_GRASS_PT100_AVG"":false,""TEMP_SOIL_AVG"":true,""TEMP_SOIL_AVG_5CM"":true,""TEMP_SOIL_AVG_10CM"":true,""TEMP_SOIL_AVG_20CM"":true,""TEMP_SOIL_AVG_50CM"":true,""WIND_SPEED_10M"":true,""WIND_SPEED_AVG_30M"":false,""WIND_GUSTS_SPEED"":true,""HUMIDITY_REL_SHELTER_AVG"":true,""PRESSURE"":true,""SUN_DURATION"":true,""SHORT_WAVE_FROM_SKY_AVG"":false,""SUN_INT_AVG"":true}}"
aws_1day.fid--65986ded_19d21fbe95f_2ab8,POINT (50.98 3.816),6434,2019-08-31T00:00:00,0.05,19.09,30.09,8.52,21.07,23.57,21.86,21.37,21.15,20.34,2.22,3.21,12.45,69.48,1011.1,617.17,197.92,261.99,"{""validated"":{""PRECIP_QUANTITY"":true,""TEMP_AVG"":true,""TEMP_MAX"":true,""TEMP_MIN"":true,""TEMP_GRASS_PT100_AVG"":true,""TEMP_SOIL_AVG"":true,""TEMP_SOIL_AVG_5CM"":true,""TEMP_SOIL_AVG_10CM"":true,""TEMP_SOIL_AVG_20CM"":true,""TEMP_SOIL_AVG_50CM"":true,""WIND_SPEED_10M"":true,""WIND_SPEED_AVG_30M"":true,""WIND_GUSTS_SPEED"":true,""HUMIDITY_REL_SHELTER_AVG"":false,""PRESSURE"":true,""SUN_DURATION"":false,""SHORT_WAVE_FROM_SKY_AVG"":false,""SUN_INT_AVG"":false}}"
aws_1day.fid--65986ded_19d21fbe95f_2ad5,POINT (51.221 5.027),6464,2019-09-01T00:00:00,0.23,15.74,20.96,8.93,15.75,19.6,19.97,20.32,20.64,20.06,1.39,,8.02,77.36,1014.06,331.83,161.77,133.3,"{""validated"":{""PRECIP_QUANTITY"":true,""TEMP_AVG"":true,""TEMP_MAX"":true,""TEMP_MIN"":true,""TEMP_GRASS_PT100_AVG"":true,""TEMP_SOIL_AVG"":true,""TEMP_SOIL_AVG_5CM"":true,""TEMP_SOIL_AVG_10CM"":true,""TEMP_SOIL_AVG_20CM"":true,""TEMP_SOIL_AVG_50CM"":true,""WIND_SPEED_10M"":true,""WIND_SPEED_AVG_30M"":false,""WIND_GUSTS_SPEED"":true,""HUMIDITY_REL_SHELTER_AVG"":true,""PRESSURE"":true,""SUN_DURATION"":false,""SHORT_WAVE_FROM_SKY_AVG"":false,""SUN_INT_AVG"":false}}"
aws_1day.fid--65986ded_19d21fbe95f_2ad8,POINT (50.98 3.816),6434,2019-09-01T00:00:00,0.04,16.19,20.6,10.07,19.33,20.31,20.54,20.88,21.07,20.4,2.43,3.47,7.62,69.74,1015.2,500.33,172.1,187.48,"{""validated"":{""PRECIP_QUANTITY"":true,""TEMP_AVG"":true,""TEMP_MAX"":true,""TEMP_MIN"":true,""TEMP_GRASS_PT100_AVG"":true,""TEMP_SOIL_AVG"":true,""TEMP_SOIL_AVG_5CM"":true,""TEMP_SOIL_AVG_10CM"":true,""TEMP_SOIL_AVG_20CM"":true,""TEMP_SOIL_AVG_50CM"":true,""WIND_SPEED_10M"":true,""WIND_SPEED_AVG_30M"":true,""WIND_GUSTS_SPEED"":true,""HUMIDITY_REL_SHELTER_AVG"":false,""PRESSURE"":true,""SUN_DURATION"":false,""SHORT_WAVE_FROM_SKY_AVG"":false,""SUN_INT_AVG"":false}}"
aws_1day.fid--65986ded_19d21fbe95f_2ad7,POINT (50.916 5.45),6477,2019-09-01T00:00:00,0.19,16.35,21.42,7.56,16.59,19.92,21.18,21.48,19.06,20.59,2.17,,7.16,74.86,1011.82,254.92,148.29,116.36,"{""validated"":{""PRECIP_QUANTITY"":true,""TEMP_AVG"":true,""TEMP_MAX"":true,""TEMP_MIN"":true,""TEMP_GRASS_PT100_AVG"":true,""TEMP_SOIL_AVG"":true,""TEMP_SOIL_AVG_5CM"":true,""TEMP_SOIL_AVG_10CM"":true,""TEMP_SOIL_AVG_20CM"":true,""TEMP_SOIL_AVG_50CM"":true,""WIND_SPEED_10M"":true,""WIND_SPEED_AVG_30M"":false,""WIND_GUSTS_SPEED"":true,""HUMIDITY_REL_SHELTER_AVG"":true,""PRESSURE"":true,""SUN_DURATION"":false,""SHORT_WAVE_FROM_SKY_AVG"":false,""SUN_INT_AVG"":false}}"
aws_1day.fid--65986ded_19d21fbe95f_2ad6,POINT (49.62 5.587),6484,2019-09-01T00:00:00,0.0,14.89,19.99,7.85,23.62,17.88,19.81,19.81,20.89,20.29,2.1,,7.1,77.66,978.76,211.17,148.01,80.43,"{""validated"":{""PRECIP_QUANTITY"":true,""TEMP_AVG"":true,""TEMP_MAX"":true,""TEMP_MIN"":true,""TEMP_GRASS_PT100_AVG"":false,""TEMP_SOIL_AVG"":true,""TEMP_SOIL_AVG_5CM"":true,""TEMP_SOIL_AVG_10CM"":true,""TEMP_SOIL_AVG_20CM"":true,""TEMP_SOIL_AVG_50CM"":true,""WIND_SPEED_10M"":true,""WIND_SPEED_AVG_30M"":false,""WIND_GUSTS_SPEED"":true,""HUMIDITY_REL_SHELTER_AVG"":false,""PRESSURE"":true,""SUN_DURATION"":false,""SHORT_WAVE_FROM_SKY_AVG"":false,""SUN_INT_AVG"":false}}"
aws_1day.fid--65986ded_19d21fbe95f_2ad4,POINT (51.075 4.525),6439,2019-09-01T00:00:00,0.54,16.48,20.4,10.62,18.13,19.73,20.01,20.32,20.65,20.34,2.3,,7.97,73.64,1015.7,435.25,168.75,150.13,"{""validated"":{""PRECIP_QUANTITY"":true,""TEMP_AVG"":true,""TEMP_MAX"":true,""TEMP_MIN"":true,""TEMP_GRASS_PT100_AVG"":false,""TEMP_SOIL_AVG"":false,""TEMP_SOIL_AVG_5CM"":false,""TEMP_SOIL_AVG_10CM"":false,""TEMP_SOIL_AVG_20CM"":false,""TEMP_SOIL_AVG_50CM"":false,""WIND_SPEED_10M"":true,""WIND_SPEED_AVG_30M"":false,""WIND_GUSTS_SPEED"":true,""HUMIDITY_REL_SHELTER_AVG"":false,""PRESSURE"":true,""SUN_DURATION"":false,""SHORT_WAVE_FROM_SKY_AVG"":false,""SUN_INT_AVG"":false}}"
aws_1day.fid--65986ded_19d21fbe95f_2ace,POINT (50.194 5.255),6472,2019-09-01T00:00:00,0.0,15.57,19.44,10.4,16.23,19.49,19.34,20.12,20.37,19.55,2.82,3.5,7.87,67.37,982.75,289.83,136.52,117.78,"{""validated"":{""PRECIP_QUANTITY"":true,""TEMP_AVG"":true,""TEMP_MAX"":true,""TEMP_MIN"":true,""TEMP_GRASS_PT100_AVG"":true,""TEMP_SOIL_AVG"":true,""TEMP_SOIL_AVG_5CM"":true,""TEMP_SOIL_AVG_10CM"":true,""TEMP_SOIL_AVG_20CM"":true,""TEMP_SOIL_AVG_50CM"":true,""WIND_SPEED_10M"":true,""WIND_SPEED_AVG_30M"":true,""WIND_GUSTS_SPEED"":true,""HUMIDITY_REL_SHELTER_AVG"":true,""PRESSURE"":true,""SUN_DURATION"":false,""SHORT_WAVE_FROM_SKY_AVG"":false,""SUN_INT_AVG"":false}}"
aws_1day.fid--65986ded_19d21fbe95f_2ad2,POINT (50.096 4.595),6455,2019-09-01T00:00:00,0.06,15.69,20.92,8.29,15.85,20.14,21.13,21.11,21.07,19.9,1.63,,6.8,74.67,988.62,221.92,137.96,116.04,"{""validated"":{""PRECIP_QUANTITY"":true,""TEMP_AVG"":true,""TEMP_MAX"":true,""TEMP_MIN"":true,""TEMP_GRASS_PT100_AVG"":true,""TEMP_SOIL_AVG"":true,""TEMP_SOIL_AVG_5CM"":true,""TEMP_SOIL_AVG_10CM"":true,""TEMP_SOIL_AVG_20CM"":true,""TEMP_SOIL_AVG_50CM"":true,""WIND_SPEED_10M"":true,""WIND_SPEED_AVG_30M"":false,""WIND_GUSTS_SPEED"":true,""HUMIDITY_REL_SHELTER_AVG"":true,""PRESSURE"":true,""SUN_DURATION"":false,""SHORT_WAVE_FROM_SKY_AVG"":false,""SUN_INT_AVG"":false}}"
aws_1day.fid--65986ded_19d21fbe95f_2ad1,POINT (50.797 4.358),6447,2019-09-01T00:00:00,0.0,16.29,20.87,11.13,17.23,19.58,19.99,20.51,20.91,20.59,,2.5,7.92,68.94,1004.3,,144.22,,"{""validated"":{""PRECIP_QUANTITY"":true,""TEMP_AVG"":true,""TEMP_MAX"":true,""TEMP_MIN"":true,""TEMP_GRASS_PT100_AVG"":true,""TEMP_SOIL_AVG"":true,""TEMP_SOIL_AVG_5CM"":true,""TEMP_SOIL_AVG_10CM"":true,""TEMP_SOIL_AVG_20CM"":true,""TEMP_SOIL_AVG_50CM"":true,""WIND_SPEED_10M"":false,""WIND_SPEED_AVG_30M"":true,""WIND_GUSTS_SPEED"":true,""HUMIDITY_REL_SHELTER_AVG"":false,""PRESSURE"":true,""SUN_DURATION"":false,""SHORT_WAVE_FROM_SKY_AVG"":false,""SUN_INT_AVG"":false}}"
aws_1day.fid--65986ded_19d21fbe95f_2ad0,POINT (51.325 4.364),6438,2019-09-01T00:00:00,2.84,16.59,20.86,11.03,17.77,21.46,21.67,21.71,20.85,21.55,2.93,,11.01,71.99,1016.21,421.5,170.37,185.87,"{""validated"":{""PRECIP_QUANTITY"":true,""TEMP_AVG"":true,""TEMP_MAX"":true,""TEMP_MIN"":true,""TEMP_GRASS_PT100_AVG"":true,""TEMP_SOIL_AVG"":true,""TEMP_SOIL_AVG_5CM"":true,""TEMP_SOIL_AVG_10CM"":true,""TEMP_SOIL_AVG_20CM"":true,""TEMP_SOIL_AVG_50CM"":true,""WIND_SPEED_10M"":true,""WIND_SPEED_AVG_30M"":false,""WIND_GUSTS_SPEED"":true,""HUMIDITY_REL_SHELTER_AVG"":true,""PRESSURE"":true,""SUN_DURATION"":false,""SHORT_WAVE_FROM_SKY_AVG"":false,""SUN_INT_AVG"":false}}"
aws_1day.fid--65986ded_19d21fbe95f_2acf,POINT (50.511 6.073),6494,2019-09-01T00:00:00,0.0,12.26,15.93,7.74,,14.35,16.18,16.57,16.78,15.75,2.61,,7.06,83.43,938.32,,118.7,,"{""validated"":{""PRECIP_QUANTITY"":true,""TEMP_AVG"":true,""TEMP_MAX"":true,""TEMP_MIN"":true,""TEMP_GRASS_PT100_AVG"":false,""TEMP_SOIL_AVG"":true,""TEMP_SOIL_AVG_5CM"":true,""TEMP_SOIL_AVG_10CM"":true,""TEMP_SOIL_AVG_20CM"":true,""TEMP_SOIL_AVG_50CM"":true,""WIND_SPEED_10M"":true,""WIND_SPEED_AVG_30M"":false,""WIND_GUSTS_SPEED"":true,""HUMIDITY_REL_SHELTER_AVG"":true,""PRESSURE"":true,""SUN_DURATION"":true,""SHORT_WAVE_FROM_SKY_AVG"":false,""SUN_INT_AVG"":true}}"
aws_1day.fid--65986ded_19d21fbe95f_2ad9,POINT (51.348 3.202),6418,2019-09-01T00:00:00,0.06,18.1,19.55,16.73,,,,,,,5.68,,11.17,59.05,1015.55,620.92,,258.91,"{""validated"":{""PRECIP_QUANTITY"":true,""TEMP_AVG"":true,""TEMP_MAX"":true,""TEMP_MIN"":true,""TEMP_GRASS_PT100_AVG"":false,""TEMP_SOIL_AVG"":false,""TEMP_SOIL_AVG_5CM"":false,""TEMP_SOIL_AVG_10CM"":false,""TEMP_SOIL_AVG_20CM"":false,""TEMP_SOIL_AVG_50CM"":false,""WIND_SPEED_10M"":true,""WIND_SPEED_AVG_30M"":false,""WIND_GUSTS_SPEED"":true,""HUMIDITY_REL_SHELTER_AVG"":true,""PRESSURE"":true,""SUN_DURATION"":false,""SHORT_WAVE_FROM_SKY_AVG"":false,""SUN_INT_AVG"":false}}"
aws_1day.fid--65986ded_19d21fbe95f_2ad3,POINT (50.904 3.122),6414,2019-09-01T00:00:00,0.0,16.13,20.19,10.29,15.55,18.79,20.15,20.5,20.74,20.36,2.89,,8.79,69.75,1014.43,412.33,152.96,167.24,"{""validated"":{""PRECIP_QUANTITY"":true,""TEMP_AVG"":true,""TEMP_MAX"":true,""TEMP_MIN"":true,""TEMP_GRASS_PT100_AVG"":true,""TEMP_SOIL_AVG"":true,""TEMP_SOIL_AVG_5CM"":true,""TEMP_SOIL_AVG_10CM"":true,""TEMP_SOIL_AVG_20CM"":true,""TEMP_SOIL_AVG_50CM"":true,""WIND_SPEED_10M"":true,""WIND_SPEED_AVG_30M"":false,""WIND_GUSTS_SPEED"":true,""HUMIDITY_REL_SHELTER_AVG"":true,""PRESSURE"":true,""SUN_DURATION"":false,""SHORT_WAVE_FROM_SKY_AVG"":false,""SUN_INT_AVG"":false}}"
aws_1day.fid--65986ded_19d21fbe95f_2ada,POINT (50.582 4.689),6459,2019-09-01T00:00:00,0.0,15.86,20.94,9.48,16.19,18.48,18.53,18.97,19.4,18.82,3.28,,8.54,71.24,998.13,293.33,166.68,134.83,"{""validated"":{""PRECIP_QUANTITY"":true,""TEMP_AVG"":true,""TEMP_MAX"":true,""TEMP_MIN"":true,""TEMP_GRASS_PT100_AVG"":true,""TEMP_SOIL_AVG"":true,""TEMP_SOIL_AVG_5CM"":true,""TEMP_SOIL_AVG_10CM"":true,""TEMP_SOIL_AVG_20CM"":true,""TEMP_SOIL_AVG_50CM"":true,""WIND_SPEED_10M"":true,""WIND_SPEED_AVG_30M"":false,""WIND_GUSTS_SPEED"":true,""HUMIDITY_REL_SHELTER_AVG"":true,""PRESSURE"":true,""SUN_DURATION"":false,""SHORT_WAVE_FROM_SKY_AVG"":false,""SUN_INT_AVG"":false}}"
