region,latitude,longitude,datetime,temperature_2m,relative_humidity_2m,precipitation,wind_speed_10m,wind_direction_10m,pressure_msl,cloud_cover
Brussels,50.8503,4.3517,2019-08-01T00:00,15.9,74,0.0,13.0,214,1016.9,63
Brussels,50.8503,4.3517,2019-08-01T01:00,15.9,76,0.0,12.1,217,1017.1,56
Brussels,50.8503,4.3517,2019-08-01T02:00,15.4,80,0.0,12.6,211,1017.5,86
Brussels,50.8503,4.3517,2019-08-01T03:00,15.3,82,0.0,13.7,210,1017.2,76
Brussels,50.8503,4.3517,2019-08-01T04:00,15.9,79,0.0,15.5,216,1016.7,96
Brussels,50.8503,4.3517,2019-08-01T05:00,16.4,78,0.0,16.3,221,1016.7,97
Brussels,50.8503,4.3517,2019-08-01T06:00,16.3,80,0.0,16.0,226,1016.9,82
Brussels,50.8503,4.3517,2019-08-01T07:00,16.8,81,0.0,15.8,229,1016.9,94
Brussels,50.8503,4.3517,2019-08-01T08:00,17.6,81,0.0,19.2,242,1017.0,89
Brussels,50.8503,4.3517,2019-08-01T09:00,19.1,73,0.0,17.4,243,1016.9,100
Brussels,50.8503,4.3517,2019-08-01T10:00,19.6,72,0.0,16.4,237,1017.1,79
Brussels,50.8503,4.3517,2019-08-01T11:00,20.6,67,0.2,17.7,241,1017.2,35
Brussels,50.8503,4.3517,2019-08-01T12:00,21.6,60,0.1,16.9,250,1016.9,30
Brussels,50.8503,4.3517,2019-08-01T13:00,22.6,63,0.1,14.9,262,1016.9,39
Brussels,50.8503,4.3517,2019-08-01T14:00,23.1,55,0.1,15.5,266,1016.8,42
Brussels,50.8503,4.3517,2019-08-01T15:00,22.9,55,0.2,16.8,261,1016.7,44
Brussels,50.8503,4.3517,2019-08-01T16:00,22.9,54,0.1,13.7,270,1016.4,73
Brussels,50.8503,4.3517,2019-08-01T17:00,22.6,53,0.1,13.4,294,1016.4,99
Brussels,50.8503,4.3517,2019-08-01T18:00,21.5,61,0.0,13.2,317,1016.4,74
Brussels,50.8503,4.3517,2019-08-01T19:00,20.9,64,0.0,8.6,327,1016.3,41
Brussels,50.8503,4.3517,2019-08-01T20:00,19.5,76,0.0,4.3,312,1016.7,22
Brussels,50.8503,4.3517,2019-08-01T21:00,18.0,82,0.0,5.5,328,1017.0,32
Brussels,50.8503,4.3517,2019-08-01T22:00,17.2,83,0.0,6.3,336,1017.0,37
Brussels,50.8503,4.3517,2019-08-01T23:00,16.6,84,0.0,7.5,343,1016.9,38
Brussels,50.8503,4.3517,2019-08-02T00:00,15.4,90,0.0,6.9,309,1016.9,42
Brussels,50.8503,4.3517,2019-08-02T01:00,14.8,92,0.0,8.5,298,1016.9,63
Brussels,50.8503,4.3517,2019-08-02T02:00,14.6,92,0.0,6.2,291,1016.7,46
Brussels,50.8503,4.3517,2019-08-02T03:00,14.2,94,0.0,5.8,274,1016.6,6
Brussels,50.8503,4.3517,2019-08-02T04:00,14.1,95,0.0,5.9,256,1016.7,15
Brussels,50.8503,4.3517,2019-08-02T05:00,13.9,95,0.0,6.4,243,1016.6,12
Brussels,50.8503,4.3517,2019-08-02T06:00,14.6,93,0.0,9.2,239,1016.4,14
Brussels,50.8503,4.3517,2019-08-02T07:00,16.2,87,0.0,8.3,252,1016.4,14
Brussels,50.8503,4.3517,2019-08-02T08:00,18.1,84,0.0,9.7,270,1016.4,7
Brussels,50.8503,4.3517,2019-08-02T09:00,19.8,74,0.0,14.8,283,1016.3,23
Brussels,50.8503,4.3517,2019-08-02T10:00,20.5,68,0.1,16.6,283,1016.4,35
Brussels,50.8503,4.3517,2019-08-02T11:00,21.0,64,0.3,19.0,289,1016.4,47
Brussels,50.8503,4.3517,2019-08-02T12:00,21.4,63,0.3,20.8,296,1016.1,40
Brussels,50.8503,4.3517,2019-08-02T13:00,19.8,77,0.2,20.8,296,1017.1,44
Brussels,50.8503,4.3517,2019-08-02T14:00,21.1,76,0.1,18.3,292,1016.7,100
Brussels,50.8503,4.3517,2019-08-02T15:00,20.2,74,0.3,22.5,302,1016.7,58
Brussels,50.8503,4.3517,2019-08-02T16:00,20.9,73,0.2,21.6,307,1016.4,36
Brussels,50.8503,4.3517,2019-08-02T17:00,20.8,69,0.2,22.9,318,1016.3,27
Brussels,50.8503,4.3517,2019-08-02T18:00,20.5,69,0.0,21.4,318,1016.2,18
Brussels,50.8503,4.3517,2019-08-02T19:00,19.8,72,0.0,20.2,320,1016.3,16
Brussels,50.8503,4.3517,2019-08-02T20:00,18.5,79,0.0,17.4,320,1016.7,26
Brussels,50.8503,4.3517,2019-08-02T21:00,17.6,86,0.0,15.6,322,1017.2,23
Brussels,50.8503,4.3517,2019-08-02T22:00,17.0,90,0.0,14.5,325,1017.3,33
Brussels,50.8503,4.3517,2019-08-02T23:00,16.8,92,0.0,13.3,327,1017.4,28
Brussels,50.8503,4.3517,2019-08-03T00:00,16.2,95,0.0,11.2,327,1017.6,22
Brussels,50.8503,4.3517,2019-08-03T01:00,15.6,97,0.0,9.0,323,1017.8,23
Brussels,50.8503,4.3517,2019-08-03T02:00,15.4,97,0.0,8.9,320,1017.8,14
Brussels,50.8503,4.3517,2019-08-03T03:00,15.2,97,0.0,8.3,326,1017.9,19
Brussels,50.8503,4.3517,2019-08-03T04:00,15.1,97,0.0,8.4,335,1017.7,16
Brussels,50.8503,4.3517,2019-08-03T05:00,14.8,97,0.0,8.0,342,1017.9,9
Brussels,50.8503,4.3517,2019-08-03T06:00,14.9,97,0.0,8.0,333,1018.2,13
Brussels,50.8503,4.3517,2019-08-03T07:00,16.5,89,0.0,10.9,343,1018.5,39
Brussels,50.8503,4.3517,2019-08-03T08:00,17.8,81,0.0,9.5,349,1018.6,16
Brussels,50.8503,4.3517,2019-08-03T09:00,18.9,73,0.0,9.1,353,1018.7,29
Brussels,50.8503,4.3517,2019-08-03T10:00,20.1,65,0.0,9.4,360,1018.6,70
Brussels,50.8503,4.3517,2019-08-03T11:00,20.6,62,0.0,10.1,360,1018.9,100
Brussels,50.8503,4.3517,2019-08-03T12:00,21.3,59,0.0,8.8,351,1018.8,100
Brussels,50.8503,4.3517,2019-08-03T13:00,20.8,62,0.0,8.6,358,1019.3,99
Brussels,50.8503,4.3517,2019-08-03T14:00,21.2,60,0.0,8.3,355,1019.2,100
Brussels,50.8503,4.3517,2019-08-03T15:00,21.3,63,0.0,12.6,3,1019.0,99
Brussels,50.8503,4.3517,2019-08-03T16:00,21.1,64,0.0,11.5,14,1018.8,99
Brussels,50.8503,4.3517,2019-08-03T17:00,21.3,63,0.0,9.3,28,1018.5,99
Brussels,50.8503,4.3517,2019-08-03T18:00,21.4,61,0.0,6.6,22,1018.2,98
Brussels,50.8503,4.3517,2019-08-03T19:00,21.0,63,0.0,5.9,14,1018.0,97
Brussels,50.8503,4.3517,2019-08-03T20:00,20.0,70,0.0,6.0,25,1017.9,97
Brussels,50.8503,4.3517,2019-08-03T21:00,18.5,76,0.0,6.1,45,1017.9,98
Brussels,50.8503,4.3517,2019-08-03T22:00,17.0,85,0.0,8.0,54,1018.0,98
Brussels,50.8503,4.3517,2019-08-03T23:00,16.6,86,0.0,6.6,41,1017.9,98
Brussels,50.8503,4.3517,2019-08-04T00:00,15.8,90,0.0,6.8,58,1017.7,97
Brussels,50.8503,4.3517,2019-08-04T01:00,15.9,90,0.0,6.9,84,1017.6,97
Brussels,50.8503,4.3517,2019-08-04T02:00,15.1,93,0.0,6.6,99,1017.4,89
Brussels,50.8503,4.3517,2019-08-04T03:00,14.4,95,0.0,5.5,113,1017.2,12
Brussels,50.8503,4.3517,2019-08-04T04:00,13.6,96,0.0,6.4,128,1017.2,1
Brussels,50.8503,4.3517,2019-08-04T05:00,13.6,96,0.0,5.6,117,1017.2,33
Brussels,50.8503,4.3517,2019-08-04T06:00,14.7,94,0.0,8.0,117,1016.9,60
Brussels,50.8503,4.3517,2019-08-04T07:00,16.9,85,0.0,8.7,114,1016.7,20
Brussels,50.8503,4.3517,2019-08-04T08:00,19.0,76,0.0,8.8,109,1016.6,17
Brussels,50.8503,4.3517,2019-08-04T09:00,20.9,67,0.0,9.7,112,1016.3,20
Brussels,50.8503,4.3517,2019-08-04T10:00,22.5,61,0.0,9.2,121,1015.9,92
Brussels,50.8503,4.3517,2019-08-04T11:00,23.5,57,0.0,7.1,135,1015.5,98
Brussels,50.8503,4.3517,2019-08-04T12:00,24.7,52,0.0,8.3,180,1015.0,97
Brussels,50.8503,4.3517,2019-08-04T13:00,25.4,49,0.0,6.3,167,1015.0,80
Brussels,50.8503,4.3517,2019-08-04T14:00,26.0,47,0.0,6.3,167,1014.3,98
Brussels,50.8503,4.3517,2019-08-04T15:00,26.7,43,0.0,5.4,188,1013.9,100
Brussels,50.8503,4.3517,2019-08-04T16:00,26.8,42,0.0,1.3,214,1013.4,100
Brussels,50.8503,4.3517,2019-08-04T17:00,26.7,43,0.0,1.8,79,1012.8,100
Brussels,50.8503,4.3517,2019-08-04T18:00,26.5,44,0.0,0.7,90,1012.6,100
Brussels,50.8503,4.3517,2019-08-04T19:00,25.1,73,0.0,1.8,169,1012.2,100
Brussels,50.8503,4.3517,2019-08-04T20:00,24.1,61,0.0,3.7,169,1012.1,100
Brussels,50.8503,4.3517,2019-08-04T21:00,24.1,57,0.0,2.7,157,1012.3,100
Brussels,50.8503,4.3517,2019-08-04T22:00,22.5,65,0.0,4.3,138,1011.9,100
Brussels,50.8503,4.3517,2019-08-04T23:00,21.0,72,0.0,6.6,131,1011.6,100
Brussels,50.8503,4.3517,2019-08-05T00:00,20.5,74,0.0,5.0,201,1011.4,100
Brussels,50.8503,4.3517,2019-08-05T01:00,19.0,82,0.0,6.2,159,1011.2,99
Brussels,50.8503,4.3517,2019-08-05T02:00,19.7,77,0.0,7.9,196,1010.9,88
Brussels,50.8503,4.3517,2019-08-05T03:00,19.9,73,0.1,16.1,228,1011.2,99
Brussels,50.8503,4.3517,2019-08-05T04:00,18.1,87,0.3,11.2,228,1011.1,97
Brussels,50.8503,4.3517,2019-08-05T05:00,17.8,87,0.0,13.4,246,1011.0,97
Brussels,50.8503,4.3517,2019-08-05T06:00,17.4,84,0.0,13.4,250,1011.4,55
Brussels,50.8503,4.3517,2019-08-05T07:00,17.8,78,0.0,14.7,248,1011.6,34
Brussels,50.8503,4.3517,2019-08-05T08:00,18.6,73,0.0,16.6,252,1011.7,86
Brussels,50.8503,4.3517,2019-08-05T09:00,19.5,68,0.0,16.2,249,1011.8,39
Brussels,50.8503,4.3517,2019-08-05T10:00,21.1,61,0.0,17.1,248,1011.9,41
Brussels,50.8503,4.3517,2019-08-05T11:00,22.5,57,0.0,17.1,252,1011.8,57
Brussels,50.8503,4.3517,2019-08-05T12:00,23.5,53,0.0,17.7,246,1011.7,29
Brussels,50.8503,4.3517,2019-08-05T13:00,24.4,49,0.0,17.4,240,1011.7,100
Brussels,50.8503,4.3517,2019-08-05T14:00,25.3,44,0.0,19.3,237,1011.3,100
Brussels,50.8503,4.3517,2019-08-05T15:00,24.9,46,0.0,19.5,236,1011.2,100
Brussels,50.8503,4.3517,2019-08-05T16:00,24.6,49,0.0,19.2,236,1011.1,100
Brussels,50.8503,4.3517,2019-08-05T17:00,24.5,50,0.0,18.3,238,1010.9,98
Brussels,50.8503,4.3517,2019-08-05T18:00,24.5,50,0.0,18.5,246,1010.5,100
Brussels,50.8503,4.3517,2019-08-05T19:00,22.8,61,0.0,11.9,273,1010.8,98
Brussels,50.8503,4.3517,2019-08-05T20:00,21.5,68,0.0,8.4,250,1010.7,99
Brussels,50.8503,4.3517,2019-08-05T21:00,20.5,73,0.0,9.8,242,1011.3,92
Brussels,50.8503,4.3517,2019-08-05T22:00,20.0,75,0.0,12.4,244,1011.3,94
Brussels,50.8503,4.3517,2019-08-05T23:00,19.6,77,0.1,14.6,250,1011.4,92
Brussels,50.8503,4.3517,2019-08-06T00:00,18.7,76,0.1,15.5,252,1011.4,89
Brussels,50.8503,4.3517,2019-08-06T01:00,18.0,82,0.2,13.6,248,1011.6,94
Brussels,50.8503,4.3517,2019-08-06T02:00,17.4,74,0.0,15.2,248,1011.9,96
Brussels,50.8503,4.3517,2019-08-06T03:00,16.9,71,0.0,15.0,246,1011.8,98
Brussels,50.8503,4.3517,2019-08-06T04:00,16.2,74,0.0,13.5,241,1011.6,96
Brussels,50.8503,4.3517,2019-08-06T05:00,15.8,76,0.0,14.2,234,1011.6,48
Brussels,50.8503,4.3517,2019-08-06T06:00,15.4,80,0.0,14.6,232,1011.7,94
Brussels,50.8503,4.3517,2019-08-06T07:00,16.5,76,0.0,15.1,230,1011.8,88
Brussels,50.8503,4.3517,2019-08-06T08:00,17.8,68,0.0,16.2,238,1011.8,92
Brussels,50.8503,4.3517,2019-08-06T09:00,19.0,63,0.0,14.9,238,1011.7,100
Brussels,50.8503,4.3517,2019-08-06T10:00,20.1,59,0.0,14.8,229,1011.7,98
Brussels,50.8503,4.3517,2019-08-06T11:00,20.9,54,0.0,15.0,222,1011.4,94
Brussels,50.8503,4.3517,2019-08-06T12:00,22.0,49,0.0,17.3,225,1011.1,100
Brussels,50.8503,4.3517,2019-08-06T13:00,22.0,55,0.0,14.1,232,1011.0,100
Brussels,50.8503,4.3517,2019-08-06T14:00,23.4,51,0.0,17.1,226,1010.3,100
Brussels,50.8503,4.3517,2019-08-06T15:00,22.0,58,0.0,16.3,221,1010.0,100
Brussels,50.8503,4.3517,2019-08-06T16:00,22.5,57,0.0,13.3,237,1009.2,100
Brussels,50.8503,4.3517,2019-08-06T17:00,22.5,58,0.0,11.5,219,1008.9,98
Brussels,50.8503,4.3517,2019-08-06T18:00,21.9,62,0.0,14.9,200,1008.3,31
Brussels,50.8503,4.3517,2019-08-06T19:00,21.0,68,0.0,14.8,206,1007.9,45
Brussels,50.8503,4.3517,2019-08-06T20:00,19.5,77,0.0,14.4,217,1008.0,98
Brussels,50.8503,4.3517,2019-08-06T21:00,18.7,83,0.0,14.3,225,1008.4,97
Brussels,50.8503,4.3517,2019-08-06T22:00,18.7,82,0.0,14.8,236,1008.5,100
Brussels,50.8503,4.3517,2019-08-06T23:00,19.0,75,0.0,13.0,242,1008.5,100
Brussels,50.8503,4.3517,2019-08-07T00:00,18.2,75,0.0,10.7,230,1008.2,98
Brussels,50.8503,4.3517,2019-08-07T01:00,17.4,74,0.0,12.7,245,1008.5,97
Brussels,50.8503,4.3517,2019-08-07T02:00,16.7,79,0.0,14.0,235,1008.1,92
Brussels,50.8503,4.3517,2019-08-07T03:00,16.2,82,0.0,12.5,231,1007.9,87
Brussels,50.8503,4.3517,2019-08-07T04:00,15.8,86,0.0,12.8,212,1007.8,98
Brussels,50.8503,4.3517,2019-08-07T05:00,15.9,88,0.0,13.5,222,1007.7,99
Brussels,50.8503,4.3517,2019-08-07T06:00,16.3,86,0.0,15.3,229,1007.6,97
Brussels,50.8503,4.3517,2019-08-07T07:00,17.2,82,0.0,15.3,227,1007.9,78
Brussels,50.8503,4.3517,2019-08-07T08:00,18.5,75,0.0,18.9,235,1008.1,24
Brussels,50.8503,4.3517,2019-08-07T09:00,19.7,68,0.0,19.5,245,1007.9,96
Brussels,50.8503,4.3517,2019-08-07T10:00,20.8,62,0.0,18.4,247,1007.9,88
Brussels,50.8503,4.3517,2019-08-07T11:00,21.5,57,0.0,19.2,247,1008.0,33
Brussels,50.8503,4.3517,2019-08-07T12:00,22.2,55,0.1,20.7,247,1007.7,49
Brussels,50.8503,4.3517,2019-08-07T13:00,22.5,54,0.0,22.6,239,1007.9,66
Brussels,50.8503,4.3517,2019-08-07T14:00,22.5,50,0.0,22.1,248,1007.9,39
Brussels,50.8503,4.3517,2019-08-07T15:00,23.0,46,0.0,24.0,253,1007.9,41
Brussels,50.8503,4.3517,2019-08-07T16:00,23.0,46,0.0,21.7,255,1007.6,27
Brussels,50.8503,4.3517,2019-08-07T17:00,23.0,45,0.0,20.5,255,1007.9,26
Brussels,50.8503,4.3517,2019-08-07T18:00,22.6,46,0.0,18.3,254,1008.0,12
Brussels,50.8503,4.3517,2019-08-07T19:00,21.8,50,0.0,16.2,253,1008.3,7
Brussels,50.8503,4.3517,2019-08-07T20:00,20.1,55,0.0,15.8,253,1009.0,1
Brussels,50.8503,4.3517,2019-08-07T21:00,18.7,60,0.0,14.4,248,1009.6,0
Brussels,50.8503,4.3517,2019-08-07T22:00,17.6,65,0.0,13.2,241,1010.0,0
Brussels,50.8503,4.3517,2019-08-07T23:00,16.7,70,0.0,14.1,232,1010.3,0
Brussels,50.8503,4.3517,2019-08-08T00:00,16.0,74,0.0,15.0,226,1010.4,0
Brussels,50.8503,4.3517,2019-08-08T01:00,16.4,74,0.0,16.6,228,1010.8,0
Brussels,50.8503,4.3517,2019-08-08T02:00,15.7,79,0.0,16.6,222,1010.6,12
Brussels,50.8503,4.3517,2019-08-08T03:00,15.1,83,0.0,16.1,222,1010.4,82
Brussels,50.8503,4.3517,2019-08-08T04:00,15.0,83,0.0,17.1,229,1010.7,89
Brussels,50.8503,4.3517,2019-08-08T05:00,14.6,86,0.0,15.1,232,1011.0,11
Brussels,50.8503,4.3517,2019-08-08T06:00,14.6,86,0.0,15.6,232,1011.0,29
Brussels,50.8503,4.3517,2019-08-08T07:00,16.1,80,0.0,15.9,231,1011.3,92
Brussels,50.8503,4.3517,2019-08-08T08:00,17.8,73,0.0,16.8,239,1011.6,52
Brussels,50.8503,4.3517,2019-08-08T09:00,19.4,66,0.0,17.5,238,1012.0,72
Brussels,50.8503,4.3517,2019-08-08T10:00,20.7,58,0.0,18.8,238,1012.1,72
Brussels,50.8503,4.3517,2019-08-08T11:00,21.3,52,0.0,17.7,237,1012.2,61
Brussels,50.8503,4.3517,2019-08-08T12:00,21.9,52,0.0,15.5,239,1012.3,99
Brussels,50.8503,4.3517,2019-08-08T13:00,20.8,63,0.0,14.3,231,1012.7,81
Brussels,50.8503,4.3517,2019-08-08T14:00,22.2,59,0.0,13.8,242,1012.7,88
Brussels,50.8503,4.3517,2019-08-08T15:00,22.9,56,0.0,13.1,249,1012.3,92
Brussels,50.8503,4.3517,2019-08-08T16:00,23.4,52,0.0,14.8,256,1011.9,87
Brussels,50.8503,4.3517,2019-08-08T17:00,23.6,52,0.0,13.8,255,1012.0,85
Brussels,50.8503,4.3517,2019-08-08T18:00,23.2,55,0.0,6.2,249,1011.5,38
Brussels,50.8503,4.3517,2019-08-08T19:00,22.6,60,0.0,4.6,198,1011.3,26
Brussels,50.8503,4.3517,2019-08-08T20:00,20.6,71,0.0,5.0,180,1011.4,34
Brussels,50.8503,4.3517,2019-08-08T21:00,19.9,72,0.0,6.6,139,1011.3,76
Brussels,50.8503,4.3517,2019-08-08T22:00,19.9,70,0.0,9.4,113,1011.0,69
Brussels,50.8503,4.3517,2019-08-08T23:00,19.9,69,0.0,11.5,122,1010.8,96
Brussels,50.8503,4.3517,2019-08-09T00:00,20.0,68,0.0,12.1,117,1010.7,87
Brussels,50.8503,4.3517,2019-08-09T01:00,19.3,72,0.0,13.0,109,1010.0,92
Brussels,50.8503,4.3517,2019-08-09T02:00,18.9,76,0.0,14.5,113,1009.4,94
Brussels,50.8503,4.3517,2019-08-09T03:00,19.1,75,0.1,13.2,145,1009.1,100
Brussels,50.8503,4.3517,2019-08-09T04:00,20.3,68,0.1,11.6,144,1008.1,100
Brussels,50.8503,4.3517,2019-08-09T05:00,20.4,70,0.1,16.2,143,1007.6,100
Brussels,50.8503,4.3517,2019-08-09T06:00,20.9,67,0.0,17.9,150,1006.8,99
Brussels,50.8503,4.3517,2019-08-09T07:00,21.2,67,0.0,16.0,149,1006.3,97
Brussels,50.8503,4.3517,2019-08-09T08:00,23.5,58,0.0,21.6,165,1005.9,98
Brussels,50.8503,4.3517,2019-08-09T09:00,25.0,52,0.0,19.4,179,1005.8,100
Brussels,50.8503,4.3517,2019-08-09T10:00,26.0,52,0.0,24.4,202,1005.9,90
Brussels,50.8503,4.3517,2019-08-09T11:00,25.9,59,0.2,23.1,217,1006.3,95
Brussels,50.8503,4.3517,2019-08-09T12:00,26.5,58,0.0,18.0,209,1006.0,100
Brussels,50.8503,4.3517,2019-08-09T13:00,22.5,86,0.2,13.4,204,1006.4,97
Brussels,50.8503,4.3517,2019-08-09T14:00,24.8,74,0.1,18.8,216,1006.2,97
Brussels,50.8503,4.3517,2019-08-09T15:00,25.6,64,0.0,18.8,212,1006.0,100
Brussels,50.8503,4.3517,2019-08-09T16:00,24.4,72,0.4,16.2,193,1005.9,100
Brussels,50.8503,4.3517,2019-08-09T17:00,22.9,82,1.1,18.1,175,1005.2,89
Brussels,50.8503,4.3517,2019-08-09T18:00,22.6,87,0.0,16.3,188,1005.0,100
Brussels,50.8503,4.3517,2019-08-09T19:00,22.4,84,0.0,19.7,204,1005.1,99
Brussels,50.8503,4.3517,2019-08-09T20:00,21.5,80,0.0,20.6,213,1005.6,96
Brussels,50.8503,4.3517,2019-08-09T21:00,20.6,79,0.0,20.9,212,1006.5,98
Brussels,50.8503,4.3517,2019-08-09T22:00,19.9,78,0.0,21.8,202,1006.6,90
Brussels,50.8503,4.3517,2019-08-09T23:00,19.6,79,0.0,23.3,200,1006.4,98
Brussels,50.8503,4.3517,2019-08-10T00:00,19.9,77,0.0,24.2,203,1006.3,99
Brussels,50.8503,4.3517,2019-08-10T01:00,20.2,73,0.0,27.1,205,1006.4,95
Brussels,50.8503,4.3517,2019-08-10T02:00,20.0,69,0.0,28.3,206,1006.3,3
Brussels,50.8503,4.3517,2019-08-10T03:00,19.9,66,0.0,30.8,209,1006.5,8
Brussels,50.8503,4.3517,2019-08-10T04:00,19.5,67,0.0,30.5,210,1006.5,2
Brussels,50.8503,4.3517,2019-08-10T05:00,19.0,68,0.0,31.4,214,1006.9,8
Brussels,50.8503,4.3517,2019-08-10T06:00,18.9,68,0.0,31.8,219,1007.5,28
Brussels,50.8503,4.3517,2019-08-10T07:00,19.0,68,0.0,32.6,221,1008.0,10
Brussels,50.8503,4.3517,2019-08-10T08:00,19.5,67,0.0,34.7,221,1008.6,63
Brussels,50.8503,4.3517,2019-08-10T09:00,20.0,65,0.0,38.5,228,1009.2,78
Brussels,50.8503,4.3517,2019-08-10T10:00,20.6,61,0.0,37.1,230,1009.8,99
Brussels,50.8503,4.3517,2019-08-10T11:00,21.4,57,0.0,36.5,229,1010.1,96
Brussels,50.8503,4.3517,2019-08-10T12:00,21.7,54,0.1,37.3,229,1010.5,96
Brussels,50.8503,4.3517,2019-08-10T13:00,22.3,53,0.0,35.8,231,1011.1,61
Brussels,50.8503,4.3517,2019-08-10T14:00,22.5,50,0.0,36.2,232,1011.4,28
Brussels,50.8503,4.3517,2019-08-10T15:00,23.0,47,0.0,36.9,232,1011.6,63
Brussels,50.8503,4.3517,2019-08-10T16:00,23.2,45,0.0,34.5,230,1011.7,90
Brussels,50.8503,4.3517,2019-08-10T17:00,22.9,45,0.0,29.4,229,1012.0,79
Brussels,50.8503,4.3517,2019-08-10T18:00,22.6,45,0.0,26.7,238,1012.2,47
Brussels,50.8503,4.3517,2019-08-10T19:00,21.5,50,0.0,23.1,249,1012.8,42
Brussels,50.8503,4.3517,2019-08-10T20:00,20.5,51,0.0,21.4,245,1013.5,28
Brussels,50.8503,4.3517,2019-08-10T21:00,19.2,54,0.0,18.7,247,1014.1,29
Brussels,50.8503,4.3517,2019-08-10T22:00,18.5,60,0.0,17.7,243,1014.3,19
Brussels,50.8503,4.3517,2019-08-10T23:00,17.8,65,0.0,17.4,240,1014.8,13
Brussels,50.8503,4.3517,2019-08-11T00:00,17.0,69,0.0,17.5,238,1015.1,8
Brussels,50.8503,4.3517,2019-08-11T01:00,17.0,71,0.0,15.3,240,1015.3,79
Brussels,50.8503,4.3517,2019-08-11T02:00,15.9,76,0.0,14.1,230,1015.1,1
Brussels,50.8503,4.3517,2019-08-11T03:00,15.4,79,0.0,15.5,224,1015.3,89
Brussels,50.8503,4.3517,2019-08-11T04:00,14.9,81,0.0,15.8,225,1015.2,80
Brussels,50.8503,4.3517,2019-08-11T05:00,14.8,82,0.0,16.0,224,1015.2,84
Brussels,50.8503,4.3517,2019-08-11T06:00,14.8,83,0.0,16.1,220,1015.2,97
Brussels,50.8503,4.3517,2019-08-11T07:00,16.0,78,0.0,15.5,216,1015.0,89
Brussels,50.8503,4.3517,2019-08-11T08:00,17.5,73,0.0,17.3,211,1015.0,92
Brussels,50.8503,4.3517,2019-08-11T09:00,18.9,64,0.0,21.1,217,1014.9,100
Brussels,50.8503,4.3517,2019-08-11T10:00,19.8,56,0.0,20.4,224,1014.8,100
Brussels,50.8503,4.3517,2019-08-11T11:00,20.2,53,0.0,20.1,224,1014.8,100
Brussels,50.8503,4.3517,2019-08-11T12:00,19.9,55,0.0,18.6,216,1014.4,100
Brussels,50.8503,4.3517,2019-08-11T13:00,20.5,56,0.0,21.2,220,1014.6,100
Brussels,50.8503,4.3517,2019-08-11T14:00,20.9,53,0.0,22.9,224,1014.4,100
Brussels,50.8503,4.3517,2019-08-11T15:00,20.9,52,0.0,21.6,224,1014.0,100
Brussels,50.8503,4.3517,2019-08-11T16:00,20.5,51,0.0,21.3,231,1013.7,100
Brussels,50.8503,4.3517,2019-08-11T17:00,20.2,52,0.0,19.2,232,1013.7,98
Brussels,50.8503,4.3517,2019-08-11T18:00,20.0,53,0.0,15.3,231,1013.7,98
Brussels,50.8503,4.3517,2019-08-11T19:00,19.6,55,0.0,15.0,235,1014.1,62
Brussels,50.8503,4.3517,2019-08-11T20:00,18.4,60,0.0,12.0,237,1014.5,36
Brussels,50.8503,4.3517,2019-08-11T21:00,17.2,65,0.0,10.2,228,1014.8,26
Brussels,50.8503,4.3517,2019-08-11T22:00,16.2,69,0.0,10.5,207,1014.9,14
Brussels,50.8503,4.3517,2019-08-11T23:00,15.6,74,0.0,13.2,206,1015.0,12
Brussels,50.8503,4.3517,2019-08-12T00:00,15.2,78,0.0,13.7,215,1015.1,3
Brussels,50.8503,4.3517,2019-08-12T01:00,15.4,75,0.0,12.7,223,1015.2,0
Brussels,50.8503,4.3517,2019-08-12T02:00,14.4,80,0.0,11.8,220,1015.3,1
Brussels,50.8503,4.3517,2019-08-12T03:00,14.0,82,0.0,12.1,217,1014.9,2
Brussels,50.8503,4.3517,2019-08-12T04:00,13.6,85,0.0,12.1,210,1015.0,2
Brussels,50.8503,4.3517,2019-08-12T05:00,13.4,86,0.0,12.4,206,1015.2,4
Brussels,50.8503,4.3517,2019-08-12T06:00,13.4,86,0.0,12.4,210,1015.0,8
Brussels,50.8503,4.3517,2019-08-12T07:00,14.9,82,0.0,12.6,217,1014.8,4
Brussels,50.8503,4.3517,2019-08-12T08:00,16.6,76,0.0,13.8,227,1015.0,1
Brussels,50.8503,4.3517,2019-08-12T09:00,18.0,69,0.0,14.8,236,1015.2,7
Brussels,50.8503,4.3517,2019-08-12T10:00,19.2,60,0.0,15.3,240,1015.1,38
Brussels,50.8503,4.3517,2019-08-12T11:00,20.0,55,0.0,14.2,234,1015.1,36
Brussels,50.8503,4.3517,2019-08-12T12:00,20.5,55,0.0,15.7,233,1014.9,45
Brussels,50.8503,4.3517,2019-08-12T13:00,21.4,51,0.0,19.1,223,1013.8,43
Brussels,50.8503,4.3517,2019-08-12T14:00,18.8,72,1.1,15.1,267,1014.8,93
Brussels,50.8503,4.3517,2019-08-12T15:00,17.8,73,0.9,13.3,218,1015.0,94
Brussels,50.8503,4.3517,2019-08-12T16:00,18.3,69,0.1,11.8,230,1014.4,97
Brussels,50.8503,4.3517,2019-08-12T17:00,18.1,65,0.1,13.4,243,1014.4,88
Brussels,50.8503,4.3517,2019-08-12T18:00,17.6,66,0.0,17.0,234,1014.5,91
Brussels,50.8503,4.3517,2019-08-12T19:00,16.8,73,0.0,13.8,227,1014.7,64
Brussels,50.8503,4.3517,2019-08-12T20:00,15.8,79,0.0,10.7,222,1014.9,75
Brussels,50.8503,4.3517,2019-08-12T21:00,14.9,83,0.0,10.2,228,1015.5,58
Brussels,50.8503,4.3517,2019-08-12T22:00,14.4,84,0.0,11.3,233,1015.8,31
Brussels,50.8503,4.3517,2019-08-12T23:00,13.9,85,0.1,12.7,235,1015.9,35
Brussels,50.8503,4.3517,2019-08-13T00:00,13.6,88,0.0,14.7,234,1015.9,35
Brussels,50.8503,4.3517,2019-08-13T01:00,12.9,92,0.0,15.3,251,1016.8,37
Brussels,50.8503,4.3517,2019-08-13T02:00,12.5,93,0.3,12.9,257,1017.0,45
Brussels,50.8503,4.3517,2019-08-13T03:00,12.3,95,0.5,11.0,247,1017.2,29
Brussels,50.8503,4.3517,2019-08-13T04:00,12.2,95,0.0,11.0,238,1017.4,23
Brussels,50.8503,4.3517,2019-08-13T05:00,11.9,96,0.0,11.1,234,1017.5,5
Brussels,50.8503,4.3517,2019-08-13T06:00,11.8,96,0.0,11.3,233,1017.7,0
Brussels,50.8503,4.3517,2019-08-13T07:00,12.9,93,0.0,13.2,227,1017.9,0
Brussels,50.8503,4.3517,2019-08-13T08:00,14.3,87,0.0,16.1,230,1018.4,4
Brussels,50.8503,4.3517,2019-08-13T09:00,15.6,77,0.0,17.5,238,1018.4,7
Brussels,50.8503,4.3517,2019-08-13T10:00,17.2,63,0.1,20.5,248,1018.2,17
Brussels,50.8503,4.3517,2019-08-13T11:00,18.0,63,0.0,22.9,246,1018.1,99
Brussels,50.8503,4.3517,2019-08-13T12:00,17.4,63,0.1,25.4,245,1018.3,100
Brussels,50.8503,4.3517,2019-08-13T13:00,16.8,71,0.1,24.0,246,1018.6,93
Brussels,50.8503,4.3517,2019-08-13T14:00,16.3,68,0.3,21.1,250,1018.7,99
Brussels,50.8503,4.3517,2019-08-13T15:00,16.2,70,0.2,17.3,249,1018.4,95
Brussels,50.8503,4.3517,2019-08-13T16:00,16.5,65,0.0,17.4,246,1018.3,70
Brussels,50.8503,4.3517,2019-08-13T17:00,17.0,58,0.0,17.3,249,1018.3,49
Brussels,50.8503,4.3517,2019-08-13T18:00,17.2,53,0.0,15.9,264,1018.0,50
Brussels,50.8503,4.3517,2019-08-13T19:00,16.5,58,0.0,9.1,263,1018.0,36
Brussels,50.8503,4.3517,2019-08-13T20:00,14.4,70,0.0,5.8,263,1018.4,19
Brussels,50.8503,4.3517,2019-08-13T21:00,13.4,74,0.0,6.1,242,1018.8,19
Brussels,50.8503,4.3517,2019-08-13T22:00,13.0,76,0.0,7.6,225,1018.9,15
Brussels,50.8503,4.3517,2019-08-13T23:00,12.6,80,0.0,9.6,214,1018.9,14
Brussels,50.8503,4.3517,2019-08-14T00:00,12.4,82,0.0,10.9,214,1018.6,13
Brussels,50.8503,4.3517,2019-08-14T01:00,12.2,87,0.0,11.2,225,1019.0,40
Brussels,50.8503,4.3517,2019-08-14T02:00,11.6,92,0.0,10.9,224,1018.9,3
Brussels,50.8503,4.3517,2019-08-14T03:00,11.2,94,0.0,10.2,219,1018.8,43
Brussels,50.8503,4.3517,2019-08-14T04:00,11.1,95,0.0,10.9,214,1018.5,79
Brussels,50.8503,4.3517,2019-08-14T05:00,11.1,95,0.0,11.2,213,1018.4,1
Brussels,50.8503,4.3517,2019-08-14T06:00,11.1,95,0.0,11.3,217,1018.6,1
Brussels,50.8503,4.3517,2019-08-14T07:00,12.7,91,0.0,12.4,216,1018.5,1
Brussels,50.8503,4.3517,2019-08-14T08:00,14.7,84,0.0,11.8,211,1018.3,4
Brussels,50.8503,4.3517,2019-08-14T09:00,16.7,75,0.0,13.1,212,1018.3,2
Brussels,50.8503,4.3517,2019-08-14T10:00,18.2,63,0.0,14.4,217,1017.9,20
Brussels,50.8503,4.3517,2019-08-14T11:00,19.2,58,0.0,15.7,217,1017.8,27
Brussels,50.8503,4.3517,2019-08-14T12:00,20.3,53,0.0,17.1,221,1017.1,83
Brussels,50.8503,4.3517,2019-08-14T13:00,20.2,55,0.1,17.9,214,1016.9,100
Brussels,50.8503,4.3517,2019-08-14T14:00,19.6,60,0.6,16.2,217,1016.7,91
Brussels,50.8503,4.3517,2019-08-14T15:00,19.5,61,0.2,14.9,212,1016.2,92
Brussels,50.8503,4.3517,2019-08-14T16:00,18.8,69,0.3,12.8,196,1015.5,100
Brussels,50.8503,4.3517,2019-08-14T17:00,19.0,68,0.0,11.9,178,1014.7,86
Brussels,50.8503,4.3517,2019-08-14T18:00,19.0,71,0.4,10.6,170,1014.0,83
Brussels,50.8503,4.3517,2019-08-14T19:00,18.2,79,0.7,12.3,159,1013.2,100
Brussels,50.8503,4.3517,2019-08-14T20:00,17.3,83,0.4,12.4,150,1012.7,94
Brussels,50.8503,4.3517,2019-08-14T21:00,17.0,87,0.4,12.4,197,1012.8,100
Brussels,50.8503,4.3517,2019-08-14T22:00,16.5,88,1.0,13.7,194,1012.1,92
Brussels,50.8503,4.3517,2019-08-14T23:00,16.5,87,0.3,18.0,192,1011.5,95
Brussels,50.8503,4.3517,2019-08-15T00:00,16.4,87,0.0,19.6,197,1011.0,100
Brussels,50.8503,4.3517,2019-08-15T01:00,16.2,87,0.8,21.3,214,1011.0,100
Brussels,50.8503,4.3517,2019-08-15T02:00,16.3,87,0.7,21.7,216,1010.5,100
Brussels,50.8503,4.3517,2019-08-15T03:00,16.2,89,0.1,21.9,216,1009.9,100
Brussels,50.8503,4.3517,2019-08-15T04:00,16.2,90,0.0,21.5,218,1009.4,100
Brussels,50.8503,4.3517,2019-08-15T05:00,15.9,91,0.0,21.0,219,1009.3,100
Brussels,50.8503,4.3517,2019-08-15T06:00,16.0,91,0.0,21.5,218,1009.3,100
Brussels,50.8503,4.3517,2019-08-15T07:00,16.5,89,0.0,22.9,224,1009.3,84
Brussels,50.8503,4.3517,2019-08-15T08:00,17.1,89,0.2,20.5,231,1009.5,100
Brussels,50.8503,4.3517,2019-08-15T09:00,17.5,86,0.4,24.9,248,1009.9,39
Brussels,50.8503,4.3517,2019-08-15T10:00,18.6,77,0.2,25.2,256,1010.0,27
Brussels,50.8503,4.3517,2019-08-15T11:00,20.1,66,0.1,24.8,261,1010.4,35
Brussels,50.8503,4.3517,2019-08-15T12:00,20.9,61,0.1,25.9,260,1010.5,77
Brussels,50.8503,4.3517,2019-08-15T13:00,20.2,66,0.1,27.2,252,1011.4,76
Brussels,50.8503,4.3517,2019-08-15T14:00,20.1,65,0.2,27.0,257,1011.9,50
Brussels,50.8503,4.3517,2019-08-15T15:00,20.8,63,0.1,24.8,261,1012.4,39
Brussels,50.8503,4.3517,2019-08-15T16:00,20.2,64,0.1,23.8,274,1013.0,66
Brussels,50.8503,4.3517,2019-08-15T17:00,19.6,65,0.0,21.5,280,1013.7,57
Brussels,50.8503,4.3517,2019-08-15T18:00,18.9,68,0.0,20.4,279,1014.1,47
Brussels,50.8503,4.3517,2019-08-15T19:00,18.5,70,0.0,14.2,263,1014.4,38
Brussels,50.8503,4.3517,2019-08-15T20:00,17.7,71,0.0,13.7,256,1015.3,100
Brussels,50.8503,4.3517,2019-08-15T21:00,17.4,72,0.0,13.5,254,1015.9,91
Brussels,50.8503,4.3517,2019-08-15T22:00,16.6,79,0.0,14.5,240,1016.3,41
Brussels,50.8503,4.3517,2019-08-15T23:00,15.9,85,0.0,14.4,233,1016.6,24
Brussels,50.8503,4.3517,2019-08-16T00:00,14.6,93,0.0,6.3,257,1017.0,32
Brussels,50.8503,4.3517,2019-08-16T01:00,14.1,93,0.0,10.0,232,1017.3,35
Brussels,50.8503,4.3517,2019-08-16T02:00,13.6,94,0.0,11.5,231,1017.7,19
Brussels,50.8503,4.3517,2019-08-16T03:00,13.2,95,0.0,11.0,229,1017.7,100
Brussels,50.8503,4.3517,2019-08-16T04:00,13.1,96,0.0,10.5,218,1017.5,99
Brussels,50.8503,4.3517,2019-08-16T05:00,13.1,96,0.0,11.5,219,1017.7,97
Brussels,50.8503,4.3517,2019-08-16T06:00,13.1,96,0.0,11.5,212,1017.4,89
Brussels,50.8503,4.3517,2019-08-16T07:00,14.4,93,0.0,14.4,212,1017.4,96
Brussels,50.8503,4.3517,2019-08-16T08:00,16.1,85,0.0,16.4,218,1017.3,98
Brussels,50.8503,4.3517,2019-08-16T09:00,17.5,77,0.0,17.1,222,1017.2,99
Brussels,50.8503,4.3517,2019-08-16T10:00,18.9,66,0.0,20.9,226,1016.9,100
Brussels,50.8503,4.3517,2019-08-16T11:00,19.1,65,0.0,20.1,226,1016.4,100
Brussels,50.8503,4.3517,2019-08-16T12:00,20.3,60,0.0,21.7,227,1016.0,99
Brussels,50.8503,4.3517,2019-08-16T13:00,21.0,58,0.0,21.7,220,1015.8,100
Brussels,50.8503,4.3517,2019-08-16T14:00,21.8,53,0.0,21.6,224,1015.3,100
Brussels,50.8503,4.3517,2019-08-16T15:00,21.4,56,0.0,20.3,210,1014.5,98
Brussels,50.8503,4.3517,2019-08-16T16:00,22.4,51,0.0,23.8,207,1013.6,99
Brussels,50.8503,4.3517,2019-08-16T17:00,22.0,51,0.0,18.9,211,1013.0,100
Brussels,50.8503,4.3517,2019-08-16T18:00,21.6,54,0.0,14.2,201,1012.3,100
Brussels,50.8503,4.3517,2019-08-16T19:00,21.1,55,0.0,15.8,207,1011.6,100
Brussels,50.8503,4.3517,2019-08-16T20:00,20.4,57,0.0,14.3,205,1011.3,100
Brussels,50.8503,4.3517,2019-08-16T21:00,19.6,60,0.2,18.0,192,1011.1,100
Brussels,50.8503,4.3517,2019-08-16T22:00,18.7,67,0.2,20.0,194,1010.6,100
Brussels,50.8503,4.3517,2019-08-16T23:00,18.0,72,0.2,16.9,191,1010.1,100
Brussels,50.8503,4.3517,2019-08-17T00:00,17.6,76,0.6,16.5,196,1009.4,100
Brussels,50.8503,4.3517,2019-08-17T01:00,17.1,85,0.7,16.1,209,1009.2,88
Brussels,50.8503,4.3517,2019-08-17T02:00,17.7,79,0.0,20.1,209,1008.6,95
Brussels,50.8503,4.3517,2019-08-17T03:00,17.9,75,0.0,22.6,211,1008.0,84
Brussels,50.8503,4.3517,2019-08-17T04:00,17.8,74,0.0,24.0,216,1007.7,100
Brussels,50.8503,4.3517,2019-08-17T05:00,17.7,76,0.1,24.0,216,1007.9,100
Brussels,50.8503,4.3517,2019-08-17T06:00,17.5,78,0.1,23.2,213,1007.8,100
Brussels,50.8503,4.3517,2019-08-17T07:00,17.5,79,0.0,22.8,211,1007.7,100
Brussels,50.8503,4.3517,2019-08-17T08:00,17.8,81,0.1,22.0,212,1008.0,100
Brussels,50.8503,4.3517,2019-08-17T09:00,18.0,84,0.3,20.9,204,1007.8,100
Brussels,50.8503,4.3517,2019-08-17T10:00,18.2,87,0.5,22.7,209,1007.9,100
Brussels,50.8503,4.3517,2019-08-17T11:00,19.0,84,0.1,23.1,203,1008.1,100
Brussels,50.8503,4.3517,2019-08-17T12:00,19.8,81,0.2,29.5,213,1007.9,100
Brussels,50.8503,4.3517,2019-08-17T13:00,19.5,85,0.2,27.0,201,1007.7,100
Brussels,50.8503,4.3517,2019-08-17T14:00,19.9,84,0.2,28.7,204,1007.8,100
Brussels,50.8503,4.3517,2019-08-17T15:00,20.9,77,0.1,32.9,212,1007.5,100
Brussels,50.8503,4.3517,2019-08-17T16:00,21.0,77,0.1,27.9,219,1007.5,99
Brussels,50.8503,4.3517,2019-08-17T17:00,20.4,81,0.2,26.0,239,1007.9,100
Brussels,50.8503,4.3517,2019-08-17T18:00,19.5,85,0.3,15.8,235,1007.7,100
Brussels,50.8503,4.3517,2019-08-17T19:00,18.6,89,0.1,12.0,231,1007.5,100
Brussels,50.8503,4.3517,2019-08-17T20:00,18.2,90,0.6,11.1,245,1007.5,100
Brussels,50.8503,4.3517,2019-08-17T21:00,17.7,93,0.5,9.8,242,1007.6,100
Brussels,50.8503,4.3517,2019-08-17T22:00,17.5,92,0.1,12.6,246,1007.5,100
Brussels,50.8503,4.3517,2019-08-17T23:00,17.0,91,0.0,12.2,246,1007.7,100
Brussels,50.8503,4.3517,2019-08-18T00:00,16.6,89,0.0,10.7,250,1007.7,100
Brussels,50.8503,4.3517,2019-08-18T01:00,15.8,88,0.4,13.3,232,1007.9,100
Brussels,50.8503,4.3517,2019-08-18T02:00,15.6,89,0.0,11.2,220,1007.5,100
Brussels,50.8503,4.3517,2019-08-18T03:00,15.8,88,0.0,11.4,215,1007.3,100
Brussels,50.8503,4.3517,2019-08-18T04:00,15.6,93,0.3,11.6,187,1006.5,100
Brussels,50.8503,4.3517,2019-08-18T05:00,15.4,88,0.1,13.0,194,1006.0,100
Brussels,50.8503,4.3517,2019-08-18T06:00,14.5,90,0.4,12.0,173,1005.1,100
Brussels,50.8503,4.3517,2019-08-18T07:00,14.4,89,0.9,10.6,170,1004.9,100
Brussels,50.8503,4.3517,2019-08-18T08:00,14.9,89,1.5,5.1,188,1004.5,100
Brussels,50.8503,4.3517,2019-08-18T09:00,15.1,89,2.2,3.6,127,1003.6,100
Brussels,50.8503,4.3517,2019-08-18T10:00,15.6,88,5.4,4.1,142,1003.5,100
Brussels,50.8503,4.3517,2019-08-18T11:00,15.8,89,1.0,5.4,312,1004.8,100
Brussels,50.8503,4.3517,2019-08-18T12:00,18.0,78,0.0,12.4,253,1005.2,100
Brussels,50.8503,4.3517,2019-08-18T13:00,18.0,82,0.0,17.7,250,1006.1,100
Brussels,50.8503,4.3517,2019-08-18T14:00,17.9,83,0.1,19.7,249,1007.0,100
Brussels,50.8503,4.3517,2019-08-18T15:00,19.0,73,0.1,24.8,251,1007.5,99
Brussels,50.8503,4.3517,2019-08-18T16:00,19.4,72,0.1,22.9,251,1008.1,99
Brussels,50.8503,4.3517,2019-08-18T17:00,20.0,65,0.0,20.3,243,1008.2,90
Brussels,50.8503,4.3517,2019-08-18T18:00,19.9,63,0.0,21.7,246,1008.5,42
Brussels,50.8503,4.3517,2019-08-18T19:00,18.5,63,0.0,21.3,244,1009.1,17
Brussels,50.8503,4.3517,2019-08-18T20:00,17.0,64,0.0,19.7,246,1009.8,100
Brussels,50.8503,4.3517,2019-08-18T21:00,16.0,66,0.0,18.3,248,1010.8,98
Brussels,50.8503,4.3517,2019-08-18T22:00,15.2,69,0.0,17.2,244,1011.0,100
Brussels,50.8503,4.3517,2019-08-18T23:00,14.6,74,0.0,16.3,239,1011.5,0
Brussels,50.8503,4.3517,2019-08-19T00:00,13.9,80,0.0,16.4,232,1012.1,2
Brussels,50.8503,4.3517,2019-08-19T01:00,13.9,80,0.0,17.0,234,1012.7,3
Brussels,50.8503,4.3517,2019-08-19T02:00,13.8,83,0.0,17.6,223,1013.2,10
Brussels,50.8503,4.3517,2019-08-19T03:00,13.6,85,0.0,18.9,222,1013.2,11
Brussels,50.8503,4.3517,2019-08-19T04:00,13.6,86,0.0,19.6,223,1013.4,10
Brussels,50.8503,4.3517,2019-08-19T05:00,13.6,84,0.0,19.9,224,1014.0,10
Brussels,50.8503,4.3517,2019-08-19T06:00,13.6,84,0.0,20.4,224,1014.4,29
Brussels,50.8503,4.3517,2019-08-19T07:00,14.5,82,0.0,20.4,222,1014.8,44
Brussels,50.8503,4.3517,2019-08-19T08:00,15.6,79,0.0,21.1,223,1015.1,39
Brussels,50.8503,4.3517,2019-08-19T09:00,16.7,76,0.0,21.9,229,1015.2,23
Brussels,50.8503,4.3517,2019-08-19T10:00,18.0,68,0.0,23.1,236,1015.7,24
Brussels,50.8503,4.3517,2019-08-19T11:00,19.0,58,0.1,25.1,241,1016.1,41
Brussels,50.8503,4.3517,2019-08-19T12:00,19.4,55,0.1,26.2,243,1016.2,42
Brussels,50.8503,4.3517,2019-08-19T13:00,19.5,59,0.1,22.1,240,1016.8,40
Brussels,50.8503,4.3517,2019-08-19T14:00,19.7,58,0.1,23.2,237,1017.2,61
Brussels,50.8503,4.3517,2019-08-19T15:00,19.7,56,0.0,23.2,237,1017.3,33
Brussels,50.8503,4.3517,2019-08-19T16:00,19.9,53,0.0,22.5,238,1017.3,33
Brussels,50.8503,4.3517,2019-08-19T17:00,19.5,53,0.0,23.4,241,1017.7,41
Brussels,50.8503,4.3517,2019-08-19T18:00,18.8,57,0.0,19.0,241,1017.9,31
Brussels,50.8503,4.3517,2019-08-19T19:00,17.9,62,0.0,16.3,235,1018.3,24
Brussels,50.8503,4.3517,2019-08-19T20:00,16.8,64,0.0,16.3,239,1018.5,9
Brussels,50.8503,4.3517,2019-08-19T21:00,15.6,67,0.0,15.7,238,1019.0,0
Brussels,50.8503,4.3517,2019-08-19T22:00,14.6,71,0.0,15.5,234,1019.4,0
Brussels,50.8503,4.3517,2019-08-19T23:00,13.7,75,0.0,14.3,229,1019.7,0
Brussels,50.8503,4.3517,2019-08-20T00:00,13.0,79,0.0,14.5,222,1020.2,0
Brussels,50.8503,4.3517,2019-08-20T01:00,12.9,82,0.0,13.2,225,1020.6,0
Brussels,50.8503,4.3517,2019-08-20T02:00,12.6,87,0.0,13.2,223,1020.8,1
Brussels,50.8503,4.3517,2019-08-20T03:00,12.2,90,0.0,13.2,225,1020.8,20
Brussels,50.8503,4.3517,2019-08-20T04:00,11.9,93,0.0,12.2,227,1020.8,3
Brussels,50.8503,4.3517,2019-08-20T05:00,11.8,94,0.0,11.2,222,1020.9,13
Brussels,50.8503,4.3517,2019-08-20T06:00,11.9,94,0.0,12.4,216,1021.3,44
Brussels,50.8503,4.3517,2019-08-20T07:00,13.3,89,0.0,14.9,217,1021.9,24
Brussels,50.8503,4.3517,2019-08-20T08:00,15.0,84,0.0,15.9,231,1022.3,15
Brussels,50.8503,4.3517,2019-08-20T09:00,16.6,78,0.0,16.2,238,1022.2,10
Brussels,50.8503,4.3517,2019-08-20T10:00,18.0,67,0.1,19.3,249,1022.5,20
Brussels,50.8503,4.3517,2019-08-20T11:00,18.9,58,0.0,18.9,256,1022.8,27
Brussels,50.8503,4.3517,2019-08-20T12:00,19.5,52,0.0,18.7,259,1022.7,32
Brussels,50.8503,4.3517,2019-08-20T13:00,20.0,51,0.0,17.5,261,1022.9,45
Brussels,50.8503,4.3517,2019-08-20T14:00,20.3,49,0.0,17.0,266,1023.2,37
Brussels,50.8503,4.3517,2019-08-20T15:00,20.2,49,0.0,17.7,275,1023.3,64
Brussels,50.8503,4.3517,2019-08-20T16:00,20.0,50,0.0,17.0,276,1023.6,84
Brussels,50.8503,4.3517,2019-08-20T17:00,19.4,53,0.1,14.8,276,1024.2,42
Brussels,50.8503,4.3517,2019-08-20T18:00,18.7,56,0.0,12.6,283,1024.4,37
Brussels,50.8503,4.3517,2019-08-20T19:00,17.6,63,0.0,7.7,298,1024.9,33
Brussels,50.8503,4.3517,2019-08-20T20:00,15.4,73,0.0,6.4,317,1025.7,39
Brussels,50.8503,4.3517,2019-08-20T21:00,14.4,77,0.0,6.7,324,1026.1,35
Brussels,50.8503,4.3517,2019-08-20T22:00,14.1,78,0.0,6.5,270,1026.4,20
Brussels,50.8503,4.3517,2019-08-20T23:00,12.6,86,0.0,6.2,234,1026.9,7
Brussels,50.8503,4.3517,2019-08-21T00:00,11.8,88,0.0,6.7,234,1027.2,3
Brussels,50.8503,4.3517,2019-08-21T01:00,11.3,88,0.0,5.9,218,1027.7,1
Brussels,50.8503,4.3517,2019-08-21T02:00,10.1,91,0.0,6.1,220,1027.6,19
Brussels,50.8503,4.3517,2019-08-21T03:00,9.8,92,0.0,6.1,220,1027.7,1
Brussels,50.8503,4.3517,2019-08-21T04:00,9.6,92,0.0,6.1,208,1027.8,0
Brussels,50.8503,4.3517,2019-08-21T05:00,9.4,93,0.0,6.3,204,1027.9,0
Brussels,50.8503,4.3517,2019-08-21T06:00,9.3,94,0.0,6.3,204,1028.0,0
Brussels,50.8503,4.3517,2019-08-21T07:00,11.4,87,0.0,8.1,201,1028.3,0
Brussels,50.8503,4.3517,2019-08-21T08:00,14.3,79,0.0,5.8,202,1028.8,0
Brussels,50.8503,4.3517,2019-08-21T09:00,16.8,70,0.0,4.9,197,1028.8,0
Brussels,50.8503,4.3517,2019-08-21T10:00,18.5,63,0.0,4.7,189,1028.8,0
Brussels,50.8503,4.3517,2019-08-21T11:00,19.5,56,0.0,4.3,175,1028.7,86
Brussels,50.8503,4.3517,2019-08-21T12:00,20.1,53,0.0,2.9,173,1028.4,95
Brussels,50.8503,4.3517,2019-08-21T13:00,20.6,50,0.0,3.5,156,1027.8,97
Brussels,50.8503,4.3517,2019-08-21T14:00,21.4,47,0.0,3.1,111,1027.3,89
Brussels,50.8503,4.3517,2019-08-21T15:00,21.8,46,0.0,3.6,96,1027.2,96
Brussels,50.8503,4.3517,2019-08-21T16:00,21.9,46,0.0,4.4,99,1026.8,93
Brussels,50.8503,4.3517,2019-08-21T17:00,21.6,46,0.0,5.9,104,1026.4,75
Brussels,50.8503,4.3517,2019-08-21T18:00,21.2,49,0.0,7.3,99,1026.0,0
Brussels,50.8503,4.3517,2019-08-21T19:00,19.5,68,0.0,4.7,86,1026.1,0
Brussels,50.8503,4.3517,2019-08-21T20:00,16.7,70,0.0,7.3,99,1026.1,0
Brussels,50.8503,4.3517,2019-08-21T21:00,15.8,72,0.0,7.4,113,1026.2,0
Brussels,50.8503,4.3517,2019-08-21T22:00,14.5,77,0.0,8.9,122,1026.2,0
Brussels,50.8503,4.3517,2019-08-21T23:00,13.9,79,0.0,7.9,133,1026.3,0
Brussels,50.8503,4.3517,2019-08-22T00:00,13.6,82,0.0,6.7,144,1026.3,0
Brussels,50.8503,4.3517,2019-08-22T01:00,12.9,87,0.0,7.1,150,1025.8,0
Brussels,50.8503,4.3517,2019-08-22T02:00,11.6,92,0.0,7.6,180,1025.5,0
Brussels,50.8503,4.3517,2019-08-22T03:00,11.1,94,0.0,6.6,189,1025.2,0
Brussels,50.8503,4.3517,2019-08-22T04:00,10.6,94,0.0,6.6,202,1025.0,5
Brussels,50.8503,4.3517,2019-08-22T05:00,10.8,94,0.0,6.1,183,1025.1,27
Brussels,50.8503,4.3517,2019-08-22T06:00,11.1,92,0.0,7.0,201,1025.0,9
Brussels,50.8503,4.3517,2019-08-22T07:00,13.4,83,0.0,10.2,225,1025.3,2
Brussels,50.8503,4.3517,2019-08-22T08:00,16.0,75,0.0,7.7,229,1025.5,5
Brussels,50.8503,4.3517,2019-08-22T09:00,18.1,68,0.0,8.2,255,1025.9,41
Brussels,50.8503,4.3517,2019-08-22T10:00,19.6,60,0.0,8.4,263,1026.0,37
Brussels,50.8503,4.3517,2019-08-22T11:00,20.9,55,0.0,8.2,255,1026.0,67
Brussels,50.8503,4.3517,2019-08-22T12:00,21.8,53,0.0,9.0,247,1025.8,60
Brussels,50.8503,4.3517,2019-08-22T13:00,22.7,46,0.0,8.4,250,1025.8,56
Brussels,50.8503,4.3517,2019-08-22T14:00,23.2,44,0.0,8.6,248,1025.6,0
Brussels,50.8503,4.3517,2019-08-22T15:00,23.5,43,0.0,9.9,251,1025.1,0
Brussels,50.8503,4.3517,2019-08-22T16:00,23.4,42,0.0,9.8,253,1024.9,0
Brussels,50.8503,4.3517,2019-08-22T17:00,23.1,42,0.0,10.2,260,1025.0,0
Brussels,50.8503,4.3517,2019-08-22T18:00,22.4,47,0.0,8.9,256,1024.7,0
Brussels,50.8503,4.3517,2019-08-22T19:00,20.2,68,0.0,5.8,263,1024.9,0
Brussels,50.8503,4.3517,2019-08-22T20:00,17.2,72,0.0,9.1,288,1025.3,0
Brussels,50.8503,4.3517,2019-08-22T21:00,16.5,73,0.0,8.1,328,1025.9,0
Brussels,50.8503,4.3517,2019-08-22T22:00,13.9,90,0.0,9.5,11,1026.0,0
Brussels,50.8503,4.3517,2019-08-22T23:00,15.0,83,0.0,5.9,11,1026.2,0
Brussels,50.8503,4.3517,2019-08-23T00:00,15.1,84,0.0,2.3,129,1026.2,0
Brussels,50.8503,4.3517,2019-08-23T01:00,13.6,90,0.0,2.9,150,1026.4,0
Brussels,50.8503,4.3517,2019-08-23T02:00,12.8,91,0.0,3.4,162,1026.4,0
Brussels,50.8503,4.3517,2019-08-23T03:00,11.4,94,0.0,6.3,149,1026.1,0
Brussels,50.8503,4.3517,2019-08-23T04:00,10.9,95,0.0,8.1,148,1025.9,0
Brussels,50.8503,4.3517,2019-08-23T05:00,11.1,94,0.0,5.4,172,1026.0,0
Brussels,50.8503,4.3517,2019-08-23T06:00,10.9,95,0.0,3.0,194,1026.0,1
Brussels,50.8503,4.3517,2019-08-23T07:00,12.6,91,0.0,2.2,180,1025.9,13
Brussels,50.8503,4.3517,2019-08-23T08:00,15.9,82,0.0,1.5,104,1026.0,63
Brussels,50.8503,4.3517,2019-08-23T09:00,18.7,73,0.0,2.3,72,1026.0,94
Brussels,50.8503,4.3517,2019-08-23T10:00,20.8,64,0.0,3.2,63,1025.8,90
Brussels,50.8503,4.3517,2019-08-23T11:00,22.4,55,0.0,4.3,66,1025.9,72
Brussels,50.8503,4.3517,2019-08-23T12:00,23.5,52,0.0,5.5,67,1025.5,67
Brussels,50.8503,4.3517,2019-08-23T13:00,24.6,48,0.0,6.3,66,1025.1,54
Brussels,50.8503,4.3517,2019-08-23T14:00,25.5,46,0.0,6.9,62,1024.7,58
Brussels,50.8503,4.3517,2019-08-23T15:00,26.0,44,0.0,7.1,60,1024.1,68
Brussels,50.8503,4.3517,2019-08-23T16:00,26.1,42,0.0,8.2,67,1023.5,97
Brussels,50.8503,4.3517,2019-08-23T17:00,26.0,41,0.0,8.2,75,1023.3,93
Brussels,50.8503,4.3517,2019-08-23T18:00,25.2,48,0.0,6.0,73,1023.0,95
Brussels,50.8503,4.3517,2019-08-23T19:00,22.7,64,0.0,5.6,50,1022.5,96
Brussels,50.8503,4.3517,2019-08-23T20:00,20.4,70,0.0,7.7,41,1022.6,32
Brussels,50.8503,4.3517,2019-08-23T21:00,19.4,72,0.0,9.4,50,1022.6,1
Brussels,50.8503,4.3517,2019-08-23T22:00,18.5,73,0.0,10.3,65,1022.5,1
Brussels,50.8503,4.3517,2019-08-23T23:00,17.9,75,0.0,11.0,79,1022.3,0
Brussels,50.8503,4.3517,2019-08-24T00:00,17.4,76,0.0,11.2,86,1022.2,0
Brussels,50.8503,4.3517,2019-08-24T01:00,16.6,79,0.0,10.1,88,1022.2,0
Brussels,50.8503,4.3517,2019-08-24T02:00,15.8,82,0.0,9.4,92,1021.7,0
Brussels,50.8503,4.3517,2019-08-24T03:00,15.1,86,0.0,9.2,101,1021.4,0
Brussels,50.8503,4.3517,2019-08-24T04:00,14.4,88,0.0,8.4,110,1021.3,0
Brussels,50.8503,4.3517,2019-08-24T05:00,13.8,89,0.0,7.6,115,1021.1,0
Brussels,50.8503,4.3517,2019-08-24T06:00,13.4,87,0.0,7.4,119,1020.8,0
Brussels,50.8503,4.3517,2019-08-24T07:00,15.7,77,0.0,9.7,121,1020.7,0
Brussels,50.8503,4.3517,2019-08-24T08:00,18.9,66,0.0,7.0,125,1020.7,0
Brussels,50.8503,4.3517,2019-08-24T09:00,22.0,57,0.0,5.2,124,1020.8,0
Brussels,50.8503,4.3517,2019-08-24T10:00,24.8,51,0.0,5.0,120,1020.6,0
Brussels,50.8503,4.3517,2019-08-24T11:00,26.6,44,0.0,5.7,125,1020.6,0
Brussels,50.8503,4.3517,2019-08-24T12:00,27.6,38,0.0,6.6,119,1020.2,0
Brussels,50.8503,4.3517,2019-08-24T13:00,28.2,34,0.0,9.7,129,1019.8,0
Brussels,50.8503,4.3517,2019-08-24T14:00,28.5,35,0.0,8.9,130,1019.6,64
Brussels,50.8503,4.3517,2019-08-24T15:00,28.5,37,0.0,7.9,129,1019.1,85
Brussels,50.8503,4.3517,2019-08-24T16:00,28.5,39,0.0,7.1,131,1018.7,80
Brussels,50.8503,4.3517,2019-08-24T17:00,28.3,40,0.0,6.7,126,1018.5,6
Brussels,50.8503,4.3517,2019-08-24T18:00,27.7,46,0.0,5.4,110,1018.3,22
Brussels,50.8503,4.3517,2019-08-24T19:00,25.0,64,0.0,6.0,73,1017.9,41
Brussels,50.8503,4.3517,2019-08-24T20:00,22.4,67,0.0,7.1,75,1017.9,51
Brussels,50.8503,4.3517,2019-08-24T21:00,21.0,70,0.0,7.6,90,1018.1,37
Brussels,50.8503,4.3517,2019-08-24T22:00,20.8,67,0.0,9.2,101,1018.1,17
Brussels,50.8503,4.3517,2019-08-24T23:00,20.3,64,0.0,9.4,94,1018.1,15
Brussels,50.8503,4.3517,2019-08-25T00:00,18.5,70,0.0,7.7,118,1018.1,22
Brussels,50.8503,4.3517,2019-08-25T01:00,17.0,80,0.0,7.3,169,1018.1,73
Brussels,50.8503,4.3517,2019-08-25T02:00,16.4,83,0.0,4.7,189,1017.8,96
Brussels,50.8503,4.3517,2019-08-25T03:00,15.4,89,0.0,4.0,175,1017.8,96
Brussels,50.8503,4.3517,2019-08-25T04:00,15.1,91,0.0,3.4,148,1017.8,84
Brussels,50.8503,4.3517,2019-08-25T05:00,15.0,92,0.0,5.2,155,1017.9,54
Brussels,50.8503,4.3517,2019-08-25T06:00,15.1,91,0.0,6.9,171,1017.6,15
Brussels,50.8503,4.3517,2019-08-25T07:00,18.0,79,0.0,8.4,173,1017.9,23
Brussels,50.8503,4.3517,2019-08-25T08:00,21.2,70,0.0,5.2,168,1018.3,45
Brussels,50.8503,4.3517,2019-08-25T09:00,24.9,60,0.0,2.1,149,1018.7,45
Brussels,50.8503,4.3517,2019-08-25T10:00,27.1,50,0.0,1.6,153,1018.8,46
Brussels,50.8503,4.3517,2019-08-25T11:00,28.2,44,0.0,0.5,225,1018.9,62
Brussels,50.8503,4.3517,2019-08-25T12:00,29.0,41,0.0,1.3,236,1018.6,73
Brussels,50.8503,4.3517,2019-08-25T13:00,29.0,37,0.0,4.5,151,1018.7,75
Brussels,50.8503,4.3517,2019-08-25T14:00,29.5,37,0.0,4.1,165,1018.6,85
Brussels,50.8503,4.3517,2019-08-25T15:00,29.6,37,0.0,2.5,172,1018.4,86
Brussels,50.8503,4.3517,2019-08-25T16:00,29.5,38,0.0,0.7,180,1018.2,73
Brussels,50.8503,4.3517,2019-08-25T17:00,29.4,38,0.0,2.5,8,1018.2,51
Brussels,50.8503,4.3517,2019-08-25T18:00,28.7,41,0.0,5.4,20,1018.3,19
Brussels,50.8503,4.3517,2019-08-25T19:00,25.8,58,0.0,5.8,30,1018.2,0
Brussels,50.8503,4.3517,2019-08-25T20:00,22.5,65,0.0,9.2,31,1018.6,3
Brussels,50.8503,4.3517,2019-08-25T21:00,23.2,57,0.0,7.6,45,1019.0,3
Brussels,50.8503,4.3517,2019-08-25T22:00,22.9,56,0.0,5.4,98,1019.1,0
Brussels,50.8503,4.3517,2019-08-25T23:00,23.0,54,0.0,5.4,53,1019.2,0
Brussels,50.8503,4.3517,2019-08-26T00:00,22.3,56,0.0,2.9,353,1019.1,0
Brussels,50.8503,4.3517,2019-08-26T01:00,18.9,76,0.0,7.2,96,1019.0,0
Brussels,50.8503,4.3517,2019-08-26T02:00,17.1,84,0.0,10.3,102,1018.9,0
Brussels,50.8503,4.3517,2019-08-26T03:00,17.9,78,0.0,7.9,106,1018.6,0
Brussels,50.8503,4.3517,2019-08-26T04:00,17.9,77,0.0,7.1,120,1018.5,4
Brussels,50.8503,4.3517,2019-08-26T05:00,17.1,80,0.0,7.2,127,1018.5,12
Brussels,50.8503,4.3517,2019-08-26T06:00,15.9,85,0.0,7.9,129,1018.4,0
Brussels,50.8503,4.3517,2019-08-26T07:00,18.5,74,0.0,6.4,128,1018.4,1
Brussels,50.8503,4.3517,2019-08-26T08:00,21.5,67,0.0,3.6,127,1018.6,7
Brussels,50.8503,4.3517,2019-08-26T09:00,24.0,60,0.0,1.8,101,1018.8,0
Brussels,50.8503,4.3517,2019-08-26T10:00,26.1,55,0.0,2.4,63,1018.8,0
Brussels,50.8503,4.3517,2019-08-26T11:00,27.9,50,0.0,2.6,34,1018.8,0
Brussels,50.8503,4.3517,2019-08-26T12:00,29.1,43,0.0,2.2,9,1018.2,0
Brussels,50.8503,4.3517,2019-08-26T13:00,29.6,45,0.0,3.9,34,1018.0,0
Brussels,50.8503,4.3517,2019-08-26T14:00,30.3,41,0.0,2.2,81,1017.6,6
Brussels,50.8503,4.3517,2019-08-26T15:00,30.8,38,0.0,1.8,101,1016.8,8
Brussels,50.8503,4.3517,2019-08-26T16:00,30.8,38,0.0,1.1,360,1016.4,6
Brussels,50.8503,4.3517,2019-08-26T17:00,30.5,39,0.0,3.3,354,1016.2,7
Brussels,50.8503,4.3517,2019-08-26T18:00,29.8,43,0.0,5.8,4,1016.0,4
Brussels,50.8503,4.3517,2019-08-26T19:00,27.3,58,0.0,5.8,7,1015.8,4
Brussels,50.8503,4.3517,2019-08-26T20:00,24.2,71,0.0,7.8,22,1016.0,4
Brussels,50.8503,4.3517,2019-08-26T21:00,23.0,75,0.0,8.0,36,1016.4,2
Brussels,50.8503,4.3517,2019-08-26T22:00,22.5,76,0.0,6.9,51,1016.3,3
Brussels,50.8503,4.3517,2019-08-26T23:00,22.1,75,0.0,6.8,87,1016.4,3
Brussels,50.8503,4.3517,2019-08-27T00:00,21.2,79,0.0,6.8,115,1016.0,2
Brussels,50.8503,4.3517,2019-08-27T01:00,20.8,83,0.0,7.6,352,1016.3,2
Brussels,50.8503,4.3517,2019-08-27T02:00,20.5,86,0.0,6.5,354,1015.8,2
Brussels,50.8503,4.3517,2019-08-27T03:00,20.1,89,0.0,8.9,32,1015.6,1
Brussels,50.8503,4.3517,2019-08-27T04:00,19.5,91,0.0,6.8,72,1015.3,1
Brussels,50.8503,4.3517,2019-08-27T05:00,19.1,92,0.0,7.7,118,1015.3,0
Brussels,50.8503,4.3517,2019-08-27T06:00,17.9,94,0.0,8.0,117,1015.0,0
Brussels,50.8503,4.3517,2019-08-27T07:00,20.2,87,0.0,7.8,158,1015.1,2
Brussels,50.8503,4.3517,2019-08-27T08:00,23.2,74,0.0,5.2,146,1015.4,7
Brussels,50.8503,4.3517,2019-08-27T09:00,26.1,64,0.0,2.7,113,1015.4,0
Brussels,50.8503,4.3517,2019-08-27T10:00,28.5,55,0.0,3.2,117,1015.3,0
Brussels,50.8503,4.3517,2019-08-27T11:00,30.2,46,0.0,4.2,121,1015.2,0
Brussels,50.8503,4.3517,2019-08-27T12:00,31.5,38,0.0,4.3,138,1014.6,43
Brussels,50.8503,4.3517,2019-08-27T13:00,31.6,36,0.0,6.5,186,1014.4,25
Brussels,50.8503,4.3517,2019-08-27T14:00,32.1,30,0.0,10.5,211,1013.9,32
Brussels,50.8503,4.3517,2019-08-27T15:00,32.0,29,0.0,12.0,219,1013.5,52
Brussels,50.8503,4.3517,2019-08-27T16:00,32.2,29,0.0,12.0,221,1013.3,34
Brussels,50.8503,4.3517,2019-08-27T17:00,31.8,29,0.0,12.5,224,1012.9,76
Brussels,50.8503,4.3517,2019-08-27T18:00,30.5,35,0.0,9.4,230,1013.1,86
Brussels,50.8503,4.3517,2019-08-27T19:00,27.8,48,0.0,6.1,220,1013.1,88
Brussels,50.8503,4.3517,2019-08-27T20:00,25.8,51,0.0,7.1,195,1013.3,97
Brussels,50.8503,4.3517,2019-08-27T21:00,24.5,55,0.0,7.2,177,1013.4,87
Brussels,50.8503,4.3517,2019-08-27T22:00,23.4,57,0.0,7.2,162,1013.3,93
Brussels,50.8503,4.3517,2019-08-27T23:00,23.5,56,0.0,8.6,158,1013.3,73
Brussels,50.8503,4.3517,2019-08-28T00:00,23.6,51,0.0,9.6,167,1013.2,55
Brussels,50.8503,4.3517,2019-08-28T01:00,22.7,53,0.0,10.9,207,1013.3,17
Brussels,50.8503,4.3517,2019-08-28T02:00,21.6,58,0.0,10.1,215,1013.3,6
Brussels,50.8503,4.3517,2019-08-28T03:00,20.9,62,0.0,9.9,224,1013.1,70
Brussels,50.8503,4.3517,2019-08-28T04:00,20.6,66,0.0,11.7,223,1013.2,95
Brussels,50.8503,4.3517,2019-08-28T05:00,20.2,72,0.0,13.5,226,1013.6,78
Brussels,50.8503,4.3517,2019-08-28T06:00,20.1,72,0.0,12.5,231,1014.0,70
Brussels,50.8503,4.3517,2019-08-28T07:00,20.8,67,0.0,10.3,234,1013.9,23
Brussels,50.8503,4.3517,2019-08-28T08:00,22.4,60,0.0,11.3,239,1014.1,44
Brussels,50.8503,4.3517,2019-08-28T09:00,23.6,55,0.0,14.2,240,1014.3,51
Brussels,50.8503,4.3517,2019-08-28T10:00,25.0,51,0.0,11.9,241,1014.5,98
Brussels,50.8503,4.3517,2019-08-28T11:00,26.1,49,0.0,11.8,258,1014.9,98
Brussels,50.8503,4.3517,2019-08-28T12:00,26.5,50,0.0,10.0,244,1014.8,98
Brussels,50.8503,4.3517,2019-08-28T13:00,27.5,52,0.0,13.4,234,1014.7,95
Brussels,50.8503,4.3517,2019-08-28T14:00,28.1,48,0.0,14.2,234,1014.3,93
Brussels,50.8503,4.3517,2019-08-28T15:00,28.5,45,0.0,14.9,233,1014.0,98
Brussels,50.8503,4.3517,2019-08-28T16:00,28.2,44,0.0,15.6,232,1013.9,95
Brussels,50.8503,4.3517,2019-08-28T17:00,27.4,49,0.0,16.5,238,1014.1,99
Brussels,50.8503,4.3517,2019-08-28T18:00,26.5,54,0.0,11.1,245,1014.1,99
Brussels,50.8503,4.3517,2019-08-28T19:00,25.3,60,0.0,9.0,270,1014.3,90
Brussels,50.8503,4.3517,2019-08-28T20:00,23.1,71,0.2,14.0,305,1015.1,98
Brussels,50.8503,4.3517,2019-08-28T21:00,21.4,77,0.2,14.3,288,1015.8,96
Brussels,50.8503,4.3517,2019-08-28T22:00,20.0,80,0.3,7.6,251,1015.9,67
Brussels,50.8503,4.3517,2019-08-28T23:00,19.2,85,0.5,10.6,242,1016.3,83
Brussels,50.8503,4.3517,2019-08-29T00:00,18.6,88,0.1,12.5,237,1016.6,99
Brussels,50.8503,4.3517,2019-08-29T01:00,18.8,87,0.0,9.1,288,1016.9,97
Brussels,50.8503,4.3517,2019-08-29T02:00,18.1,89,0.0,4.3,265,1017.0,72
Brussels,50.8503,4.3517,2019-08-29T03:00,17.8,90,0.0,7.4,247,1017.1,45
Brussels,50.8503,4.3517,2019-08-29T04:00,17.6,90,0.0,9.2,244,1017.0,52
Brussels,50.8503,4.3517,2019-08-29T05:00,17.6,88,0.0,8.9,243,1017.4,100
Brussels,50.8503,4.3517,2019-08-29T06:00,18.0,86,0.0,9.1,236,1017.5,100
Brussels,50.8503,4.3517,2019-08-29T07:00,18.3,85,0.0,9.7,228,1018.1,100
Brussels,50.8503,4.3517,2019-08-29T08:00,18.9,82,0.0,10.2,228,1018.7,100
Brussels,50.8503,4.3517,2019-08-29T09:00,19.4,76,0.0,14.2,240,1018.9,60
Brussels,50.8503,4.3517,2019-08-29T10:00,20.2,73,0.0,16.4,244,1019.5,98
Brussels,50.8503,4.3517,2019-08-29T11:00,20.6,65,0.0,16.4,244,1019.9,92
Brussels,50.8503,4.3517,2019-08-29T12:00,21.1,59,0.0,16.4,244,1020.0,88
Brussels,50.8503,4.3517,2019-08-29T13:00,21.2,62,0.0,16.3,242,1020.9,56
Brussels,50.8503,4.3517,2019-08-29T14:00,21.8,59,0.0,16.6,243,1021.0,39
Brussels,50.8503,4.3517,2019-08-29T15:00,21.9,56,0.0,15.0,253,1020.7,35
Brussels,50.8503,4.3517,2019-08-29T16:00,21.9,53,0.0,12.9,252,1020.7,11
Brussels,50.8503,4.3517,2019-08-29T17:00,21.9,49,0.0,11.1,257,1020.7,23
Brussels,50.8503,4.3517,2019-08-29T18:00,21.5,49,0.0,8.8,282,1020.8,94
Brussels,50.8503,4.3517,2019-08-29T19:00,20.0,61,0.0,4.8,318,1021.2,68
Brussels,50.8503,4.3517,2019-08-29T20:00,17.4,73,0.0,5.9,349,1021.6,9
Brussels,50.8503,4.3517,2019-08-29T21:00,16.4,80,0.0,9.0,360,1022.2,0
Brussels,50.8503,4.3517,2019-08-29T22:00,14.4,90,0.0,7.5,343,1022.2,0
Brussels,50.8503,4.3517,2019-08-29T23:00,15.6,82,0.0,4.2,290,1022.7,0
Brussels,50.8503,4.3517,2019-08-30T00:00,13.9,89,0.0,3.4,212,1022.7,0
Brussels,50.8503,4.3517,2019-08-30T01:00,13.1,92,0.0,4.4,215,1023.0,0
Brussels,50.8503,4.3517,2019-08-30T02:00,12.1,95,0.0,5.9,227,1023.1,0
Brussels,50.8503,4.3517,2019-08-30T03:00,11.7,96,0.0,6.4,227,1023.3,0
Brussels,50.8503,4.3517,2019-08-30T04:00,11.4,95,0.0,6.6,221,1023.3,27
Brussels,50.8503,4.3517,2019-08-30T05:00,11.1,94,0.0,7.4,231,1023.3,20
Brussels,50.8503,4.3517,2019-08-30T06:00,10.9,94,0.0,7.7,229,1023.5,0
Brussels,50.8503,4.3517,2019-08-30T07:00,12.3,89,0.0,10.5,239,1023.8,18
Brussels,50.8503,4.3517,2019-08-30T08:00,14.7,82,0.0,7.7,233,1024.0,37
Brussels,50.8503,4.3517,2019-08-30T09:00,16.9,76,0.0,7.6,239,1024.0,36
Brussels,50.8503,4.3517,2019-08-30T10:00,18.5,70,0.0,8.4,245,1024.0,58
Brussels,50.8503,4.3517,2019-08-30T11:00,19.9,62,0.0,8.8,235,1024.0,28
Brussels,50.8503,4.3517,2019-08-30T12:00,20.8,58,0.0,8.2,232,1023.6,20
Brussels,50.8503,4.3517,2019-08-30T13:00,21.8,48,0.0,8.2,229,1023.3,36
Brussels,50.8503,4.3517,2019-08-30T14:00,22.6,44,0.0,8.2,229,1022.7,50
Brussels,50.8503,4.3517,2019-08-30T15:00,22.9,43,0.0,7.9,240,1022.2,95
Brussels,50.8503,4.3517,2019-08-30T16:00,23.0,41,0.0,6.9,242,1021.8,96
Brussels,50.8503,4.3517,2019-08-30T17:00,22.7,42,0.0,6.2,249,1021.3,94
Brussels,50.8503,4.3517,2019-08-30T18:00,22.1,45,0.0,4.3,246,1020.9,96
Brussels,50.8503,4.3517,2019-08-30T19:00,20.0,64,0.0,5.3,242,1020.7,94
Brussels,50.8503,4.3517,2019-08-30T20:00,18.4,64,0.0,6.8,238,1021.0,82
Brussels,50.8503,4.3517,2019-08-30T21:00,18.0,62,0.0,5.8,210,1020.7,2
Brussels,50.8503,4.3517,2019-08-30T22:00,17.5,60,0.0,4.0,180,1020.6,3
Brussels,50.8503,4.3517,2019-08-30T23:00,15.3,68,0.0,4.6,162,1020.1,1
Brussels,50.8503,4.3517,2019-08-31T00:00,14.4,72,0.0,6.1,152,1019.7,0
Brussels,50.8503,4.3517,2019-08-31T01:00,13.6,77,0.0,7.4,151,1019.3,0
Brussels,50.8503,4.3517,2019-08-31T02:00,12.5,82,0.0,7.0,159,1018.4,0
Brussels,50.8503,4.3517,2019-08-31T03:00,12.1,86,0.0,6.3,156,1017.5,0
Brussels,50.8503,4.3517,2019-08-31T04:00,11.6,89,0.0,5.9,166,1016.8,0
Brussels,50.8503,4.3517,2019-08-31T05:00,11.6,88,0.0,6.7,164,1016.2,15
Brussels,50.8503,4.3517,2019-08-31T06:00,11.5,88,0.0,6.7,164,1015.6,13
Brussels,50.8503,4.3517,2019-08-31T07:00,13.6,80,0.0,8.8,171,1015.5,18
Brussels,50.8503,4.3517,2019-08-31T08:00,17.0,70,0.0,7.7,169,1015.2,25
Brussels,50.8503,4.3517,2019-08-31T09:00,21.0,56,0.0,7.3,171,1014.6,13
Brussels,50.8503,4.3517,2019-08-31T10:00,23.6,45,0.0,9.3,167,1014.3,12
Brussels,50.8503,4.3517,2019-08-31T11:00,25.5,40,0.0,9.4,173,1013.4,24
Brussels,50.8503,4.3517,2019-08-31T12:00,26.9,38,0.0,7.4,166,1012.4,27
Brussels,50.8503,4.3517,2019-08-31T13:00,28.0,43,0.0,13.4,166,1011.3,18
Brussels,50.8503,4.3517,2019-08-31T14:00,28.0,45,0.0,12.3,183,1010.5,70
Brussels,50.8503,4.3517,2019-08-31T15:00,28.7,45,0.0,10.3,151,1009.1,42
Brussels,50.8503,4.3517,2019-08-31T16:00,29.9,39,0.0,15.8,201,1007.7,67
Brussels,50.8503,4.3517,2019-08-31T17:00,28.4,47,0.0,17.4,246,1007.8,84
Brussels,50.8503,4.3517,2019-08-31T18:00,26.8,53,0.0,16.0,278,1008.4,83
Brussels,50.8503,4.3517,2019-08-31T19:00,24.0,59,0.0,23.1,304,1009.4,86
Brussels,50.8503,4.3517,2019-08-31T20:00,20.9,65,0.0,18.5,278,1010.7,48
Brussels,50.8503,4.3517,2019-08-31T21:00,18.7,65,0.0,19.1,282,1011.3,92
Brussels,50.8503,4.3517,2019-08-31T22:00,17.1,73,0.0,14.4,267,1011.6,99
Brussels,50.8503,4.3517,2019-08-31T23:00,16.8,77,0.0,13.4,265,1012.2,97
Brussels,50.8503,4.3517,2019-09-01T00:00,16.2,80,0.0,11.3,253,1012.2,85
Brussels,50.8503,4.3517,2019-09-01T01:00,15.4,87,0.0,10.3,241,1012.8,18
Brussels,50.8503,4.3517,2019-09-01T02:00,16.0,84,0.0,12.4,234,1013.0,100
Brussels,50.8503,4.3517,2019-09-01T03:00,16.2,85,0.0,12.9,243,1012.9,100
Brussels,50.8503,4.3517,2019-09-01T04:00,16.1,86,0.0,12.4,260,1013.0,100
Brussels,50.8503,4.3517,2019-09-01T05:00,15.6,86,0.0,12.2,272,1013.3,99
Brussels,50.8503,4.3517,2019-09-01T06:00,14.9,86,0.0,10.6,288,1013.5,100
Brussels,50.8503,4.3517,2019-09-01T07:00,15.4,83,0.0,9.3,283,1014.0,100
Brussels,50.8503,4.3517,2019-09-01T08:00,16.1,78,0.0,8.2,285,1014.7,100
Brussels,50.8503,4.3517,2019-09-01T09:00,16.6,74,0.0,8.0,280,1015.4,100
Brussels,50.8503,4.3517,2019-09-01T10:00,17.1,68,0.1,9.8,287,1015.8,100
Brussels,50.8503,4.3517,2019-09-01T11:00,18.0,59,0.0,10.8,291,1016.4,89
Brussels,50.8503,4.3517,2019-09-01T12:00,19.5,49,0.0,12.0,286,1016.3,37
Brussels,50.8503,4.3517,2019-09-01T13:00,19.9,45,0.0,14.1,289,1016.8,33
Brussels,50.8503,4.3517,2019-09-01T14:00,20.0,43,0.0,15.2,284,1016.9,80
Brussels,50.8503,4.3517,2019-09-01T15:00,19.6,46,0.0,14.8,288,1017.1,63
Brussels,50.8503,4.3517,2019-09-01T16:00,19.4,46,0.0,14.2,291,1017.1,51
Brussels,50.8503,4.3517,2019-09-01T17:00,19.0,46,0.0,14.3,298,1017.4,51
Brussels,50.8503,4.3517,2019-09-01T18:00,18.3,49,0.0,14.3,317,1017.8,49
Brussels,50.8503,4.3517,2019-09-01T19:00,17.0,55,0.0,10.1,333,1018.2,40
Brussels,50.8503,4.3517,2019-09-01T20:00,15.6,60,0.0,8.5,324,1019.0,20
Brussels,50.8503,4.3517,2019-09-01T21:00,14.5,66,0.0,6.9,321,1019.8,29
Brussels,50.8503,4.3517,2019-09-01T22:00,13.5,72,0.0,5.5,293,1020.2,24
Brussels,50.8503,4.3517,2019-09-01T23:00,13.0,74,0.0,6.1,267,1020.7,27
Antwerp,51.2194,4.4025,2019-08-01T00:00,16.1,72,0.0,12.8,212,1016.5,29
Antwerp,51.2194,4.4025,2019-08-01T01:00,16.1,75,0.0,12.2,208,1016.7,53
Antwerp,51.2194,4.4025,2019-08-01T02:00,15.9,80,0.0,13.2,209,1016.9,40
Antwerp,51.2194,4.4025,2019-08-01T03:00,15.6,84,0.0,14.2,210,1016.6,4
Antwerp,51.2194,4.4025,2019-08-01T04:00,15.0,88,0.0,13.2,215,1016.3,6
Antwerp,51.2194,4.4025,2019-08-01T05:00,15.1,88,0.0,12.2,223,1016.4,27
Antwerp,51.2194,4.4025,2019-08-01T06:00,16.2,85,0.0,13.2,223,1016.4,100
Antwerp,51.2194,4.4025,2019-08-01T07:00,17.3,83,0.0,14.5,222,1016.3,78
Antwerp,51.2194,4.4025,2019-08-01T08:00,18.5,76,0.0,18.9,246,1016.5,94
Antwerp,51.2194,4.4025,2019-08-01T09:00,19.5,70,0.0,17.4,246,1016.4,70
Antwerp,51.2194,4.4025,2019-08-01T10:00,20.4,65,0.2,16.9,243,1016.5,48
Antwerp,51.2194,4.4025,2019-08-01T11:00,21.1,64,0.4,16.3,252,1016.8,56
Antwerp,51.2194,4.4025,2019-08-01T12:00,21.6,64,0.1,14.7,259,1016.6,34
Antwerp,51.2194,4.4025,2019-08-01T13:00,22.5,63,0.0,16.2,253,1016.5,33
Antwerp,51.2194,4.4025,2019-08-01T14:00,22.9,62,0.1,14.8,264,1016.6,51
Antwerp,51.2194,4.4025,2019-08-01T15:00,22.3,60,0.1,15.1,271,1016.7,56
Antwerp,51.2194,4.4025,2019-08-01T16:00,22.0,61,0.0,14.8,288,1016.4,49
Antwerp,51.2194,4.4025,2019-08-01T17:00,21.8,63,0.0,14.0,296,1016.3,45
Antwerp,51.2194,4.4025,2019-08-01T18:00,21.5,62,0.0,12.1,287,1016.3,57
Antwerp,51.2194,4.4025,2019-08-01T19:00,20.8,63,0.0,9.0,293,1016.1,44
Antwerp,51.2194,4.4025,2019-08-01T20:00,19.3,72,0.0,6.4,308,1016.5,23
Antwerp,51.2194,4.4025,2019-08-01T21:00,17.4,82,0.0,6.4,313,1016.9,29
Antwerp,51.2194,4.4025,2019-08-01T22:00,16.0,89,0.0,5.5,293,1016.9,5
Antwerp,51.2194,4.4025,2019-08-01T23:00,15.6,91,0.0,5.8,277,1017.0,15
Antwerp,51.2194,4.4025,2019-08-02T00:00,15.6,91,0.0,7.7,298,1016.6,39
Antwerp,51.2194,4.4025,2019-08-02T01:00,15.9,91,0.0,7.3,279,1016.7,15
Antwerp,51.2194,4.4025,2019-08-02T02:00,15.4,93,0.0,7.2,267,1016.6,11
Antwerp,51.2194,4.4025,2019-08-02T03:00,15.2,94,0.0,8.0,275,1016.4,27
Antwerp,51.2194,4.4025,2019-08-02T04:00,15.0,96,0.0,7.6,278,1016.3,3
Antwerp,51.2194,4.4025,2019-08-02T05:00,14.8,97,0.0,7.6,265,1016.2,3
Antwerp,51.2194,4.4025,2019-08-02T06:00,15.3,97,0.0,9.3,257,1016.0,7
Antwerp,51.2194,4.4025,2019-08-02T07:00,17.0,91,0.0,10.1,253,1016.0,17
Antwerp,51.2194,4.4025,2019-08-02T08:00,18.5,83,0.0,14.5,276,1016.0,32
Antwerp,51.2194,4.4025,2019-08-02T09:00,19.2,82,0.0,16.1,280,1015.8,33
Antwerp,51.2194,4.4025,2019-08-02T10:00,20.1,77,0.1,16.5,280,1015.9,46
Antwerp,51.2194,4.4025,2019-08-02T11:00,21.1,74,0.0,17.7,282,1016.0,100
Antwerp,51.2194,4.4025,2019-08-02T12:00,21.5,73,0.1,18.7,289,1015.6,100
Antwerp,51.2194,4.4025,2019-08-02T13:00,20.5,82,1.1,20.4,291,1016.4,83
Antwerp,51.2194,4.4025,2019-08-02T14:00,21.5,77,0.1,19.9,290,1016.1,100
Antwerp,51.2194,4.4025,2019-08-02T15:00,20.1,81,1.7,22.5,305,1016.2,53
Antwerp,51.2194,4.4025,2019-08-02T16:00,20.2,77,0.2,23.7,312,1016.0,41
Antwerp,51.2194,4.4025,2019-08-02T17:00,20.5,71,0.1,24.5,320,1015.8,19
Antwerp,51.2194,4.4025,2019-08-02T18:00,20.4,70,0.0,25.1,322,1015.8,34
Antwerp,51.2194,4.4025,2019-08-02T19:00,19.6,75,0.0,22.9,327,1016.0,35
Antwerp,51.2194,4.4025,2019-08-02T20:00,18.7,81,0.0,18.9,325,1016.4,19
Antwerp,51.2194,4.4025,2019-08-02T21:00,18.0,84,0.0,17.1,332,1016.9,33
Antwerp,51.2194,4.4025,2019-08-02T22:00,17.6,88,0.0,16.3,335,1017.1,31
Antwerp,51.2194,4.4025,2019-08-02T23:00,17.0,91,0.0,14.7,335,1017.2,24
Antwerp,51.2194,4.4025,2019-08-03T00:00,16.6,93,0.0,13.3,341,1017.4,9
Antwerp,51.2194,4.4025,2019-08-03T01:00,16.1,94,0.0,11.1,347,1017.7,2
Antwerp,51.2194,4.4025,2019-08-03T02:00,15.8,94,0.0,10.1,343,1017.6,3
Antwerp,51.2194,4.4025,2019-08-03T03:00,15.4,95,0.0,8.8,341,1017.8,3
Antwerp,51.2194,4.4025,2019-08-03T04:00,15.1,95,0.0,8.6,345,1017.7,5
Antwerp,51.2194,4.4025,2019-08-03T05:00,14.9,96,0.0,8.4,353,1017.9,4
Antwerp,51.2194,4.4025,2019-08-03T06:00,15.2,96,0.0,8.2,345,1018.1,2
Antwerp,51.2194,4.4025,2019-08-03T07:00,16.6,90,0.0,7.8,338,1018.4,1
Antwerp,51.2194,4.4025,2019-08-03T08:00,18.2,79,0.0,9.1,351,1018.5,15
Antwerp,51.2194,4.4025,2019-08-03T09:00,19.5,71,0.0,10.1,360,1018.5,57
Antwerp,51.2194,4.4025,2019-08-03T10:00,20.4,64,0.1,9.7,2,1018.5,100
Antwerp,51.2194,4.4025,2019-08-03T11:00,21.0,61,0.1,8.7,5,1018.8,98
Antwerp,51.2194,4.4025,2019-08-03T12:00,21.8,60,0.1,8.6,360,1018.6,100
Antwerp,51.2194,4.4025,2019-08-03T13:00,20.1,71,0.2,11.0,337,1019.5,100
Antwerp,51.2194,4.4025,2019-08-03T14:00,20.9,64,0.0,7.9,360,1019.4,100
Antwerp,51.2194,4.4025,2019-08-03T15:00,21.6,59,0.0,7.5,17,1019.1,99
Antwerp,51.2194,4.4025,2019-08-03T16:00,21.8,59,0.0,10.5,8,1018.7,100
Antwerp,51.2194,4.4025,2019-08-03T17:00,21.8,61,0.0,10.8,2,1018.3,100
Antwerp,51.2194,4.4025,2019-08-03T18:00,21.6,61,0.0,7.3,9,1018.1,98
Antwerp,51.2194,4.4025,2019-08-03T19:00,21.3,63,0.0,5.4,356,1018.0,99
Antwerp,51.2194,4.4025,2019-08-03T20:00,19.9,71,0.0,4.8,333,1017.9,99
Antwerp,51.2194,4.4025,2019-08-03T21:00,19.0,73,0.0,9.7,338,1017.9,99
Antwerp,51.2194,4.4025,2019-08-03T22:00,18.0,77,0.0,9.8,8,1018.0,99
Antwerp,51.2194,4.4025,2019-08-03T23:00,17.4,82,0.0,8.4,47,1018.0,97
Antwerp,51.2194,4.4025,2019-08-04T00:00,16.5,87,0.0,7.4,67,1017.8,96
Antwerp,51.2194,4.4025,2019-08-04T01:00,15.8,92,0.0,6.5,84,1017.7,93
Antwerp,51.2194,4.4025,2019-08-04T02:00,15.4,93,0.0,6.5,96,1017.5,65
Antwerp,51.2194,4.4025,2019-08-04T03:00,14.9,94,0.0,5.8,112,1017.3,12
Antwerp,51.2194,4.4025,2019-08-04T04:00,14.3,95,0.0,5.4,127,1017.3,3
Antwerp,51.2194,4.4025,2019-08-04T05:00,14.5,95,0.0,6.1,118,1017.3,13
Antwerp,51.2194,4.4025,2019-08-04T06:00,14.9,94,0.0,8.1,122,1017.0,63
Antwerp,51.2194,4.4025,2019-08-04T07:00,16.7,87,0.0,7.5,125,1016.9,9
Antwerp,51.2194,4.4025,2019-08-04T08:00,19.0,78,0.0,8.2,119,1016.8,16
Antwerp,51.2194,4.4025,2019-08-04T09:00,20.9,68,0.0,10.1,125,1016.5,24
Antwerp,51.2194,4.4025,2019-08-04T10:00,22.2,61,0.0,10.9,124,1016.0,73
Antwerp,51.2194,4.4025,2019-08-04T11:00,23.4,56,0.0,9.2,132,1015.7,98
Antwerp,51.2194,4.4025,2019-08-04T12:00,24.5,52,0.0,8.6,165,1015.2,99
Antwerp,51.2194,4.4025,2019-08-04T13:00,25.5,49,0.0,9.4,140,1015.0,97
Antwerp,51.2194,4.4025,2019-08-04T14:00,25.8,48,0.0,8.4,160,1014.4,97
Antwerp,51.2194,4.4025,2019-08-04T15:00,26.0,47,0.0,9.1,187,1014.1,100
Antwerp,51.2194,4.4025,2019-08-04T16:00,25.8,48,0.0,6.4,196,1013.8,99
Antwerp,51.2194,4.4025,2019-08-04T17:00,25.8,47,0.0,2.3,51,1013.0,99
Antwerp,51.2194,4.4025,2019-08-04T18:00,25.8,49,0.0,4.2,70,1012.7,100
Antwerp,51.2194,4.4025,2019-08-04T19:00,24.6,60,0.0,4.4,81,1012.2,100
Antwerp,51.2194,4.4025,2019-08-04T20:00,22.6,67,0.0,5.4,82,1012.0,100
Antwerp,51.2194,4.4025,2019-08-04T21:00,21.8,67,0.0,6.8,93,1012.1,100
Antwerp,51.2194,4.4025,2019-08-04T22:00,21.3,69,0.0,7.2,108,1011.8,100
Antwerp,51.2194,4.4025,2019-08-04T23:00,20.6,72,0.0,6.8,115,1011.6,100
Antwerp,51.2194,4.4025,2019-08-05T00:00,19.8,81,0.0,6.6,139,1011.4,100
Antwerp,51.2194,4.4025,2019-08-05T01:00,19.1,77,0.0,5.6,117,1011.2,100
Antwerp,51.2194,4.4025,2019-08-05T02:00,19.2,76,0.0,5.2,115,1010.7,92
Antwerp,51.2194,4.4025,2019-08-05T03:00,19.1,78,0.0,7.2,180,1010.6,91
Antwerp,51.2194,4.4025,2019-08-05T04:00,19.8,76,0.0,14.5,224,1010.6,98
Antwerp,51.2194,4.4025,2019-08-05T05:00,18.6,78,0.0,13.2,248,1010.5,99
Antwerp,51.2194,4.4025,2019-08-05T06:00,18.2,80,0.0,14.4,257,1010.7,70
Antwerp,51.2194,4.4025,2019-08-05T07:00,18.3,78,0.0,15.5,252,1011.0,33
Antwerp,51.2194,4.4025,2019-08-05T08:00,18.9,75,0.0,16.6,252,1011.1,69
Antwerp,51.2194,4.4025,2019-08-05T09:00,20.0,70,0.0,16.3,252,1011.2,64
Antwerp,51.2194,4.4025,2019-08-05T10:00,21.2,65,0.0,17.1,255,1011.4,43
Antwerp,51.2194,4.4025,2019-08-05T11:00,22.5,58,0.0,17.7,257,1011.4,78
Antwerp,51.2194,4.4025,2019-08-05T12:00,23.8,52,0.0,18.8,253,1011.2,58
Antwerp,51.2194,4.4025,2019-08-05T13:00,24.2,52,0.0,17.3,247,1011.3,100
Antwerp,51.2194,4.4025,2019-08-05T14:00,24.6,48,0.0,16.9,243,1011.1,99
Antwerp,51.2194,4.4025,2019-08-05T15:00,25.5,44,0.0,18.6,238,1010.6,100
Antwerp,51.2194,4.4025,2019-08-05T16:00,25.0,47,0.0,17.6,242,1010.6,96
Antwerp,51.2194,4.4025,2019-08-05T17:00,24.6,50,0.0,18.2,240,1010.5,98
Antwerp,51.2194,4.4025,2019-08-05T18:00,23.0,59,0.0,18.0,258,1010.5,88
Antwerp,51.2194,4.4025,2019-08-05T19:00,21.5,70,0.1,11.7,259,1010.6,72
Antwerp,51.2194,4.4025,2019-08-05T20:00,21.1,71,0.0,11.6,244,1010.4,97
Antwerp,51.2194,4.4025,2019-08-05T21:00,20.0,78,0.3,11.9,235,1010.9,63
Antwerp,51.2194,4.4025,2019-08-05T22:00,19.8,80,0.1,15.1,237,1010.9,89
Antwerp,51.2194,4.4025,2019-08-05T23:00,19.1,83,0.1,16.2,238,1011.0,91
Antwerp,51.2194,4.4025,2019-08-06T00:00,18.4,81,0.0,16.1,243,1010.9,99
Antwerp,51.2194,4.4025,2019-08-06T01:00,17.8,82,0.0,14.7,248,1011.1,96
Antwerp,51.2194,4.4025,2019-08-06T02:00,16.8,77,0.0,16.6,243,1011.3,97
Antwerp,51.2194,4.4025,2019-08-06T03:00,16.0,78,0.0,15.9,237,1011.2,98
Antwerp,51.2194,4.4025,2019-08-06T04:00,15.5,80,0.0,15.2,234,1011.1,95
Antwerp,51.2194,4.4025,2019-08-06T05:00,15.1,82,0.0,15.3,236,1011.0,30
Antwerp,51.2194,4.4025,2019-08-06T06:00,14.9,83,0.0,15.6,236,1011.2,86
Antwerp,51.2194,4.4025,2019-08-06T07:00,16.0,79,0.0,15.4,237,1011.2,87
Antwerp,51.2194,4.4025,2019-08-06T08:00,17.5,72,0.0,16.3,239,1011.3,82
Antwerp,51.2194,4.4025,2019-08-06T09:00,19.0,66,0.0,15.6,241,1011.3,93
Antwerp,51.2194,4.4025,2019-08-06T10:00,20.4,61,0.0,14.8,236,1011.2,99
Antwerp,51.2194,4.4025,2019-08-06T11:00,21.2,57,0.0,14.8,225,1011.0,99
Antwerp,51.2194,4.4025,2019-08-06T12:00,21.9,53,0.0,16.6,229,1010.7,99
Antwerp,51.2194,4.4025,2019-08-06T13:00,22.1,53,0.0,15.0,226,1010.6,100
Antwerp,51.2194,4.4025,2019-08-06T14:00,22.4,53,0.0,15.3,221,1010.1,92
Antwerp,51.2194,4.4025,2019-08-06T15:00,23.4,49,0.0,14.3,231,1009.6,100
Antwerp,51.2194,4.4025,2019-08-06T16:00,23.0,52,0.0,17.1,226,1008.9,100
Antwerp,51.2194,4.4025,2019-08-06T17:00,22.5,56,0.0,13.3,218,1008.6,84
Antwerp,51.2194,4.4025,2019-08-06T18:00,22.4,58,0.0,12.7,209,1008.1,31
Antwerp,51.2194,4.4025,2019-08-06T19:00,22.0,60,0.0,10.0,218,1007.5,47
Antwerp,51.2194,4.4025,2019-08-06T20:00,21.0,64,0.0,12.0,224,1007.5,96
Antwerp,51.2194,4.4025,2019-08-06T21:00,19.6,71,0.1,13.2,227,1007.9,98
Antwerp,51.2194,4.4025,2019-08-06T22:00,19.1,77,0.1,11.3,233,1008.1,97
Antwerp,51.2194,4.4025,2019-08-06T23:00,18.6,78,0.0,12.2,242,1008.0,97
Antwerp,51.2194,4.4025,2019-08-07T00:00,18.0,76,0.0,10.9,236,1007.7,100
Antwerp,51.2194,4.4025,2019-08-07T01:00,17.8,71,0.0,14.2,240,1008.1,95
Antwerp,51.2194,4.4025,2019-08-07T02:00,16.9,76,0.0,13.6,233,1007.6,24
Antwerp,51.2194,4.4025,2019-08-07T03:00,16.5,79,0.0,15.1,232,1007.4,99
Antwerp,51.2194,4.4025,2019-08-07T04:00,16.6,81,0.0,15.6,230,1007.3,95
Antwerp,51.2194,4.4025,2019-08-07T05:00,16.9,81,0.0,16.3,229,1007.1,67
Antwerp,51.2194,4.4025,2019-08-07T06:00,16.7,83,0.0,16.3,227,1007.0,51
Antwerp,51.2194,4.4025,2019-08-07T07:00,17.6,80,0.0,16.6,228,1007.3,33
Antwerp,51.2194,4.4025,2019-08-07T08:00,18.5,74,0.0,20.2,235,1007.6,38
Antwerp,51.2194,4.4025,2019-08-07T09:00,19.7,67,0.0,19.8,241,1007.4,37
Antwerp,51.2194,4.4025,2019-08-07T10:00,20.8,61,0.0,19.5,240,1007.4,27
Antwerp,51.2194,4.4025,2019-08-07T11:00,21.5,57,0.1,20.9,243,1007.5,36
Antwerp,51.2194,4.4025,2019-08-07T12:00,22.1,54,0.3,21.4,245,1007.3,34
Antwerp,51.2194,4.4025,2019-08-07T13:00,22.4,52,0.1,21.7,249,1007.4,46
Antwerp,51.2194,4.4025,2019-08-07T14:00,22.9,49,0.0,21.7,249,1007.4,32
Antwerp,51.2194,4.4025,2019-08-07T15:00,23.0,46,0.0,21.3,254,1007.5,38
Antwerp,51.2194,4.4025,2019-08-07T16:00,23.2,44,0.0,19.6,257,1007.2,30
Antwerp,51.2194,4.4025,2019-08-07T17:00,23.4,42,0.0,19.4,260,1007.4,52
Antwerp,51.2194,4.4025,2019-08-07T18:00,22.6,45,0.0,17.7,266,1007.6,35
Antwerp,51.2194,4.4025,2019-08-07T19:00,21.6,51,0.0,13.7,272,1007.8,12
Antwerp,51.2194,4.4025,2019-08-07T20:00,20.3,55,0.0,14.4,257,1008.4,5
Antwerp,51.2194,4.4025,2019-08-07T21:00,19.3,59,0.0,15.8,246,1009.0,1
Antwerp,51.2194,4.4025,2019-08-07T22:00,18.1,65,0.0,15.1,237,1009.4,0
Antwerp,51.2194,4.4025,2019-08-07T23:00,17.2,69,0.0,15.3,231,1009.6,1
Antwerp,51.2194,4.4025,2019-08-08T00:00,16.5,72,0.0,16.5,226,1009.7,1
Antwerp,51.2194,4.4025,2019-08-08T01:00,16.9,71,0.0,17.5,233,1010.0,3
Antwerp,51.2194,4.4025,2019-08-08T02:00,16.1,75,0.0,16.1,231,1010.0,33
Antwerp,51.2194,4.4025,2019-08-08T03:00,15.4,80,0.0,15.1,230,1009.9,14
Antwerp,51.2194,4.4025,2019-08-08T04:00,15.1,84,0.0,16.9,230,1010.1,55
Antwerp,51.2194,4.4025,2019-08-08T05:00,14.9,86,0.0,16.2,233,1010.4,48
Antwerp,51.2194,4.4025,2019-08-08T06:00,15.1,86,0.0,16.1,236,1010.4,52
Antwerp,51.2194,4.4025,2019-08-08T07:00,16.4,82,0.0,15.0,235,1010.7,91
Antwerp,51.2194,4.4025,2019-08-08T08:00,17.8,77,0.0,16.5,238,1011.1,68
Antwerp,51.2194,4.4025,2019-08-08T09:00,19.3,71,0.0,16.1,246,1011.5,40
Antwerp,51.2194,4.4025,2019-08-08T10:00,20.9,61,0.0,19.5,251,1011.6,85
Antwerp,51.2194,4.4025,2019-08-08T11:00,22.0,54,0.0,19.2,253,1011.7,53
Antwerp,51.2194,4.4025,2019-08-08T12:00,22.9,50,0.0,17.3,253,1011.7,100
Antwerp,51.2194,4.4025,2019-08-08T13:00,22.0,57,0.0,14.5,251,1012.1,100
Antwerp,51.2194,4.4025,2019-08-08T14:00,22.8,53,0.2,14.6,254,1012.3,82
Antwerp,51.2194,4.4025,2019-08-08T15:00,22.9,53,0.0,10.2,280,1012.0,58
Antwerp,51.2194,4.4025,2019-08-08T16:00,23.2,53,0.0,8.7,294,1011.7,74
Antwerp,51.2194,4.4025,2019-08-08T17:00,23.4,53,0.0,8.4,250,1011.8,88
Antwerp,51.2194,4.4025,2019-08-08T18:00,23.4,53,0.0,9.4,223,1011.6,68
Antwerp,51.2194,4.4025,2019-08-08T19:00,23.0,56,0.0,2.2,189,1011.1,25
Antwerp,51.2194,4.4025,2019-08-08T20:00,20.6,72,0.0,5.4,132,1011.3,15
Antwerp,51.2194,4.4025,2019-08-08T21:00,19.9,69,0.0,6.1,118,1011.3,10
Antwerp,51.2194,4.4025,2019-08-08T22:00,19.4,69,0.0,9.4,108,1011.0,16
Antwerp,51.2194,4.4025,2019-08-08T23:00,18.9,70,0.0,10.9,107,1010.9,24
Antwerp,51.2194,4.4025,2019-08-09T00:00,18.6,72,0.0,12.2,114,1010.9,58
Antwerp,51.2194,4.4025,2019-08-09T01:00,18.4,75,0.0,12.6,103,1010.2,97
Antwerp,51.2194,4.4025,2019-08-09T02:00,18.6,73,0.0,14.5,109,1009.6,89
Antwerp,51.2194,4.4025,2019-08-09T03:00,19.0,72,0.0,13.2,125,1009.1,98
Antwerp,51.2194,4.4025,2019-08-09T04:00,18.9,77,0.1,13.4,126,1008.5,100
Antwerp,51.2194,4.4025,2019-08-09T05:00,18.5,82,0.2,12.4,107,1007.6,100
Antwerp,51.2194,4.4025,2019-08-09T06:00,19.0,80,0.0,15.3,131,1006.8,99
Antwerp,51.2194,4.4025,2019-08-09T07:00,20.4,74,0.1,17.8,132,1006.4,99
Antwerp,51.2194,4.4025,2019-08-09T08:00,21.1,71,0.0,14.8,131,1006.2,97
Antwerp,51.2194,4.4025,2019-08-09T09:00,22.1,69,0.1,9.5,127,1006.1,100
Antwerp,51.2194,4.4025,2019-08-09T10:00,24.0,63,0.0,7.4,137,1005.8,100
Antwerp,51.2194,4.4025,2019-08-09T11:00,24.8,62,0.2,16.0,216,1006.1,91
Antwerp,51.2194,4.4025,2019-08-09T12:00,25.0,66,0.2,14.8,198,1005.8,99
Antwerp,51.2194,4.4025,2019-08-09T13:00,22.0,91,1.0,11.7,171,1006.0,97
Antwerp,51.2194,4.4025,2019-08-09T14:00,23.5,82,0.0,16.6,182,1005.8,92
Antwerp,51.2194,4.4025,2019-08-09T15:00,25.9,66,0.0,18.8,200,1005.3,99
Antwerp,51.2194,4.4025,2019-08-09T16:00,25.0,67,0.2,20.9,184,1005.3,100
Antwerp,51.2194,4.4025,2019-08-09T17:00,23.3,72,0.4,21.3,174,1004.5,84
Antwerp,51.2194,4.4025,2019-08-09T18:00,23.7,73,0.0,19.9,193,1004.3,55
Antwerp,51.2194,4.4025,2019-08-09T19:00,23.0,82,0.0,20.2,191,1004.5,95
Antwerp,51.2194,4.4025,2019-08-09T20:00,22.4,79,0.0,18.5,204,1005.0,88
Antwerp,51.2194,4.4025,2019-08-09T21:00,21.2,79,0.0,17.9,208,1005.7,93
Antwerp,51.2194,4.4025,2019-08-09T22:00,20.9,75,0.0,21.2,201,1005.8,89
Antwerp,51.2194,4.4025,2019-08-09T23:00,20.3,76,0.0,23.1,195,1005.7,91
Antwerp,51.2194,4.4025,2019-08-10T00:00,20.1,77,0.0,23.5,198,1005.6,99
Antwerp,51.2194,4.4025,2019-08-10T01:00,20.8,71,0.0,27.6,204,1005.6,91
Antwerp,51.2194,4.4025,2019-08-10T02:00,20.4,68,0.0,27.4,203,1005.5,8
Antwerp,51.2194,4.4025,2019-08-10T03:00,20.3,64,0.0,28.8,204,1005.6,12
Antwerp,51.2194,4.4025,2019-08-10T04:00,20.0,63,0.0,29.7,209,1005.7,14
Antwerp,51.2194,4.4025,2019-08-10T05:00,19.5,65,0.0,30.7,211,1006.0,22
Antwerp,51.2194,4.4025,2019-08-10T06:00,19.0,68,0.0,31.2,216,1006.6,43
Antwerp,51.2194,4.4025,2019-08-10T07:00,19.3,67,0.0,31.3,218,1007.1,86
Antwerp,51.2194,4.4025,2019-08-10T08:00,19.6,67,0.0,32.6,218,1007.6,54
Antwerp,51.2194,4.4025,2019-08-10T09:00,20.1,63,0.0,40.0,228,1008.1,65
Antwerp,51.2194,4.4025,2019-08-10T10:00,21.0,58,0.0,36.9,231,1008.8,85
Antwerp,51.2194,4.4025,2019-08-10T11:00,21.7,54,0.1,35.5,230,1009.1,81
Antwerp,51.2194,4.4025,2019-08-10T12:00,21.9,53,0.1,35.3,231,1009.6,71
Antwerp,51.2194,4.4025,2019-08-10T13:00,22.2,54,0.1,36.0,230,1010.2,58
Antwerp,51.2194,4.4025,2019-08-10T14:00,22.6,50,0.1,36.7,232,1010.4,37
Antwerp,51.2194,4.4025,2019-08-10T15:00,23.4,46,0.1,36.0,229,1010.5,20
Antwerp,51.2194,4.4025,2019-08-10T16:00,23.6,44,0.0,34.8,231,1010.8,77
Antwerp,51.2194,4.4025,2019-08-10T17:00,23.4,43,0.0,31.6,238,1011.2,77
Antwerp,51.2194,4.4025,2019-08-10T18:00,22.4,47,0.0,28.4,241,1011.6,41
Antwerp,51.2194,4.4025,2019-08-10T19:00,21.4,48,0.0,28.2,235,1012.0,27
Antwerp,51.2194,4.4025,2019-08-10T20:00,20.4,50,0.0,24.9,239,1012.9,24
Antwerp,51.2194,4.4025,2019-08-10T21:00,19.2,56,0.0,22.4,242,1013.5,34
Antwerp,51.2194,4.4025,2019-08-10T22:00,18.5,63,0.0,20.2,239,1013.7,23
Antwerp,51.2194,4.4025,2019-08-10T23:00,17.9,68,0.0,19.1,238,1014.1,4
Antwerp,51.2194,4.4025,2019-08-11T00:00,17.4,69,0.0,19.6,234,1014.3,9
Antwerp,51.2194,4.4025,2019-08-11T01:00,17.2,63,0.0,20.9,246,1014.6,3
Antwerp,51.2194,4.4025,2019-08-11T02:00,16.5,66,0.0,19.5,236,1014.3,9
Antwerp,51.2194,4.4025,2019-08-11T03:00,16.2,68,0.0,19.7,232,1014.5,84
Antwerp,51.2194,4.4025,2019-08-11T04:00,15.8,71,0.0,18.6,226,1014.5,95
Antwerp,51.2194,4.4025,2019-08-11T05:00,15.6,75,0.0,17.8,222,1014.6,71
Antwerp,51.2194,4.4025,2019-08-11T06:00,15.2,78,0.0,16.5,216,1014.6,98
Antwerp,51.2194,4.4025,2019-08-11T07:00,16.2,76,0.0,15.7,212,1014.5,90
Antwerp,51.2194,4.4025,2019-08-11T08:00,17.5,72,0.0,16.9,214,1014.6,82
Antwerp,51.2194,4.4025,2019-08-11T09:00,18.9,67,0.0,20.2,215,1014.4,39
Antwerp,51.2194,4.4025,2019-08-11T10:00,20.1,57,0.0,20.7,220,1014.3,97
Antwerp,51.2194,4.4025,2019-08-11T11:00,20.8,52,0.0,19.7,220,1014.2,100
Antwerp,51.2194,4.4025,2019-08-11T12:00,20.8,51,0.0,18.4,219,1013.9,100
Antwerp,51.2194,4.4025,2019-08-11T13:00,21.5,53,0.0,22.5,219,1014.1,100
Antwerp,51.2194,4.4025,2019-08-11T14:00,21.2,51,0.0,22.9,226,1013.9,100
Antwerp,51.2194,4.4025,2019-08-11T15:00,21.1,52,0.0,22.2,227,1013.6,100
Antwerp,51.2194,4.4025,2019-08-11T16:00,21.0,52,0.0,20.7,230,1013.3,99
Antwerp,51.2194,4.4025,2019-08-11T17:00,20.5,53,0.0,18.5,233,1013.2,95
Antwerp,51.2194,4.4025,2019-08-11T18:00,20.0,56,0.0,16.2,233,1013.4,99
Antwerp,51.2194,4.4025,2019-08-11T19:00,19.4,60,0.0,13.9,239,1013.8,94
Antwerp,51.2194,4.4025,2019-08-11T20:00,18.7,62,0.0,13.7,235,1014.0,23
Antwerp,51.2194,4.4025,2019-08-11T21:00,17.6,66,0.0,13.5,226,1014.3,14
Antwerp,51.2194,4.4025,2019-08-11T22:00,16.9,69,0.0,13.8,219,1014.3,7
Antwerp,51.2194,4.4025,2019-08-11T23:00,16.4,71,0.0,14.5,222,1014.5,3
Antwerp,51.2194,4.4025,2019-08-12T00:00,15.6,74,0.0,14.0,222,1014.6,4
Antwerp,51.2194,4.4025,2019-08-12T01:00,15.8,75,0.0,14.8,229,1014.7,2
Antwerp,51.2194,4.4025,2019-08-12T02:00,15.1,80,0.0,15.0,226,1014.8,0
Antwerp,51.2194,4.4025,2019-08-12T03:00,14.7,83,0.0,14.5,222,1014.3,0
Antwerp,51.2194,4.4025,2019-08-12T04:00,14.4,86,0.0,14.1,220,1014.4,3
Antwerp,51.2194,4.4025,2019-08-12T05:00,13.9,89,0.0,13.8,213,1014.6,5
Antwerp,51.2194,4.4025,2019-08-12T06:00,13.8,89,0.0,12.7,215,1014.7,3
Antwerp,51.2194,4.4025,2019-08-12T07:00,15.0,85,0.0,12.3,218,1014.5,2
Antwerp,51.2194,4.4025,2019-08-12T08:00,16.5,79,0.0,14.0,226,1014.6,1
Antwerp,51.2194,4.4025,2019-08-12T09:00,18.1,72,0.0,14.7,239,1014.9,15
Antwerp,51.2194,4.4025,2019-08-12T10:00,19.3,67,0.0,14.7,245,1014.8,24
Antwerp,51.2194,4.4025,2019-08-12T11:00,20.2,63,0.0,13.9,245,1014.8,24
Antwerp,51.2194,4.4025,2019-08-12T12:00,20.5,60,0.1,13.8,237,1014.6,23
Antwerp,51.2194,4.4025,2019-08-12T13:00,19.1,67,0.0,20.4,256,1013.8,24
Antwerp,51.2194,4.4025,2019-08-12T14:00,18.6,73,0.7,10.6,252,1014.5,87
Antwerp,51.2194,4.4025,2019-08-12T15:00,19.6,61,0.1,16.3,239,1014.4,100
Antwerp,51.2194,4.4025,2019-08-12T16:00,19.3,58,0.0,13.2,241,1013.9,94
Antwerp,51.2194,4.4025,2019-08-12T17:00,18.4,60,0.0,14.7,242,1014.0,99
Antwerp,51.2194,4.4025,2019-08-12T18:00,18.0,65,0.0,13.8,237,1014.1,81
Antwerp,51.2194,4.4025,2019-08-12T19:00,17.4,69,0.1,12.6,239,1014.1,63
Antwerp,51.2194,4.4025,2019-08-12T20:00,16.1,75,0.1,8.1,249,1014.6,90
Antwerp,51.2194,4.4025,2019-08-12T21:00,14.8,82,0.1,5.6,255,1015.2,85
Antwerp,51.2194,4.4025,2019-08-12T22:00,14.6,82,0.1,7.0,249,1015.3,41
Antwerp,51.2194,4.4025,2019-08-12T23:00,14.2,85,0.1,12.1,247,1015.4,60
Antwerp,51.2194,4.4025,2019-08-13T00:00,14.0,88,0.0,13.0,236,1015.3,42
Antwerp,51.2194,4.4025,2019-08-13T01:00,13.4,94,0.0,14.3,258,1016.2,38
Antwerp,51.2194,4.4025,2019-08-13T02:00,13.1,93,0.9,14.2,277,1016.4,79
Antwerp,51.2194,4.4025,2019-08-13T03:00,13.1,93,0.0,12.0,261,1016.5,36
Antwerp,51.2194,4.4025,2019-08-13T04:00,12.6,94,0.0,12.3,249,1016.7,15
Antwerp,51.2194,4.4025,2019-08-13T05:00,12.2,94,0.0,12.2,246,1016.9,9
Antwerp,51.2194,4.4025,2019-08-13T06:00,12.2,94,0.0,12.6,243,1017.2,12
Antwerp,51.2194,4.4025,2019-08-13T07:00,13.2,93,0.0,12.1,233,1017.3,16
Antwerp,51.2194,4.4025,2019-08-13T08:00,14.7,87,0.0,13.2,235,1017.8,24
Antwerp,51.2194,4.4025,2019-08-13T09:00,15.9,79,0.0,15.5,234,1017.9,15
Antwerp,51.2194,4.4025,2019-08-13T10:00,17.1,70,0.0,17.1,240,1017.7,22
Antwerp,51.2194,4.4025,2019-08-13T11:00,18.2,57,0.1,19.7,252,1017.7,95
Antwerp,51.2194,4.4025,2019-08-13T12:00,18.0,64,0.0,23.1,249,1017.6,99
Antwerp,51.2194,4.4025,2019-08-13T13:00,15.1,78,0.9,21.9,256,1018.4,100
Antwerp,51.2194,4.4025,2019-08-13T14:00,17.0,69,0.0,20.3,245,1018.0,97
Antwerp,51.2194,4.4025,2019-08-13T15:00,16.6,66,0.0,18.9,249,1017.9,74
Antwerp,51.2194,4.4025,2019-08-13T16:00,17.0,60,0.1,17.4,248,1017.7,47
Antwerp,51.2194,4.4025,2019-08-13T17:00,17.1,61,0.2,17.0,275,1017.9,52
Antwerp,51.2194,4.4025,2019-08-13T18:00,16.4,72,0.1,12.0,261,1017.8,33
Antwerp,51.2194,4.4025,2019-08-13T19:00,16.1,72,0.0,10.0,255,1017.8,28
Antwerp,51.2194,4.4025,2019-08-13T20:00,14.9,77,0.0,8.9,243,1018.1,18
Antwerp,51.2194,4.4025,2019-08-13T21:00,13.9,83,0.0,8.6,237,1018.5,15
Antwerp,51.2194,4.4025,2019-08-13T22:00,13.1,88,0.0,7.5,235,1018.5,13
Antwerp,51.2194,4.4025,2019-08-13T23:00,12.8,89,0.0,8.7,218,1018.4,17
Antwerp,51.2194,4.4025,2019-08-14T00:00,12.4,88,0.0,9.2,222,1018.3,13
Antwerp,51.2194,4.4025,2019-08-14T01:00,12.2,90,0.0,9.4,223,1018.7,13
Antwerp,51.2194,4.4025,2019-08-14T02:00,11.8,90,0.0,8.7,225,1018.5,13
Antwerp,51.2194,4.4025,2019-08-14T03:00,11.4,91,0.0,7.9,223,1018.4,27
Antwerp,51.2194,4.4025,2019-08-14T04:00,11.1,93,0.0,8.7,210,1018.1,83
Antwerp,51.2194,4.4025,2019-08-14T05:00,11.0,94,0.0,9.8,204,1018.1,35
Antwerp,51.2194,4.4025,2019-08-14T06:00,11.1,95,0.0,10.5,207,1018.3,11
Antwerp,51.2194,4.4025,2019-08-14T07:00,12.6,90,0.0,11.1,209,1018.1,4
Antwerp,51.2194,4.4025,2019-08-14T08:00,14.6,84,0.0,11.1,205,1017.9,1
Antwerp,51.2194,4.4025,2019-08-14T09:00,16.5,78,0.0,11.8,203,1017.9,16
Antwerp,51.2194,4.4025,2019-08-14T10:00,18.2,67,0.0,13.7,210,1017.6,33
Antwerp,51.2194,4.4025,2019-08-14T11:00,19.4,58,0.1,15.9,213,1017.4,18
Antwerp,51.2194,4.4025,2019-08-14T12:00,20.0,55,0.1,17.3,216,1016.8,48
Antwerp,51.2194,4.4025,2019-08-14T13:00,20.1,55,0.1,17.2,206,1016.7,100
Antwerp,51.2194,4.4025,2019-08-14T14:00,19.9,59,0.4,19.5,210,1016.3,99
Antwerp,51.2194,4.4025,2019-08-14T15:00,19.0,67,0.1,16.6,204,1015.9,95
Antwerp,51.2194,4.4025,2019-08-14T16:00,18.8,70,0.4,13.0,194,1015.3,98
Antwerp,51.2194,4.4025,2019-08-14T17:00,17.9,80,0.6,10.1,180,1014.8,100
Antwerp,51.2194,4.4025,2019-08-14T18:00,18.0,82,0.5,10.5,153,1014.0,100
Antwerp,51.2194,4.4025,2019-08-14T19:00,17.5,86,0.4,10.7,147,1013.0,100
Antwerp,51.2194,4.4025,2019-08-14T20:00,17.1,85,0.7,12.7,151,1012.5,100
Antwerp,51.2194,4.4025,2019-08-14T21:00,16.8,87,0.2,15.6,157,1012.3,100
Antwerp,51.2194,4.4025,2019-08-14T22:00,16.5,89,1.7,16.8,171,1011.5,94
Antwerp,51.2194,4.4025,2019-08-14T23:00,16.4,87,0.0,17.5,189,1011.0,100
Antwerp,51.2194,4.4025,2019-08-15T00:00,16.4,87,0.0,18.4,191,1010.5,100
Antwerp,51.2194,4.4025,2019-08-15T01:00,16.2,88,0.4,20.1,209,1010.3,100
Antwerp,51.2194,4.4025,2019-08-15T02:00,16.2,88,0.3,21.7,212,1009.8,100
Antwerp,51.2194,4.4025,2019-08-15T03:00,15.9,90,0.0,20.4,216,1009.2,100
Antwerp,51.2194,4.4025,2019-08-15T04:00,16.0,91,0.0,20.7,215,1008.7,100
Antwerp,51.2194,4.4025,2019-08-15T05:00,16.3,91,0.0,21.7,216,1008.4,100
Antwerp,51.2194,4.4025,2019-08-15T06:00,16.4,91,0.0,21.2,215,1008.5,100
Antwerp,51.2194,4.4025,2019-08-15T07:00,16.7,90,0.0,21.1,223,1008.4,96
Antwerp,51.2194,4.4025,2019-08-15T08:00,17.2,89,0.1,22.6,233,1008.7,94
Antwerp,51.2194,4.4025,2019-08-15T09:00,17.8,88,0.6,22.4,246,1009.1,87
Antwerp,51.2194,4.4025,2019-08-15T10:00,18.5,87,0.1,20.7,253,1009.2,43
Antwerp,51.2194,4.4025,2019-08-15T11:00,19.9,77,0.0,22.7,260,1009.7,87
Antwerp,51.2194,4.4025,2019-08-15T12:00,20.4,70,0.1,22.6,261,1010.0,96
Antwerp,51.2194,4.4025,2019-08-15T13:00,20.5,62,0.3,26.4,265,1010.8,84
Antwerp,51.2194,4.4025,2019-08-15T14:00,19.9,64,0.0,24.6,264,1011.3,31
Antwerp,51.2194,4.4025,2019-08-15T15:00,20.2,62,0.1,24.5,269,1011.9,45
Antwerp,51.2194,4.4025,2019-08-15T16:00,20.0,63,0.1,24.4,278,1012.6,52
Antwerp,51.2194,4.4025,2019-08-15T17:00,20.0,63,0.0,22.6,279,1013.1,25
Antwerp,51.2194,4.4025,2019-08-15T18:00,19.5,63,0.1,18.9,279,1013.4,21
Antwerp,51.2194,4.4025,2019-08-15T19:00,18.9,65,0.0,13.8,277,1013.9,23
Antwerp,51.2194,4.4025,2019-08-15T20:00,17.5,72,0.2,10.1,276,1014.8,40
Antwerp,51.2194,4.4025,2019-08-15T21:00,16.6,78,0.2,9.4,247,1015.4,21
Antwerp,51.2194,4.4025,2019-08-15T22:00,16.2,80,0.2,11.3,279,1016.0,60
Antwerp,51.2194,4.4025,2019-08-15T23:00,15.4,85,0.1,9.0,254,1016.4,78
Antwerp,51.2194,4.4025,2019-08-16T00:00,15.4,87,0.0,8.0,243,1016.4,33
Antwerp,51.2194,4.4025,2019-08-16T01:00,14.7,92,0.0,7.9,254,1016.6,1
Antwerp,51.2194,4.4025,2019-08-16T02:00,13.9,94,0.0,9.8,242,1017.1,38
Antwerp,51.2194,4.4025,2019-08-16T03:00,13.6,94,0.0,9.1,236,1017.2,100
Antwerp,51.2194,4.4025,2019-08-16T04:00,13.2,95,0.0,8.4,220,1017.1,99
Antwerp,51.2194,4.4025,2019-08-16T05:00,12.9,96,0.0,8.2,218,1017.3,98
Antwerp,51.2194,4.4025,2019-08-16T06:00,13.1,96,0.0,9.5,205,1016.9,81
Antwerp,51.2194,4.4025,2019-08-16T07:00,14.2,93,0.0,11.3,207,1017.0,96
Antwerp,51.2194,4.4025,2019-08-16T08:00,15.9,87,0.0,12.9,210,1016.7,98
Antwerp,51.2194,4.4025,2019-08-16T09:00,17.5,80,0.0,14.9,217,1016.7,87
Antwerp,51.2194,4.4025,2019-08-16T10:00,18.9,70,0.0,18.4,222,1016.4,99
Antwerp,51.2194,4.4025,2019-08-16T11:00,19.6,64,0.0,18.6,226,1015.9,95
Antwerp,51.2194,4.4025,2019-08-16T12:00,20.5,61,0.0,20.2,221,1015.5,100
Antwerp,51.2194,4.4025,2019-08-16T13:00,20.4,64,0.0,19.7,211,1015.5,99
Antwerp,51.2194,4.4025,2019-08-16T14:00,21.4,57,0.0,21.2,215,1014.9,100
Antwerp,51.2194,4.4025,2019-08-16T15:00,22.0,54,0.0,20.1,209,1014.0,100
Antwerp,51.2194,4.4025,2019-08-16T16:00,21.9,54,0.0,20.5,204,1013.2,100
Antwerp,51.2194,4.4025,2019-08-16T17:00,21.9,55,0.0,19.8,207,1012.7,100
Antwerp,51.2194,4.4025,2019-08-16T18:00,21.1,57,0.0,14.5,199,1012.1,100
Antwerp,51.2194,4.4025,2019-08-16T19:00,20.5,59,0.0,11.7,189,1011.3,100
Antwerp,51.2194,4.4025,2019-08-16T20:00,20.5,57,0.0,15.1,192,1010.8,100
Antwerp,51.2194,4.4025,2019-08-16T21:00,20.0,59,0.2,18.4,191,1010.6,100
Antwerp,51.2194,4.4025,2019-08-16T22:00,18.6,69,0.4,18.5,187,1010.0,100
Antwerp,51.2194,4.4025,2019-08-16T23:00,17.7,77,0.3,17.7,193,1009.7,100
Antwerp,51.2194,4.4025,2019-08-17T00:00,17.1,82,0.4,16.1,190,1009.0,100
Antwerp,51.2194,4.4025,2019-08-17T01:00,17.1,87,0.7,16.2,192,1008.7,97
Antwerp,51.2194,4.4025,2019-08-17T02:00,17.5,84,0.0,18.8,200,1008.0,96
Antwerp,51.2194,4.4025,2019-08-17T03:00,17.8,79,0.0,21.6,208,1007.3,100
Antwerp,51.2194,4.4025,2019-08-17T04:00,17.9,77,0.0,22.1,210,1007.0,100
Antwerp,51.2194,4.4025,2019-08-17T05:00,17.9,77,0.0,23.4,214,1007.2,100
Antwerp,51.2194,4.4025,2019-08-17T06:00,17.6,80,0.0,21.9,213,1007.1,100
Antwerp,51.2194,4.4025,2019-08-17T07:00,17.7,81,0.1,20.8,210,1007.1,91
Antwerp,51.2194,4.4025,2019-08-17T08:00,17.7,83,1.6,21.4,209,1007.2,99
Antwerp,51.2194,4.4025,2019-08-17T09:00,17.8,86,0.3,21.3,206,1007.1,100
Antwerp,51.2194,4.4025,2019-08-17T10:00,18.4,87,0.4,21.7,207,1007.1,100
Antwerp,51.2194,4.4025,2019-08-17T11:00,19.7,81,0.1,27.5,214,1007.3,100
Antwerp,51.2194,4.4025,2019-08-17T12:00,20.5,78,0.1,25.9,215,1007.1,100
Antwerp,51.2194,4.4025,2019-08-17T13:00,19.6,88,0.2,27.2,208,1007.0,100
Antwerp,51.2194,4.4025,2019-08-17T14:00,19.3,91,1.9,20.1,204,1007.1,100
Antwerp,51.2194,4.4025,2019-08-17T15:00,20.0,86,0.3,23.4,209,1006.8,100
Antwerp,51.2194,4.4025,2019-08-17T16:00,20.0,89,0.8,20.7,229,1007.0,100
Antwerp,51.2194,4.4025,2019-08-17T17:00,19.6,89,0.5,19.8,245,1007.3,100
Antwerp,51.2194,4.4025,2019-08-17T18:00,19.0,87,0.0,17.1,231,1007.2,100
Antwerp,51.2194,4.4025,2019-08-17T19:00,18.6,86,0.1,15.8,227,1007.2,99
Antwerp,51.2194,4.4025,2019-08-17T20:00,17.9,87,0.0,14.3,227,1007.2,100
Antwerp,51.2194,4.4025,2019-08-17T21:00,17.5,89,0.0,12.5,224,1007.4,100
Antwerp,51.2194,4.4025,2019-08-17T22:00,16.9,90,0.0,12.8,230,1007.1,100
Antwerp,51.2194,4.4025,2019-08-17T23:00,16.5,89,0.0,12.6,233,1007.3,100
Antwerp,51.2194,4.4025,2019-08-18T00:00,16.2,87,0.0,11.9,235,1007.4,100
Antwerp,51.2194,4.4025,2019-08-18T01:00,16.2,82,0.1,14.8,225,1007.4,100
Antwerp,51.2194,4.4025,2019-08-18T02:00,16.1,83,0.0,13.2,227,1007.1,100
Antwerp,51.2194,4.4025,2019-08-18T03:00,16.0,84,0.0,13.9,211,1006.9,100
Antwerp,51.2194,4.4025,2019-08-18T04:00,15.8,87,0.1,10.8,195,1006.1,100
Antwerp,51.2194,4.4025,2019-08-18T05:00,15.8,91,0.5,11.9,185,1005.7,99
Antwerp,51.2194,4.4025,2019-08-18T06:00,15.6,93,0.3,10.1,178,1004.7,100
Antwerp,51.2194,4.4025,2019-08-18T07:00,15.4,92,1.7,12.6,182,1004.8,100
Antwerp,51.2194,4.4025,2019-08-18T08:00,15.0,91,1.2,9.4,184,1004.6,100
Antwerp,51.2194,4.4025,2019-08-18T09:00,15.1,90,3.2,7.2,162,1003.9,100
Antwerp,51.2194,4.4025,2019-08-18T10:00,15.6,88,2.4,4.3,222,1003.8,100
Antwerp,51.2194,4.4025,2019-08-18T11:00,16.7,85,0.1,5.8,263,1004.2,100
Antwerp,51.2194,4.4025,2019-08-18T12:00,19.0,73,0.0,11.6,244,1004.8,100
Antwerp,51.2194,4.4025,2019-08-18T13:00,18.1,77,0.1,16.2,249,1005.8,100
Antwerp,51.2194,4.4025,2019-08-18T14:00,18.2,78,0.3,14.6,261,1006.6,100
Antwerp,51.2194,4.4025,2019-08-18T15:00,18.0,83,0.5,16.5,259,1007.2,97
Antwerp,51.2194,4.4025,2019-08-18T16:00,18.5,81,0.1,14.6,250,1007.5,89
Antwerp,51.2194,4.4025,2019-08-18T17:00,18.9,74,0.1,17.9,240,1007.9,64
Antwerp,51.2194,4.4025,2019-08-18T18:00,19.4,71,0.1,16.0,239,1008.0,26
Antwerp,51.2194,4.4025,2019-08-18T19:00,18.6,67,0.0,19.6,244,1008.4,17
Antwerp,51.2194,4.4025,2019-08-18T20:00,17.4,65,0.0,19.1,238,1009.1,99
Antwerp,51.2194,4.4025,2019-08-18T21:00,16.6,66,0.0,19.7,230,1010.0,98
Antwerp,51.2194,4.4025,2019-08-18T22:00,15.6,67,0.0,19.7,235,1010.3,100
Antwerp,51.2194,4.4025,2019-08-18T23:00,14.9,70,0.0,18.3,238,1010.8,2
Antwerp,51.2194,4.4025,2019-08-19T00:00,14.2,75,0.0,17.9,230,1011.3,4
Antwerp,51.2194,4.4025,2019-08-19T01:00,14.2,78,0.0,18.7,232,1011.8,1
Antwerp,51.2194,4.4025,2019-08-19T02:00,14.2,81,0.0,19.1,224,1012.3,22
Antwerp,51.2194,4.4025,2019-08-19T03:00,14.3,81,0.0,18.8,225,1012.4,27
Antwerp,51.2194,4.4025,2019-08-19T04:00,14.2,83,0.0,18.8,227,1012.6,24
Antwerp,51.2194,4.4025,2019-08-19T05:00,14.1,84,0.0,19.1,224,1013.2,21
Antwerp,51.2194,4.4025,2019-08-19T06:00,14.1,84,0.0,18.9,222,1013.7,27
Antwerp,51.2194,4.4025,2019-08-19T07:00,14.8,81,0.0,19.6,221,1014.0,33
Antwerp,51.2194,4.4025,2019-08-19T08:00,15.9,78,0.0,20.2,221,1014.3,35
Antwerp,51.2194,4.4025,2019-08-19T09:00,17.1,74,0.0,22.7,229,1014.5,14
Antwerp,51.2194,4.4025,2019-08-19T10:00,18.4,65,0.1,24.5,240,1015.0,21
Antwerp,51.2194,4.4025,2019-08-19T11:00,19.2,58,0.1,24.3,241,1015.4,36
Antwerp,51.2194,4.4025,2019-08-19T12:00,19.7,54,0.1,26.4,242,1015.5,46
Antwerp,51.2194,4.4025,2019-08-19T13:00,19.5,58,0.3,22.3,239,1016.3,59
Antwerp,51.2194,4.4025,2019-08-19T14:00,19.8,54,0.0,22.2,241,1016.7,50
Antwerp,51.2194,4.4025,2019-08-19T15:00,19.9,53,0.0,23.0,238,1016.7,50
Antwerp,51.2194,4.4025,2019-08-19T16:00,19.9,53,0.1,22.1,240,1016.8,35
Antwerp,51.2194,4.4025,2019-08-19T17:00,19.7,52,0.0,22.2,243,1017.2,41
Antwerp,51.2194,4.4025,2019-08-19T18:00,19.0,57,0.0,18.2,240,1017.4,35
Antwerp,51.2194,4.4025,2019-08-19T19:00,18.1,61,0.0,15.8,235,1017.6,20
Antwerp,51.2194,4.4025,2019-08-19T20:00,17.0,63,0.0,16.8,235,1017.9,12
Antwerp,51.2194,4.4025,2019-08-19T21:00,16.1,66,0.0,16.4,232,1018.4,9
Antwerp,51.2194,4.4025,2019-08-19T22:00,15.1,68,0.0,16.4,230,1018.7,1
Antwerp,51.2194,4.4025,2019-08-19T23:00,14.3,72,0.0,15.8,229,1019.1,2
Antwerp,51.2194,4.4025,2019-08-20T00:00,13.8,76,0.0,15.1,230,1019.5,2
Antwerp,51.2194,4.4025,2019-08-20T01:00,13.6,81,0.0,13.8,229,1020.0,1
Antwerp,51.2194,4.4025,2019-08-20T02:00,13.0,87,0.0,13.0,224,1020.3,0
Antwerp,51.2194,4.4025,2019-08-20T03:00,12.6,91,0.0,13.0,224,1020.3,1
Antwerp,51.2194,4.4025,2019-08-20T04:00,12.3,94,0.0,12.2,223,1020.4,3
Antwerp,51.2194,4.4025,2019-08-20T05:00,12.2,94,0.0,11.5,224,1020.5,15
Antwerp,51.2194,4.4025,2019-08-20T06:00,12.3,95,0.0,11.0,218,1020.8,24
Antwerp,51.2194,4.4025,2019-08-20T07:00,13.6,91,0.0,12.6,217,1021.3,27
Antwerp,51.2194,4.4025,2019-08-20T08:00,15.2,85,0.0,13.5,224,1021.9,30
Antwerp,51.2194,4.4025,2019-08-20T09:00,16.5,80,0.0,14.5,240,1021.7,24
Antwerp,51.2194,4.4025,2019-08-20T10:00,18.0,73,0.0,16.4,251,1022.1,33
Antwerp,51.2194,4.4025,2019-08-20T11:00,18.5,67,0.1,17.1,255,1022.5,36
Antwerp,51.2194,4.4025,2019-08-20T12:00,19.1,59,0.1,18.2,261,1022.5,40
Antwerp,51.2194,4.4025,2019-08-20T13:00,19.4,61,0.0,16.6,265,1022.8,39
Antwerp,51.2194,4.4025,2019-08-20T14:00,19.9,54,0.0,16.2,266,1023.0,27
Antwerp,51.2194,4.4025,2019-08-20T15:00,20.0,52,0.0,16.7,264,1023.2,30
Antwerp,51.2194,4.4025,2019-08-20T16:00,19.8,52,0.0,15.8,270,1023.5,35
Antwerp,51.2194,4.4025,2019-08-20T17:00,19.2,54,0.0,14.3,280,1024.1,34
Antwerp,51.2194,4.4025,2019-08-20T18:00,18.4,58,0.0,12.8,286,1024.4,28
Antwerp,51.2194,4.4025,2019-08-20T19:00,17.4,64,0.0,10.1,297,1024.8,31
Antwerp,51.2194,4.4025,2019-08-20T20:00,15.6,72,0.0,6.3,283,1025.5,27
Antwerp,51.2194,4.4025,2019-08-20T21:00,14.6,76,0.0,6.8,267,1025.9,16
Antwerp,51.2194,4.4025,2019-08-20T22:00,13.3,83,0.0,6.1,270,1026.2,13
Antwerp,51.2194,4.4025,2019-08-20T23:00,12.4,88,0.0,7.0,258,1026.6,7
Antwerp,51.2194,4.4025,2019-08-21T00:00,12.3,88,0.0,6.6,248,1026.9,3
Antwerp,51.2194,4.4025,2019-08-21T01:00,12.1,89,0.0,6.9,231,1027.4,2
Antwerp,51.2194,4.4025,2019-08-21T02:00,10.9,92,0.0,6.1,220,1027.3,2
Antwerp,51.2194,4.4025,2019-08-21T03:00,9.8,94,0.0,8.7,218,1027.5,0
Antwerp,51.2194,4.4025,2019-08-21T04:00,9.4,94,0.0,8.4,200,1027.6,0
Antwerp,51.2194,4.4025,2019-08-21T05:00,9.1,95,0.0,8.6,195,1027.8,0
Antwerp,51.2194,4.4025,2019-08-21T06:00,9.4,95,0.0,6.8,198,1027.9,0
Antwerp,51.2194,4.4025,2019-08-21T07:00,11.7,89,0.0,6.6,193,1028.2,0
Antwerp,51.2194,4.4025,2019-08-21T08:00,13.9,83,0.0,5.2,196,1028.6,0
Antwerp,51.2194,4.4025,2019-08-21T09:00,16.2,76,0.0,5.5,203,1028.8,0
Antwerp,51.2194,4.4025,2019-08-21T10:00,18.1,67,0.0,6.5,199,1028.8,0
Antwerp,51.2194,4.4025,2019-08-21T11:00,19.5,58,0.0,7.5,197,1028.7,90
Antwerp,51.2194,4.4025,2019-08-21T12:00,20.4,51,0.0,5.2,192,1028.5,98
Antwerp,51.2194,4.4025,2019-08-21T13:00,21.0,48,0.0,6.5,186,1027.9,97
Antwerp,51.2194,4.4025,2019-08-21T14:00,21.4,48,0.0,3.2,180,1027.5,93
Antwerp,51.2194,4.4025,2019-08-21T15:00,21.6,48,0.0,1.6,153,1027.4,89
Antwerp,51.2194,4.4025,2019-08-21T16:00,21.8,48,0.0,3.3,131,1026.9,88
Antwerp,51.2194,4.4025,2019-08-21T17:00,21.6,48,0.0,5.4,132,1026.5,54
Antwerp,51.2194,4.4025,2019-08-21T18:00,21.3,50,0.0,5.2,115,1026.2,0
Antwerp,51.2194,4.4025,2019-08-21T19:00,19.8,73,0.0,4.7,86,1026.1,0
Antwerp,51.2194,4.4025,2019-08-21T20:00,18.6,60,0.0,5.7,72,1026.1,0
Antwerp,51.2194,4.4025,2019-08-21T21:00,15.1,78,0.0,8.0,72,1026.2,0
Antwerp,51.2194,4.4025,2019-08-21T22:00,13.9,82,0.0,8.3,88,1026.2,0
Antwerp,51.2194,4.4025,2019-08-21T23:00,13.0,85,0.0,8.6,105,1026.3,0
Antwerp,51.2194,4.4025,2019-08-22T00:00,12.5,86,0.0,7.4,113,1026.3,0
Antwerp,51.2194,4.4025,2019-08-22T01:00,12.1,90,0.0,8.2,131,1025.9,0
Antwerp,51.2194,4.4025,2019-08-22T02:00,11.6,90,0.0,7.8,146,1025.5,0
Antwerp,51.2194,4.4025,2019-08-22T03:00,11.6,91,0.0,6.9,171,1025.3,0
Antwerp,51.2194,4.4025,2019-08-22T04:00,12.0,90,0.0,5.8,158,1025.0,4
Antwerp,51.2194,4.4025,2019-08-22T05:00,11.3,93,0.0,5.2,146,1024.9,91
Antwerp,51.2194,4.4025,2019-08-22T06:00,11.2,94,0.0,5.8,176,1025.0,73
Antwerp,51.2194,4.4025,2019-08-22T07:00,13.6,87,0.0,8.0,216,1025.2,1
Antwerp,51.2194,4.4025,2019-08-22T08:00,15.9,78,0.0,7.1,246,1025.3,8
Antwerp,51.2194,4.4025,2019-08-22T09:00,18.0,68,0.0,8.7,263,1025.7,6
Antwerp,51.2194,4.4025,2019-08-22T10:00,19.6,61,0.0,8.8,261,1025.7,17
Antwerp,51.2194,4.4025,2019-08-22T11:00,20.8,57,0.0,9.2,249,1025.7,46
Antwerp,51.2194,4.4025,2019-08-22T12:00,21.7,55,0.0,10.6,242,1025.5,4
Antwerp,51.2194,4.4025,2019-08-22T13:00,22.7,50,0.0,10.2,247,1025.7,0
Antwerp,51.2194,4.4025,2019-08-22T14:00,23.0,47,0.0,9.8,246,1025.5,0
Antwerp,51.2194,4.4025,2019-08-22T15:00,23.2,46,0.0,9.8,246,1025.0,0
Antwerp,51.2194,4.4025,2019-08-22T16:00,23.2,45,0.0,9.2,249,1024.8,0
Antwerp,51.2194,4.4025,2019-08-22T17:00,23.0,45,0.0,9.5,261,1024.9,0
Antwerp,51.2194,4.4025,2019-08-22T18:00,22.5,48,0.0,8.0,265,1024.5,0
Antwerp,51.2194,4.4025,2019-08-22T19:00,20.4,60,0.0,7.9,321,1024.9,0
Antwerp,51.2194,4.4025,2019-08-22T20:00,17.5,73,0.0,10.9,352,1025.5,0
Antwerp,51.2194,4.4025,2019-08-22T21:00,14.8,86,0.0,8.8,351,1025.8,0
Antwerp,51.2194,4.4025,2019-08-22T22:00,14.0,87,0.0,8.8,325,1025.9,0
Antwerp,51.2194,4.4025,2019-08-22T23:00,13.6,86,0.0,8.0,324,1026.1,0
Antwerp,51.2194,4.4025,2019-08-23T00:00,14.9,77,0.0,5.4,323,1026.1,0
Antwerp,51.2194,4.4025,2019-08-23T01:00,14.9,79,0.0,5.5,247,1026.3,0
Antwerp,51.2194,4.4025,2019-08-23T02:00,14.1,84,0.0,4.7,203,1026.3,0
Antwerp,51.2194,4.4025,2019-08-23T03:00,12.2,92,0.0,5.1,172,1026.1,0
Antwerp,51.2194,4.4025,2019-08-23T04:00,13.1,93,0.0,4.7,189,1026.0,0
Antwerp,51.2194,4.4025,2019-08-23T05:00,12.4,96,0.0,5.8,176,1026.1,3
Antwerp,51.2194,4.4025,2019-08-23T06:00,11.4,99,0.0,6.6,171,1026.1,7
Antwerp,51.2194,4.4025,2019-08-23T07:00,13.2,96,0.0,4.9,144,1025.9,51
Antwerp,51.2194,4.4025,2019-08-23T08:00,15.8,85,0.0,3.3,131,1026.1,92
Antwerp,51.2194,4.4025,2019-08-23T09:00,18.1,73,0.0,3.9,124,1026.1,96
Antwerp,51.2194,4.4025,2019-08-23T10:00,20.1,65,0.0,3.7,119,1026.0,92
Antwerp,51.2194,4.4025,2019-08-23T11:00,21.8,58,0.0,4.1,128,1026.1,74
Antwerp,51.2194,4.4025,2019-08-23T12:00,23.0,52,0.0,3.6,135,1025.7,74
Antwerp,51.2194,4.4025,2019-08-23T13:00,24.1,48,0.0,2.7,113,1025.3,92
Antwerp,51.2194,4.4025,2019-08-23T14:00,25.0,47,0.0,3.7,79,1025.0,97
Antwerp,51.2194,4.4025,2019-08-23T15:00,25.5,46,0.0,5.4,70,1024.4,98
Antwerp,51.2194,4.4025,2019-08-23T16:00,25.6,46,0.0,6.8,65,1023.8,98
Antwerp,51.2194,4.4025,2019-08-23T17:00,25.4,48,0.0,8.7,60,1023.6,96
Antwerp,51.2194,4.4025,2019-08-23T18:00,24.5,54,0.0,8.4,47,1023.2,99
Antwerp,51.2194,4.4025,2019-08-23T19:00,22.8,60,0.0,9.9,44,1022.8,89
Antwerp,51.2194,4.4025,2019-08-23T20:00,21.1,63,0.0,12.8,50,1022.9,22
Antwerp,51.2194,4.4025,2019-08-23T21:00,20.0,66,0.0,13.5,56,1022.9,0
Antwerp,51.2194,4.4025,2019-08-23T22:00,19.1,66,0.0,13.0,66,1022.7,0
Antwerp,51.2194,4.4025,2019-08-23T23:00,18.4,66,0.0,12.2,76,1022.6,0
Antwerp,51.2194,4.4025,2019-08-24T00:00,17.6,68,0.0,11.3,81,1022.4,0
Antwerp,51.2194,4.4025,2019-08-24T01:00,17.0,69,0.0,10.1,86,1022.4,0
Antwerp,51.2194,4.4025,2019-08-24T02:00,16.2,72,0.0,9.4,90,1021.9,0
Antwerp,51.2194,4.4025,2019-08-24T03:00,15.4,75,0.0,9.0,92,1021.6,0
Antwerp,51.2194,4.4025,2019-08-24T04:00,14.9,79,0.0,8.8,99,1021.5,0
Antwerp,51.2194,4.4025,2019-08-24T05:00,14.2,83,0.0,8.1,103,1021.3,0
Antwerp,51.2194,4.4025,2019-08-24T06:00,13.9,85,0.0,8.5,102,1021.1,0
Antwerp,51.2194,4.4025,2019-08-24T07:00,15.4,81,0.0,10.5,106,1021.0,0
Antwerp,51.2194,4.4025,2019-08-24T08:00,17.9,74,0.0,7.6,109,1021.0,0
Antwerp,51.2194,4.4025,2019-08-24T09:00,20.5,67,0.0,6.0,115,1021.0,0
Antwerp,51.2194,4.4025,2019-08-24T10:00,23.1,60,0.0,5.5,113,1020.8,0
Antwerp,51.2194,4.4025,2019-08-24T11:00,25.2,53,0.0,5.3,118,1020.8,0
Antwerp,51.2194,4.4025,2019-08-24T12:00,26.9,46,0.0,5.5,122,1020.3,0
Antwerp,51.2194,4.4025,2019-08-24T13:00,28.2,37,0.0,8.9,133,1019.9,0
Antwerp,51.2194,4.4025,2019-08-24T14:00,28.6,35,0.0,8.7,132,1019.7,9
Antwerp,51.2194,4.4025,2019-08-24T15:00,28.8,35,0.0,8.2,131,1019.2,53
Antwerp,51.2194,4.4025,2019-08-24T16:00,28.6,38,0.0,7.6,135,1018.7,71
Antwerp,51.2194,4.4025,2019-08-24T17:00,28.4,40,0.0,6.7,144,1018.5,78
Antwerp,51.2194,4.4025,2019-08-24T18:00,27.8,47,0.0,4.8,153,1018.4,30
Antwerp,51.2194,4.4025,2019-08-24T19:00,24.9,70,0.0,7.4,157,1018.0,21
Antwerp,51.2194,4.4025,2019-08-24T20:00,25.9,48,0.0,5.2,106,1018.0,48
Antwerp,51.2194,4.4025,2019-08-24T21:00,24.3,53,0.0,5.1,51,1018.1,79
Antwerp,51.2194,4.4025,2019-08-24T22:00,20.6,69,0.0,5.7,55,1018.1,53
Antwerp,51.2194,4.4025,2019-08-24T23:00,19.4,76,0.0,7.7,79,1018.2,3
Antwerp,51.2194,4.4025,2019-08-25T00:00,18.5,77,0.0,6.9,96,1018.2,10
Antwerp,51.2194,4.4025,2019-08-25T01:00,17.5,81,0.0,6.9,84,1017.9,31
Antwerp,51.2194,4.4025,2019-08-25T02:00,16.8,81,0.0,6.5,124,1018.0,85
Antwerp,51.2194,4.4025,2019-08-25T03:00,15.2,88,0.0,8.7,107,1017.9,73
Antwerp,51.2194,4.4025,2019-08-25T04:00,15.2,87,0.0,5.4,98,1017.8,78
Antwerp,51.2194,4.4025,2019-08-25T05:00,14.6,89,0.0,5.5,113,1017.9,54
Antwerp,51.2194,4.4025,2019-08-25T06:00,14.4,91,0.0,5.6,117,1017.6,40
Antwerp,51.2194,4.4025,2019-08-25T07:00,16.2,84,0.0,7.7,127,1018.0,15
Antwerp,51.2194,4.4025,2019-08-25T08:00,19.0,76,0.0,5.2,124,1018.5,49
Antwerp,51.2194,4.4025,2019-08-25T09:00,21.9,68,0.0,3.9,124,1018.8,69
Antwerp,51.2194,4.4025,2019-08-25T10:00,24.7,60,0.0,3.3,139,1018.9,71
Antwerp,51.2194,4.4025,2019-08-25T11:00,26.8,53,0.0,2.5,172,1018.9,62
Antwerp,51.2194,4.4025,2019-08-25T12:00,28.3,47,0.0,3.3,193,1018.7,67
Antwerp,51.2194,4.4025,2019-08-25T13:00,29.2,35,0.0,5.5,169,1018.7,59
Antwerp,51.2194,4.4025,2019-08-25T14:00,29.5,34,0.0,4.7,171,1018.6,75
Antwerp,51.2194,4.4025,2019-08-25T15:00,29.6,34,0.0,3.2,180,1018.5,79
Antwerp,51.2194,4.4025,2019-08-25T16:00,29.6,33,0.0,2.3,198,1018.3,72
Antwerp,51.2194,4.4025,2019-08-25T17:00,29.5,33,0.0,1.8,233,1018.3,77
Antwerp,51.2194,4.4025,2019-08-25T18:00,29.1,37,0.0,3.6,276,1018.3,71
Antwerp,51.2194,4.4025,2019-08-25T19:00,26.8,57,0.0,3.8,319,1018.2,2
Antwerp,51.2194,4.4025,2019-08-25T20:00,24.4,58,0.0,5.6,15,1018.5,0
Antwerp,51.2194,4.4025,2019-08-25T21:00,22.1,66,0.0,6.8,18,1019.0,1
Antwerp,51.2194,4.4025,2019-08-25T22:00,22.4,61,0.0,10.6,55,1019.0,6
Antwerp,51.2194,4.4025,2019-08-25T23:00,22.1,61,0.0,10.4,76,1019.2,0
Antwerp,51.2194,4.4025,2019-08-26T00:00,21.1,67,0.0,8.7,83,1019.2,0
Antwerp,51.2194,4.4025,2019-08-26T01:00,19.0,70,0.0,6.8,72,1019.2,0
Antwerp,51.2194,4.4025,2019-08-26T02:00,18.0,74,0.0,8.8,81,1019.1,1
Antwerp,51.2194,4.4025,2019-08-26T03:00,17.4,75,0.0,8.4,59,1018.7,1
Antwerp,51.2194,4.4025,2019-08-26T04:00,17.6,70,0.0,6.0,57,1018.6,2
Antwerp,51.2194,4.4025,2019-08-26T05:00,17.4,72,0.0,6.2,54,1018.6,2
Antwerp,51.2194,4.4025,2019-08-26T06:00,16.8,76,0.0,6.3,59,1018.4,1
Antwerp,51.2194,4.4025,2019-08-26T07:00,18.5,72,0.0,7.1,75,1018.5,0
Antwerp,51.2194,4.4025,2019-08-26T08:00,21.0,67,0.0,3.6,96,1018.6,0
Antwerp,51.2194,4.4025,2019-08-26T09:00,23.4,62,0.0,2.7,113,1018.8,2
Antwerp,51.2194,4.4025,2019-08-26T10:00,25.5,58,0.0,2.3,108,1018.9,18
Antwerp,51.2194,4.4025,2019-08-26T11:00,27.4,54,0.0,2.9,83,1018.9,14
Antwerp,51.2194,4.4025,2019-08-26T12:00,28.9,50,0.0,3.6,90,1018.2,22
Antwerp,51.2194,4.4025,2019-08-26T13:00,30.0,46,0.0,8.0,82,1017.9,30
Antwerp,51.2194,4.4025,2019-08-26T14:00,30.0,45,0.0,8.5,102,1017.7,29
Antwerp,51.2194,4.4025,2019-08-26T15:00,30.0,45,0.0,5.4,98,1017.0,26
Antwerp,51.2194,4.4025,2019-08-26T16:00,30.0,46,0.0,3.4,72,1016.6,20
Antwerp,51.2194,4.4025,2019-08-26T17:00,29.9,46,0.0,3.8,41,1016.3,13
Antwerp,51.2194,4.4025,2019-08-26T18:00,29.5,49,0.0,5.0,30,1016.1,5
Antwerp,51.2194,4.4025,2019-08-26T19:00,27.7,57,0.0,6.9,39,1015.9,6
Antwerp,51.2194,4.4025,2019-08-26T20:00,25.5,64,0.0,9.5,53,1016.1,5
Antwerp,51.2194,4.4025,2019-08-26T21:00,23.9,71,0.0,6.4,74,1016.5,4
Antwerp,51.2194,4.4025,2019-08-26T22:00,22.1,81,0.0,5.9,47,1016.3,3
Antwerp,51.2194,4.4025,2019-08-26T23:00,21.8,82,0.0,6.1,50,1016.5,3
Antwerp,51.2194,4.4025,2019-08-27T00:00,21.0,85,0.0,5.5,67,1016.1,2
Antwerp,51.2194,4.4025,2019-08-27T01:00,21.2,86,0.0,6.6,29,1016.1,1
Antwerp,51.2194,4.4025,2019-08-27T02:00,21.4,83,0.0,9.2,59,1016.0,4
Antwerp,51.2194,4.4025,2019-08-27T03:00,19.9,88,0.0,8.2,75,1015.7,2
Antwerp,51.2194,4.4025,2019-08-27T04:00,20.1,85,0.0,7.0,78,1015.4,1
Antwerp,51.2194,4.4025,2019-08-27T05:00,20.1,84,0.0,9.0,85,1015.1,0
Antwerp,51.2194,4.4025,2019-08-27T06:00,19.7,87,0.0,7.6,90,1014.9,1
Antwerp,51.2194,4.4025,2019-08-27T07:00,20.5,85,0.0,6.6,151,1015.1,2
Antwerp,51.2194,4.4025,2019-08-27T08:00,22.4,78,0.0,4.3,132,1015.4,1
Antwerp,51.2194,4.4025,2019-08-27T09:00,24.6,71,0.0,5.8,150,1015.6,1
Antwerp,51.2194,4.4025,2019-08-27T10:00,26.9,64,0.0,3.8,131,1015.5,0
Antwerp,51.2194,4.4025,2019-08-27T11:00,29.0,56,0.0,3.3,103,1015.3,0
Antwerp,51.2194,4.4025,2019-08-27T12:00,30.8,49,0.0,5.2,102,1014.7,0
Antwerp,51.2194,4.4025,2019-08-27T13:00,31.1,42,0.0,4.9,144,1014.3,45
Antwerp,51.2194,4.4025,2019-08-27T14:00,31.8,37,0.0,9.4,184,1013.7,46
Antwerp,51.2194,4.4025,2019-08-27T15:00,31.6,34,0.0,10.4,200,1013.4,42
Antwerp,51.2194,4.4025,2019-08-27T16:00,31.5,33,0.0,6.9,231,1013.1,34
Antwerp,51.2194,4.4025,2019-08-27T17:00,31.5,32,0.0,9.9,237,1012.7,43
Antwerp,51.2194,4.4025,2019-08-27T18:00,30.2,38,0.0,9.0,217,1012.9,64
Antwerp,51.2194,4.4025,2019-08-27T19:00,27.9,48,0.0,5.8,210,1012.8,92
Antwerp,51.2194,4.4025,2019-08-27T20:00,25.7,55,0.0,8.9,207,1013.2,92
Antwerp,51.2194,4.4025,2019-08-27T21:00,25.3,53,0.0,7.2,198,1013.3,95
Antwerp,51.2194,4.4025,2019-08-27T22:00,23.1,61,0.0,9.4,182,1013.1,82
Antwerp,51.2194,4.4025,2019-08-27T23:00,22.9,60,0.0,7.1,156,1013.1,64
Antwerp,51.2194,4.4025,2019-08-28T00:00,22.0,64,0.0,7.1,165,1013.0,41
Antwerp,51.2194,4.4025,2019-08-28T01:00,22.7,56,0.0,10.8,201,1012.9,13
Antwerp,51.2194,4.4025,2019-08-28T02:00,21.5,61,0.0,10.7,213,1012.9,2
Antwerp,51.2194,4.4025,2019-08-28T03:00,20.8,66,0.0,9.5,217,1012.7,1
Antwerp,51.2194,4.4025,2019-08-28T04:00,20.0,72,0.0,9.4,227,1012.6,1
Antwerp,51.2194,4.4025,2019-08-28T05:00,19.7,76,0.0,11.1,241,1013.0,26
Antwerp,51.2194,4.4025,2019-08-28T06:00,19.5,78,0.0,12.2,227,1013.5,73
Antwerp,51.2194,4.4025,2019-08-28T07:00,20.5,70,0.0,10.7,250,1013.7,60
Antwerp,51.2194,4.4025,2019-08-28T08:00,21.9,62,0.0,9.6,257,1013.7,66
Antwerp,51.2194,4.4025,2019-08-28T09:00,23.0,57,0.0,9.8,253,1013.8,62
Antwerp,51.2194,4.4025,2019-08-28T10:00,23.8,55,0.0,11.8,243,1014.2,98
Antwerp,51.2194,4.4025,2019-08-28T11:00,24.7,53,0.0,12.2,256,1014.7,100
Antwerp,51.2194,4.4025,2019-08-28T12:00,25.6,52,0.0,10.7,258,1014.5,99
Antwerp,51.2194,4.4025,2019-08-28T13:00,26.9,55,0.0,13.2,241,1014.4,98
Antwerp,51.2194,4.4025,2019-08-28T14:00,27.8,52,0.0,13.2,235,1014.1,94
Antwerp,51.2194,4.4025,2019-08-28T15:00,28.1,50,0.0,13.8,229,1013.7,99
Antwerp,51.2194,4.4025,2019-08-28T16:00,28.5,46,0.0,14.8,231,1013.5,97
Antwerp,51.2194,4.4025,2019-08-28T17:00,26.5,54,0.0,13.3,267,1014.0,99
Antwerp,51.2194,4.4025,2019-08-28T18:00,25.0,65,0.0,9.5,323,1014.0,99
Antwerp,51.2194,4.4025,2019-08-28T19:00,23.1,72,0.2,13.3,327,1014.3,98
Antwerp,51.2194,4.4025,2019-08-28T20:00,21.4,79,0.0,10.0,311,1015.0,99
Antwerp,51.2194,4.4025,2019-08-28T21:00,20.7,85,0.6,9.5,281,1015.4,94
Antwerp,51.2194,4.4025,2019-08-28T22:00,20.3,86,0.3,10.8,244,1015.4,68
Antwerp,51.2194,4.4025,2019-08-28T23:00,19.4,83,0.1,9.2,249,1016.0,60
Antwerp,51.2194,4.4025,2019-08-29T00:00,18.6,85,0.0,5.9,256,1016.3,94
Antwerp,51.2194,4.4025,2019-08-29T01:00,18.5,87,0.0,7.8,283,1016.7,96
Antwerp,51.2194,4.4025,2019-08-29T02:00,18.1,90,0.0,5.6,230,1016.6,74
Antwerp,51.2194,4.4025,2019-08-29T03:00,18.0,91,0.0,10.0,229,1016.6,37
Antwerp,51.2194,4.4025,2019-08-29T04:00,17.7,88,0.0,11.8,243,1016.6,67
Antwerp,51.2194,4.4025,2019-08-29T05:00,17.6,87,0.0,11.4,246,1017.0,100
Antwerp,51.2194,4.4025,2019-08-29T06:00,17.9,86,0.0,10.4,250,1017.2,100
Antwerp,51.2194,4.4025,2019-08-29T07:00,18.1,86,0.0,9.3,242,1017.8,99
Antwerp,51.2194,4.4025,2019-08-29T08:00,18.9,82,0.0,9.4,227,1018.4,100
Antwerp,51.2194,4.4025,2019-08-29T09:00,19.8,77,0.0,13.8,227,1018.4,78
Antwerp,51.2194,4.4025,2019-08-29T10:00,20.9,68,0.0,16.9,236,1019.1,85
Antwerp,51.2194,4.4025,2019-08-29T11:00,21.5,59,0.0,17.1,240,1019.5,89
Antwerp,51.2194,4.4025,2019-08-29T12:00,21.7,57,0.0,17.7,243,1019.5,84
Antwerp,51.2194,4.4025,2019-08-29T13:00,21.6,60,0.0,16.6,246,1020.5,67
Antwerp,51.2194,4.4025,2019-08-29T14:00,22.4,54,0.0,16.3,239,1020.6,28
Antwerp,51.2194,4.4025,2019-08-29T15:00,21.8,54,0.0,17.1,263,1020.3,100
Antwerp,51.2194,4.4025,2019-08-29T16:00,20.6,65,0.0,16.7,295,1020.6,81
Antwerp,51.2194,4.4025,2019-08-29T17:00,20.6,61,0.0,14.2,291,1020.7,8
Antwerp,51.2194,4.4025,2019-08-29T18:00,19.9,64,0.0,13.0,304,1020.9,8
Antwerp,51.2194,4.4025,2019-08-29T19:00,18.5,70,0.0,10.0,330,1021.4,1
Antwerp,51.2194,4.4025,2019-08-29T20:00,16.6,75,0.0,7.1,330,1021.6,1
Antwerp,51.2194,4.4025,2019-08-29T21:00,14.9,84,0.0,6.9,317,1022.0,0
Antwerp,51.2194,4.4025,2019-08-29T22:00,15.0,81,0.0,5.2,254,1022.0,0
Antwerp,51.2194,4.4025,2019-08-29T23:00,13.4,90,0.0,7.4,219,1022.4,0
Antwerp,51.2194,4.4025,2019-08-30T00:00,13.1,93,0.0,7.9,223,1022.5,0
Antwerp,51.2194,4.4025,2019-08-30T01:00,12.8,91,0.0,7.9,246,1022.8,0
Antwerp,51.2194,4.4025,2019-08-30T02:00,11.6,93,0.0,9.1,261,1022.9,0
Antwerp,51.2194,4.4025,2019-08-30T03:00,11.1,94,0.0,9.1,236,1023.0,9
Antwerp,51.2194,4.4025,2019-08-30T04:00,11.7,93,0.0,6.1,220,1023.0,34
Antwerp,51.2194,4.4025,2019-08-30T05:00,11.6,93,0.0,7.4,223,1023.0,13
Antwerp,51.2194,4.4025,2019-08-30T06:00,11.4,94,0.0,7.6,225,1023.3,21
Antwerp,51.2194,4.4025,2019-08-30T07:00,12.8,90,0.0,9.6,236,1023.6,53
Antwerp,51.2194,4.4025,2019-08-30T08:00,14.9,84,0.0,8.1,225,1023.6,35
Antwerp,51.2194,4.4025,2019-08-30T09:00,17.1,78,0.0,8.4,227,1023.7,55
Antwerp,51.2194,4.4025,2019-08-30T10:00,18.9,70,0.0,10.6,242,1023.7,60
Antwerp,51.2194,4.4025,2019-08-30T11:00,20.0,63,0.0,10.6,235,1023.8,52
Antwerp,51.2194,4.4025,2019-08-30T12:00,21.3,55,0.0,10.6,242,1023.3,71
Antwerp,51.2194,4.4025,2019-08-30T13:00,21.8,52,0.0,9.0,217,1023.0,40
Antwerp,51.2194,4.4025,2019-08-30T14:00,22.4,50,0.0,7.9,227,1022.7,91
Antwerp,51.2194,4.4025,2019-08-30T15:00,22.7,48,0.0,7.4,231,1022.2,91
Antwerp,51.2194,4.4025,2019-08-30T16:00,22.8,48,0.0,6.9,227,1021.7,94
Antwerp,51.2194,4.4025,2019-08-30T17:00,22.6,49,0.0,6.0,213,1021.2,96
Antwerp,51.2194,4.4025,2019-08-30T18:00,22.0,55,0.0,4.0,207,1020.7,98
Antwerp,51.2194,4.4025,2019-08-30T19:00,21.0,61,0.0,3.9,214,1020.6,93
Antwerp,51.2194,4.4025,2019-08-30T20:00,19.8,62,0.0,3.8,139,1020.8,0
Antwerp,51.2194,4.4025,2019-08-30T21:00,16.2,78,0.0,8.2,142,1020.5,0
Antwerp,51.2194,4.4025,2019-08-30T22:00,15.9,77,0.0,9.0,164,1020.5,0
Antwerp,51.2194,4.4025,2019-08-30T23:00,16.6,72,0.0,7.2,186,1020.1,0
Antwerp,51.2194,4.4025,2019-08-31T00:00,14.2,82,0.0,8.2,157,1019.6,0
Antwerp,51.2194,4.4025,2019-08-31T01:00,13.7,86,0.0,8.2,139,1019.3,0
Antwerp,51.2194,4.4025,2019-08-31T02:00,13.0,87,0.0,8.2,139,1018.4,0
Antwerp,51.2194,4.4025,2019-08-31T03:00,12.2,88,0.0,9.2,132,1017.5,0
Antwerp,51.2194,4.4025,2019-08-31T04:00,11.5,91,0.0,8.9,137,1016.8,0
Antwerp,51.2194,4.4025,2019-08-31T05:00,11.1,92,0.0,9.0,143,1016.2,11
Antwerp,51.2194,4.4025,2019-08-31T06:00,10.9,93,0.0,9.3,152,1015.7,3
Antwerp,51.2194,4.4025,2019-08-31T07:00,13.8,85,0.0,6.3,156,1015.5,10
Antwerp,51.2194,4.4025,2019-08-31T08:00,16.7,73,0.0,6.3,156,1015.2,7
Antwerp,51.2194,4.4025,2019-08-31T09:00,19.8,63,0.0,7.3,147,1014.6,10
Antwerp,51.2194,4.4025,2019-08-31T10:00,22.1,55,0.0,9.0,151,1014.2,8
Antwerp,51.2194,4.4025,2019-08-31T11:00,24.1,47,0.0,9.5,155,1013.5,6
Antwerp,51.2194,4.4025,2019-08-31T12:00,25.7,43,0.0,8.9,153,1012.5,49
Antwerp,51.2194,4.4025,2019-08-31T13:00,27.1,39,0.0,6.4,164,1011.5,39
Antwerp,51.2194,4.4025,2019-08-31T14:00,28.1,41,0.0,10.8,150,1010.4,17
Antwerp,51.2194,4.4025,2019-08-31T15:00,27.8,47,0.0,12.8,170,1009.3,61
Antwerp,51.2194,4.4025,2019-08-31T16:00,27.9,49,0.0,9.4,182,1008.2,65
Antwerp,51.2194,4.4025,2019-08-31T17:00,27.6,50,0.0,3.0,284,1007.8,85
Antwerp,51.2194,4.4025,2019-08-31T18:00,25.5,57,0.0,19.8,289,1008.4,87
Antwerp,51.2194,4.4025,2019-08-31T19:00,21.0,64,0.0,20.9,299,1009.6,74
Antwerp,51.2194,4.4025,2019-08-31T20:00,19.8,68,0.0,19.0,280,1010.4,39
Antwerp,51.2194,4.4025,2019-08-31T21:00,18.4,66,0.0,18.4,270,1010.9,95
Antwerp,51.2194,4.4025,2019-08-31T22:00,17.6,72,0.0,17.3,270,1011.0,98
Antwerp,51.2194,4.4025,2019-08-31T23:00,16.9,81,0.0,15.1,270,1011.6,98
Antwerp,51.2194,4.4025,2019-09-01T00:00,16.5,86,0.0,12.1,258,1011.6,95
Antwerp,51.2194,4.4025,2019-09-01T01:00,16.3,89,0.0,10.5,248,1012.1,43
Antwerp,51.2194,4.4025,2019-09-01T02:00,16.9,86,0.0,11.1,241,1012.4,100
Antwerp,51.2194,4.4025,2019-09-01T03:00,17.0,86,0.0,10.6,252,1012.3,100
Antwerp,51.2194,4.4025,2019-09-01T04:00,16.2,85,0.0,10.5,276,1012.5,100
Antwerp,51.2194,4.4025,2019-09-01T05:00,15.9,81,0.0,11.7,304,1013.0,99
Antwerp,51.2194,4.4025,2019-09-01T06:00,15.4,85,0.0,9.1,304,1013.2,99
Antwerp,51.2194,4.4025,2019-09-01T07:00,15.7,83,0.0,8.2,293,1013.7,100
Antwerp,51.2194,4.4025,2019-09-01T08:00,16.5,77,0.0,7.9,286,1014.4,100
Antwerp,51.2194,4.4025,2019-09-01T09:00,17.1,69,0.1,8.9,291,1015.1,100
Antwerp,51.2194,4.4025,2019-09-01T10:00,17.5,62,0.0,10.5,297,1015.5,100
Antwerp,51.2194,4.4025,2019-09-01T11:00,18.6,54,0.0,11.1,295,1016.1,97
Antwerp,51.2194,4.4025,2019-09-01T12:00,19.5,48,0.0,12.1,287,1016.0,36
Antwerp,51.2194,4.4025,2019-09-01T13:00,19.9,46,0.0,15.3,289,1016.6,50
Antwerp,51.2194,4.4025,2019-09-01T14:00,19.7,46,0.0,16.1,290,1016.8,59
Antwerp,51.2194,4.4025,2019-09-01T15:00,19.3,47,0.0,15.5,288,1017.0,56
Antwerp,51.2194,4.4025,2019-09-01T16:00,18.9,48,0.0,15.0,287,1017.2,45
Antwerp,51.2194,4.4025,2019-09-01T17:00,18.5,50,0.0,14.6,290,1017.4,38
Antwerp,51.2194,4.4025,2019-09-01T18:00,17.9,51,0.0,12.9,297,1017.9,25
Antwerp,51.2194,4.4025,2019-09-01T19:00,16.8,56,0.0,9.9,303,1018.1,28
Antwerp,51.2194,4.4025,2019-09-01T20:00,15.3,63,0.0,8.9,297,1018.9,25
Antwerp,51.2194,4.4025,2019-09-01T21:00,14.3,68,0.0,6.8,288,1019.6,23
Antwerp,51.2194,4.4025,2019-09-01T22:00,13.3,74,0.0,5.5,281,1019.9,37
Antwerp,51.2194,4.4025,2019-09-01T23:00,13.0,76,0.0,5.4,262,1020.4,40
Ghent,51.0543,3.7174,2019-08-01T00:00,16.4,76,0.0,15.8,221,1016.4,56
Ghent,51.0543,3.7174,2019-08-01T01:00,16.5,81,0.0,15.1,220,1016.6,49
Ghent,51.0543,3.7174,2019-08-01T02:00,15.9,84,0.0,14.7,216,1016.8,58
Ghent,51.0543,3.7174,2019-08-01T03:00,15.4,88,0.0,14.2,210,1016.5,12
Ghent,51.0543,3.7174,2019-08-01T04:00,15.8,87,0.0,14.1,218,1016.2,39
Ghent,51.0543,3.7174,2019-08-01T05:00,16.4,87,0.0,14.3,225,1016.3,83
Ghent,51.0543,3.7174,2019-08-01T06:00,16.8,88,0.0,15.0,228,1016.4,100
Ghent,51.0543,3.7174,2019-08-01T07:00,17.5,86,0.0,17.7,237,1016.3,49
Ghent,51.0543,3.7174,2019-08-01T08:00,18.6,77,0.0,18.4,247,1016.5,52
Ghent,51.0543,3.7174,2019-08-01T09:00,19.9,69,0.0,16.9,250,1016.4,54
Ghent,51.0543,3.7174,2019-08-01T10:00,20.8,64,0.3,17.1,252,1016.6,44
Ghent,51.0543,3.7174,2019-08-01T11:00,21.5,62,0.3,16.7,256,1016.8,44
Ghent,51.0543,3.7174,2019-08-01T12:00,22.2,60,0.1,14.6,261,1016.7,59
Ghent,51.0543,3.7174,2019-08-01T13:00,23.0,59,0.1,14.8,264,1016.8,37
Ghent,51.0543,3.7174,2019-08-01T14:00,22.9,58,0.0,14.8,266,1016.9,41
Ghent,51.0543,3.7174,2019-08-01T15:00,22.6,57,0.2,15.2,277,1016.7,45
Ghent,51.0543,3.7174,2019-08-01T16:00,22.6,56,0.0,15.5,288,1016.5,43
Ghent,51.0543,3.7174,2019-08-01T17:00,22.1,58,0.0,14.7,301,1016.4,73
Ghent,51.0543,3.7174,2019-08-01T18:00,21.8,60,0.0,12.8,310,1016.4,87
Ghent,51.0543,3.7174,2019-08-01T19:00,21.0,61,0.0,10.2,315,1016.3,77
Ghent,51.0543,3.7174,2019-08-01T20:00,19.4,71,0.0,4.8,318,1016.7,44
Ghent,51.0543,3.7174,2019-08-01T21:00,17.0,84,0.0,7.1,330,1017.0,32
Ghent,51.0543,3.7174,2019-08-01T22:00,16.9,84,0.0,5.6,310,1017.1,39
Ghent,51.0543,3.7174,2019-08-01T23:00,15.1,92,0.0,7.8,304,1017.1,32
Ghent,51.0543,3.7174,2019-08-02T00:00,15.4,92,0.0,7.0,305,1016.7,42
Ghent,51.0543,3.7174,2019-08-02T01:00,15.6,92,0.0,7.2,273,1016.9,11
Ghent,51.0543,3.7174,2019-08-02T02:00,14.8,94,0.0,5.8,266,1016.8,10
Ghent,51.0543,3.7174,2019-08-02T03:00,14.6,95,0.0,6.1,270,1016.6,23
Ghent,51.0543,3.7174,2019-08-02T04:00,14.4,97,0.0,6.2,260,1016.6,5
Ghent,51.0543,3.7174,2019-08-02T05:00,14.2,97,0.0,6.2,249,1016.5,1
Ghent,51.0543,3.7174,2019-08-02T06:00,14.8,97,0.0,7.9,254,1016.3,13
Ghent,51.0543,3.7174,2019-08-02T07:00,16.8,92,0.0,8.0,260,1016.4,25
Ghent,51.0543,3.7174,2019-08-02T08:00,18.6,82,0.0,13.5,299,1016.5,27
Ghent,51.0543,3.7174,2019-08-02T09:00,19.4,79,0.3,15.1,303,1016.4,33
Ghent,51.0543,3.7174,2019-08-02T10:00,20.4,72,0.4,17.9,304,1016.5,29
Ghent,51.0543,3.7174,2019-08-02T11:00,20.9,71,0.5,19.5,309,1016.7,32
Ghent,51.0543,3.7174,2019-08-02T12:00,21.3,72,0.1,20.8,307,1016.5,46
Ghent,51.0543,3.7174,2019-08-02T13:00,21.0,76,0.0,19.1,306,1017.2,94
Ghent,51.0543,3.7174,2019-08-02T14:00,21.0,72,0.1,20.7,311,1017.2,62
Ghent,51.0543,3.7174,2019-08-02T15:00,21.5,72,0.1,20.7,319,1017.1,67
Ghent,51.0543,3.7174,2019-08-02T16:00,20.6,72,0.3,24.0,324,1017.0,30
Ghent,51.0543,3.7174,2019-08-02T17:00,20.6,70,0.1,24.6,328,1016.8,19
Ghent,51.0543,3.7174,2019-08-02T18:00,20.2,72,0.0,23.5,333,1016.9,28
Ghent,51.0543,3.7174,2019-08-02T19:00,19.5,75,0.0,20.6,335,1017.0,39
Ghent,51.0543,3.7174,2019-08-02T20:00,18.6,81,0.0,17.1,335,1017.3,28
Ghent,51.0543,3.7174,2019-08-02T21:00,17.8,88,0.0,14.0,331,1017.7,27
Ghent,51.0543,3.7174,2019-08-02T22:00,17.1,91,0.0,13.2,338,1017.9,28
Ghent,51.0543,3.7174,2019-08-02T23:00,16.6,94,0.0,11.4,332,1018.0,19
Ghent,51.0543,3.7174,2019-08-03T00:00,16.4,95,0.0,10.9,333,1018.0,12
Ghent,51.0543,3.7174,2019-08-03T01:00,16.1,95,0.0,8.5,332,1018.2,14
Ghent,51.0543,3.7174,2019-08-03T02:00,15.9,95,0.0,8.4,329,1018.2,16
Ghent,51.0543,3.7174,2019-08-03T03:00,15.8,96,0.0,8.9,339,1018.2,23
Ghent,51.0543,3.7174,2019-08-03T04:00,15.6,95,0.0,8.9,346,1018.0,31
Ghent,51.0543,3.7174,2019-08-03T05:00,15.4,95,0.0,7.8,338,1018.2,36
Ghent,51.0543,3.7174,2019-08-03T06:00,15.6,94,0.0,7.4,331,1018.5,26
Ghent,51.0543,3.7174,2019-08-03T07:00,17.0,87,0.0,5.8,338,1018.7,25
Ghent,51.0543,3.7174,2019-08-03T08:00,18.5,79,0.0,6.1,357,1018.8,37
Ghent,51.0543,3.7174,2019-08-03T09:00,19.9,69,0.0,8.5,12,1018.7,50
Ghent,51.0543,3.7174,2019-08-03T10:00,21.1,61,0.0,9.0,16,1018.6,100
Ghent,51.0543,3.7174,2019-08-03T11:00,21.2,64,0.2,9.8,17,1018.9,100
Ghent,51.0543,3.7174,2019-08-03T12:00,21.1,65,0.5,8.3,2,1019.0,72
Ghent,51.0543,3.7174,2019-08-03T13:00,20.2,70,0.4,9.7,31,1019.5,100
Ghent,51.0543,3.7174,2019-08-03T14:00,20.6,69,0.2,9.3,54,1019.5,100
Ghent,51.0543,3.7174,2019-08-03T15:00,21.4,64,0.0,5.4,90,1019.1,100
Ghent,51.0543,3.7174,2019-08-03T16:00,21.9,62,0.1,1.5,14,1018.8,100
Ghent,51.0543,3.7174,2019-08-03T17:00,21.9,60,0.1,6.1,3,1018.4,100
Ghent,51.0543,3.7174,2019-08-03T18:00,21.9,59,0.0,4.7,23,1018.2,100
Ghent,51.0543,3.7174,2019-08-03T19:00,21.4,62,0.0,5.3,28,1018.0,98
Ghent,51.0543,3.7174,2019-08-03T20:00,19.6,70,0.0,7.9,16,1017.9,98
Ghent,51.0543,3.7174,2019-08-03T21:00,17.9,77,0.0,7.3,20,1018.1,98
Ghent,51.0543,3.7174,2019-08-03T22:00,17.0,82,0.0,5.4,37,1018.1,99
Ghent,51.0543,3.7174,2019-08-03T23:00,16.5,85,0.0,6.8,58,1017.9,99
Ghent,51.0543,3.7174,2019-08-04T00:00,16.5,85,0.0,7.6,71,1017.6,99
Ghent,51.0543,3.7174,2019-08-04T01:00,16.7,85,0.0,8.7,85,1017.4,89
Ghent,51.0543,3.7174,2019-08-04T02:00,15.5,93,0.0,7.3,101,1017.3,33
Ghent,51.0543,3.7174,2019-08-04T03:00,15.1,94,0.0,5.8,120,1017.3,13
Ghent,51.0543,3.7174,2019-08-04T04:00,14.8,95,0.0,6.1,118,1017.1,23
Ghent,51.0543,3.7174,2019-08-04T05:00,14.6,95,0.0,6.9,118,1017.0,71
Ghent,51.0543,3.7174,2019-08-04T06:00,14.9,94,0.0,6.5,124,1016.8,15
Ghent,51.0543,3.7174,2019-08-04T07:00,16.9,86,0.0,6.5,109,1016.5,17
Ghent,51.0543,3.7174,2019-08-04T08:00,19.4,75,0.0,7.0,111,1016.5,10
Ghent,51.0543,3.7174,2019-08-04T09:00,21.4,65,0.0,8.9,117,1016.1,33
Ghent,51.0543,3.7174,2019-08-04T10:00,22.8,59,0.0,8.6,123,1015.7,96
Ghent,51.0543,3.7174,2019-08-04T11:00,23.9,54,0.0,7.7,131,1015.3,99
Ghent,51.0543,3.7174,2019-08-04T12:00,25.1,49,0.0,7.5,163,1014.8,90
Ghent,51.0543,3.7174,2019-08-04T13:00,25.9,47,0.0,8.2,142,1014.8,100
Ghent,51.0543,3.7174,2019-08-04T14:00,26.5,44,0.0,6.3,149,1014.1,100
Ghent,51.0543,3.7174,2019-08-04T15:00,26.6,42,0.0,2.9,173,1013.8,100
Ghent,51.0543,3.7174,2019-08-04T16:00,26.9,40,0.0,3.6,225,1013.3,100
Ghent,51.0543,3.7174,2019-08-04T17:00,27.0,40,0.0,6.1,220,1012.7,100
Ghent,51.0543,3.7174,2019-08-04T18:00,26.1,46,0.0,7.6,239,1012.5,99
Ghent,51.0543,3.7174,2019-08-04T19:00,24.5,62,0.0,3.2,243,1012.0,100
Ghent,51.0543,3.7174,2019-08-04T20:00,23.1,68,0.0,5.7,235,1012.0,100
Ghent,51.0543,3.7174,2019-08-04T21:00,23.7,59,0.0,3.7,169,1011.9,100
Ghent,51.0543,3.7174,2019-08-04T22:00,21.2,74,0.0,5.7,145,1011.6,100
Ghent,51.0543,3.7174,2019-08-04T23:00,20.5,76,0.0,6.0,197,1011.7,100
Ghent,51.0543,3.7174,2019-08-05T00:00,20.5,74,0.0,7.0,215,1011.6,100
Ghent,51.0543,3.7174,2019-08-05T01:00,19.2,78,0.1,5.9,137,1011.0,99
Ghent,51.0543,3.7174,2019-08-05T02:00,20.0,73,0.0,9.6,200,1010.9,82
Ghent,51.0543,3.7174,2019-08-05T03:00,19.2,75,0.0,13.4,246,1011.0,98
Ghent,51.0543,3.7174,2019-08-05T04:00,18.2,79,0.0,12.8,254,1011.0,98
Ghent,51.0543,3.7174,2019-08-05T05:00,17.9,80,0.0,14.2,254,1011.0,92
Ghent,51.0543,3.7174,2019-08-05T06:00,17.3,82,0.0,15.1,252,1011.2,30
Ghent,51.0543,3.7174,2019-08-05T07:00,17.7,81,0.0,16.4,251,1011.3,37
Ghent,51.0543,3.7174,2019-08-05T08:00,18.9,75,0.0,16.4,251,1011.3,74
Ghent,51.0543,3.7174,2019-08-05T09:00,20.0,68,0.0,17.4,252,1011.6,36
Ghent,51.0543,3.7174,2019-08-05T10:00,21.7,61,0.0,18.0,254,1011.6,55
Ghent,51.0543,3.7174,2019-08-05T11:00,22.9,57,0.0,17.2,250,1011.5,46
Ghent,51.0543,3.7174,2019-08-05T12:00,24.1,50,0.0,20.3,243,1011.2,71
Ghent,51.0543,3.7174,2019-08-05T13:00,25.2,46,0.0,18.0,241,1011.2,100
Ghent,51.0543,3.7174,2019-08-05T14:00,25.5,44,0.0,20.3,240,1010.8,100
Ghent,51.0543,3.7174,2019-08-05T15:00,25.0,47,0.0,19.6,244,1010.8,100
Ghent,51.0543,3.7174,2019-08-05T16:00,24.6,50,0.0,19.0,243,1010.7,100
Ghent,51.0543,3.7174,2019-08-05T17:00,22.9,61,0.0,21.1,262,1010.9,98
Ghent,51.0543,3.7174,2019-08-05T18:00,21.8,68,0.0,15.1,252,1010.6,62
Ghent,51.0543,3.7174,2019-08-05T19:00,22.0,69,0.2,12.3,238,1010.5,86
Ghent,51.0543,3.7174,2019-08-05T20:00,21.4,71,0.0,13.3,237,1010.5,89
Ghent,51.0543,3.7174,2019-08-05T21:00,20.5,75,0.1,17.6,242,1011.0,98
Ghent,51.0543,3.7174,2019-08-05T22:00,19.6,78,0.1,17.4,236,1011.0,90
Ghent,51.0543,3.7174,2019-08-05T23:00,18.4,75,0.0,16.6,240,1011.3,89
Ghent,51.0543,3.7174,2019-08-06T00:00,17.6,68,0.0,16.1,230,1011.1,55
Ghent,51.0543,3.7174,2019-08-06T01:00,16.8,74,0.0,14.4,238,1011.5,99
Ghent,51.0543,3.7174,2019-08-06T02:00,16.2,76,0.0,15.2,234,1011.6,98
Ghent,51.0543,3.7174,2019-08-06T03:00,15.6,80,0.0,14.8,229,1011.4,95
Ghent,51.0543,3.7174,2019-08-06T04:00,15.1,83,0.0,14.0,226,1011.2,76
Ghent,51.0543,3.7174,2019-08-06T05:00,14.5,86,0.0,14.0,226,1011.3,78
Ghent,51.0543,3.7174,2019-08-06T06:00,14.6,85,0.0,14.3,231,1011.3,80
Ghent,51.0543,3.7174,2019-08-06T07:00,16.1,78,0.0,14.1,232,1011.4,81
Ghent,51.0543,3.7174,2019-08-06T08:00,17.8,72,0.0,15.1,237,1011.3,95
Ghent,51.0543,3.7174,2019-08-06T09:00,19.2,69,0.0,15.9,237,1011.2,97
Ghent,51.0543,3.7174,2019-08-06T10:00,20.4,63,0.0,14.8,229,1011.1,99
Ghent,51.0543,3.7174,2019-08-06T11:00,21.2,58,0.0,16.3,227,1010.9,100
Ghent,51.0543,3.7174,2019-08-06T12:00,22.3,51,0.0,18.6,226,1010.6,100
Ghent,51.0543,3.7174,2019-08-06T13:00,22.4,53,0.0,15.9,219,1010.5,100
Ghent,51.0543,3.7174,2019-08-06T14:00,23.5,48,0.0,18.1,223,1010.0,100
Ghent,51.0543,3.7174,2019-08-06T15:00,23.2,49,0.0,19.2,236,1009.6,96
Ghent,51.0543,3.7174,2019-08-06T16:00,23.4,51,0.0,17.4,230,1008.8,100
Ghent,51.0543,3.7174,2019-08-06T17:00,22.9,55,0.0,13.0,222,1008.4,37
Ghent,51.0543,3.7174,2019-08-06T18:00,22.5,57,0.1,15.4,217,1007.8,79
Ghent,51.0543,3.7174,2019-08-06T19:00,22.0,60,0.1,13.3,221,1007.5,55
Ghent,51.0543,3.7174,2019-08-06T20:00,20.6,67,0.0,13.7,235,1007.6,88
Ghent,51.0543,3.7174,2019-08-06T21:00,19.7,71,0.0,11.9,245,1008.0,93
Ghent,51.0543,3.7174,2019-08-06T22:00,18.8,71,0.0,12.1,240,1008.2,96
Ghent,51.0543,3.7174,2019-08-06T23:00,17.7,73,0.0,11.8,232,1008.1,99
Ghent,51.0543,3.7174,2019-08-07T00:00,17.2,75,0.0,13.8,223,1007.8,97
Ghent,51.0543,3.7174,2019-08-07T01:00,16.9,77,0.0,14.5,226,1008.0,74
Ghent,51.0543,3.7174,2019-08-07T02:00,16.3,81,0.0,14.6,213,1007.6,97
Ghent,51.0543,3.7174,2019-08-07T03:00,16.2,84,0.0,13.6,217,1007.5,98
Ghent,51.0543,3.7174,2019-08-07T04:00,16.7,83,0.0,15.8,225,1007.3,88
Ghent,51.0543,3.7174,2019-08-07T05:00,16.9,83,0.0,16.6,228,1007.1,16
Ghent,51.0543,3.7174,2019-08-07T06:00,16.4,86,0.0,16.4,230,1007.1,36
Ghent,51.0543,3.7174,2019-08-07T07:00,17.3,81,0.0,16.3,229,1007.4,15
Ghent,51.0543,3.7174,2019-08-07T08:00,18.5,75,0.0,19.5,232,1007.7,23
Ghent,51.0543,3.7174,2019-08-07T09:00,19.7,67,0.0,20.0,240,1007.5,27
Ghent,51.0543,3.7174,2019-08-07T10:00,20.8,60,0.0,20.6,245,1007.4,23
Ghent,51.0543,3.7174,2019-08-07T11:00,21.8,54,0.1,21.1,245,1007.5,27
Ghent,51.0543,3.7174,2019-08-07T12:00,22.5,51,0.1,21.6,244,1007.3,22
Ghent,51.0543,3.7174,2019-08-07T13:00,22.5,51,0.0,21.3,246,1007.5,35
Ghent,51.0543,3.7174,2019-08-07T14:00,23.4,45,0.0,21.7,249,1007.6,29
Ghent,51.0543,3.7174,2019-08-07T15:00,23.5,43,0.1,21.3,251,1007.6,33
Ghent,51.0543,3.7174,2019-08-07T16:00,23.7,42,0.0,21.0,254,1007.3,21
Ghent,51.0543,3.7174,2019-08-07T17:00,23.4,43,0.0,22.1,258,1007.6,24
Ghent,51.0543,3.7174,2019-08-07T18:00,22.5,47,0.0,20.3,258,1007.9,6
Ghent,51.0543,3.7174,2019-08-07T19:00,21.4,52,0.0,19.0,251,1008.1,3
Ghent,51.0543,3.7174,2019-08-07T20:00,20.0,57,0.0,16.6,246,1008.8,2
Ghent,51.0543,3.7174,2019-08-07T21:00,18.6,64,0.0,15.2,239,1009.2,0
Ghent,51.0543,3.7174,2019-08-07T22:00,17.6,68,0.0,15.3,231,1009.5,1
Ghent,51.0543,3.7174,2019-08-07T23:00,16.8,72,0.0,15.8,225,1009.7,1
Ghent,51.0543,3.7174,2019-08-08T00:00,16.1,77,0.0,16.0,224,1009.8,1
Ghent,51.0543,3.7174,2019-08-08T01:00,16.5,76,0.0,16.1,230,1010.1,1
Ghent,51.0543,3.7174,2019-08-08T02:00,15.6,80,0.0,14.0,228,1010.1,0
Ghent,51.0543,3.7174,2019-08-08T03:00,15.0,86,0.0,14.3,227,1010.1,52
Ghent,51.0543,3.7174,2019-08-08T04:00,14.9,88,0.0,16.1,228,1010.2,72
Ghent,51.0543,3.7174,2019-08-08T05:00,14.8,89,0.0,15.8,227,1010.5,39
Ghent,51.0543,3.7174,2019-08-08T06:00,14.9,89,0.0,15.3,229,1010.5,92
Ghent,51.0543,3.7174,2019-08-08T07:00,16.2,83,0.0,14.3,227,1010.8,10
Ghent,51.0543,3.7174,2019-08-08T08:00,18.0,76,0.0,16.4,237,1011.3,60
Ghent,51.0543,3.7174,2019-08-08T09:00,19.8,69,0.0,15.9,245,1011.6,69
Ghent,51.0543,3.7174,2019-08-08T10:00,21.3,60,0.0,17.7,246,1011.6,20
Ghent,51.0543,3.7174,2019-08-08T11:00,22.4,53,0.0,15.9,252,1011.7,60
Ghent,51.0543,3.7174,2019-08-08T12:00,23.2,48,0.0,15.0,253,1011.8,99
Ghent,51.0543,3.7174,2019-08-08T13:00,23.0,51,0.0,13.5,245,1012.0,99
Ghent,51.0543,3.7174,2019-08-08T14:00,23.7,48,0.0,14.0,247,1012.0,100
Ghent,51.0543,3.7174,2019-08-08T15:00,24.0,49,0.0,13.8,231,1011.7,100
Ghent,51.0543,3.7174,2019-08-08T16:00,23.5,53,0.1,12.9,216,1011.6,74
Ghent,51.0543,3.7174,2019-08-08T17:00,24.0,49,0.0,11.5,229,1011.5,97
Ghent,51.0543,3.7174,2019-08-08T18:00,23.9,52,0.0,9.4,223,1011.0,38
Ghent,51.0543,3.7174,2019-08-08T19:00,23.5,53,0.0,7.9,219,1011.0,19
Ghent,51.0543,3.7174,2019-08-08T20:00,21.0,68,0.0,6.2,187,1011.0,66
Ghent,51.0543,3.7174,2019-08-08T21:00,19.6,73,0.0,5.5,113,1010.8,5
Ghent,51.0543,3.7174,2019-08-08T22:00,19.5,73,0.0,8.8,125,1010.6,58
Ghent,51.0543,3.7174,2019-08-08T23:00,19.6,71,0.0,9.2,132,1010.5,41
Ghent,51.0543,3.7174,2019-08-09T00:00,19.6,70,0.0,11.6,116,1010.2,96
Ghent,51.0543,3.7174,2019-08-09T01:00,19.8,69,0.0,13.3,109,1009.4,88
Ghent,51.0543,3.7174,2019-08-09T02:00,19.6,69,0.0,14.2,117,1009.0,100
Ghent,51.0543,3.7174,2019-08-09T03:00,19.4,74,0.2,14.5,113,1008.5,100
Ghent,51.0543,3.7174,2019-08-09T04:00,19.4,78,0.3,13.7,117,1007.7,99
Ghent,51.0543,3.7174,2019-08-09T05:00,19.6,78,0.0,18.2,128,1006.2,100
Ghent,51.0543,3.7174,2019-08-09T06:00,20.5,73,0.0,17.3,144,1005.8,94
Ghent,51.0543,3.7174,2019-08-09T07:00,21.8,69,0.0,16.1,151,1005.3,100
Ghent,51.0543,3.7174,2019-08-09T08:00,22.4,70,0.2,14.8,180,1005.6,97
Ghent,51.0543,3.7174,2019-08-09T09:00,23.4,68,0.1,11.2,195,1005.5,100
Ghent,51.0543,3.7174,2019-08-09T10:00,24.5,63,0.3,15.1,208,1005.6,100
Ghent,51.0543,3.7174,2019-08-09T11:00,24.2,69,0.6,13.2,197,1005.6,100
Ghent,51.0543,3.7174,2019-08-09T12:00,24.4,71,1.7,14.6,196,1005.4,100
Ghent,51.0543,3.7174,2019-08-09T13:00,21.7,91,0.6,15.0,170,1005.4,90
Ghent,51.0543,3.7174,2019-08-09T14:00,25.0,70,0.0,21.9,203,1005.3,99
Ghent,51.0543,3.7174,2019-08-09T15:00,25.9,60,0.0,21.0,202,1004.9,100
Ghent,51.0543,3.7174,2019-08-09T16:00,24.1,69,0.4,21.7,175,1004.3,95
Ghent,51.0543,3.7174,2019-08-09T17:00,24.6,63,0.0,22.8,196,1004.2,30
Ghent,51.0543,3.7174,2019-08-09T18:00,24.8,61,0.0,23.0,212,1004.1,83
Ghent,51.0543,3.7174,2019-08-09T19:00,23.9,62,0.0,18.7,205,1004.1,73
Ghent,51.0543,3.7174,2019-08-09T20:00,22.6,67,0.0,18.6,202,1004.7,67
Ghent,51.0543,3.7174,2019-08-09T21:00,21.6,69,0.0,20.3,192,1005.3,65
Ghent,51.0543,3.7174,2019-08-09T22:00,21.0,71,0.0,22.6,189,1005.2,83
Ghent,51.0543,3.7174,2019-08-09T23:00,20.9,73,0.0,24.2,191,1005.0,95
Ghent,51.0543,3.7174,2019-08-10T00:00,20.8,73,0.0,25.5,199,1005.1,91
Ghent,51.0543,3.7174,2019-08-10T01:00,21.0,66,0.0,26.5,198,1005.1,80
Ghent,51.0543,3.7174,2019-08-10T02:00,20.8,63,0.0,27.0,201,1005.0,17
Ghent,51.0543,3.7174,2019-08-10T03:00,20.4,61,0.0,29.8,205,1005.2,86
Ghent,51.0543,3.7174,2019-08-10T04:00,20.4,60,0.0,31.4,207,1005.2,2
Ghent,51.0543,3.7174,2019-08-10T05:00,19.4,65,0.0,31.0,211,1005.7,36
Ghent,51.0543,3.7174,2019-08-10T06:00,18.9,68,0.0,30.0,213,1006.3,100
Ghent,51.0543,3.7174,2019-08-10T07:00,19.1,67,0.0,30.1,214,1006.8,100
Ghent,51.0543,3.7174,2019-08-10T08:00,19.4,66,0.1,29.2,219,1007.5,98
Ghent,51.0543,3.7174,2019-08-10T09:00,20.0,63,0.0,36.2,227,1008.1,59
Ghent,51.0543,3.7174,2019-08-10T10:00,21.0,57,0.0,34.7,228,1008.7,86
Ghent,51.0543,3.7174,2019-08-10T11:00,21.6,54,0.1,36.0,230,1009.0,62
Ghent,51.0543,3.7174,2019-08-10T12:00,22.2,51,0.1,37.4,232,1009.4,57
Ghent,51.0543,3.7174,2019-08-10T13:00,22.4,50,0.0,36.2,227,1010.1,52
Ghent,51.0543,3.7174,2019-08-10T14:00,23.5,45,0.0,38.0,229,1010.3,32
Ghent,51.0543,3.7174,2019-08-10T15:00,23.8,42,0.0,37.5,233,1010.4,25
Ghent,51.0543,3.7174,2019-08-10T16:00,23.7,41,0.0,35.7,239,1010.8,48
Ghent,51.0543,3.7174,2019-08-10T17:00,22.8,44,0.0,34.4,239,1011.4,42
Ghent,51.0543,3.7174,2019-08-10T18:00,22.0,48,0.0,30.2,237,1011.6,31
Ghent,51.0543,3.7174,2019-08-10T19:00,21.1,52,0.0,28.6,239,1012.1,17
Ghent,51.0543,3.7174,2019-08-10T20:00,19.8,56,0.0,26.1,244,1013.0,31
Ghent,51.0543,3.7174,2019-08-10T21:00,18.8,65,0.0,22.5,243,1013.5,40
Ghent,51.0543,3.7174,2019-08-10T22:00,18.2,68,0.0,19.5,236,1013.7,7
Ghent,51.0543,3.7174,2019-08-10T23:00,17.6,69,0.0,20.4,234,1014.1,7
Ghent,51.0543,3.7174,2019-08-11T00:00,17.3,63,0.0,20.9,234,1014.3,2
Ghent,51.0543,3.7174,2019-08-11T01:00,17.0,65,0.0,20.3,237,1014.6,59
Ghent,51.0543,3.7174,2019-08-11T02:00,16.4,69,0.0,19.6,229,1014.3,39
Ghent,51.0543,3.7174,2019-08-11T03:00,16.1,72,0.0,20.1,227,1014.5,92
Ghent,51.0543,3.7174,2019-08-11T04:00,15.9,75,0.0,19.4,228,1014.4,95
Ghent,51.0543,3.7174,2019-08-11T05:00,15.6,78,0.0,18.1,221,1014.5,90
Ghent,51.0543,3.7174,2019-08-11T06:00,15.6,78,0.0,17.7,213,1014.4,100
Ghent,51.0543,3.7174,2019-08-11T07:00,16.4,75,0.0,16.2,212,1014.2,92
Ghent,51.0543,3.7174,2019-08-11T08:00,17.5,72,0.0,18.7,210,1014.4,65
Ghent,51.0543,3.7174,2019-08-11T09:00,18.8,64,0.0,20.8,217,1014.2,100
Ghent,51.0543,3.7174,2019-08-11T10:00,19.9,57,0.0,20.9,221,1014.1,99
Ghent,51.0543,3.7174,2019-08-11T11:00,20.5,54,0.0,20.6,223,1014.2,100
Ghent,51.0543,3.7174,2019-08-11T12:00,20.5,55,0.0,18.1,224,1013.7,100
Ghent,51.0543,3.7174,2019-08-11T13:00,20.8,55,0.0,21.7,223,1014.0,100
Ghent,51.0543,3.7174,2019-08-11T14:00,20.6,55,0.0,23.2,227,1014.0,100
Ghent,51.0543,3.7174,2019-08-11T15:00,20.5,56,0.0,21.7,228,1013.6,100
Ghent,51.0543,3.7174,2019-08-11T16:00,20.8,54,0.0,20.5,232,1013.3,100
Ghent,51.0543,3.7174,2019-08-11T17:00,20.1,56,0.0,19.6,238,1013.3,92
Ghent,51.0543,3.7174,2019-08-11T18:00,19.7,58,0.0,17.7,237,1013.5,96
Ghent,51.0543,3.7174,2019-08-11T19:00,19.2,61,0.0,15.0,228,1013.8,83
Ghent,51.0543,3.7174,2019-08-11T20:00,18.4,64,0.0,14.5,224,1014.0,14
Ghent,51.0543,3.7174,2019-08-11T21:00,17.4,67,0.0,14.1,220,1014.3,9
Ghent,51.0543,3.7174,2019-08-11T22:00,16.6,70,0.0,14.5,222,1014.3,5
Ghent,51.0543,3.7174,2019-08-11T23:00,15.9,75,0.0,14.8,223,1014.6,5
Ghent,51.0543,3.7174,2019-08-12T00:00,15.4,79,0.0,14.6,220,1014.6,4
Ghent,51.0543,3.7174,2019-08-12T01:00,15.4,81,0.0,14.8,221,1014.8,7
Ghent,51.0543,3.7174,2019-08-12T02:00,14.9,84,0.0,15.1,220,1014.8,2
Ghent,51.0543,3.7174,2019-08-12T03:00,14.6,87,0.0,14.8,221,1014.3,2
Ghent,51.0543,3.7174,2019-08-12T04:00,14.1,89,0.0,14.3,221,1014.4,5
Ghent,51.0543,3.7174,2019-08-12T05:00,13.8,91,0.0,14.1,218,1014.5,3
Ghent,51.0543,3.7174,2019-08-12T06:00,13.6,92,0.0,12.8,212,1014.5,2
Ghent,51.0543,3.7174,2019-08-12T07:00,14.9,86,0.0,12.6,207,1014.4,2
Ghent,51.0543,3.7174,2019-08-12T08:00,16.6,79,0.0,13.5,222,1014.6,2
Ghent,51.0543,3.7174,2019-08-12T09:00,18.2,73,0.0,15.0,235,1014.9,24
Ghent,51.0543,3.7174,2019-08-12T10:00,19.2,69,0.0,13.4,234,1014.8,43
Ghent,51.0543,3.7174,2019-08-12T11:00,19.9,65,0.0,12.4,240,1014.8,23
Ghent,51.0543,3.7174,2019-08-12T12:00,20.8,59,0.1,15.5,224,1014.5,16
Ghent,51.0543,3.7174,2019-08-12T13:00,19.0,69,0.0,11.3,261,1014.2,30
Ghent,51.0543,3.7174,2019-08-12T14:00,18.5,70,0.4,14.3,223,1014.7,98
Ghent,51.0543,3.7174,2019-08-12T15:00,19.1,61,0.0,14.5,228,1014.4,93
Ghent,51.0543,3.7174,2019-08-12T16:00,18.1,66,0.4,18.6,252,1014.4,100
Ghent,51.0543,3.7174,2019-08-12T17:00,17.8,72,0.0,12.4,244,1014.1,94
Ghent,51.0543,3.7174,2019-08-12T18:00,18.0,64,0.0,15.7,250,1014.2,78
Ghent,51.0543,3.7174,2019-08-12T19:00,17.3,67,0.0,13.9,245,1014.2,79
Ghent,51.0543,3.7174,2019-08-12T20:00,16.0,76,0.0,11.0,247,1014.7,65
Ghent,51.0543,3.7174,2019-08-12T21:00,15.1,83,0.0,10.5,229,1015.2,42
Ghent,51.0543,3.7174,2019-08-12T22:00,14.2,87,0.4,13.2,248,1015.6,77
Ghent,51.0543,3.7174,2019-08-12T23:00,14.3,89,0.4,11.9,245,1015.5,79
Ghent,51.0543,3.7174,2019-08-13T00:00,13.7,92,0.0,12.6,250,1015.7,49
Ghent,51.0543,3.7174,2019-08-13T01:00,13.4,92,0.3,13.1,262,1016.8,93
Ghent,51.0543,3.7174,2019-08-13T02:00,12.9,93,0.0,10.9,262,1016.8,34
Ghent,51.0543,3.7174,2019-08-13T03:00,12.6,93,0.0,10.5,254,1016.9,20
Ghent,51.0543,3.7174,2019-08-13T04:00,12.4,94,0.0,10.5,243,1017.1,9
Ghent,51.0543,3.7174,2019-08-13T05:00,12.2,94,0.0,10.9,236,1017.2,7
Ghent,51.0543,3.7174,2019-08-13T06:00,11.9,95,0.0,8.7,228,1017.3,2
Ghent,51.0543,3.7174,2019-08-13T07:00,13.1,91,0.0,12.8,220,1017.6,7
Ghent,51.0543,3.7174,2019-08-13T08:00,14.4,85,0.0,14.5,228,1018.0,4
Ghent,51.0543,3.7174,2019-08-13T09:00,15.8,76,0.0,16.6,236,1018.0,8
Ghent,51.0543,3.7174,2019-08-13T10:00,17.4,65,0.0,19.3,246,1017.9,100
Ghent,51.0543,3.7174,2019-08-13T11:00,18.6,64,0.1,20.4,238,1017.8,100
Ghent,51.0543,3.7174,2019-08-13T12:00,15.3,81,1.6,18.7,247,1018.2,100
Ghent,51.0543,3.7174,2019-08-13T13:00,16.0,78,0.0,19.8,243,1018.4,93
Ghent,51.0543,3.7174,2019-08-13T14:00,16.8,69,0.2,19.0,245,1018.2,73
Ghent,51.0543,3.7174,2019-08-13T15:00,17.2,61,0.1,18.3,248,1018.0,48
Ghent,51.0543,3.7174,2019-08-13T16:00,18.2,53,0.0,16.7,256,1017.7,66
Ghent,51.0543,3.7174,2019-08-13T17:00,16.5,69,0.2,14.4,283,1018.1,30
Ghent,51.0543,3.7174,2019-08-13T18:00,16.6,70,0.0,11.6,254,1017.9,32
Ghent,51.0543,3.7174,2019-08-13T19:00,16.3,73,0.0,9.5,245,1018.0,16
Ghent,51.0543,3.7174,2019-08-13T20:00,15.0,78,0.0,9.0,233,1018.2,13
Ghent,51.0543,3.7174,2019-08-13T21:00,14.0,82,0.0,7.8,236,1018.5,17
Ghent,51.0543,3.7174,2019-08-13T22:00,13.1,85,0.0,7.3,213,1018.5,17
Ghent,51.0543,3.7174,2019-08-13T23:00,12.8,86,0.0,9.7,211,1018.4,19
Ghent,51.0543,3.7174,2019-08-14T00:00,12.6,85,0.0,10.5,221,1018.3,28
Ghent,51.0543,3.7174,2019-08-14T01:00,12.6,86,0.0,10.2,222,1018.6,4
Ghent,51.0543,3.7174,2019-08-14T02:00,11.9,91,0.0,10.6,215,1018.4,3
Ghent,51.0543,3.7174,2019-08-14T03:00,11.5,93,0.0,10.6,215,1018.3,72
Ghent,51.0543,3.7174,2019-08-14T04:00,11.2,94,0.0,9.7,211,1017.9,69
Ghent,51.0543,3.7174,2019-08-14T05:00,11.1,95,0.0,11.1,209,1018.0,2
Ghent,51.0543,3.7174,2019-08-14T06:00,11.2,95,0.0,11.9,215,1018.2,5
Ghent,51.0543,3.7174,2019-08-14T07:00,12.9,89,0.0,11.8,207,1017.9,1
Ghent,51.0543,3.7174,2019-08-14T08:00,15.1,82,0.0,11.6,206,1017.6,2
Ghent,51.0543,3.7174,2019-08-14T09:00,17.0,74,0.0,13.6,212,1017.7,12
Ghent,51.0543,3.7174,2019-08-14T10:00,18.7,64,0.0,16.6,221,1017.4,38
Ghent,51.0543,3.7174,2019-08-14T11:00,19.5,63,0.1,16.9,218,1017.1,35
Ghent,51.0543,3.7174,2019-08-14T12:00,20.3,59,0.0,16.9,220,1016.7,100
Ghent,51.0543,3.7174,2019-08-14T13:00,19.5,61,0.2,18.7,203,1016.5,100
Ghent,51.0543,3.7174,2019-08-14T14:00,19.4,64,0.5,17.7,200,1016.3,98
Ghent,51.0543,3.7174,2019-08-14T15:00,18.5,70,0.6,10.9,186,1015.5,98
Ghent,51.0543,3.7174,2019-08-14T16:00,18.3,76,0.4,11.9,177,1015.0,98
Ghent,51.0543,3.7174,2019-08-14T17:00,18.4,76,0.3,10.1,174,1014.3,100
Ghent,51.0543,3.7174,2019-08-14T18:00,18.0,80,0.3,9.6,167,1013.6,100
Ghent,51.0543,3.7174,2019-08-14T19:00,17.7,83,0.3,11.3,153,1012.5,100
Ghent,51.0543,3.7174,2019-08-14T20:00,17.2,85,0.5,10.0,165,1012.1,100
Ghent,51.0543,3.7174,2019-08-14T21:00,17.0,85,0.6,14.1,183,1011.8,100
Ghent,51.0543,3.7174,2019-08-14T22:00,16.6,85,0.0,16.9,191,1011.1,57
Ghent,51.0543,3.7174,2019-08-14T23:00,16.5,86,0.0,18.7,196,1010.6,99
Ghent,51.0543,3.7174,2019-08-15T00:00,16.0,90,0.6,19.5,199,1010.2,100
Ghent,51.0543,3.7174,2019-08-15T01:00,16.2,89,0.4,20.8,206,1010.0,100
Ghent,51.0543,3.7174,2019-08-15T02:00,16.1,90,0.0,20.2,211,1009.7,100
Ghent,51.0543,3.7174,2019-08-15T03:00,16.1,91,0.0,20.2,211,1009.1,100
Ghent,51.0543,3.7174,2019-08-15T04:00,16.4,91,0.0,20.0,214,1008.5,100
Ghent,51.0543,3.7174,2019-08-15T05:00,16.4,91,0.0,20.2,215,1008.4,100
Ghent,51.0543,3.7174,2019-08-15T06:00,16.5,91,0.1,20.5,219,1008.5,100
Ghent,51.0543,3.7174,2019-08-15T07:00,16.8,92,0.2,24.1,235,1008.6,95
Ghent,51.0543,3.7174,2019-08-15T08:00,17.4,89,0.5,22.2,250,1009.0,63
Ghent,51.0543,3.7174,2019-08-15T09:00,18.1,86,0.1,22.4,259,1009.5,42
Ghent,51.0543,3.7174,2019-08-15T10:00,19.2,77,0.1,23.0,260,1009.7,37
Ghent,51.0543,3.7174,2019-08-15T11:00,20.0,68,0.1,22.9,263,1010.1,88
Ghent,51.0543,3.7174,2019-08-15T12:00,20.3,66,0.7,24.1,268,1010.4,73
Ghent,51.0543,3.7174,2019-08-15T13:00,19.5,69,0.7,24.4,262,1011.3,50
Ghent,51.0543,3.7174,2019-08-15T14:00,20.4,66,0.3,24.5,269,1011.8,41
Ghent,51.0543,3.7174,2019-08-15T15:00,20.4,61,0.0,24.5,273,1012.4,40
Ghent,51.0543,3.7174,2019-08-15T16:00,20.2,61,0.1,25.4,277,1013.0,36
Ghent,51.0543,3.7174,2019-08-15T17:00,19.9,62,0.0,22.2,278,1013.6,40
Ghent,51.0543,3.7174,2019-08-15T18:00,19.8,62,0.0,16.2,271,1013.8,29
Ghent,51.0543,3.7174,2019-08-15T19:00,19.2,66,0.0,15.4,254,1014.3,49
Ghent,51.0543,3.7174,2019-08-15T20:00,18.0,70,0.0,15.0,246,1015.0,28
Ghent,51.0543,3.7174,2019-08-15T21:00,17.3,77,0.0,14.3,242,1015.6,42
Ghent,51.0543,3.7174,2019-08-15T22:00,17.0,81,0.0,13.7,240,1016.0,27
Ghent,51.0543,3.7174,2019-08-15T23:00,15.6,89,0.2,5.3,298,1016.5,43
Ghent,51.0543,3.7174,2019-08-16T00:00,15.1,90,0.0,5.8,240,1016.6,11
Ghent,51.0543,3.7174,2019-08-16T01:00,14.4,93,0.0,7.6,239,1016.9,5
Ghent,51.0543,3.7174,2019-08-16T02:00,13.5,94,0.0,8.7,228,1017.4,83
Ghent,51.0543,3.7174,2019-08-16T03:00,13.2,95,0.0,9.8,216,1017.3,100
Ghent,51.0543,3.7174,2019-08-16T04:00,13.2,95,0.0,9.4,212,1017.1,100
Ghent,51.0543,3.7174,2019-08-16T05:00,13.1,96,0.0,9.4,212,1017.2,95
Ghent,51.0543,3.7174,2019-08-16T06:00,13.2,96,0.0,10.0,210,1016.9,75
Ghent,51.0543,3.7174,2019-08-16T07:00,14.6,91,0.0,12.4,210,1016.9,100
Ghent,51.0543,3.7174,2019-08-16T08:00,16.3,85,0.0,12.6,211,1016.7,99
Ghent,51.0543,3.7174,2019-08-16T09:00,17.6,79,0.0,14.9,217,1016.7,99
Ghent,51.0543,3.7174,2019-08-16T10:00,19.0,67,0.0,18.9,228,1016.3,97
Ghent,51.0543,3.7174,2019-08-16T11:00,20.3,63,0.0,20.6,223,1015.5,100
Ghent,51.0543,3.7174,2019-08-16T12:00,20.7,60,0.0,19.6,223,1015.3,96
Ghent,51.0543,3.7174,2019-08-16T13:00,21.7,55,0.0,20.4,221,1015.1,97
Ghent,51.0543,3.7174,2019-08-16T14:00,22.3,51,0.0,20.7,220,1014.3,100
Ghent,51.0543,3.7174,2019-08-16T15:00,22.0,55,0.0,21.9,203,1013.6,100
Ghent,51.0543,3.7174,2019-08-16T16:00,22.5,52,0.0,22.9,206,1012.8,100
Ghent,51.0543,3.7174,2019-08-16T17:00,21.8,55,0.0,16.0,203,1012.4,100
Ghent,51.0543,3.7174,2019-08-16T18:00,21.6,55,0.0,15.0,210,1011.7,100
Ghent,51.0543,3.7174,2019-08-16T19:00,21.2,56,0.0,14.2,196,1010.8,100
Ghent,51.0543,3.7174,2019-08-16T20:00,20.9,55,0.0,17.4,193,1010.3,100
Ghent,51.0543,3.7174,2019-08-16T21:00,18.9,69,0.7,14.2,204,1010.3,100
Ghent,51.0543,3.7174,2019-08-16T22:00,17.8,79,0.4,15.6,199,1009.8,100
Ghent,51.0543,3.7174,2019-08-16T23:00,17.3,83,0.3,16.2,201,1009.4,100
Ghent,51.0543,3.7174,2019-08-17T00:00,16.9,87,0.7,17.2,196,1008.5,100
Ghent,51.0543,3.7174,2019-08-17T01:00,17.1,86,0.4,18.4,197,1008.1,100
Ghent,51.0543,3.7174,2019-08-17T02:00,17.5,82,0.0,21.6,204,1007.7,100
Ghent,51.0543,3.7174,2019-08-17T03:00,17.8,79,0.0,21.3,208,1007.1,100
Ghent,51.0543,3.7174,2019-08-17T04:00,17.8,78,0.0,21.7,209,1006.8,100
Ghent,51.0543,3.7174,2019-08-17T05:00,17.7,78,0.0,22.2,209,1007.0,100
Ghent,51.0543,3.7174,2019-08-17T06:00,17.5,81,0.0,20.9,209,1006.8,100
Ghent,51.0543,3.7174,2019-08-17T07:00,17.5,84,0.9,21.3,206,1006.7,96
Ghent,51.0543,3.7174,2019-08-17T08:00,17.6,86,1.0,20.9,204,1007.0,100
Ghent,51.0543,3.7174,2019-08-17T09:00,18.1,87,0.8,20.9,204,1006.8,100
Ghent,51.0543,3.7174,2019-08-17T10:00,18.7,87,0.3,23.5,205,1006.7,99
Ghent,51.0543,3.7174,2019-08-17T11:00,19.5,85,0.1,19.0,205,1007.0,100
Ghent,51.0543,3.7174,2019-08-17T12:00,20.0,82,0.3,22.8,215,1007.0,100
Ghent,51.0543,3.7174,2019-08-17T13:00,19.2,94,1.0,23.8,212,1006.9,100
Ghent,51.0543,3.7174,2019-08-17T14:00,19.9,94,0.4,15.4,213,1006.8,100
Ghent,51.0543,3.7174,2019-08-17T15:00,19.8,91,0.9,17.4,230,1007.0,100
Ghent,51.0543,3.7174,2019-08-17T16:00,19.5,87,0.6,16.1,243,1007.2,100
Ghent,51.0543,3.7174,2019-08-17T17:00,19.2,83,0.0,17.6,229,1007.3,100
Ghent,51.0543,3.7174,2019-08-17T18:00,19.2,80,0.0,17.3,223,1007.1,99
Ghent,51.0543,3.7174,2019-08-17T19:00,18.5,81,0.0,15.5,224,1007.2,100
Ghent,51.0543,3.7174,2019-08-17T20:00,17.8,83,0.0,13.5,228,1007.2,100
Ghent,51.0543,3.7174,2019-08-17T21:00,16.9,85,0.0,12.7,225,1007.4,100
Ghent,51.0543,3.7174,2019-08-17T22:00,16.6,82,0.0,13.3,229,1007.3,100
Ghent,51.0543,3.7174,2019-08-17T23:00,16.1,83,0.0,12.2,223,1007.3,100
Ghent,51.0543,3.7174,2019-08-18T00:00,15.9,85,0.0,11.8,218,1007.3,100
Ghent,51.0543,3.7174,2019-08-18T01:00,16.0,83,0.5,14.2,210,1007.4,100
Ghent,51.0543,3.7174,2019-08-18T02:00,16.1,84,0.0,13.1,217,1007.1,100
Ghent,51.0543,3.7174,2019-08-18T03:00,16.0,86,0.3,12.2,208,1006.5,100
Ghent,51.0543,3.7174,2019-08-18T04:00,15.8,93,0.8,11.2,180,1005.8,100
Ghent,51.0543,3.7174,2019-08-18T05:00,16.0,94,0.7,13.7,194,1005.5,100
Ghent,51.0543,3.7174,2019-08-18T06:00,15.8,94,0.9,9.7,182,1004.5,100
Ghent,51.0543,3.7174,2019-08-18T07:00,15.4,92,1.6,9.7,184,1004.5,100
Ghent,51.0543,3.7174,2019-08-18T08:00,15.2,93,1.1,7.8,167,1004.1,100
Ghent,51.0543,3.7174,2019-08-18T09:00,15.6,91,1.5,2.8,220,1003.8,100
Ghent,51.0543,3.7174,2019-08-18T10:00,16.0,90,0.2,6.1,267,1004.0,99
Ghent,51.0543,3.7174,2019-08-18T11:00,18.3,77,0.0,11.5,268,1004.2,100
Ghent,51.0543,3.7174,2019-08-18T12:00,19.6,70,0.0,14.3,258,1005.0,100
Ghent,51.0543,3.7174,2019-08-18T13:00,18.2,78,0.0,13.0,251,1006.0,96
Ghent,51.0543,3.7174,2019-08-18T14:00,17.8,82,1.3,17.9,255,1006.8,67
Ghent,51.0543,3.7174,2019-08-18T15:00,18.8,76,0.2,17.4,257,1007.2,69
Ghent,51.0543,3.7174,2019-08-18T16:00,19.9,66,0.2,20.6,245,1007.5,45
Ghent,51.0543,3.7174,2019-08-18T17:00,20.1,63,0.0,23.7,246,1007.7,23
Ghent,51.0543,3.7174,2019-08-18T18:00,19.6,63,0.0,22.2,245,1008.2,10
Ghent,51.0543,3.7174,2019-08-18T19:00,18.4,62,0.0,20.2,239,1008.7,15
Ghent,51.0543,3.7174,2019-08-18T20:00,17.0,65,0.0,18.5,233,1009.2,97
Ghent,51.0543,3.7174,2019-08-18T21:00,16.1,67,0.0,18.9,228,1010.2,26
Ghent,51.0543,3.7174,2019-08-18T22:00,15.1,71,0.0,17.5,233,1010.4,85
Ghent,51.0543,3.7174,2019-08-18T23:00,14.6,74,0.0,16.8,235,1010.9,4
Ghent,51.0543,3.7174,2019-08-19T00:00,14.1,78,0.0,16.1,228,1011.4,1
Ghent,51.0543,3.7174,2019-08-19T01:00,14.4,80,0.0,17.8,225,1011.9,3
Ghent,51.0543,3.7174,2019-08-19T02:00,14.6,81,0.0,18.6,223,1012.4,32
Ghent,51.0543,3.7174,2019-08-19T03:00,14.6,81,0.0,18.4,220,1012.5,28
Ghent,51.0543,3.7174,2019-08-19T04:00,14.4,83,0.0,18.4,219,1012.7,23
Ghent,51.0543,3.7174,2019-08-19T05:00,14.2,83,0.0,18.2,218,1013.2,27
Ghent,51.0543,3.7174,2019-08-19T06:00,14.1,83,0.0,19.1,216,1013.6,38
Ghent,51.0543,3.7174,2019-08-19T07:00,15.1,80,0.0,20.0,219,1014.0,38
Ghent,51.0543,3.7174,2019-08-19T08:00,16.1,77,0.0,19.7,218,1014.3,20
Ghent,51.0543,3.7174,2019-08-19T09:00,17.5,71,0.0,23.7,234,1014.5,26
Ghent,51.0543,3.7174,2019-08-19T10:00,18.5,64,0.0,23.8,238,1015.0,23
Ghent,51.0543,3.7174,2019-08-19T11:00,19.4,60,0.0,24.3,238,1015.5,38
Ghent,51.0543,3.7174,2019-08-19T12:00,19.4,60,0.0,26.3,241,1015.7,58
Ghent,51.0543,3.7174,2019-08-19T13:00,19.8,54,0.0,25.1,241,1016.2,42
Ghent,51.0543,3.7174,2019-08-19T14:00,19.6,57,0.2,25.5,239,1016.6,33
Ghent,51.0543,3.7174,2019-08-19T15:00,20.0,52,0.0,24.6,238,1016.7,38
Ghent,51.0543,3.7174,2019-08-19T16:00,20.0,51,0.0,25.0,240,1016.8,39
Ghent,51.0543,3.7174,2019-08-19T17:00,19.5,53,0.0,23.4,239,1017.2,39
Ghent,51.0543,3.7174,2019-08-19T18:00,19.1,56,0.0,19.1,238,1017.3,19
Ghent,51.0543,3.7174,2019-08-19T19:00,18.1,60,0.0,18.1,239,1017.8,15
Ghent,51.0543,3.7174,2019-08-19T20:00,16.8,63,0.0,16.7,233,1018.0,10
Ghent,51.0543,3.7174,2019-08-19T21:00,15.6,67,0.0,16.3,227,1018.5,5
Ghent,51.0543,3.7174,2019-08-19T22:00,14.8,71,0.0,16.5,226,1018.8,2
Ghent,51.0543,3.7174,2019-08-19T23:00,14.2,76,0.0,16.5,226,1019.2,2
Ghent,51.0543,3.7174,2019-08-20T00:00,13.7,81,0.0,15.8,227,1019.6,0
Ghent,51.0543,3.7174,2019-08-20T01:00,13.6,87,0.0,14.3,229,1020.0,0
Ghent,51.0543,3.7174,2019-08-20T02:00,12.9,92,0.0,13.5,222,1020.3,0
Ghent,51.0543,3.7174,2019-08-20T03:00,12.7,94,0.0,12.9,216,1020.3,3
Ghent,51.0543,3.7174,2019-08-20T04:00,12.5,95,0.0,12.2,214,1020.4,21
Ghent,51.0543,3.7174,2019-08-20T05:00,12.5,95,0.0,11.4,215,1020.4,27
Ghent,51.0543,3.7174,2019-08-20T06:00,12.6,95,0.0,11.7,214,1020.8,31
Ghent,51.0543,3.7174,2019-08-20T07:00,13.9,90,0.0,13.6,217,1021.3,31
Ghent,51.0543,3.7174,2019-08-20T08:00,15.6,83,0.0,14.8,223,1021.9,30
Ghent,51.0543,3.7174,2019-08-20T09:00,17.0,75,0.1,18.4,247,1021.7,24
Ghent,51.0543,3.7174,2019-08-20T10:00,18.0,68,0.2,18.9,252,1022.1,32
Ghent,51.0543,3.7174,2019-08-20T11:00,19.0,59,0.0,18.4,258,1022.5,35
Ghent,51.0543,3.7174,2019-08-20T12:00,19.5,56,0.0,17.8,263,1022.6,40
Ghent,51.0543,3.7174,2019-08-20T13:00,19.6,56,0.0,15.3,261,1023.0,41
Ghent,51.0543,3.7174,2019-08-20T14:00,19.5,56,0.2,15.8,258,1023.3,45
Ghent,51.0543,3.7174,2019-08-20T15:00,19.9,53,0.0,15.7,259,1023.5,41
Ghent,51.0543,3.7174,2019-08-20T16:00,19.8,51,0.0,16.7,276,1023.6,39
Ghent,51.0543,3.7174,2019-08-20T17:00,19.2,52,0.0,14.8,284,1024.1,52
Ghent,51.0543,3.7174,2019-08-20T18:00,18.6,55,0.0,12.4,296,1024.6,45
Ghent,51.0543,3.7174,2019-08-20T19:00,17.5,61,0.0,8.9,310,1024.9,35
Ghent,51.0543,3.7174,2019-08-20T20:00,14.8,77,0.0,8.4,290,1025.6,23
Ghent,51.0543,3.7174,2019-08-20T21:00,14.3,76,0.0,6.5,264,1025.9,15
Ghent,51.0543,3.7174,2019-08-20T22:00,13.8,78,0.0,8.0,252,1026.3,10
Ghent,51.0543,3.7174,2019-08-20T23:00,13.0,82,0.0,8.3,236,1026.7,6
Ghent,51.0543,3.7174,2019-08-21T00:00,12.4,85,0.0,8.9,238,1026.9,3
Ghent,51.0543,3.7174,2019-08-21T01:00,12.3,87,0.0,9.4,238,1027.4,1
Ghent,51.0543,3.7174,2019-08-21T02:00,11.4,91,0.0,8.0,234,1027.2,0
Ghent,51.0543,3.7174,2019-08-21T03:00,10.7,93,0.0,6.4,227,1027.3,0
Ghent,51.0543,3.7174,2019-08-21T04:00,9.9,94,0.0,5.8,202,1027.5,0
Ghent,51.0543,3.7174,2019-08-21T05:00,9.8,95,0.0,6.2,190,1027.6,0
Ghent,51.0543,3.7174,2019-08-21T06:00,9.6,96,0.0,6.6,193,1027.8,0
Ghent,51.0543,3.7174,2019-08-21T07:00,11.4,91,0.0,7.3,200,1028.1,0
Ghent,51.0543,3.7174,2019-08-21T08:00,13.9,83,0.0,5.2,205,1028.6,0
Ghent,51.0543,3.7174,2019-08-21T09:00,16.4,76,0.0,4.9,197,1028.6,0
Ghent,51.0543,3.7174,2019-08-21T10:00,18.5,66,0.0,6.4,196,1028.7,89
Ghent,51.0543,3.7174,2019-08-21T11:00,20.0,55,0.0,6.4,196,1028.5,84
Ghent,51.0543,3.7174,2019-08-21T12:00,20.9,48,0.0,6.3,193,1028.3,97
Ghent,51.0543,3.7174,2019-08-21T13:00,21.2,46,0.0,7.6,180,1027.8,98
Ghent,51.0543,3.7174,2019-08-21T14:00,21.6,44,0.0,4.8,193,1027.4,88
Ghent,51.0543,3.7174,2019-08-21T15:00,22.0,43,0.0,2.1,211,1027.3,87
Ghent,51.0543,3.7174,2019-08-21T16:00,22.0,42,0.0,1.8,143,1026.7,79
Ghent,51.0543,3.7174,2019-08-21T17:00,22.0,42,0.0,4.7,122,1026.3,0
Ghent,51.0543,3.7174,2019-08-21T18:00,21.7,45,0.0,4.5,119,1026.0,0
Ghent,51.0543,3.7174,2019-08-21T19:00,19.9,69,0.0,4.4,125,1026.0,0
Ghent,51.0543,3.7174,2019-08-21T20:00,17.6,65,0.0,6.3,103,1026.0,0
Ghent,51.0543,3.7174,2019-08-21T21:00,15.6,75,0.0,7.6,95,1026.1,0
Ghent,51.0543,3.7174,2019-08-21T22:00,14.1,83,0.0,8.0,126,1026.1,0
Ghent,51.0543,3.7174,2019-08-21T23:00,13.4,85,0.0,6.5,174,1026.2,0
Ghent,51.0543,3.7174,2019-08-22T00:00,12.4,88,0.0,7.2,207,1026.3,11
Ghent,51.0543,3.7174,2019-08-22T01:00,13.2,83,0.0,4.8,228,1025.8,10
Ghent,51.0543,3.7174,2019-08-22T02:00,13.2,81,0.0,3.3,193,1025.4,0
Ghent,51.0543,3.7174,2019-08-22T03:00,11.6,87,0.0,3.6,180,1025.2,60
Ghent,51.0543,3.7174,2019-08-22T04:00,10.6,90,0.0,5.2,168,1024.9,82
Ghent,51.0543,3.7174,2019-08-22T05:00,10.3,93,0.0,6.8,205,1024.9,73
Ghent,51.0543,3.7174,2019-08-22T06:00,10.8,90,0.0,7.4,247,1025.1,56
Ghent,51.0543,3.7174,2019-08-22T07:00,12.4,83,0.0,9.2,244,1025.3,7
Ghent,51.0543,3.7174,2019-08-22T08:00,15.2,74,0.0,8.8,258,1025.6,45
Ghent,51.0543,3.7174,2019-08-22T09:00,17.6,68,0.0,8.0,265,1025.8,79
Ghent,51.0543,3.7174,2019-08-22T10:00,19.4,58,0.0,8.8,258,1025.8,71
Ghent,51.0543,3.7174,2019-08-22T11:00,20.5,52,0.0,10.6,252,1025.9,48
Ghent,51.0543,3.7174,2019-08-22T12:00,21.5,47,0.0,11.4,246,1025.6,0
Ghent,51.0543,3.7174,2019-08-22T13:00,22.3,46,0.0,10.9,253,1025.8,0
Ghent,51.0543,3.7174,2019-08-22T14:00,22.8,43,0.0,10.6,252,1025.6,0
Ghent,51.0543,3.7174,2019-08-22T15:00,23.0,42,0.0,10.4,250,1025.1,0
Ghent,51.0543,3.7174,2019-08-22T16:00,23.1,42,0.0,10.8,249,1024.9,0
Ghent,51.0543,3.7174,2019-08-22T17:00,23.0,43,0.0,11.5,250,1025.0,0
Ghent,51.0543,3.7174,2019-08-22T18:00,22.4,45,0.0,8.7,277,1024.6,0
Ghent,51.0543,3.7174,2019-08-22T19:00,19.5,64,0.0,12.4,338,1025.2,0
Ghent,51.0543,3.7174,2019-08-22T20:00,15.9,78,0.0,6.2,10,1025.5,0
Ghent,51.0543,3.7174,2019-08-22T21:00,16.1,72,0.0,2.2,90,1025.8,0
Ghent,51.0543,3.7174,2019-08-22T22:00,14.1,82,0.0,3.3,167,1026.0,0
Ghent,51.0543,3.7174,2019-08-22T23:00,12.9,90,0.0,5.0,180,1026.1,0
Ghent,51.0543,3.7174,2019-08-23T00:00,11.9,93,0.0,5.9,194,1026.2,0
Ghent,51.0543,3.7174,2019-08-23T01:00,11.8,94,0.0,5.7,198,1026.3,0
Ghent,51.0543,3.7174,2019-08-23T02:00,10.6,95,0.0,7.3,213,1026.3,0
Ghent,51.0543,3.7174,2019-08-23T03:00,10.1,95,0.0,7.6,225,1026.1,0
Ghent,51.0543,3.7174,2019-08-23T04:00,9.4,94,0.0,8.7,225,1025.9,0
Ghent,51.0543,3.7174,2019-08-23T05:00,9.0,94,0.0,7.3,200,1026.0,4
Ghent,51.0543,3.7174,2019-08-23T06:00,8.9,94,0.0,7.0,192,1025.9,39
Ghent,51.0543,3.7174,2019-08-23T07:00,11.6,87,0.0,4.7,203,1025.8,88
Ghent,51.0543,3.7174,2019-08-23T08:00,14.9,75,0.0,1.8,180,1026.0,97
Ghent,51.0543,3.7174,2019-08-23T09:00,17.6,62,0.0,1.4,180,1026.1,90
Ghent,51.0543,3.7174,2019-08-23T10:00,19.9,53,0.0,1.5,166,1025.8,49
Ghent,51.0543,3.7174,2019-08-23T11:00,21.7,46,0.0,2.3,141,1025.9,77
Ghent,51.0543,3.7174,2019-08-23T12:00,23.1,45,0.0,2.4,153,1025.6,88
Ghent,51.0543,3.7174,2019-08-23T13:00,24.2,43,0.0,2.6,124,1025.2,93
Ghent,51.0543,3.7174,2019-08-23T14:00,25.3,43,0.0,2.5,82,1024.8,96
Ghent,51.0543,3.7174,2019-08-23T15:00,25.7,42,0.0,4.3,66,1024.2,93
Ghent,51.0543,3.7174,2019-08-23T16:00,25.8,44,0.0,6.4,63,1023.7,96
Ghent,51.0543,3.7174,2019-08-23T17:00,25.4,46,0.0,8.7,73,1023.5,99
Ghent,51.0543,3.7174,2019-08-23T18:00,24.8,50,0.0,8.8,81,1023.1,58
Ghent,51.0543,3.7174,2019-08-23T19:00,23.0,59,0.0,6.3,66,1022.6,3
Ghent,51.0543,3.7174,2019-08-23T20:00,20.7,65,0.0,8.6,57,1022.7,0
Ghent,51.0543,3.7174,2019-08-23T21:00,19.7,69,0.0,10.3,61,1022.7,0
Ghent,51.0543,3.7174,2019-08-23T22:00,18.9,72,0.0,11.0,67,1022.5,0
Ghent,51.0543,3.7174,2019-08-23T23:00,18.1,73,0.0,10.7,76,1022.3,0
Ghent,51.0543,3.7174,2019-08-24T00:00,17.5,75,0.0,10.5,82,1022.2,0
Ghent,51.0543,3.7174,2019-08-24T01:00,16.8,76,0.0,9.8,82,1022.2,0
Ghent,51.0543,3.7174,2019-08-24T02:00,15.9,80,0.0,8.7,85,1021.7,0
Ghent,51.0543,3.7174,2019-08-24T03:00,15.1,84,0.0,8.0,85,1021.3,0
Ghent,51.0543,3.7174,2019-08-24T04:00,14.4,87,0.0,7.6,93,1021.3,0
Ghent,51.0543,3.7174,2019-08-24T05:00,13.8,90,0.0,6.9,96,1021.1,0
Ghent,51.0543,3.7174,2019-08-24T06:00,13.2,92,0.0,6.6,99,1020.8,0
Ghent,51.0543,3.7174,2019-08-24T07:00,15.1,86,0.0,8.0,100,1020.7,0
Ghent,51.0543,3.7174,2019-08-24T08:00,17.9,74,0.0,5.5,101,1020.7,0
Ghent,51.0543,3.7174,2019-08-24T09:00,20.8,63,0.0,5.0,111,1020.7,0
Ghent,51.0543,3.7174,2019-08-24T10:00,23.6,55,0.0,4.8,117,1020.5,0
Ghent,51.0543,3.7174,2019-08-24T11:00,26.1,46,0.0,5.4,127,1020.5,9
Ghent,51.0543,3.7174,2019-08-24T12:00,27.8,40,0.0,5.6,135,1020.1,22
Ghent,51.0543,3.7174,2019-08-24T13:00,28.9,32,0.0,8.4,130,1019.6,65
Ghent,51.0543,3.7174,2019-08-24T14:00,29.4,31,0.0,7.9,129,1019.4,81
Ghent,51.0543,3.7174,2019-08-24T15:00,29.5,32,0.0,7.4,129,1018.9,54
Ghent,51.0543,3.7174,2019-08-24T16:00,29.5,31,0.0,7.1,131,1018.5,74
Ghent,51.0543,3.7174,2019-08-24T17:00,29.1,32,0.0,7.9,133,1018.2,88
Ghent,51.0543,3.7174,2019-08-24T18:00,28.1,37,0.0,6.6,135,1018.1,85
Ghent,51.0543,3.7174,2019-08-24T19:00,25.2,57,0.0,6.6,135,1017.8,38
Ghent,51.0543,3.7174,2019-08-24T20:00,24.0,53,0.0,6.6,112,1017.9,35
Ghent,51.0543,3.7174,2019-08-24T21:00,21.8,63,0.0,6.3,66,1018.1,73
Ghent,51.0543,3.7174,2019-08-24T22:00,19.6,75,0.0,8.4,70,1018.0,93
Ghent,51.0543,3.7174,2019-08-24T23:00,19.2,78,0.0,7.9,87,1018.0,99
Ghent,51.0543,3.7174,2019-08-25T00:00,18.5,81,0.0,6.5,90,1018.0,97
Ghent,51.0543,3.7174,2019-08-25T01:00,17.0,86,0.0,8.3,95,1018.0,98
Ghent,51.0543,3.7174,2019-08-25T02:00,16.5,87,0.0,7.6,149,1018.0,93
Ghent,51.0543,3.7174,2019-08-25T03:00,18.9,75,0.0,4.4,125,1017.7,93
Ghent,51.0543,3.7174,2019-08-25T04:00,16.5,85,0.0,6.1,50,1017.6,91
Ghent,51.0543,3.7174,2019-08-25T05:00,15.9,89,0.0,5.4,70,1017.7,92
Ghent,51.0543,3.7174,2019-08-25T06:00,14.6,93,0.0,7.0,111,1017.5,86
Ghent,51.0543,3.7174,2019-08-25T07:00,16.7,85,0.0,4.8,153,1017.9,77
Ghent,51.0543,3.7174,2019-08-25T08:00,19.8,74,0.0,0.5,315,1018.3,43
Ghent,51.0543,3.7174,2019-08-25T09:00,23.0,62,0.0,1.3,326,1018.7,31
Ghent,51.0543,3.7174,2019-08-25T10:00,25.8,52,0.0,1.6,297,1018.8,22
Ghent,51.0543,3.7174,2019-08-25T11:00,27.8,45,0.0,0.8,297,1018.8,19
Ghent,51.0543,3.7174,2019-08-25T12:00,29.1,41,0.0,1.1,180,1018.5,9
Ghent,51.0543,3.7174,2019-08-25T13:00,29.9,36,0.0,6.5,186,1018.5,0
Ghent,51.0543,3.7174,2019-08-25T14:00,30.4,35,0.0,5.5,191,1018.4,39
Ghent,51.0543,3.7174,2019-08-25T15:00,30.5,34,0.0,4.2,200,1018.3,19
Ghent,51.0543,3.7174,2019-08-25T16:00,30.5,34,0.0,3.7,209,1018.0,16
Ghent,51.0543,3.7174,2019-08-25T17:00,30.4,34,0.0,1.0,225,1018.0,1
Ghent,51.0543,3.7174,2019-08-25T18:00,29.6,38,0.0,5.4,356,1018.1,1
Ghent,51.0543,3.7174,2019-08-25T19:00,27.2,52,0.0,9.3,347,1018.1,2
Ghent,51.0543,3.7174,2019-08-25T20:00,24.8,55,0.0,9.7,4,1018.6,0
Ghent,51.0543,3.7174,2019-08-25T21:00,23.0,57,0.0,8.0,10,1019.1,0
Ghent,51.0543,3.7174,2019-08-25T22:00,21.2,63,0.0,7.1,24,1019.2,0
Ghent,51.0543,3.7174,2019-08-25T23:00,19.4,73,0.0,9.3,28,1019.3,0
Ghent,51.0543,3.7174,2019-08-26T00:00,18.8,78,0.0,9.3,36,1019.1,0
Ghent,51.0543,3.7174,2019-08-26T01:00,19.8,70,0.0,7.2,63,1019.1,0
Ghent,51.0543,3.7174,2019-08-26T02:00,18.5,75,0.0,7.4,76,1019.0,0
Ghent,51.0543,3.7174,2019-08-26T03:00,17.5,81,0.0,6.5,84,1018.7,0
Ghent,51.0543,3.7174,2019-08-26T04:00,16.3,87,0.0,8.7,97,1018.5,0
Ghent,51.0543,3.7174,2019-08-26T05:00,15.8,90,0.0,8.6,105,1018.5,0
Ghent,51.0543,3.7174,2019-08-26T06:00,15.4,91,0.0,8.5,102,1018.4,0
Ghent,51.0543,3.7174,2019-08-26T07:00,18.1,81,0.0,7.2,93,1018.4,1
Ghent,51.0543,3.7174,2019-08-26T08:00,21.1,68,0.0,4.3,95,1018.6,0
Ghent,51.0543,3.7174,2019-08-26T09:00,24.0,57,0.0,2.9,90,1018.8,0
Ghent,51.0543,3.7174,2019-08-26T10:00,26.5,49,0.0,2.9,90,1018.7,0
Ghent,51.0543,3.7174,2019-08-26T11:00,28.5,45,0.0,4.0,85,1018.7,6
Ghent,51.0543,3.7174,2019-08-26T12:00,29.9,40,0.0,4.2,110,1018.1,37
Ghent,51.0543,3.7174,2019-08-26T13:00,30.9,37,0.0,5.2,106,1017.9,0
Ghent,51.0543,3.7174,2019-08-26T14:00,31.3,35,0.0,4.7,113,1017.6,9
Ghent,51.0543,3.7174,2019-08-26T15:00,31.5,34,0.0,2.1,121,1016.8,4
Ghent,51.0543,3.7174,2019-08-26T16:00,31.6,33,0.0,0.5,45,1016.3,5
Ghent,51.0543,3.7174,2019-08-26T17:00,31.5,33,0.0,0.4,180,1016.0,2
Ghent,51.0543,3.7174,2019-08-26T18:00,31.0,34,0.0,2.2,171,1015.8,2
Ghent,51.0543,3.7174,2019-08-26T19:00,29.0,58,0.0,1.8,233,1015.6,6
Ghent,51.0543,3.7174,2019-08-26T20:00,27.9,42,0.0,2.7,23,1015.9,2
Ghent,51.0543,3.7174,2019-08-26T21:00,24.4,59,0.0,7.9,66,1016.3,1
Ghent,51.0543,3.7174,2019-08-26T22:00,23.2,66,0.0,6.4,74,1016.2,0
Ghent,51.0543,3.7174,2019-08-26T23:00,22.0,77,0.0,6.2,69,1016.4,0
Ghent,51.0543,3.7174,2019-08-27T00:00,20.7,85,0.0,7.0,69,1016.1,0
Ghent,51.0543,3.7174,2019-08-27T01:00,20.5,86,0.0,7.6,25,1016.2,0
Ghent,51.0543,3.7174,2019-08-27T02:00,20.1,85,0.0,6.4,43,1015.8,0
Ghent,51.0543,3.7174,2019-08-27T03:00,19.8,87,0.0,6.3,59,1015.5,0
Ghent,51.0543,3.7174,2019-08-27T04:00,19.5,90,0.0,6.5,87,1015.2,0
Ghent,51.0543,3.7174,2019-08-27T05:00,18.9,93,0.0,6.0,107,1015.1,0
Ghent,51.0543,3.7174,2019-08-27T06:00,18.8,93,0.0,6.8,115,1015.0,0
Ghent,51.0543,3.7174,2019-08-27T07:00,20.4,86,0.0,7.6,115,1015.1,0
Ghent,51.0543,3.7174,2019-08-27T08:00,23.0,74,0.0,4.4,125,1015.3,0
Ghent,51.0543,3.7174,2019-08-27T09:00,25.9,65,0.0,4.2,121,1015.3,0
Ghent,51.0543,3.7174,2019-08-27T10:00,28.6,55,0.0,5.0,90,1015.1,0
Ghent,51.0543,3.7174,2019-08-27T11:00,30.9,46,0.0,6.5,90,1014.9,0
Ghent,51.0543,3.7174,2019-08-27T12:00,32.4,37,0.0,7.9,120,1014.3,48
Ghent,51.0543,3.7174,2019-08-27T13:00,32.4,34,0.0,6.7,126,1014.1,39
Ghent,51.0543,3.7174,2019-08-27T14:00,32.6,31,0.0,9.8,172,1013.5,41
Ghent,51.0543,3.7174,2019-08-27T15:00,32.7,30,0.0,11.9,205,1013.1,43
Ghent,51.0543,3.7174,2019-08-27T16:00,33.0,27,0.0,13.7,215,1012.8,73
Ghent,51.0543,3.7174,2019-08-27T17:00,32.4,28,0.0,13.3,213,1012.6,87
Ghent,51.0543,3.7174,2019-08-27T18:00,31.4,32,0.0,7.1,225,1012.7,90
Ghent,51.0543,3.7174,2019-08-27T19:00,29.4,41,0.0,4.9,197,1012.6,96
Ghent,51.0543,3.7174,2019-08-27T20:00,26.5,50,0.0,8.7,225,1012.9,88
Ghent,51.0543,3.7174,2019-08-27T21:00,26.3,49,0.0,3.6,135,1012.9,67
Ghent,51.0543,3.7174,2019-08-27T22:00,24.2,53,0.0,6.0,147,1012.9,49
Ghent,51.0543,3.7174,2019-08-27T23:00,23.5,56,0.0,8.7,185,1013.0,9
Ghent,51.0543,3.7174,2019-08-28T00:00,23.4,55,0.0,10.9,189,1012.9,5
Ghent,51.0543,3.7174,2019-08-28T01:00,23.0,59,0.0,12.7,223,1012.8,4
Ghent,51.0543,3.7174,2019-08-28T02:00,22.0,64,0.0,10.3,241,1012.9,0
Ghent,51.0543,3.7174,2019-08-28T03:00,21.0,70,0.0,9.8,253,1012.8,3
Ghent,51.0543,3.7174,2019-08-28T04:00,20.5,73,0.0,11.4,246,1012.9,3
Ghent,51.0543,3.7174,2019-08-28T05:00,19.9,69,0.0,11.4,242,1013.2,57
Ghent,51.0543,3.7174,2019-08-28T06:00,20.0,66,0.0,11.6,240,1013.6,66
Ghent,51.0543,3.7174,2019-08-28T07:00,20.8,62,0.0,10.8,255,1013.7,93
Ghent,51.0543,3.7174,2019-08-28T08:00,21.2,62,0.0,11.6,265,1013.8,100
Ghent,51.0543,3.7174,2019-08-28T09:00,22.0,61,0.0,10.8,233,1014.0,99
Ghent,51.0543,3.7174,2019-08-28T10:00,23.7,57,0.0,12.1,253,1014.3,99
Ghent,51.0543,3.7174,2019-08-28T11:00,25.8,53,0.0,11.8,258,1014.6,98
Ghent,51.0543,3.7174,2019-08-28T12:00,26.7,52,0.0,11.5,256,1014.4,98
Ghent,51.0543,3.7174,2019-08-28T13:00,27.5,52,0.0,11.9,241,1014.4,99
Ghent,51.0543,3.7174,2019-08-28T14:00,28.3,48,0.0,11.7,227,1014.0,98
Ghent,51.0543,3.7174,2019-08-28T15:00,28.0,48,0.0,14.8,241,1013.8,96
Ghent,51.0543,3.7174,2019-08-28T16:00,26.2,58,0.3,14.6,254,1014.0,100
Ghent,51.0543,3.7174,2019-08-28T17:00,25.9,60,0.0,13.3,272,1014.1,98
Ghent,51.0543,3.7174,2019-08-28T18:00,24.4,67,0.0,11.5,290,1014.3,97
Ghent,51.0543,3.7174,2019-08-28T19:00,23.0,73,0.2,11.2,272,1014.6,98
Ghent,51.0543,3.7174,2019-08-28T20:00,21.4,72,0.1,14.7,248,1015.5,70
Ghent,51.0543,3.7174,2019-08-28T21:00,20.4,75,0.0,10.1,253,1015.6,61
Ghent,51.0543,3.7174,2019-08-28T22:00,19.5,78,0.8,7.1,246,1015.5,51
Ghent,51.0543,3.7174,2019-08-28T23:00,19.1,80,0.0,9.9,237,1016.1,93
Ghent,51.0543,3.7174,2019-08-29T00:00,18.6,82,0.0,9.7,231,1016.3,99
Ghent,51.0543,3.7174,2019-08-29T01:00,18.3,86,0.0,6.5,214,1016.7,84
Ghent,51.0543,3.7174,2019-08-29T02:00,18.0,88,0.0,10.7,230,1016.9,76
Ghent,51.0543,3.7174,2019-08-29T03:00,18.0,87,0.0,11.5,238,1016.8,81
Ghent,51.0543,3.7174,2019-08-29T04:00,17.8,88,0.0,11.1,234,1016.8,98
Ghent,51.0543,3.7174,2019-08-29T05:00,17.9,88,0.0,9.2,231,1017.1,74
Ghent,51.0543,3.7174,2019-08-29T06:00,17.5,89,0.0,8.9,230,1017.3,69
Ghent,51.0543,3.7174,2019-08-29T07:00,18.0,88,0.0,11.3,217,1017.8,52
Ghent,51.0543,3.7174,2019-08-29T08:00,19.0,82,0.0,14.0,224,1018.4,93
Ghent,51.0543,3.7174,2019-08-29T09:00,19.5,72,0.0,17.1,235,1018.6,89
Ghent,51.0543,3.7174,2019-08-29T10:00,19.9,64,0.0,17.9,240,1019.3,82
Ghent,51.0543,3.7174,2019-08-29T11:00,21.0,58,0.0,18.3,248,1019.7,86
Ghent,51.0543,3.7174,2019-08-29T12:00,21.9,50,0.0,17.9,251,1019.6,81
Ghent,51.0543,3.7174,2019-08-29T13:00,22.0,51,0.0,17.4,257,1020.6,97
Ghent,51.0543,3.7174,2019-08-29T14:00,20.9,60,0.0,17.2,280,1020.9,100
Ghent,51.0543,3.7174,2019-08-29T15:00,21.1,58,0.0,14.3,282,1020.8,64
Ghent,51.0543,3.7174,2019-08-29T16:00,21.4,54,0.0,12.6,273,1020.8,31
Ghent,51.0543,3.7174,2019-08-29T17:00,21.5,51,0.0,10.7,282,1020.8,0
Ghent,51.0543,3.7174,2019-08-29T18:00,20.4,57,0.0,11.2,315,1020.9,0
Ghent,51.0543,3.7174,2019-08-29T19:00,18.6,67,0.0,10.2,328,1021.4,0
Ghent,51.0543,3.7174,2019-08-29T20:00,15.9,81,0.0,6.7,344,1021.7,0
Ghent,51.0543,3.7174,2019-08-29T21:00,16.6,76,0.0,4.4,305,1022.2,0
Ghent,51.0543,3.7174,2019-08-29T22:00,13.9,90,0.0,7.5,235,1022.1,0
Ghent,51.0543,3.7174,2019-08-29T23:00,13.9,87,0.0,6.7,234,1022.5,0
Ghent,51.0543,3.7174,2019-08-30T00:00,13.7,84,0.0,8.4,239,1022.6,0
Ghent,51.0543,3.7174,2019-08-30T01:00,13.1,86,0.0,8.1,238,1023.0,0
Ghent,51.0543,3.7174,2019-08-30T02:00,11.9,91,0.0,7.4,231,1022.9,24
Ghent,51.0543,3.7174,2019-08-30T03:00,11.6,92,0.0,7.3,213,1022.9,44
Ghent,51.0543,3.7174,2019-08-30T04:00,11.4,94,0.0,8.0,207,1023.0,37
Ghent,51.0543,3.7174,2019-08-30T05:00,11.5,94,0.0,9.2,211,1023.0,14
Ghent,51.0543,3.7174,2019-08-30T06:00,11.6,94,0.0,9.7,222,1023.4,28
Ghent,51.0543,3.7174,2019-08-30T07:00,12.9,90,0.0,11.0,221,1023.5,76
Ghent,51.0543,3.7174,2019-08-30T08:00,15.2,82,0.0,9.7,222,1023.6,56
Ghent,51.0543,3.7174,2019-08-30T09:00,17.4,76,0.0,10.2,231,1023.6,44
Ghent,51.0543,3.7174,2019-08-30T10:00,19.1,66,0.0,9.9,237,1023.6,58
Ghent,51.0543,3.7174,2019-08-30T11:00,20.4,58,0.0,8.8,235,1023.7,76
Ghent,51.0543,3.7174,2019-08-30T12:00,21.3,55,0.0,8.0,234,1023.3,85
Ghent,51.0543,3.7174,2019-08-30T13:00,22.1,49,0.0,9.0,209,1023.0,49
Ghent,51.0543,3.7174,2019-08-30T14:00,22.8,47,0.0,9.0,217,1022.6,94
Ghent,51.0543,3.7174,2019-08-30T15:00,23.3,45,0.0,8.7,228,1022.0,94
Ghent,51.0543,3.7174,2019-08-30T16:00,23.1,45,0.0,7.5,235,1021.6,97
Ghent,51.0543,3.7174,2019-08-30T17:00,23.0,46,0.0,6.4,227,1021.0,98
Ghent,51.0543,3.7174,2019-08-30T18:00,22.5,49,0.0,5.4,228,1020.6,57
Ghent,51.0543,3.7174,2019-08-30T19:00,20.6,67,0.0,6.2,234,1020.4,0
Ghent,51.0543,3.7174,2019-08-30T20:00,20.5,57,0.0,5.0,339,1020.6,0
Ghent,51.0543,3.7174,2019-08-30T21:00,16.0,84,0.0,8.0,8,1020.4,3
Ghent,51.0543,3.7174,2019-08-30T22:00,15.4,89,0.0,6.4,47,1020.5,0
Ghent,51.0543,3.7174,2019-08-30T23:00,14.6,89,0.0,7.2,117,1019.9,3
Ghent,51.0543,3.7174,2019-08-31T00:00,13.6,87,0.0,9.3,167,1019.5,1
Ghent,51.0543,3.7174,2019-08-31T01:00,13.9,81,0.0,6.4,153,1019.0,0
Ghent,51.0543,3.7174,2019-08-31T02:00,13.1,77,0.0,7.4,157,1018.1,0
Ghent,51.0543,3.7174,2019-08-31T03:00,12.8,77,0.0,7.4,151,1017.4,0
Ghent,51.0543,3.7174,2019-08-31T04:00,12.6,78,0.0,7.4,157,1016.7,0
Ghent,51.0543,3.7174,2019-08-31T05:00,12.1,81,0.0,7.1,165,1016.0,14
Ghent,51.0543,3.7174,2019-08-31T06:00,11.9,83,0.0,7.3,169,1015.5,10
Ghent,51.0543,3.7174,2019-08-31T07:00,13.8,76,0.0,8.6,158,1015.2,8
Ghent,51.0543,3.7174,2019-08-31T08:00,17.5,64,0.0,7.4,157,1014.8,11
Ghent,51.0543,3.7174,2019-08-31T09:00,21.2,53,0.0,6.1,152,1014.2,1
Ghent,51.0543,3.7174,2019-08-31T10:00,23.7,45,0.0,9.7,149,1013.7,0
Ghent,51.0543,3.7174,2019-08-31T11:00,25.6,39,0.0,11.3,149,1012.9,2
Ghent,51.0543,3.7174,2019-08-31T12:00,27.1,36,0.0,11.9,151,1011.9,25
Ghent,51.0543,3.7174,2019-08-31T13:00,28.0,35,0.0,9.4,148,1010.9,54
Ghent,51.0543,3.7174,2019-08-31T14:00,28.8,38,0.0,12.7,151,1009.9,67
Ghent,51.0543,3.7174,2019-08-31T15:00,28.5,42,0.0,11.5,182,1008.8,99
Ghent,51.0543,3.7174,2019-08-31T16:00,27.1,48,0.0,13.6,258,1008.3,83
Ghent,51.0543,3.7174,2019-08-31T17:00,26.6,52,0.0,12.7,262,1008.4,80
Ghent,51.0543,3.7174,2019-08-31T18:00,22.9,59,0.0,21.5,305,1009.4,89
Ghent,51.0543,3.7174,2019-08-31T19:00,20.9,64,0.0,22.7,269,1010.1,76
Ghent,51.0543,3.7174,2019-08-31T20:00,18.6,66,0.0,21.0,265,1011.0,94
Ghent,51.0543,3.7174,2019-08-31T21:00,17.6,72,0.0,18.6,261,1011.2,99
Ghent,51.0543,3.7174,2019-08-31T22:00,17.1,78,0.0,16.6,266,1011.4,91
Ghent,51.0543,3.7174,2019-08-31T23:00,16.8,81,0.0,14.6,260,1011.8,94
Ghent,51.0543,3.7174,2019-09-01T00:00,16.8,81,0.0,14.2,254,1011.7,74
Ghent,51.0543,3.7174,2019-09-01T01:00,17.1,84,0.0,13.2,259,1012.4,100
Ghent,51.0543,3.7174,2019-09-01T02:00,17.2,82,0.0,11.5,274,1012.8,99
Ghent,51.0543,3.7174,2019-09-01T03:00,15.9,82,0.0,10.4,268,1012.9,97
Ghent,51.0543,3.7174,2019-09-01T04:00,15.8,80,0.0,10.4,270,1013.1,99
Ghent,51.0543,3.7174,2019-09-01T05:00,15.4,81,0.0,7.9,286,1013.5,97
Ghent,51.0543,3.7174,2019-09-01T06:00,15.0,82,0.0,6.6,279,1013.6,100
Ghent,51.0543,3.7174,2019-09-01T07:00,15.5,79,0.0,8.3,272,1014.1,99
Ghent,51.0543,3.7174,2019-09-01T08:00,16.7,72,0.0,9.4,288,1014.8,100
Ghent,51.0543,3.7174,2019-09-01T09:00,17.5,62,0.0,11.9,305,1015.4,100
Ghent,51.0543,3.7174,2019-09-01T10:00,18.2,56,0.0,10.1,305,1015.8,95
Ghent,51.0543,3.7174,2019-09-01T11:00,19.4,49,0.0,11.3,297,1016.4,63
Ghent,51.0543,3.7174,2019-09-01T12:00,20.0,46,0.0,12.4,296,1016.3,44
Ghent,51.0543,3.7174,2019-09-01T13:00,19.6,47,0.0,14.9,290,1017.0,63
Ghent,51.0543,3.7174,2019-09-01T14:00,19.5,48,0.2,15.6,293,1017.2,53
Ghent,51.0543,3.7174,2019-09-01T15:00,19.5,47,0.1,15.1,295,1017.3,40
Ghent,51.0543,3.7174,2019-09-01T16:00,19.3,47,0.0,15.6,296,1017.4,32
Ghent,51.0543,3.7174,2019-09-01T17:00,18.9,47,0.0,14.9,302,1017.6,36
Ghent,51.0543,3.7174,2019-09-01T18:00,18.1,49,0.0,13.7,305,1018.0,30
Ghent,51.0543,3.7174,2019-09-01T19:00,17.1,54,0.0,10.0,308,1018.4,32
Ghent,51.0543,3.7174,2019-09-01T20:00,15.4,62,0.0,7.6,301,1019.2,25
Ghent,51.0543,3.7174,2019-09-01T21:00,14.6,67,0.0,6.9,279,1019.8,19
Ghent,51.0543,3.7174,2019-09-01T22:00,14.1,72,0.0,7.6,267,1020.1,45
Ghent,51.0543,3.7174,2019-09-01T23:00,14.2,73,0.0,8.2,255,1020.5,48
Bruges,51.2093,3.2247,2019-08-01T00:00,16.5,82,0.0,16.6,221,1015.9,80
Bruges,51.2093,3.2247,2019-08-01T01:00,16.5,85,0.0,16.6,219,1016.1,69
Bruges,51.2093,3.2247,2019-08-01T02:00,15.8,90,0.0,15.4,217,1016.3,37
Bruges,51.2093,3.2247,2019-08-01T03:00,15.5,93,0.0,14.4,217,1016.1,74
Bruges,51.2093,3.2247,2019-08-01T04:00,15.6,95,0.0,13.8,219,1016.0,87
Bruges,51.2093,3.2247,2019-08-01T05:00,16.1,94,0.0,14.0,224,1016.0,73
Bruges,51.2093,3.2247,2019-08-01T06:00,16.4,94,0.0,15.5,222,1016.0,44
Bruges,51.2093,3.2247,2019-08-01T07:00,17.4,88,0.0,19.6,234,1016.0,42
Bruges,51.2093,3.2247,2019-08-01T08:00,18.6,79,0.0,18.7,247,1016.3,33
Bruges,51.2093,3.2247,2019-08-01T09:00,19.6,73,0.1,18.1,257,1016.2,31
Bruges,51.2093,3.2247,2019-08-01T10:00,20.5,68,0.1,18.4,264,1016.5,32
Bruges,51.2093,3.2247,2019-08-01T11:00,20.9,67,0.2,19.5,273,1016.8,33
Bruges,51.2093,3.2247,2019-08-01T12:00,21.1,67,0.1,19.0,280,1016.8,39
Bruges,51.2093,3.2247,2019-08-01T13:00,21.6,64,0.0,15.5,275,1017.0,42
Bruges,51.2093,3.2247,2019-08-01T14:00,21.6,64,0.1,16.9,282,1017.1,22
Bruges,51.2093,3.2247,2019-08-01T15:00,21.3,67,0.1,17.4,297,1017.1,23
Bruges,51.2093,3.2247,2019-08-01T16:00,21.1,66,0.0,15.6,299,1016.9,22
Bruges,51.2093,3.2247,2019-08-01T17:00,21.1,62,0.0,13.5,299,1016.7,21
Bruges,51.2093,3.2247,2019-08-01T18:00,21.0,63,0.0,12.2,298,1016.5,28
Bruges,51.2093,3.2247,2019-08-01T19:00,20.2,67,0.0,10.3,299,1016.4,29
Bruges,51.2093,3.2247,2019-08-01T20:00,18.7,77,0.0,5.5,293,1016.8,49
Bruges,51.2093,3.2247,2019-08-01T21:00,16.7,88,0.0,6.4,286,1017.1,9
Bruges,51.2093,3.2247,2019-08-01T22:00,16.2,92,0.0,6.2,277,1017.0,2
Bruges,51.2093,3.2247,2019-08-01T23:00,15.7,94,0.0,5.5,238,1017.1,22
Bruges,51.2093,3.2247,2019-08-02T00:00,15.6,94,0.0,6.2,249,1016.9,7
Bruges,51.2093,3.2247,2019-08-02T01:00,16.2,93,0.0,7.9,267,1016.9,5
Bruges,51.2093,3.2247,2019-08-02T02:00,15.9,95,0.0,6.5,276,1016.7,14
Bruges,51.2093,3.2247,2019-08-02T03:00,15.0,97,0.0,9.2,281,1016.6,8
Bruges,51.2093,3.2247,2019-08-02T04:00,14.8,97,0.0,10.0,291,1016.6,0
Bruges,51.2093,3.2247,2019-08-02T05:00,14.6,98,0.0,10.0,291,1016.5,14
Bruges,51.2093,3.2247,2019-08-02T06:00,16.1,96,0.0,6.7,286,1016.3,25
Bruges,51.2093,3.2247,2019-08-02T07:00,17.8,89,0.0,12.5,303,1016.4,21
Bruges,51.2093,3.2247,2019-08-02T08:00,18.5,86,0.1,14.8,317,1016.7,53
Bruges,51.2093,3.2247,2019-08-02T09:00,19.3,82,0.1,16.5,314,1016.7,37
Bruges,51.2093,3.2247,2019-08-02T10:00,19.7,79,0.1,19.9,314,1016.9,38
Bruges,51.2093,3.2247,2019-08-02T11:00,20.0,77,0.1,22.1,316,1017.1,47
Bruges,51.2093,3.2247,2019-08-02T12:00,20.0,79,0.1,22.7,311,1017.1,58
Bruges,51.2093,3.2247,2019-08-02T13:00,20.0,79,0.1,21.7,320,1017.8,59
Bruges,51.2093,3.2247,2019-08-02T14:00,20.5,75,0.1,21.8,322,1017.7,36
Bruges,51.2093,3.2247,2019-08-02T15:00,20.6,73,0.1,24.2,330,1017.7,33
Bruges,51.2093,3.2247,2019-08-02T16:00,20.3,75,0.2,25.4,335,1017.7,18
Bruges,51.2093,3.2247,2019-08-02T17:00,20.0,75,0.1,25.2,338,1017.5,22
Bruges,51.2093,3.2247,2019-08-02T18:00,19.5,78,0.1,24.8,343,1017.6,31
Bruges,51.2093,3.2247,2019-08-02T19:00,19.0,81,0.0,21.6,345,1017.6,31
Bruges,51.2093,3.2247,2019-08-02T20:00,18.0,86,0.0,17.9,345,1017.9,27
Bruges,51.2093,3.2247,2019-08-02T21:00,17.5,88,0.0,15.1,348,1018.2,30
Bruges,51.2093,3.2247,2019-08-02T22:00,17.2,86,0.0,14.6,350,1018.3,48
Bruges,51.2093,3.2247,2019-08-02T23:00,16.8,88,0.1,12.5,348,1018.4,47
Bruges,51.2093,3.2247,2019-08-03T00:00,16.7,90,0.0,11.3,351,1018.4,100
Bruges,51.2093,3.2247,2019-08-03T01:00,17.0,88,0.0,11.2,356,1018.4,100
Bruges,51.2093,3.2247,2019-08-03T02:00,17.0,89,0.0,9.4,356,1018.5,96
Bruges,51.2093,3.2247,2019-08-03T03:00,16.8,89,0.0,9.7,2,1018.5,44
Bruges,51.2093,3.2247,2019-08-03T04:00,16.2,91,0.0,7.3,9,1018.3,22
Bruges,51.2093,3.2247,2019-08-03T05:00,15.6,93,0.0,6.5,3,1018.5,30
Bruges,51.2093,3.2247,2019-08-03T06:00,16.1,91,0.0,5.1,356,1018.7,45
Bruges,51.2093,3.2247,2019-08-03T07:00,17.9,82,0.0,5.4,4,1018.8,52
Bruges,51.2093,3.2247,2019-08-03T08:00,18.9,76,0.0,9.4,18,1018.9,56
Bruges,51.2093,3.2247,2019-08-03T09:00,19.5,72,0.1,10.9,17,1018.8,78
Bruges,51.2093,3.2247,2019-08-03T10:00,20.4,68,0.2,13.0,19,1018.9,100
Bruges,51.2093,3.2247,2019-08-03T11:00,20.2,70,0.0,12.4,10,1019.4,97
Bruges,51.2093,3.2247,2019-08-03T12:00,20.8,69,0.2,13.8,6,1019.3,80
Bruges,51.2093,3.2247,2019-08-03T13:00,20.2,70,0.0,10.9,9,1019.8,98
Bruges,51.2093,3.2247,2019-08-03T14:00,20.5,66,0.0,10.8,4,1019.7,97
Bruges,51.2093,3.2247,2019-08-03T15:00,21.0,64,0.0,10.9,6,1019.4,98
Bruges,51.2093,3.2247,2019-08-03T16:00,20.6,65,0.0,11.6,5,1019.1,98
Bruges,51.2093,3.2247,2019-08-03T17:00,20.1,68,0.0,12.3,3,1018.9,99
Bruges,51.2093,3.2247,2019-08-03T18:00,19.9,69,0.0,12.3,15,1018.6,99
Bruges,51.2093,3.2247,2019-08-03T19:00,19.2,72,0.0,10.7,20,1018.3,98
Bruges,51.2093,3.2247,2019-08-03T20:00,18.5,77,0.0,4.8,27,1018.2,98
Bruges,51.2093,3.2247,2019-08-03T21:00,17.3,82,0.0,5.1,45,1018.1,99
Bruges,51.2093,3.2247,2019-08-03T22:00,16.9,83,0.0,7.1,60,1018.0,99
Bruges,51.2093,3.2247,2019-08-03T23:00,16.7,83,0.0,6.9,81,1017.8,98
Bruges,51.2093,3.2247,2019-08-04T00:00,15.9,86,0.0,6.8,90,1017.7,92
Bruges,51.2093,3.2247,2019-08-04T01:00,15.9,88,0.0,7.3,101,1017.4,49
Bruges,51.2093,3.2247,2019-08-04T02:00,15.4,91,0.0,7.4,113,1017.3,6
Bruges,51.2093,3.2247,2019-08-04T03:00,15.1,93,0.0,7.4,129,1017.2,12
Bruges,51.2093,3.2247,2019-08-04T04:00,14.8,95,0.0,7.4,129,1017.0,42
Bruges,51.2093,3.2247,2019-08-04T05:00,14.4,96,0.0,6.9,133,1016.9,32
Bruges,51.2093,3.2247,2019-08-04T06:00,14.8,95,0.0,8.2,131,1016.7,20
Bruges,51.2093,3.2247,2019-08-04T07:00,16.8,87,0.0,8.4,130,1016.4,32
Bruges,51.2093,3.2247,2019-08-04T08:00,19.3,77,0.0,8.4,130,1016.3,18
Bruges,51.2093,3.2247,2019-08-04T09:00,21.2,68,0.0,10.7,132,1015.9,88
Bruges,51.2093,3.2247,2019-08-04T10:00,22.5,61,0.0,9.7,135,1015.6,98
Bruges,51.2093,3.2247,2019-08-04T11:00,23.4,58,0.0,9.2,135,1015.2,95
Bruges,51.2093,3.2247,2019-08-04T12:00,24.6,53,0.0,8.8,161,1014.8,100
Bruges,51.2093,3.2247,2019-08-04T13:00,25.1,51,0.0,9.5,151,1014.8,100
Bruges,51.2093,3.2247,2019-08-04T14:00,26.0,46,0.0,8.0,172,1014.3,100
Bruges,51.2093,3.2247,2019-08-04T15:00,26.2,43,0.0,3.9,158,1013.8,100
Bruges,51.2093,3.2247,2019-08-04T16:00,25.6,47,0.0,4.6,39,1013.4,100
Bruges,51.2093,3.2247,2019-08-04T17:00,25.9,49,0.0,3.1,45,1012.7,100
Bruges,51.2093,3.2247,2019-08-04T18:00,25.4,53,0.0,2.5,278,1012.5,100
Bruges,51.2093,3.2247,2019-08-04T19:00,24.0,65,0.0,4.4,279,1012.0,100
Bruges,51.2093,3.2247,2019-08-04T20:00,21.8,84,0.0,4.6,309,1011.9,100
Bruges,51.2093,3.2247,2019-08-04T21:00,21.2,85,0.0,3.1,21,1011.8,100
Bruges,51.2093,3.2247,2019-08-04T22:00,21.5,80,0.0,1.6,117,1011.5,100
Bruges,51.2093,3.2247,2019-08-04T23:00,20.5,84,0.1,4.0,100,1011.5,100
Bruges,51.2093,3.2247,2019-08-05T00:00,20.7,79,0.0,2.2,81,1011.5,100
Bruges,51.2093,3.2247,2019-08-05T01:00,19.2,83,0.1,5.5,191,1011.0,98
Bruges,51.2093,3.2247,2019-08-05T02:00,19.3,81,0.0,14.7,259,1011.0,80
Bruges,51.2093,3.2247,2019-08-05T03:00,18.2,82,0.0,16.4,261,1011.1,97
Bruges,51.2093,3.2247,2019-08-05T04:00,18.0,86,0.0,16.4,255,1010.9,96
Bruges,51.2093,3.2247,2019-08-05T05:00,17.3,87,0.0,16.9,250,1010.9,75
Bruges,51.2093,3.2247,2019-08-05T06:00,16.8,91,0.0,16.1,246,1011.0,23
Bruges,51.2093,3.2247,2019-08-05T07:00,17.6,88,0.0,16.0,239,1011.1,46
Bruges,51.2093,3.2247,2019-08-05T08:00,18.9,80,0.0,17.8,249,1011.2,81
Bruges,51.2093,3.2247,2019-08-05T09:00,20.0,71,0.0,19.2,253,1011.4,37
Bruges,51.2093,3.2247,2019-08-05T10:00,21.2,65,0.0,18.6,252,1011.4,79
Bruges,51.2093,3.2247,2019-08-05T11:00,22.5,57,0.0,18.9,239,1011.2,52
Bruges,51.2093,3.2247,2019-08-05T12:00,24.0,50,0.0,23.1,233,1010.9,100
Bruges,51.2093,3.2247,2019-08-05T13:00,24.4,49,0.0,22.1,233,1010.8,98
Bruges,51.2093,3.2247,2019-08-05T14:00,24.0,51,0.0,21.5,232,1010.8,100
Bruges,51.2093,3.2247,2019-08-05T15:00,24.0,53,0.0,21.6,233,1010.6,100
Bruges,51.2093,3.2247,2019-08-05T16:00,22.8,61,0.0,23.0,241,1010.8,90
Bruges,51.2093,3.2247,2019-08-05T17:00,21.6,70,0.6,21.1,237,1010.8,92
Bruges,51.2093,3.2247,2019-08-05T18:00,22.2,67,0.2,20.2,235,1010.2,38
Bruges,51.2093,3.2247,2019-08-05T19:00,21.8,70,0.0,17.8,234,1010.2,70
Bruges,51.2093,3.2247,2019-08-05T20:00,20.7,74,0.2,18.7,232,1010.2,84
Bruges,51.2093,3.2247,2019-08-05T21:00,19.2,76,0.0,16.9,241,1010.8,19
Bruges,51.2093,3.2247,2019-08-05T22:00,17.9,70,0.0,16.8,235,1010.9,79
Bruges,51.2093,3.2247,2019-08-05T23:00,16.8,69,0.0,16.5,226,1011.0,63
Bruges,51.2093,3.2247,2019-08-06T00:00,16.0,73,0.0,16.3,225,1010.9,38
Bruges,51.2093,3.2247,2019-08-06T01:00,15.6,80,0.0,16.8,228,1011.1,98
Bruges,51.2093,3.2247,2019-08-06T02:00,15.1,84,0.0,16.3,225,1011.3,98
Bruges,51.2093,3.2247,2019-08-06T03:00,14.9,85,0.0,15.5,224,1011.0,97
Bruges,51.2093,3.2247,2019-08-06T04:00,14.6,86,0.0,14.5,224,1010.8,77
Bruges,51.2093,3.2247,2019-08-06T05:00,14.4,87,0.0,14.8,223,1011.0,81
Bruges,51.2093,3.2247,2019-08-06T06:00,14.6,86,0.0,15.0,226,1011.1,91
Bruges,51.2093,3.2247,2019-08-06T07:00,16.0,82,0.0,15.5,226,1011.0,91
Bruges,51.2093,3.2247,2019-08-06T08:00,17.7,76,0.0,16.6,229,1010.9,95
Bruges,51.2093,3.2247,2019-08-06T09:00,19.2,70,0.0,17.0,234,1010.8,96
Bruges,51.2093,3.2247,2019-08-06T10:00,20.4,64,0.0,16.6,231,1010.7,98
Bruges,51.2093,3.2247,2019-08-06T11:00,21.6,57,0.0,18.1,229,1010.5,100
Bruges,51.2093,3.2247,2019-08-06T12:00,22.0,53,0.0,20.9,222,1010.2,100
Bruges,51.2093,3.2247,2019-08-06T13:00,22.2,55,0.0,17.9,210,1010.2,100
Bruges,51.2093,3.2247,2019-08-06T14:00,23.2,50,0.0,20.5,218,1009.6,62
Bruges,51.2093,3.2247,2019-08-06T15:00,22.5,54,0.1,21.8,214,1009.4,96
Bruges,51.2093,3.2247,2019-08-06T16:00,23.0,53,0.0,19.9,222,1008.5,91
Bruges,51.2093,3.2247,2019-08-06T17:00,23.0,53,0.0,17.4,218,1007.9,100
Bruges,51.2093,3.2247,2019-08-06T18:00,21.5,63,0.2,13.6,233,1007.8,66
Bruges,51.2093,3.2247,2019-08-06T19:00,20.8,68,0.2,13.1,249,1007.5,39
Bruges,51.2093,3.2247,2019-08-06T20:00,19.7,71,0.0,10.2,252,1007.5,79
Bruges,51.2093,3.2247,2019-08-06T21:00,18.5,72,0.0,12.1,243,1007.8,100
Bruges,51.2093,3.2247,2019-08-06T22:00,17.4,76,0.0,12.7,227,1008.0,99
Bruges,51.2093,3.2247,2019-08-06T23:00,16.6,80,0.0,13.1,217,1007.8,100
Bruges,51.2093,3.2247,2019-08-07T00:00,16.3,81,0.0,14.5,215,1007.5,81
Bruges,51.2093,3.2247,2019-08-07T01:00,16.6,80,0.0,17.1,226,1007.5,25
Bruges,51.2093,3.2247,2019-08-07T02:00,16.1,84,0.0,15.0,215,1007.1,97
Bruges,51.2093,3.2247,2019-08-07T03:00,16.0,87,0.0,15.5,208,1007.1,73
Bruges,51.2093,3.2247,2019-08-07T04:00,16.1,87,0.0,17.2,217,1006.9,83
Bruges,51.2093,3.2247,2019-08-07T05:00,16.0,87,0.0,17.1,219,1006.8,27
Bruges,51.2093,3.2247,2019-08-07T06:00,15.9,87,0.0,17.3,222,1006.8,25
Bruges,51.2093,3.2247,2019-08-07T07:00,16.8,84,0.0,16.6,221,1007.0,18
Bruges,51.2093,3.2247,2019-08-07T08:00,18.1,77,0.0,19.6,229,1007.3,10
Bruges,51.2093,3.2247,2019-08-07T09:00,19.4,69,0.0,20.7,239,1007.2,21
Bruges,51.2093,3.2247,2019-08-07T10:00,20.5,61,0.0,21.2,249,1007.1,19
Bruges,51.2093,3.2247,2019-08-07T11:00,21.4,57,0.1,21.5,252,1007.2,22
Bruges,51.2093,3.2247,2019-08-07T12:00,22.1,53,0.0,21.5,252,1007.1,14
Bruges,51.2093,3.2247,2019-08-07T13:00,22.6,49,0.1,22.1,248,1007.2,16
Bruges,51.2093,3.2247,2019-08-07T14:00,23.0,47,0.0,23.9,252,1007.4,29
Bruges,51.2093,3.2247,2019-08-07T15:00,22.7,48,0.0,23.9,258,1007.5,33
Bruges,51.2093,3.2247,2019-08-07T16:00,22.2,51,0.2,23.7,261,1007.4,24
Bruges,51.2093,3.2247,2019-08-07T17:00,21.8,54,0.1,23.3,261,1007.7,8
Bruges,51.2093,3.2247,2019-08-07T18:00,21.2,56,0.0,21.8,257,1007.8,3
Bruges,51.2093,3.2247,2019-08-07T19:00,20.2,60,0.0,19.3,249,1008.0,1
Bruges,51.2093,3.2247,2019-08-07T20:00,18.9,64,0.0,18.2,240,1008.6,2
Bruges,51.2093,3.2247,2019-08-07T21:00,17.7,70,0.0,16.6,231,1008.9,3
Bruges,51.2093,3.2247,2019-08-07T22:00,16.8,75,0.0,16.5,226,1009.1,5
Bruges,51.2093,3.2247,2019-08-07T23:00,16.1,79,0.0,16.5,226,1009.4,3
Bruges,51.2093,3.2247,2019-08-08T00:00,15.6,81,0.0,16.5,226,1009.5,2
Bruges,51.2093,3.2247,2019-08-08T01:00,16.0,79,0.0,16.0,234,1009.8,8
Bruges,51.2093,3.2247,2019-08-08T02:00,15.3,84,0.0,14.8,227,1009.8,4
Bruges,51.2093,3.2247,2019-08-08T03:00,14.8,89,0.0,15.8,221,1009.8,58
Bruges,51.2093,3.2247,2019-08-08T04:00,14.6,90,0.0,16.1,220,1009.9,59
Bruges,51.2093,3.2247,2019-08-08T05:00,14.6,91,0.0,15.1,220,1010.2,95
Bruges,51.2093,3.2247,2019-08-08T06:00,14.8,91,0.0,15.1,220,1010.2,99
Bruges,51.2093,3.2247,2019-08-08T07:00,15.9,88,0.0,14.5,222,1010.5,40
Bruges,51.2093,3.2247,2019-08-08T08:00,17.7,82,0.0,15.9,232,1011.1,54
Bruges,51.2093,3.2247,2019-08-08T09:00,19.2,74,0.0,16.8,247,1011.4,90
Bruges,51.2093,3.2247,2019-08-08T10:00,20.5,65,0.0,18.1,257,1011.4,53
Bruges,51.2093,3.2247,2019-08-08T11:00,21.7,58,0.0,17.0,257,1011.4,82
Bruges,51.2093,3.2247,2019-08-08T12:00,22.7,52,0.0,16.2,258,1011.7,99
Bruges,51.2093,3.2247,2019-08-08T13:00,22.0,57,0.0,13.4,250,1012.0,97
Bruges,51.2093,3.2247,2019-08-08T14:00,22.5,57,0.2,12.1,260,1012.1,89
Bruges,51.2093,3.2247,2019-08-08T15:00,22.8,57,0.1,9.7,274,1011.7,81
Bruges,51.2093,3.2247,2019-08-08T16:00,22.8,59,0.1,5.2,295,1011.4,100
Bruges,51.2093,3.2247,2019-08-08T17:00,23.2,57,0.0,5.1,274,1011.4,100
Bruges,51.2093,3.2247,2019-08-08T18:00,23.0,58,0.0,2.0,315,1011.0,36
Bruges,51.2093,3.2247,2019-08-08T19:00,22.1,64,0.0,5.4,20,1011.0,25
Bruges,51.2093,3.2247,2019-08-08T20:00,20.0,73,0.0,7.4,39,1010.8,33
Bruges,51.2093,3.2247,2019-08-08T21:00,18.4,78,0.0,9.9,57,1010.6,0
Bruges,51.2093,3.2247,2019-08-08T22:00,17.9,80,0.0,8.8,78,1010.4,15
Bruges,51.2093,3.2247,2019-08-08T23:00,18.0,79,0.0,9.2,111,1010.2,42
Bruges,51.2093,3.2247,2019-08-09T00:00,18.4,77,0.0,10.5,112,1009.8,95
Bruges,51.2093,3.2247,2019-08-09T01:00,19.4,71,0.0,14.0,113,1009.1,83
Bruges,51.2093,3.2247,2019-08-09T02:00,19.3,73,0.2,14.8,124,1008.9,100
Bruges,51.2093,3.2247,2019-08-09T03:00,18.8,79,0.6,17.4,114,1008.0,100
Bruges,51.2093,3.2247,2019-08-09T04:00,18.5,82,0.2,17.4,114,1007.1,100
Bruges,51.2093,3.2247,2019-08-09T05:00,18.6,84,0.0,17.8,122,1005.6,100
Bruges,51.2093,3.2247,2019-08-09T06:00,19.3,81,0.0,17.7,147,1005.3,91
Bruges,51.2093,3.2247,2019-08-09T07:00,20.5,77,0.0,16.3,149,1004.8,100
Bruges,51.2093,3.2247,2019-08-09T08:00,20.8,79,0.7,19.8,180,1005.3,100
Bruges,51.2093,3.2247,2019-08-09T09:00,21.2,84,2.4,17.7,185,1005.1,100
Bruges,51.2093,3.2247,2019-08-09T10:00,22.3,82,0.5,15.2,194,1005.4,100
Bruges,51.2093,3.2247,2019-08-09T11:00,22.5,82,0.5,17.3,176,1004.7,100
Bruges,51.2093,3.2247,2019-08-09T12:00,22.6,83,0.4,16.8,190,1004.8,100
Bruges,51.2093,3.2247,2019-08-09T13:00,21.9,90,0.5,19.9,174,1004.6,100
Bruges,51.2093,3.2247,2019-08-09T14:00,24.2,69,0.0,27.0,196,1004.4,100
Bruges,51.2093,3.2247,2019-08-09T15:00,24.5,61,0.0,24.7,199,1004.2,100
Bruges,51.2093,3.2247,2019-08-09T16:00,23.5,71,0.0,19.6,194,1003.7,40
Bruges,51.2093,3.2247,2019-08-09T17:00,24.6,65,0.0,27.4,203,1003.7,40
Bruges,51.2093,3.2247,2019-08-09T18:00,24.2,63,0.0,21.6,206,1003.5,78
Bruges,51.2093,3.2247,2019-08-09T19:00,23.4,63,0.0,20.2,202,1003.5,92
Bruges,51.2093,3.2247,2019-08-09T20:00,22.5,64,0.0,18.7,199,1003.9,34
Bruges,51.2093,3.2247,2019-08-09T21:00,21.3,70,0.0,20.2,184,1004.5,25
Bruges,51.2093,3.2247,2019-08-09T22:00,21.0,71,0.0,23.1,183,1004.2,34
Bruges,51.2093,3.2247,2019-08-09T23:00,20.9,74,0.2,25.3,191,1004.1,42
Bruges,51.2093,3.2247,2019-08-10T00:00,20.5,72,0.3,25.3,204,1004.3,54
Bruges,51.2093,3.2247,2019-08-10T01:00,21.1,58,0.1,27.6,200,1004.3,11
Bruges,51.2093,3.2247,2019-08-10T02:00,20.5,60,0.0,28.4,202,1004.1,7
Bruges,51.2093,3.2247,2019-08-10T03:00,20.0,61,0.0,31.0,203,1004.2,100
Bruges,51.2093,3.2247,2019-08-10T04:00,20.0,61,0.0,32.8,207,1004.3,22
Bruges,51.2093,3.2247,2019-08-10T05:00,18.9,66,0.0,31.0,211,1004.8,86
Bruges,51.2093,3.2247,2019-08-10T06:00,18.4,70,0.0,30.9,214,1005.4,100
Bruges,51.2093,3.2247,2019-08-10T07:00,18.2,71,0.1,31.4,217,1006.1,100
Bruges,51.2093,3.2247,2019-08-10T08:00,18.4,71,0.0,33.1,222,1006.7,38
Bruges,51.2093,3.2247,2019-08-10T09:00,19.5,66,0.1,37.4,226,1007.2,26
Bruges,51.2093,3.2247,2019-08-10T10:00,20.3,62,0.1,39.0,226,1007.8,51
Bruges,51.2093,3.2247,2019-08-10T11:00,20.8,59,0.1,38.5,228,1008.3,37
Bruges,51.2093,3.2247,2019-08-10T12:00,21.3,56,0.1,40.0,232,1008.8,38
Bruges,51.2093,3.2247,2019-08-10T13:00,22.0,52,0.0,38.7,225,1009.3,26
Bruges,51.2093,3.2247,2019-08-10T14:00,22.6,49,0.0,41.4,230,1009.5,26
Bruges,51.2093,3.2247,2019-08-10T15:00,22.7,47,0.0,40.3,232,1009.8,31
Bruges,51.2093,3.2247,2019-08-10T16:00,22.4,49,0.0,38.5,232,1010.4,30
Bruges,51.2093,3.2247,2019-08-10T17:00,21.7,52,0.0,36.8,231,1010.8,27
Bruges,51.2093,3.2247,2019-08-10T18:00,21.1,54,0.0,32.6,233,1011.0,3
Bruges,51.2093,3.2247,2019-08-10T19:00,20.2,58,0.0,30.6,236,1011.6,10
Bruges,51.2093,3.2247,2019-08-10T20:00,18.8,66,0.0,28.6,236,1012.6,3
Bruges,51.2093,3.2247,2019-08-10T21:00,18.0,69,0.0,26.5,236,1013.0,6
Bruges,51.2093,3.2247,2019-08-10T22:00,17.5,69,0.0,24.5,237,1013.1,5
Bruges,51.2093,3.2247,2019-08-10T23:00,17.2,63,0.0,24.1,231,1013.5,2
Bruges,51.2093,3.2247,2019-08-11T00:00,16.7,60,0.0,23.6,231,1013.7,0
Bruges,51.2093,3.2247,2019-08-11T01:00,16.5,64,0.0,23.5,230,1014.0,0
Bruges,51.2093,3.2247,2019-08-11T02:00,15.9,70,0.0,21.1,227,1013.6,6
Bruges,51.2093,3.2247,2019-08-11T03:00,15.8,76,0.0,21.4,221,1013.9,75
Bruges,51.2093,3.2247,2019-08-11T04:00,15.7,78,0.0,21.7,220,1013.8,96
Bruges,51.2093,3.2247,2019-08-11T05:00,15.6,79,0.0,20.7,220,1013.8,100
Bruges,51.2093,3.2247,2019-08-11T06:00,15.4,80,0.0,19.8,217,1013.8,99
Bruges,51.2093,3.2247,2019-08-11T07:00,16.1,79,0.0,19.0,213,1013.6,99
Bruges,51.2093,3.2247,2019-08-11T08:00,17.2,75,0.0,21.1,205,1013.9,50
Bruges,51.2093,3.2247,2019-08-11T09:00,18.5,68,0.0,24.8,221,1013.6,100
Bruges,51.2093,3.2247,2019-08-11T10:00,19.2,63,0.1,25.3,220,1013.8,100
Bruges,51.2093,3.2247,2019-08-11T11:00,19.5,62,0.1,24.7,223,1013.8,100
Bruges,51.2093,3.2247,2019-08-11T12:00,20.1,60,0.1,23.7,229,1013.4,100
Bruges,51.2093,3.2247,2019-08-11T13:00,19.9,60,0.0,24.2,222,1013.8,100
Bruges,51.2093,3.2247,2019-08-11T14:00,19.8,59,0.0,24.2,226,1013.7,100
Bruges,51.2093,3.2247,2019-08-11T15:00,19.7,60,0.0,22.4,224,1013.3,100
Bruges,51.2093,3.2247,2019-08-11T16:00,19.6,60,0.0,21.9,226,1013.0,100
Bruges,51.2093,3.2247,2019-08-11T17:00,19.3,61,0.0,21.4,226,1013.1,92
Bruges,51.2093,3.2247,2019-08-11T18:00,19.0,63,0.0,19.1,221,1013.0,94
Bruges,51.2093,3.2247,2019-08-11T19:00,18.8,64,0.0,16.3,215,1013.3,15
Bruges,51.2093,3.2247,2019-08-11T20:00,17.8,67,0.0,15.1,218,1013.7,12
Bruges,51.2093,3.2247,2019-08-11T21:00,16.7,71,0.0,15.1,220,1013.9,3
Bruges,51.2093,3.2247,2019-08-11T22:00,15.9,77,0.0,16.0,224,1014.0,2
Bruges,51.2093,3.2247,2019-08-11T23:00,15.2,81,0.0,16.4,220,1014.2,2
Bruges,51.2093,3.2247,2019-08-12T00:00,14.8,83,0.0,16.9,218,1014.2,23
Bruges,51.2093,3.2247,2019-08-12T01:00,14.9,80,0.0,16.3,223,1014.4,12
Bruges,51.2093,3.2247,2019-08-12T02:00,14.5,83,0.0,16.4,218,1014.3,4
Bruges,51.2093,3.2247,2019-08-12T03:00,14.1,88,0.0,15.9,219,1014.0,3
Bruges,51.2093,3.2247,2019-08-12T04:00,13.6,92,0.0,15.3,219,1014.0,7
Bruges,51.2093,3.2247,2019-08-12T05:00,13.4,94,0.0,15.5,216,1014.1,4
Bruges,51.2093,3.2247,2019-08-12T06:00,13.4,94,0.0,14.4,212,1014.1,5
Bruges,51.2093,3.2247,2019-08-12T07:00,14.8,88,0.0,14.0,215,1014.0,10
Bruges,51.2093,3.2247,2019-08-12T08:00,16.4,81,0.0,14.8,229,1014.3,14
Bruges,51.2093,3.2247,2019-08-12T09:00,17.6,75,0.0,15.1,242,1014.6,32
Bruges,51.2093,3.2247,2019-08-12T10:00,18.7,72,0.1,12.1,240,1014.6,54
Bruges,51.2093,3.2247,2019-08-12T11:00,19.0,67,0.2,14.4,257,1014.5,78
Bruges,51.2093,3.2247,2019-08-12T12:00,18.2,73,3.6,15.9,276,1014.5,46
Bruges,51.2093,3.2247,2019-08-12T13:00,18.5,79,3.7,13.1,261,1014.2,70
Bruges,51.2093,3.2247,2019-08-12T14:00,17.9,80,1.9,10.8,285,1014.5,96
Bruges,51.2093,3.2247,2019-08-12T15:00,16.8,78,4.2,16.4,261,1014.7,92
Bruges,51.2093,3.2247,2019-08-12T16:00,17.9,70,0.1,11.6,254,1014.1,98
Bruges,51.2093,3.2247,2019-08-12T17:00,17.7,68,0.0,14.1,257,1014.1,89
Bruges,51.2093,3.2247,2019-08-12T18:00,16.7,73,0.1,15.5,257,1014.2,94
Bruges,51.2093,3.2247,2019-08-12T19:00,16.0,79,0.0,12.3,249,1014.2,68
Bruges,51.2093,3.2247,2019-08-12T20:00,15.4,81,0.0,10.0,229,1014.5,66
Bruges,51.2093,3.2247,2019-08-12T21:00,14.4,85,0.2,14.2,246,1015.2,54
Bruges,51.2093,3.2247,2019-08-12T22:00,13.9,89,0.1,12.6,273,1015.3,66
Bruges,51.2093,3.2247,2019-08-12T23:00,13.8,91,0.0,9.0,272,1015.5,42
Bruges,51.2093,3.2247,2019-08-13T00:00,13.4,91,0.9,11.5,266,1015.8,58
Bruges,51.2093,3.2247,2019-08-13T01:00,13.6,89,0.8,11.6,292,1017.0,55
Bruges,51.2093,3.2247,2019-08-13T02:00,12.9,91,0.0,9.2,239,1016.7,35
Bruges,51.2093,3.2247,2019-08-13T03:00,12.4,93,0.0,9.2,225,1016.8,15
Bruges,51.2093,3.2247,2019-08-13T04:00,12.3,95,0.0,10.7,230,1017.0,27
Bruges,51.2093,3.2247,2019-08-13T05:00,12.1,95,0.0,8.6,237,1017.0,21
Bruges,51.2093,3.2247,2019-08-13T06:00,11.7,96,0.0,7.8,214,1017.1,16
Bruges,51.2093,3.2247,2019-08-13T07:00,12.9,93,0.0,14.6,218,1017.4,14
Bruges,51.2093,3.2247,2019-08-13T08:00,14.5,88,0.0,14.1,232,1017.7,21
Bruges,51.2093,3.2247,2019-08-13T09:00,16.0,80,0.0,16.1,236,1017.7,21
Bruges,51.2093,3.2247,2019-08-13T10:00,17.2,74,0.1,17.9,245,1017.7,96
Bruges,51.2093,3.2247,2019-08-13T11:00,17.2,75,1.8,18.4,247,1017.7,100
Bruges,51.2093,3.2247,2019-08-13T12:00,14.8,84,2.2,17.7,243,1018.0,95
Bruges,51.2093,3.2247,2019-08-13T13:00,16.0,75,0.1,17.9,245,1018.1,43
Bruges,51.2093,3.2247,2019-08-13T14:00,17.9,72,0.1,17.4,246,1017.9,52
Bruges,51.2093,3.2247,2019-08-13T15:00,18.3,71,0.2,16.9,268,1017.6,51
Bruges,51.2093,3.2247,2019-08-13T16:00,16.8,70,1.7,18.2,261,1017.9,42
Bruges,51.2093,3.2247,2019-08-13T17:00,17.5,59,0.0,16.8,261,1017.7,31
Bruges,51.2093,3.2247,2019-08-13T18:00,17.2,62,0.0,15.5,267,1017.6,19
Bruges,51.2093,3.2247,2019-08-13T19:00,16.5,67,0.1,11.2,268,1017.8,26
Bruges,51.2093,3.2247,2019-08-13T20:00,14.9,74,0.0,7.5,253,1018.1,19
Bruges,51.2093,3.2247,2019-08-13T21:00,13.8,81,0.0,7.9,223,1018.3,23
Bruges,51.2093,3.2247,2019-08-13T22:00,13.2,83,0.0,9.2,211,1018.2,22
Bruges,51.2093,3.2247,2019-08-13T23:00,12.8,84,0.0,10.8,210,1018.2,8
Bruges,51.2093,3.2247,2019-08-14T00:00,12.2,88,0.0,11.3,217,1018.1,51
Bruges,51.2093,3.2247,2019-08-14T01:00,12.3,91,0.0,12.3,218,1018.2,4
Bruges,51.2093,3.2247,2019-08-14T02:00,11.8,94,0.0,12.3,218,1018.0,31
Bruges,51.2093,3.2247,2019-08-14T03:00,11.5,94,0.0,11.8,218,1017.9,75
Bruges,51.2093,3.2247,2019-08-14T04:00,11.4,95,0.0,11.0,212,1017.5,17
Bruges,51.2093,3.2247,2019-08-14T05:00,11.1,96,0.0,11.8,207,1017.7,24
Bruges,51.2093,3.2247,2019-08-14T06:00,11.2,97,0.0,12.3,201,1017.8,1
Bruges,51.2093,3.2247,2019-08-14T07:00,12.7,93,0.0,12.8,196,1017.4,31
Bruges,51.2093,3.2247,2019-08-14T08:00,14.9,86,0.0,13.0,199,1017.3,1
Bruges,51.2093,3.2247,2019-08-14T09:00,16.8,79,0.0,15.3,207,1017.3,18
Bruges,51.2093,3.2247,2019-08-14T10:00,18.2,72,0.0,16.8,215,1016.9,37
Bruges,51.2093,3.2247,2019-08-14T11:00,19.0,72,0.0,16.6,210,1016.8,91
Bruges,51.2093,3.2247,2019-08-14T12:00,19.7,70,0.1,16.6,204,1016.3,100
Bruges,51.2093,3.2247,2019-08-14T13:00,19.0,67,0.7,21.5,201,1016.1,100
Bruges,51.2093,3.2247,2019-08-14T14:00,18.5,70,0.2,19.2,197,1015.9,93
Bruges,51.2093,3.2247,2019-08-14T15:00,18.3,73,0.6,13.1,188,1015.2,98
Bruges,51.2093,3.2247,2019-08-14T16:00,17.5,81,0.5,12.2,180,1014.6,100
Bruges,51.2093,3.2247,2019-08-14T17:00,17.9,83,0.4,12.3,173,1013.9,100
Bruges,51.2093,3.2247,2019-08-14T18:00,17.4,85,0.5,14.6,170,1012.9,100
Bruges,51.2093,3.2247,2019-08-14T19:00,17.3,86,0.3,13.7,175,1012.2,97
Bruges,51.2093,3.2247,2019-08-14T20:00,16.9,87,0.1,13.7,177,1011.6,100
Bruges,51.2093,3.2247,2019-08-14T21:00,16.7,88,1.6,15.5,177,1011.1,57
Bruges,51.2093,3.2247,2019-08-14T22:00,16.3,88,0.1,17.4,186,1010.5,100
Bruges,51.2093,3.2247,2019-08-14T23:00,16.3,88,0.1,21.5,194,1009.9,100
Bruges,51.2093,3.2247,2019-08-15T00:00,16.2,88,0.2,21.9,200,1009.4,100
Bruges,51.2093,3.2247,2019-08-15T01:00,16.3,89,0.0,21.9,210,1009.4,100
Bruges,51.2093,3.2247,2019-08-15T02:00,16.2,91,0.0,20.8,210,1009.0,100
Bruges,51.2093,3.2247,2019-08-15T03:00,16.5,92,0.0,20.4,212,1008.4,100
Bruges,51.2093,3.2247,2019-08-15T04:00,16.7,92,0.0,19.2,220,1008.0,100
Bruges,51.2093,3.2247,2019-08-15T05:00,16.6,91,0.1,19.4,223,1007.9,100
Bruges,51.2093,3.2247,2019-08-15T06:00,16.7,92,0.2,21.0,235,1008.0,100
Bruges,51.2093,3.2247,2019-08-15T07:00,16.7,92,0.6,25.1,254,1008.3,92
Bruges,51.2093,3.2247,2019-08-15T08:00,17.2,92,0.3,21.2,255,1008.8,54
Bruges,51.2093,3.2247,2019-08-15T09:00,17.9,88,0.1,23.7,261,1009.3,32
Bruges,51.2093,3.2247,2019-08-15T10:00,18.6,80,0.1,23.9,264,1009.6,87
Bruges,51.2093,3.2247,2019-08-15T11:00,19.2,75,0.1,26.3,268,1010.1,90
Bruges,51.2093,3.2247,2019-08-15T12:00,19.3,73,0.1,26.0,267,1010.5,69
Bruges,51.2093,3.2247,2019-08-15T13:00,19.0,70,0.0,26.3,268,1011.3,35
Bruges,51.2093,3.2247,2019-08-15T14:00,19.6,67,0.3,27.0,272,1011.8,43
Bruges,51.2093,3.2247,2019-08-15T15:00,19.9,64,0.0,27.0,273,1012.5,31
Bruges,51.2093,3.2247,2019-08-15T16:00,19.5,66,0.0,26.0,276,1013.1,24
Bruges,51.2093,3.2247,2019-08-15T17:00,19.8,63,0.0,20.9,272,1013.5,24
Bruges,51.2093,3.2247,2019-08-15T18:00,19.7,65,0.0,17.7,264,1013.6,29
Bruges,51.2093,3.2247,2019-08-15T19:00,19.0,70,0.0,13.9,253,1014.1,26
Bruges,51.2093,3.2247,2019-08-15T20:00,17.7,77,0.0,12.1,243,1014.8,35
Bruges,51.2093,3.2247,2019-08-15T21:00,17.3,82,0.0,13.9,233,1015.4,70
Bruges,51.2093,3.2247,2019-08-15T22:00,16.5,85,0.2,8.7,253,1016.0,44
Bruges,51.2093,3.2247,2019-08-15T23:00,15.1,92,0.2,6.4,223,1016.2,27
Bruges,51.2093,3.2247,2019-08-16T00:00,14.2,95,0.0,4.8,207,1016.4,33
Bruges,51.2093,3.2247,2019-08-16T01:00,13.9,90,0.0,6.0,245,1017.0,18
Bruges,51.2093,3.2247,2019-08-16T02:00,13.1,91,0.0,5.9,227,1017.3,100
Bruges,51.2093,3.2247,2019-08-16T03:00,12.8,95,0.0,8.4,200,1017.0,99
Bruges,51.2093,3.2247,2019-08-16T04:00,12.3,99,0.0,8.4,200,1016.9,95
Bruges,51.2093,3.2247,2019-08-16T05:00,12.6,98,0.0,9.5,209,1016.9,94
Bruges,51.2093,3.2247,2019-08-16T06:00,13.1,96,0.0,10.8,217,1016.5,92
Bruges,51.2093,3.2247,2019-08-16T07:00,14.4,91,0.0,12.9,210,1016.5,99
Bruges,51.2093,3.2247,2019-08-16T08:00,16.0,86,0.0,13.0,214,1016.4,100
Bruges,51.2093,3.2247,2019-08-16T09:00,17.4,82,0.0,14.8,214,1016.2,99
Bruges,51.2093,3.2247,2019-08-16T10:00,18.7,72,0.0,20.7,221,1015.9,92
Bruges,51.2093,3.2247,2019-08-16T11:00,20.1,65,0.1,22.4,222,1015.2,99
Bruges,51.2093,3.2247,2019-08-16T12:00,20.9,58,0.0,23.0,229,1014.8,100
Bruges,51.2093,3.2247,2019-08-16T13:00,20.4,66,0.0,21.7,212,1014.8,98
Bruges,51.2093,3.2247,2019-08-16T14:00,21.5,58,0.0,21.6,210,1013.8,100
Bruges,51.2093,3.2247,2019-08-16T15:00,22.0,56,0.0,25.4,207,1013.0,100
Bruges,51.2093,3.2247,2019-08-16T16:00,21.4,60,0.0,21.3,206,1012.4,100
Bruges,51.2093,3.2247,2019-08-16T17:00,20.9,63,0.0,16.8,208,1012.0,100
Bruges,51.2093,3.2247,2019-08-16T18:00,20.0,68,0.1,14.5,199,1011.2,100
Bruges,51.2093,3.2247,2019-08-16T19:00,20.2,63,0.0,12.3,201,1010.3,100
Bruges,51.2093,3.2247,2019-08-16T20:00,18.8,74,0.4,11.7,236,1010.3,100
Bruges,51.2093,3.2247,2019-08-16T21:00,17.2,88,1.2,10.1,186,1009.7,100
Bruges,51.2093,3.2247,2019-08-16T22:00,17.1,89,0.4,15.1,198,1009.3,100
Bruges,51.2093,3.2247,2019-08-16T23:00,17.0,89,0.4,18.6,195,1008.7,100
Bruges,51.2093,3.2247,2019-08-17T00:00,16.6,89,0.8,19.6,197,1007.9,100
Bruges,51.2093,3.2247,2019-08-17T01:00,17.0,86,0.8,21.9,197,1007.5,100
Bruges,51.2093,3.2247,2019-08-17T02:00,17.1,84,0.0,22.4,204,1007.1,100
Bruges,51.2093,3.2247,2019-08-17T03:00,17.4,81,0.0,23.4,209,1006.4,100
Bruges,51.2093,3.2247,2019-08-17T04:00,17.5,81,0.0,24.2,210,1006.0,100
Bruges,51.2093,3.2247,2019-08-17T05:00,17.5,83,0.3,24.4,211,1006.3,99
Bruges,51.2093,3.2247,2019-08-17T06:00,17.4,86,0.3,22.6,211,1006.0,83
Bruges,51.2093,3.2247,2019-08-17T07:00,17.1,91,0.9,22.2,209,1006.0,100
Bruges,51.2093,3.2247,2019-08-17T08:00,17.5,91,1.1,22.2,212,1006.2,100
Bruges,51.2093,3.2247,2019-08-17T09:00,18.1,90,0.5,21.1,213,1006.2,99
Bruges,51.2093,3.2247,2019-08-17T10:00,18.9,90,0.4,16.0,216,1006.3,100
Bruges,51.2093,3.2247,2019-08-17T11:00,19.1,89,0.3,20.4,226,1006.7,100
Bruges,51.2093,3.2247,2019-08-17T12:00,18.5,90,0.5,17.0,238,1006.8,100
Bruges,51.2093,3.2247,2019-08-17T13:00,20.7,79,0.1,20.7,229,1006.4,100
Bruges,51.2093,3.2247,2019-08-17T14:00,20.6,79,0.3,19.9,229,1006.3,100
Bruges,51.2093,3.2247,2019-08-17T15:00,20.5,76,0.1,20.2,231,1006.8,100
Bruges,51.2093,3.2247,2019-08-17T16:00,19.7,76,0.1,19.1,227,1006.8,100
Bruges,51.2093,3.2247,2019-08-17T17:00,19.1,74,0.0,17.4,230,1006.8,100
Bruges,51.2093,3.2247,2019-08-17T18:00,19.0,74,0.0,16.0,226,1006.6,99
Bruges,51.2093,3.2247,2019-08-17T19:00,18.4,75,0.0,15.3,223,1006.8,99
Bruges,51.2093,3.2247,2019-08-17T20:00,17.4,77,0.0,14.5,228,1006.9,100
Bruges,51.2093,3.2247,2019-08-17T21:00,16.5,80,0.0,14.3,223,1007.1,100
Bruges,51.2093,3.2247,2019-08-17T22:00,16.4,82,0.0,15.3,227,1006.9,100
Bruges,51.2093,3.2247,2019-08-17T23:00,16.2,84,0.0,14.8,227,1006.9,100
Bruges,51.2093,3.2247,2019-08-18T00:00,16.2,84,0.0,13.0,222,1006.8,100
Bruges,51.2093,3.2247,2019-08-18T01:00,16.0,85,0.0,15.0,207,1006.9,100
Bruges,51.2093,3.2247,2019-08-18T02:00,15.9,87,0.0,14.2,210,1006.7,100
Bruges,51.2093,3.2247,2019-08-18T03:00,15.9,89,0.4,14.1,195,1006.0,100
Bruges,51.2093,3.2247,2019-08-18T04:00,15.7,93,0.8,13.0,199,1005.4,100
Bruges,51.2093,3.2247,2019-08-18T05:00,15.6,93,0.8,14.6,196,1005.0,100
Bruges,51.2093,3.2247,2019-08-18T06:00,15.5,94,0.9,10.0,195,1004.2,100
Bruges,51.2093,3.2247,2019-08-18T07:00,15.6,95,1.2,10.5,184,1004.2,100
Bruges,51.2093,3.2247,2019-08-18T08:00,15.6,94,0.9,9.7,184,1003.9,100
Bruges,51.2093,3.2247,2019-08-18T09:00,15.9,93,0.6,7.2,233,1003.8,100
Bruges,51.2093,3.2247,2019-08-18T10:00,16.7,87,0.0,11.1,245,1003.8,96
Bruges,51.2093,3.2247,2019-08-18T11:00,19.0,74,0.0,14.6,261,1004.2,100
Bruges,51.2093,3.2247,2019-08-18T12:00,19.7,69,0.0,19.5,265,1004.9,79
Bruges,51.2093,3.2247,2019-08-18T13:00,17.5,80,0.1,17.7,257,1005.9,43
Bruges,51.2093,3.2247,2019-08-18T14:00,17.5,80,0.2,15.9,252,1006.7,99
Bruges,51.2093,3.2247,2019-08-18T15:00,19.0,70,0.0,20.0,244,1006.9,42
Bruges,51.2093,3.2247,2019-08-18T16:00,19.8,65,0.2,24.0,242,1007.1,33
Bruges,51.2093,3.2247,2019-08-18T17:00,19.6,64,0.1,24.2,247,1007.6,21
Bruges,51.2093,3.2247,2019-08-18T18:00,18.9,63,0.0,22.6,248,1007.9,7
Bruges,51.2093,3.2247,2019-08-18T19:00,17.6,67,0.0,20.0,236,1008.3,13
Bruges,51.2093,3.2247,2019-08-18T20:00,16.2,72,0.0,18.4,231,1008.9,4
Bruges,51.2093,3.2247,2019-08-18T21:00,15.3,76,0.0,18.1,226,1009.7,15
Bruges,51.2093,3.2247,2019-08-18T22:00,14.9,78,0.0,18.8,223,1010.1,19
Bruges,51.2093,3.2247,2019-08-18T23:00,14.6,80,0.0,18.4,228,1010.4,8
Bruges,51.2093,3.2247,2019-08-19T00:00,14.4,82,0.0,17.8,228,1010.8,17
Bruges,51.2093,3.2247,2019-08-19T01:00,14.8,81,0.0,18.1,221,1011.4,16
Bruges,51.2093,3.2247,2019-08-19T02:00,14.9,81,0.0,18.9,222,1011.8,37
Bruges,51.2093,3.2247,2019-08-19T03:00,14.6,82,0.0,17.7,218,1012.1,25
Bruges,51.2093,3.2247,2019-08-19T04:00,14.2,83,0.0,17.8,216,1012.3,37
Bruges,51.2093,3.2247,2019-08-19T05:00,14.3,83,0.0,17.4,214,1012.7,41
Bruges,51.2093,3.2247,2019-08-19T06:00,14.2,83,0.0,17.9,214,1013.1,41
Bruges,51.2093,3.2247,2019-08-19T07:00,15.1,80,0.0,17.9,218,1013.5,45
Bruges,51.2093,3.2247,2019-08-19T08:00,16.0,78,0.0,17.8,212,1013.9,20
Bruges,51.2093,3.2247,2019-08-19T09:00,17.4,73,0.0,22.9,228,1014.1,34
Bruges,51.2093,3.2247,2019-08-19T10:00,18.4,69,0.0,23.6,236,1014.6,45
Bruges,51.2093,3.2247,2019-08-19T11:00,18.3,67,0.1,23.6,232,1015.2,42
Bruges,51.2093,3.2247,2019-08-19T12:00,18.4,69,0.3,25.5,234,1015.4,41
Bruges,51.2093,3.2247,2019-08-19T13:00,18.7,63,0.0,24.5,237,1016.0,45
Bruges,51.2093,3.2247,2019-08-19T14:00,19.4,58,0.0,26.1,235,1016.2,39
Bruges,51.2093,3.2247,2019-08-19T15:00,19.6,56,0.0,25.9,238,1016.3,44
Bruges,51.2093,3.2247,2019-08-19T16:00,19.2,58,0.0,24.4,239,1016.4,27
Bruges,51.2093,3.2247,2019-08-19T17:00,19.1,57,0.1,23.8,241,1016.8,19
Bruges,51.2093,3.2247,2019-08-19T18:00,18.6,60,0.0,21.4,241,1017.0,12
Bruges,51.2093,3.2247,2019-08-19T19:00,17.5,64,0.0,19.7,239,1017.5,14
Bruges,51.2093,3.2247,2019-08-19T20:00,16.1,68,0.0,17.4,232,1017.6,8
Bruges,51.2093,3.2247,2019-08-19T21:00,15.1,73,0.0,17.3,223,1018.0,12
Bruges,51.2093,3.2247,2019-08-19T22:00,14.6,78,0.0,17.1,222,1018.4,15
Bruges,51.2093,3.2247,2019-08-19T23:00,14.2,82,0.0,16.8,222,1018.7,2
Bruges,51.2093,3.2247,2019-08-20T00:00,13.6,87,0.0,16.1,222,1019.2,1
Bruges,51.2093,3.2247,2019-08-20T01:00,13.8,91,0.0,14.1,230,1019.7,6
Bruges,51.2093,3.2247,2019-08-20T02:00,13.2,95,0.0,13.2,225,1019.9,7
Bruges,51.2093,3.2247,2019-08-20T03:00,12.9,96,0.0,11.6,216,1019.9,7
Bruges,51.2093,3.2247,2019-08-20T04:00,12.6,97,0.0,11.6,210,1020.0,12
Bruges,51.2093,3.2247,2019-08-20T05:00,12.4,97,0.0,11.1,209,1020.1,25
Bruges,51.2093,3.2247,2019-08-20T06:00,12.6,96,0.0,11.2,213,1020.5,34
Bruges,51.2093,3.2247,2019-08-20T07:00,13.7,90,0.0,13.6,212,1021.0,43
Bruges,51.2093,3.2247,2019-08-20T08:00,15.3,84,0.0,14.6,218,1021.7,28
Bruges,51.2093,3.2247,2019-08-20T09:00,16.7,76,0.0,17.1,245,1021.6,28
Bruges,51.2093,3.2247,2019-08-20T10:00,17.8,66,0.0,18.9,256,1021.9,20
Bruges,51.2093,3.2247,2019-08-20T11:00,18.5,60,0.0,20.2,265,1022.5,16
Bruges,51.2093,3.2247,2019-08-20T12:00,18.8,59,0.0,19.4,270,1022.6,14
Bruges,51.2093,3.2247,2019-08-20T13:00,19.4,55,0.0,17.3,268,1023.0,17
Bruges,51.2093,3.2247,2019-08-20T14:00,19.0,56,0.0,18.0,271,1023.3,25
Bruges,51.2093,3.2247,2019-08-20T15:00,19.0,56,0.0,17.4,277,1023.7,21
Bruges,51.2093,3.2247,2019-08-20T16:00,18.9,55,0.0,16.5,281,1023.8,15
Bruges,51.2093,3.2247,2019-08-20T17:00,18.5,56,0.0,16.3,284,1024.2,36
Bruges,51.2093,3.2247,2019-08-20T18:00,17.9,62,0.0,13.9,287,1024.7,50
Bruges,51.2093,3.2247,2019-08-20T19:00,17.1,69,0.0,6.5,273,1024.9,33
Bruges,51.2093,3.2247,2019-08-20T20:00,15.1,74,0.0,7.3,259,1025.5,6
Bruges,51.2093,3.2247,2019-08-20T21:00,14.6,75,0.0,10.0,244,1025.9,3
Bruges,51.2093,3.2247,2019-08-20T22:00,13.9,79,0.0,10.7,237,1026.2,3
Bruges,51.2093,3.2247,2019-08-20T23:00,13.0,84,0.0,10.0,232,1026.5,2
Bruges,51.2093,3.2247,2019-08-21T00:00,12.4,88,0.0,10.2,231,1026.7,1
Bruges,51.2093,3.2247,2019-08-21T01:00,12.4,90,0.0,10.7,230,1027.1,1
Bruges,51.2093,3.2247,2019-08-21T02:00,11.7,94,0.0,9.2,228,1027.0,0
Bruges,51.2093,3.2247,2019-08-21T03:00,11.2,95,0.0,8.2,229,1027.1,0
Bruges,51.2093,3.2247,2019-08-21T04:00,10.8,96,0.0,7.4,227,1027.2,0
Bruges,51.2093,3.2247,2019-08-21T05:00,10.2,97,0.0,6.6,221,1027.3,0
Bruges,51.2093,3.2247,2019-08-21T06:00,9.9,99,0.0,6.9,208,1027.6,0
Bruges,51.2093,3.2247,2019-08-21T07:00,11.5,95,0.0,8.4,200,1027.8,0
Bruges,51.2093,3.2247,2019-08-21T08:00,14.1,87,0.0,6.7,196,1028.3,0
Bruges,51.2093,3.2247,2019-08-21T09:00,16.6,80,0.0,6.6,193,1028.4,0
Bruges,51.2093,3.2247,2019-08-21T10:00,18.7,67,0.0,7.8,193,1028.5,98
Bruges,51.2093,3.2247,2019-08-21T11:00,20.0,55,0.0,8.7,197,1028.4,96
Bruges,51.2093,3.2247,2019-08-21T12:00,20.7,50,0.0,8.8,199,1028.1,96
Bruges,51.2093,3.2247,2019-08-21T13:00,20.9,51,0.0,10.9,197,1027.7,98
Bruges,51.2093,3.2247,2019-08-21T14:00,21.4,50,0.0,9.9,199,1027.4,89
Bruges,51.2093,3.2247,2019-08-21T15:00,21.6,49,0.0,5.3,208,1027.2,93
Bruges,51.2093,3.2247,2019-08-21T16:00,21.6,49,0.0,2.4,153,1026.6,11
Bruges,51.2093,3.2247,2019-08-21T17:00,21.5,50,0.0,3.8,107,1026.3,0
Bruges,51.2093,3.2247,2019-08-21T18:00,21.0,52,0.0,3.0,76,1026.1,2
Bruges,51.2093,3.2247,2019-08-21T19:00,19.1,75,0.0,3.0,14,1025.9,0
Bruges,51.2093,3.2247,2019-08-21T20:00,15.5,89,0.0,6.5,360,1026.0,0
Bruges,51.2093,3.2247,2019-08-21T21:00,14.4,93,0.0,6.7,16,1026.2,0
Bruges,51.2093,3.2247,2019-08-21T22:00,14.5,91,0.0,4.5,29,1026.2,0
Bruges,51.2093,3.2247,2019-08-21T23:00,14.6,93,0.0,2.0,315,1026.2,0
Bruges,51.2093,3.2247,2019-08-22T00:00,13.2,98,0.0,4.6,288,1026.3,0
Bruges,51.2093,3.2247,2019-08-22T01:00,12.5,89,0.0,6.3,149,1025.6,100
Bruges,51.2093,3.2247,2019-08-22T02:00,11.9,86,0.0,6.9,171,1025.3,0
Bruges,51.2093,3.2247,2019-08-22T03:00,11.3,87,0.0,7.6,199,1025.2,82
Bruges,51.2093,3.2247,2019-08-22T04:00,11.1,90,0.0,8.2,232,1024.9,87
Bruges,51.2093,3.2247,2019-08-22T05:00,10.9,93,0.0,6.9,219,1024.9,80
Bruges,51.2093,3.2247,2019-08-22T06:00,10.8,94,0.0,7.4,223,1025.1,10
Bruges,51.2093,3.2247,2019-08-22T07:00,12.6,88,0.0,10.9,243,1025.4,46
Bruges,51.2093,3.2247,2019-08-22T08:00,15.6,83,0.0,8.3,252,1025.5,63
Bruges,51.2093,3.2247,2019-08-22T09:00,17.6,77,0.0,9.8,262,1025.7,78
Bruges,51.2093,3.2247,2019-08-22T10:00,18.9,66,0.0,11.3,263,1025.7,28
Bruges,51.2093,3.2247,2019-08-22T11:00,19.9,57,0.0,11.4,257,1025.7,5
Bruges,51.2093,3.2247,2019-08-22T12:00,20.6,52,0.0,11.5,256,1025.6,0
Bruges,51.2093,3.2247,2019-08-22T13:00,21.1,54,0.0,9.4,266,1025.9,0
Bruges,51.2093,3.2247,2019-08-22T14:00,21.6,53,0.0,8.6,255,1025.6,6
Bruges,51.2093,3.2247,2019-08-22T15:00,22.0,53,0.0,8.4,263,1025.1,0
Bruges,51.2093,3.2247,2019-08-22T16:00,21.6,58,0.0,10.2,288,1025.1,8
Bruges,51.2093,3.2247,2019-08-22T17:00,20.4,62,0.0,13.2,305,1025.2,6
Bruges,51.2093,3.2247,2019-08-22T18:00,19.4,58,0.0,11.6,300,1025.0,0
Bruges,51.2093,3.2247,2019-08-22T19:00,18.0,66,0.0,6.2,291,1025.2,0
Bruges,51.2093,3.2247,2019-08-22T20:00,15.1,75,0.0,10.4,256,1025.2,0
Bruges,51.2093,3.2247,2019-08-22T21:00,14.3,75,0.0,8.4,245,1025.8,0
Bruges,51.2093,3.2247,2019-08-22T22:00,13.6,73,0.0,7.6,225,1025.8,0
Bruges,51.2093,3.2247,2019-08-22T23:00,12.6,74,0.0,7.4,209,1025.9,0
Bruges,51.2093,3.2247,2019-08-23T00:00,12.1,77,0.0,7.7,221,1026.0,0
Bruges,51.2093,3.2247,2019-08-23T01:00,11.6,82,0.0,7.1,225,1026.1,0
Bruges,51.2093,3.2247,2019-08-23T02:00,10.7,86,0.0,6.9,223,1026.2,0
Bruges,51.2093,3.2247,2019-08-23T03:00,10.2,89,0.0,6.4,223,1026.0,2
Bruges,51.2093,3.2247,2019-08-23T04:00,9.8,92,0.0,6.2,216,1025.8,1
Bruges,51.2093,3.2247,2019-08-23T05:00,9.4,93,0.0,6.0,205,1025.7,51
Bruges,51.2093,3.2247,2019-08-23T06:00,9.1,93,0.0,5.4,200,1025.8,94
Bruges,51.2093,3.2247,2019-08-23T07:00,11.1,87,0.0,6.8,180,1025.7,97
Bruges,51.2093,3.2247,2019-08-23T08:00,14.1,78,0.0,4.0,185,1026.0,92
Bruges,51.2093,3.2247,2019-08-23T09:00,16.9,70,0.0,3.6,186,1026.1,59
Bruges,51.2093,3.2247,2019-08-23T10:00,19.1,60,0.0,2.7,157,1025.8,84
Bruges,51.2093,3.2247,2019-08-23T11:00,20.9,51,0.0,3.9,146,1025.9,84
Bruges,51.2093,3.2247,2019-08-23T12:00,22.1,45,0.0,4.5,151,1025.6,82
Bruges,51.2093,3.2247,2019-08-23T13:00,23.2,41,0.0,5.7,145,1025.3,95
Bruges,51.2093,3.2247,2019-08-23T14:00,24.1,41,0.0,3.8,139,1025.0,96
Bruges,51.2093,3.2247,2019-08-23T15:00,24.5,41,0.0,3.3,96,1024.5,96
Bruges,51.2093,3.2247,2019-08-23T16:00,24.3,45,0.0,5.4,48,1023.9,98
Bruges,51.2093,3.2247,2019-08-23T17:00,23.5,54,0.0,8.5,36,1023.6,56
Bruges,51.2093,3.2247,2019-08-23T18:00,22.2,64,0.0,10.3,25,1023.2,28
Bruges,51.2093,3.2247,2019-08-23T19:00,20.4,73,0.0,8.2,23,1022.8,2
Bruges,51.2093,3.2247,2019-08-23T20:00,18.4,81,0.0,8.0,36,1022.8,0
Bruges,51.2093,3.2247,2019-08-23T21:00,18.0,79,0.0,8.9,58,1022.8,0
Bruges,51.2093,3.2247,2019-08-23T22:00,17.5,79,0.0,9.8,73,1022.6,0
Bruges,51.2093,3.2247,2019-08-23T23:00,17.1,79,0.0,10.1,84,1022.4,0
Bruges,51.2093,3.2247,2019-08-24T00:00,16.8,78,0.0,10.4,88,1022.2,0
Bruges,51.2093,3.2247,2019-08-24T01:00,16.2,77,0.0,9.7,92,1022.2,0
Bruges,51.2093,3.2247,2019-08-24T02:00,15.5,79,0.0,9.0,95,1021.8,0
Bruges,51.2093,3.2247,2019-08-24T03:00,14.8,82,0.0,8.3,95,1021.4,0
Bruges,51.2093,3.2247,2019-08-24T04:00,14.1,85,0.0,8.0,98,1021.3,0
Bruges,51.2093,3.2247,2019-08-24T05:00,13.6,87,0.0,8.0,100,1021.1,0
Bruges,51.2093,3.2247,2019-08-24T06:00,13.0,91,0.0,7.3,101,1020.7,0
Bruges,51.2093,3.2247,2019-08-24T07:00,14.6,86,0.0,9.2,111,1020.7,0
Bruges,51.2093,3.2247,2019-08-24T08:00,17.3,78,0.0,6.8,115,1020.7,0
Bruges,51.2093,3.2247,2019-08-24T09:00,20.1,70,0.0,5.8,120,1020.7,5
Bruges,51.2093,3.2247,2019-08-24T10:00,22.7,62,0.0,6.0,123,1020.5,29
Bruges,51.2093,3.2247,2019-08-24T11:00,25.0,55,0.0,5.9,128,1020.5,45
Bruges,51.2093,3.2247,2019-08-24T12:00,26.7,48,0.0,5.9,133,1020.1,61
Bruges,51.2093,3.2247,2019-08-24T13:00,28.0,41,0.0,9.2,149,1019.7,64
Bruges,51.2093,3.2247,2019-08-24T14:00,28.6,38,0.0,9.5,143,1019.4,92
Bruges,51.2093,3.2247,2019-08-24T15:00,29.0,36,0.0,8.1,135,1018.9,91
Bruges,51.2093,3.2247,2019-08-24T16:00,29.0,36,0.0,6.5,124,1018.5,93
Bruges,51.2093,3.2247,2019-08-24T17:00,28.4,39,0.0,4.7,99,1018.2,78
Bruges,51.2093,3.2247,2019-08-24T18:00,26.8,57,0.0,2.9,83,1018.1,77
Bruges,51.2093,3.2247,2019-08-24T19:00,23.8,71,0.0,7.1,49,1017.8,75
Bruges,51.2093,3.2247,2019-08-24T20:00,20.7,74,0.0,8.2,61,1017.9,86
Bruges,51.2093,3.2247,2019-08-24T21:00,19.7,74,0.0,8.4,100,1018.1,96
Bruges,51.2093,3.2247,2019-08-24T22:00,18.6,74,0.0,8.7,107,1018.0,98
Bruges,51.2093,3.2247,2019-08-24T23:00,17.6,79,0.0,9.1,97,1018.0,100
Bruges,51.2093,3.2247,2019-08-25T00:00,17.1,81,0.0,8.3,88,1018.0,100
Bruges,51.2093,3.2247,2019-08-25T01:00,16.0,87,0.0,8.8,78,1018.0,97
Bruges,51.2093,3.2247,2019-08-25T02:00,15.8,88,0.0,7.3,101,1018.0,87
Bruges,51.2093,3.2247,2019-08-25T03:00,15.4,89,0.0,8.4,121,1017.8,86
Bruges,51.2093,3.2247,2019-08-25T04:00,15.1,88,0.0,8.9,117,1017.6,86
Bruges,51.2093,3.2247,2019-08-25T05:00,14.6,90,0.0,8.3,88,1017.6,94
Bruges,51.2093,3.2247,2019-08-25T06:00,14.4,93,0.0,7.6,87,1017.6,82
Bruges,51.2093,3.2247,2019-08-25T07:00,16.1,88,0.0,4.6,135,1018.0,63
Bruges,51.2093,3.2247,2019-08-25T08:00,19.2,79,0.0,2.0,225,1018.4,36
Bruges,51.2093,3.2247,2019-08-25T09:00,22.8,68,0.0,1.1,342,1018.8,28
Bruges,51.2093,3.2247,2019-08-25T10:00,25.5,58,0.0,3.6,360,1018.8,21
Bruges,51.2093,3.2247,2019-08-25T11:00,27.4,50,0.0,5.4,8,1018.8,11
Bruges,51.2093,3.2247,2019-08-25T12:00,28.3,45,0.0,6.2,7,1018.6,0
Bruges,51.2093,3.2247,2019-08-25T13:00,28.5,45,0.0,2.1,31,1018.6,0
Bruges,51.2093,3.2247,2019-08-25T14:00,29.0,43,0.0,2.2,9,1018.6,0
Bruges,51.2093,3.2247,2019-08-25T15:00,28.7,47,0.0,6.2,350,1018.5,0
Bruges,51.2093,3.2247,2019-08-25T16:00,27.6,50,0.0,11.3,353,1018.4,0
Bruges,51.2093,3.2247,2019-08-25T17:00,26.2,52,0.0,11.7,351,1018.5,0
Bruges,51.2093,3.2247,2019-08-25T18:00,24.6,60,0.0,8.8,351,1018.6,0
Bruges,51.2093,3.2247,2019-08-25T19:00,22.5,68,0.0,7.6,357,1018.6,0
Bruges,51.2093,3.2247,2019-08-25T20:00,20.2,70,0.0,7.3,9,1018.9,0
Bruges,51.2093,3.2247,2019-08-25T21:00,19.3,76,0.0,7.0,35,1019.3,1
Bruges,51.2093,3.2247,2019-08-25T22:00,18.5,81,0.0,9.2,39,1019.4,1
Bruges,51.2093,3.2247,2019-08-25T23:00,17.8,84,0.0,10.7,48,1019.5,0
Bruges,51.2093,3.2247,2019-08-26T00:00,17.3,86,0.0,10.5,49,1019.3,0
Bruges,51.2093,3.2247,2019-08-26T01:00,17.2,84,0.0,8.9,76,1019.2,0
Bruges,51.2093,3.2247,2019-08-26T02:00,16.6,86,0.0,8.7,95,1019.0,0
Bruges,51.2093,3.2247,2019-08-26T03:00,16.4,86,0.0,7.6,93,1018.7,0
Bruges,51.2093,3.2247,2019-08-26T04:00,15.8,88,0.0,7.8,103,1018.5,0
Bruges,51.2093,3.2247,2019-08-26T05:00,15.2,89,0.0,7.1,114,1018.5,0
Bruges,51.2093,3.2247,2019-08-26T06:00,14.9,90,0.0,7.6,115,1018.4,0
Bruges,51.2093,3.2247,2019-08-26T07:00,17.1,82,0.0,7.9,106,1018.4,0
Bruges,51.2093,3.2247,2019-08-26T08:00,20.3,72,0.0,4.7,94,1018.7,0
Bruges,51.2093,3.2247,2019-08-26T09:00,23.4,62,0.0,4.0,100,1018.8,0
Bruges,51.2093,3.2247,2019-08-26T10:00,25.8,56,0.0,3.2,90,1018.7,0
Bruges,51.2093,3.2247,2019-08-26T11:00,27.5,53,0.0,3.7,61,1018.8,0
Bruges,51.2093,3.2247,2019-08-26T12:00,28.6,50,0.0,6.1,50,1018.3,0
Bruges,51.2093,3.2247,2019-08-26T13:00,29.9,42,0.0,7.1,114,1018.1,0
Bruges,51.2093,3.2247,2019-08-26T14:00,30.5,38,0.0,3.9,112,1017.8,0
Bruges,51.2093,3.2247,2019-08-26T15:00,29.8,44,0.0,6.1,357,1017.1,0
Bruges,51.2093,3.2247,2019-08-26T16:00,28.4,55,0.0,13.7,360,1016.8,1
Bruges,51.2093,3.2247,2019-08-26T17:00,27.4,56,0.0,14.5,6,1016.6,0
Bruges,51.2093,3.2247,2019-08-26T18:00,26.2,59,0.0,11.6,5,1016.4,0
Bruges,51.2093,3.2247,2019-08-26T19:00,24.3,66,0.0,7.2,357,1016.2,0
Bruges,51.2093,3.2247,2019-08-26T20:00,21.9,74,0.0,6.3,347,1016.3,3
Bruges,51.2093,3.2247,2019-08-26T21:00,20.8,80,0.0,5.8,353,1016.6,3
Bruges,51.2093,3.2247,2019-08-26T22:00,20.0,85,0.0,8.4,25,1016.3,0
Bruges,51.2093,3.2247,2019-08-26T23:00,20.2,86,0.0,8.2,52,1016.5,0
Bruges,51.2093,3.2247,2019-08-27T00:00,20.0,87,0.0,7.6,82,1016.1,0
Bruges,51.2093,3.2247,2019-08-27T01:00,19.2,89,0.0,9.4,43,1016.3,0
Bruges,51.2093,3.2247,2019-08-27T02:00,18.8,89,0.0,7.9,51,1015.9,0
Bruges,51.2093,3.2247,2019-08-27T03:00,18.2,90,0.0,8.2,75,1015.6,0
Bruges,51.2093,3.2247,2019-08-27T04:00,17.5,92,0.0,9.7,105,1015.2,0
Bruges,51.2093,3.2247,2019-08-27T05:00,17.0,94,0.0,9.5,127,1015.1,0
Bruges,51.2093,3.2247,2019-08-27T06:00,16.7,95,0.0,8.9,140,1015.0,0
Bruges,51.2093,3.2247,2019-08-27T07:00,19.2,90,0.0,8.2,119,1015.1,0
Bruges,51.2093,3.2247,2019-08-27T08:00,22.2,80,0.0,5.6,140,1015.3,0
Bruges,51.2093,3.2247,2019-08-27T09:00,25.0,71,0.0,3.6,127,1015.3,0
Bruges,51.2093,3.2247,2019-08-27T10:00,27.5,63,0.0,3.6,84,1015.2,0
Bruges,51.2093,3.2247,2019-08-27T11:00,29.2,57,0.0,6.5,56,1015.0,0
Bruges,51.2093,3.2247,2019-08-27T12:00,30.3,53,0.0,7.4,51,1014.5,12
Bruges,51.2093,3.2247,2019-08-27T13:00,30.4,48,0.0,8.9,32,1014.3,40
Bruges,51.2093,3.2247,2019-08-27T14:00,29.3,53,0.0,12.2,14,1013.9,41
Bruges,51.2093,3.2247,2019-08-27T15:00,28.5,56,0.0,13.1,9,1013.5,58
Bruges,51.2093,3.2247,2019-08-27T16:00,28.6,56,0.0,12.0,16,1013.1,88
Bruges,51.2093,3.2247,2019-08-27T17:00,27.9,59,0.0,11.1,25,1012.8,83
Bruges,51.2093,3.2247,2019-08-27T18:00,27.2,64,0.0,4.7,351,1012.9,95
Bruges,51.2093,3.2247,2019-08-27T19:00,24.7,75,0.0,4.3,360,1012.8,95
Bruges,51.2093,3.2247,2019-08-27T20:00,22.9,79,0.0,5.4,70,1012.7,92
Bruges,51.2093,3.2247,2019-08-27T21:00,21.9,82,0.0,6.1,90,1012.7,37
Bruges,51.2093,3.2247,2019-08-27T22:00,21.6,82,0.0,8.5,102,1012.6,77
Bruges,51.2093,3.2247,2019-08-27T23:00,21.8,78,0.0,7.7,152,1012.7,2
Bruges,51.2093,3.2247,2019-08-28T00:00,21.8,66,0.0,10.1,197,1012.7,1
Bruges,51.2093,3.2247,2019-08-28T01:00,21.0,74,0.0,11.6,244,1012.8,2
Bruges,51.2093,3.2247,2019-08-28T02:00,20.8,79,0.0,11.8,258,1012.9,0
Bruges,51.2093,3.2247,2019-08-28T03:00,20.2,78,0.0,12.4,260,1012.8,1
Bruges,51.2093,3.2247,2019-08-28T04:00,19.5,74,0.0,11.7,252,1012.8,4
Bruges,51.2093,3.2247,2019-08-28T05:00,18.8,74,0.0,12.1,240,1013.1,82
Bruges,51.2093,3.2247,2019-08-28T06:00,19.2,69,0.0,13.2,241,1013.5,79
Bruges,51.2093,3.2247,2019-08-28T07:00,20.0,69,0.0,12.4,248,1013.7,100
Bruges,51.2093,3.2247,2019-08-28T08:00,20.4,71,0.0,12.0,249,1013.7,95
Bruges,51.2093,3.2247,2019-08-28T09:00,22.1,69,0.0,14.3,260,1013.8,99
Bruges,51.2093,3.2247,2019-08-28T10:00,23.2,67,0.0,14.6,261,1014.2,99
Bruges,51.2093,3.2247,2019-08-28T11:00,24.2,64,0.0,13.8,263,1014.6,100
Bruges,51.2093,3.2247,2019-08-28T12:00,24.5,64,0.0,13.4,265,1014.5,100
Bruges,51.2093,3.2247,2019-08-28T13:00,25.4,62,0.0,8.0,275,1014.4,100
Bruges,51.2093,3.2247,2019-08-28T14:00,26.0,61,0.0,8.3,270,1014.2,93
Bruges,51.2093,3.2247,2019-08-28T15:00,25.1,64,0.6,10.5,248,1014.3,99
Bruges,51.2093,3.2247,2019-08-28T16:00,23.0,75,0.0,13.0,284,1014.3,99
Bruges,51.2093,3.2247,2019-08-28T17:00,22.4,76,0.1,11.8,293,1014.4,96
Bruges,51.2093,3.2247,2019-08-28T18:00,21.8,79,0.4,10.5,266,1014.4,98
Bruges,51.2093,3.2247,2019-08-28T19:00,21.1,80,0.2,12.5,237,1014.6,51
Bruges,51.2093,3.2247,2019-08-28T20:00,19.8,81,0.0,11.6,240,1015.3,67
Bruges,51.2093,3.2247,2019-08-28T21:00,19.0,81,0.2,11.3,243,1015.5,98
Bruges,51.2093,3.2247,2019-08-28T22:00,18.5,83,0.4,10.8,244,1015.3,90
Bruges,51.2093,3.2247,2019-08-28T23:00,18.0,86,0.0,12.3,230,1015.9,100
Bruges,51.2093,3.2247,2019-08-29T00:00,17.8,89,0.0,12.5,226,1016.0,41
Bruges,51.2093,3.2247,2019-08-29T01:00,17.9,88,0.0,8.4,205,1016.4,68
Bruges,51.2093,3.2247,2019-08-29T02:00,17.4,89,0.1,10.7,220,1017.0,67
Bruges,51.2093,3.2247,2019-08-29T03:00,17.2,89,0.0,11.7,227,1016.7,54
Bruges,51.2093,3.2247,2019-08-29T04:00,16.5,90,0.0,11.2,230,1016.7,23
Bruges,51.2093,3.2247,2019-08-29T05:00,16.0,92,0.0,8.2,218,1016.9,29
Bruges,51.2093,3.2247,2019-08-29T06:00,15.9,93,0.0,10.0,206,1017.2,9
Bruges,51.2093,3.2247,2019-08-29T07:00,17.0,89,0.0,15.1,220,1017.6,34
Bruges,51.2093,3.2247,2019-08-29T08:00,17.9,85,0.0,17.3,225,1018.1,85
Bruges,51.2093,3.2247,2019-08-29T09:00,18.5,77,0.0,18.6,229,1018.4,85
Bruges,51.2093,3.2247,2019-08-29T10:00,19.6,68,0.0,20.9,241,1019.0,96
Bruges,51.2093,3.2247,2019-08-29T11:00,19.8,67,0.1,21.2,270,1019.5,99
Bruges,51.2093,3.2247,2019-08-29T12:00,19.6,72,0.2,20.6,274,1020.0,69
Bruges,51.2093,3.2247,2019-08-29T13:00,19.9,66,0.0,18.1,276,1020.9,56
Bruges,51.2093,3.2247,2019-08-29T14:00,20.0,63,0.0,16.2,274,1021.1,85
Bruges,51.2093,3.2247,2019-08-29T15:00,20.4,62,0.0,14.1,283,1021.0,50
Bruges,51.2093,3.2247,2019-08-29T16:00,19.8,63,0.0,13.2,296,1021.1,15
Bruges,51.2093,3.2247,2019-08-29T17:00,19.4,63,0.0,13.4,294,1021.2,2
Bruges,51.2093,3.2247,2019-08-29T18:00,18.8,63,0.0,12.2,294,1021.2,0
Bruges,51.2093,3.2247,2019-08-29T19:00,17.4,72,0.0,5.0,291,1021.5,0
Bruges,51.2093,3.2247,2019-08-29T20:00,14.6,83,0.0,9.8,246,1021.7,0
Bruges,51.2093,3.2247,2019-08-29T21:00,14.8,80,0.0,7.2,243,1022.1,57
Bruges,51.2093,3.2247,2019-08-29T22:00,14.8,78,0.0,11.3,239,1022.0,0
Bruges,51.2093,3.2247,2019-08-29T23:00,14.1,80,0.0,11.8,232,1022.4,0
Bruges,51.2093,3.2247,2019-08-30T00:00,13.4,84,0.0,11.0,229,1022.4,0
Bruges,51.2093,3.2247,2019-08-30T01:00,12.7,89,0.0,10.5,232,1022.9,0
Bruges,51.2093,3.2247,2019-08-30T02:00,12.1,93,0.0,9.7,222,1022.6,58
Bruges,51.2093,3.2247,2019-08-30T03:00,11.9,95,0.0,9.6,214,1022.6,46
Bruges,51.2093,3.2247,2019-08-30T04:00,11.8,95,0.0,10.6,208,1022.6,29
Bruges,51.2093,3.2247,2019-08-30T05:00,11.9,95,0.0,11.3,211,1022.8,49
Bruges,51.2093,3.2247,2019-08-30T06:00,12.2,95,0.0,11.3,211,1023.1,86
Bruges,51.2093,3.2247,2019-08-30T07:00,13.3,92,0.0,12.8,212,1023.2,74
Bruges,51.2093,3.2247,2019-08-30T08:00,15.6,84,0.0,11.8,220,1023.2,48
Bruges,51.2093,3.2247,2019-08-30T09:00,17.9,76,0.0,12.5,229,1023.3,88
Bruges,51.2093,3.2247,2019-08-30T10:00,19.5,67,0.0,13.7,240,1023.2,88
Bruges,51.2093,3.2247,2019-08-30T11:00,20.6,59,0.0,13.9,245,1023.4,76
Bruges,51.2093,3.2247,2019-08-30T12:00,21.4,56,0.0,11.2,228,1022.9,65
Bruges,51.2093,3.2247,2019-08-30T13:00,21.7,54,0.0,11.9,209,1022.9,48
Bruges,51.2093,3.2247,2019-08-30T14:00,22.4,52,0.0,12.4,216,1022.5,96
Bruges,51.2093,3.2247,2019-08-30T15:00,22.6,51,0.0,11.2,225,1021.9,98
Bruges,51.2093,3.2247,2019-08-30T16:00,22.1,54,0.0,6.6,257,1021.4,88
Bruges,51.2093,3.2247,2019-08-30T17:00,21.6,61,0.0,6.0,287,1020.9,7
Bruges,51.2093,3.2247,2019-08-30T18:00,20.7,69,0.0,9.2,315,1020.8,23
Bruges,51.2093,3.2247,2019-08-30T19:00,18.7,76,0.0,7.8,326,1020.6,33
Bruges,51.2093,3.2247,2019-08-30T20:00,17.9,77,0.0,2.1,59,1020.6,86
Bruges,51.2093,3.2247,2019-08-30T21:00,15.8,88,0.0,4.7,113,1020.2,91
Bruges,51.2093,3.2247,2019-08-30T22:00,14.6,94,0.0,7.3,123,1020.2,35
Bruges,51.2093,3.2247,2019-08-30T23:00,14.5,94,0.0,8.2,139,1019.8,63
Bruges,51.2093,3.2247,2019-08-31T00:00,14.5,93,0.0,8.5,144,1019.4,31
Bruges,51.2093,3.2247,2019-08-31T01:00,14.6,89,0.0,10.9,146,1018.7,5
Bruges,51.2093,3.2247,2019-08-31T02:00,14.3,80,0.0,10.0,154,1017.9,0
Bruges,51.2093,3.2247,2019-08-31T03:00,13.8,76,0.0,9.8,156,1017.1,7
Bruges,51.2093,3.2247,2019-08-31T04:00,13.4,74,0.0,10.6,156,1016.4,13
Bruges,51.2093,3.2247,2019-08-31T05:00,13.3,73,0.0,10.6,156,1015.7,1
Bruges,51.2093,3.2247,2019-08-31T06:00,13.3,72,0.0,11.2,159,1015.1,0
Bruges,51.2093,3.2247,2019-08-31T07:00,14.7,68,0.0,12.4,158,1014.9,0
Bruges,51.2093,3.2247,2019-08-31T08:00,17.6,62,0.0,11.8,160,1014.5,0
Bruges,51.2093,3.2247,2019-08-31T09:00,21.0,53,0.0,10.2,157,1013.8,0
Bruges,51.2093,3.2247,2019-08-31T10:00,23.7,47,0.0,12.2,146,1013.2,0
Bruges,51.2093,3.2247,2019-08-31T11:00,25.5,42,0.0,15.0,150,1012.4,40
Bruges,51.2093,3.2247,2019-08-31T12:00,27.0,39,0.0,15.5,155,1011.5,66
Bruges,51.2093,3.2247,2019-08-31T13:00,27.6,34,0.0,13.4,156,1010.6,79
Bruges,51.2093,3.2247,2019-08-31T14:00,28.2,35,0.0,13.3,167,1009.6,84
Bruges,51.2093,3.2247,2019-08-31T15:00,28.6,39,0.0,10.3,205,1008.8,96
Bruges,51.2093,3.2247,2019-08-31T16:00,24.5,54,0.0,13.7,300,1008.8,80
Bruges,51.2093,3.2247,2019-08-31T17:00,21.9,63,0.0,21.6,288,1009.3,89
Bruges,51.2093,3.2247,2019-08-31T18:00,20.2,68,0.0,23.8,266,1009.9,95
Bruges,51.2093,3.2247,2019-08-31T19:00,18.8,68,0.0,24.7,257,1010.4,96
Bruges,51.2093,3.2247,2019-08-31T20:00,17.9,73,0.0,22.5,254,1010.9,97
Bruges,51.2093,3.2247,2019-08-31T21:00,17.3,81,0.0,19.5,258,1011.1,96
Bruges,51.2093,3.2247,2019-08-31T22:00,17.3,84,0.0,14.7,248,1011.3,94
Bruges,51.2093,3.2247,2019-08-31T23:00,17.2,86,0.0,15.2,239,1011.7,99
Bruges,51.2093,3.2247,2019-09-01T00:00,17.5,85,0.1,14.2,261,1011.6,91
Bruges,51.2093,3.2247,2019-09-01T01:00,17.4,72,0.0,12.1,297,1012.4,67
Bruges,51.2093,3.2247,2019-09-01T02:00,16.4,74,0.0,9.0,286,1012.8,100
Bruges,51.2093,3.2247,2019-09-01T03:00,15.9,77,0.0,8.6,292,1013.1,100
Bruges,51.2093,3.2247,2019-09-01T04:00,16.1,75,0.0,8.1,291,1013.3,100
Bruges,51.2093,3.2247,2019-09-01T05:00,15.8,75,0.1,8.0,288,1013.5,100
Bruges,51.2093,3.2247,2019-09-01T06:00,15.6,76,0.0,8.9,297,1013.7,96
Bruges,51.2093,3.2247,2019-09-01T07:00,15.8,73,0.0,9.9,303,1014.2,75
Bruges,51.2093,3.2247,2019-09-01T08:00,16.9,65,0.0,12.0,314,1014.9,99
Bruges,51.2093,3.2247,2019-09-01T09:00,17.4,60,0.0,12.5,311,1015.5,72
Bruges,51.2093,3.2247,2019-09-01T10:00,18.1,55,0.0,13.2,299,1015.9,91
Bruges,51.2093,3.2247,2019-09-01T11:00,18.4,54,0.0,14.2,297,1016.6,72
Bruges,51.2093,3.2247,2019-09-01T12:00,18.8,52,0.0,15.3,294,1016.5,34
Bruges,51.2093,3.2247,2019-09-01T13:00,18.2,58,0.0,16.7,295,1017.4,29
Bruges,51.2093,3.2247,2019-09-01T14:00,18.4,55,0.0,16.6,297,1017.5,17
Bruges,51.2093,3.2247,2019-09-01T15:00,18.6,52,0.0,16.7,295,1017.6,27
Bruges,51.2093,3.2247,2019-09-01T16:00,18.4,52,0.0,16.1,294,1017.7,33
Bruges,51.2093,3.2247,2019-09-01T17:00,18.0,53,0.0,15.2,292,1017.9,29
Bruges,51.2093,3.2247,2019-09-01T18:00,17.4,55,0.0,13.7,288,1018.2,30
Bruges,51.2093,3.2247,2019-09-01T19:00,16.5,61,0.0,10.6,280,1018.5,32
Bruges,51.2093,3.2247,2019-09-01T20:00,15.2,68,0.0,8.0,265,1019.1,24
Bruges,51.2093,3.2247,2019-09-01T21:00,14.9,68,0.0,7.9,267,1019.7,47
Bruges,51.2093,3.2247,2019-09-01T22:00,14.9,68,0.0,7.8,236,1019.9,46
Bruges,51.2093,3.2247,2019-09-01T23:00,14.4,72,0.0,7.2,233,1020.4,31
Liège,50.6326,5.5797,2019-08-01T00:00,14.5,83,0.0,8.0,188,1017.7,68
Liège,50.6326,5.5797,2019-08-01T01:00,14.8,80,0.0,10.7,192,1017.7,38
Liège,50.6326,5.5797,2019-08-01T02:00,14.8,80,0.0,11.0,203,1018.2,79
Liège,50.6326,5.5797,2019-08-01T03:00,15.1,77,0.0,12.6,211,1017.9,81
Liège,50.6326,5.5797,2019-08-01T04:00,15.1,77,0.0,11.4,204,1017.6,44
Liège,50.6326,5.5797,2019-08-01T05:00,14.8,78,0.0,11.3,197,1017.7,48
Liège,50.6326,5.5797,2019-08-01T06:00,15.4,77,0.0,12.7,195,1017.5,70
Liège,50.6326,5.5797,2019-08-01T07:00,16.5,74,0.0,13.9,201,1017.4,97
Liège,50.6326,5.5797,2019-08-01T08:00,17.5,71,0.0,14.0,209,1017.6,70
Liège,50.6326,5.5797,2019-08-01T09:00,19.0,69,0.0,15.0,224,1017.5,28
Liège,50.6326,5.5797,2019-08-01T10:00,20.1,65,0.0,18.0,237,1017.5,47
Liège,50.6326,5.5797,2019-08-01T11:00,20.9,63,0.0,16.1,241,1017.4,36
Liège,50.6326,5.5797,2019-08-01T12:00,21.7,60,0.0,16.7,245,1017.0,19
Liège,50.6326,5.5797,2019-08-01T13:00,22.5,58,0.0,18.1,249,1017.0,46
Liège,50.6326,5.5797,2019-08-01T14:00,22.2,55,0.0,17.0,253,1017.2,40
Liège,50.6326,5.5797,2019-08-01T15:00,22.4,53,0.0,16.1,254,1016.9,37
Liège,50.6326,5.5797,2019-08-01T16:00,22.5,52,0.0,14.2,261,1016.5,91
Liège,50.6326,5.5797,2019-08-01T17:00,22.1,53,0.0,13.7,273,1016.4,59
Liège,50.6326,5.5797,2019-08-01T18:00,21.0,64,0.0,11.8,308,1016.5,55
Liège,50.6326,5.5797,2019-08-01T19:00,20.3,71,0.0,5.9,308,1016.4,80
Liège,50.6326,5.5797,2019-08-01T20:00,18.9,79,0.0,4.7,337,1016.6,44
Liège,50.6326,5.5797,2019-08-01T21:00,17.6,84,0.0,6.5,354,1017.0,82
Liège,50.6326,5.5797,2019-08-01T22:00,18.8,74,0.0,2.4,63,1016.9,88
Liège,50.6326,5.5797,2019-08-01T23:00,17.5,81,0.0,2.4,207,1016.9,97
Liège,50.6326,5.5797,2019-08-02T00:00,15.8,89,0.0,4.9,234,1016.8,93
Liège,50.6326,5.5797,2019-08-02T01:00,16.0,90,0.0,6.0,253,1016.7,93
Liège,50.6326,5.5797,2019-08-02T02:00,14.9,94,0.0,5.6,243,1016.6,96
Liège,50.6326,5.5797,2019-08-02T03:00,13.9,96,0.0,5.8,248,1016.5,94
Liège,50.6326,5.5797,2019-08-02T04:00,14.1,96,0.1,4.7,274,1016.5,58
Liège,50.6326,5.5797,2019-08-02T05:00,13.6,96,0.0,5.4,274,1016.5,21
Liège,50.6326,5.5797,2019-08-02T06:00,14.4,96,0.0,5.6,225,1016.3,19
Liège,50.6326,5.5797,2019-08-02T07:00,16.1,90,0.0,5.7,215,1016.3,2
Liège,50.6326,5.5797,2019-08-02T08:00,17.9,81,0.0,6.6,261,1016.3,1
Liège,50.6326,5.5797,2019-08-02T09:00,19.2,75,0.0,8.7,275,1016.2,7
Liège,50.6326,5.5797,2019-08-02T10:00,20.5,71,0.0,11.2,272,1016.2,33
Liège,50.6326,5.5797,2019-08-02T11:00,21.1,66,0.1,14.1,274,1016.1,23
Liège,50.6326,5.5797,2019-08-02T12:00,21.8,60,0.1,15.9,275,1015.6,19
Liège,50.6326,5.5797,2019-08-02T13:00,22.3,63,0.1,16.6,275,1016.0,45
Liège,50.6326,5.5797,2019-08-02T14:00,22.0,63,0.1,21.5,284,1015.9,48
Liège,50.6326,5.5797,2019-08-02T15:00,20.8,68,0.5,21.7,281,1015.7,56
Liège,50.6326,5.5797,2019-08-02T16:00,20.9,68,0.0,22.8,286,1015.5,44
Liège,50.6326,5.5797,2019-08-02T17:00,20.1,72,0.1,23.6,291,1015.3,45
Liège,50.6326,5.5797,2019-08-02T18:00,19.5,74,0.1,22.6,292,1015.2,36
Liège,50.6326,5.5797,2019-08-02T19:00,18.8,78,0.1,19.5,295,1015.3,36
Liège,50.6326,5.5797,2019-08-02T20:00,18.1,79,0.1,18.6,302,1015.6,42
Liège,50.6326,5.5797,2019-08-02T21:00,17.5,82,0.1,18.2,308,1016.1,61
Liège,50.6326,5.5797,2019-08-02T22:00,17.0,86,0.1,16.1,304,1016.1,61
Liège,50.6326,5.5797,2019-08-02T23:00,16.6,89,0.1,16.6,312,1016.2,100
Liège,50.6326,5.5797,2019-08-03T00:00,16.7,90,0.1,17.6,317,1016.4,100
Liège,50.6326,5.5797,2019-08-03T01:00,15.8,95,0.0,11.3,323,1017.1,94
Liège,50.6326,5.5797,2019-08-03T02:00,15.9,96,0.1,13.7,333,1017.0,99
Liège,50.6326,5.5797,2019-08-03T03:00,15.9,96,0.0,13.2,325,1016.8,100
Liège,50.6326,5.5797,2019-08-03T04:00,15.8,97,0.0,12.0,316,1016.8,100
Liège,50.6326,5.5797,2019-08-03T05:00,15.6,98,0.0,12.8,328,1017.1,100
Liège,50.6326,5.5797,2019-08-03T06:00,15.8,98,0.0,13.7,342,1017.3,100
Liège,50.6326,5.5797,2019-08-03T07:00,15.9,95,0.1,11.8,348,1017.6,100
Liège,50.6326,5.5797,2019-08-03T08:00,16.3,93,0.0,9.6,340,1018.1,96
Liège,50.6326,5.5797,2019-08-03T09:00,17.3,85,0.0,9.3,332,1018.3,44
Liège,50.6326,5.5797,2019-08-03T10:00,18.5,74,0.0,10.2,342,1018.5,50
Liège,50.6326,5.5797,2019-08-03T11:00,19.8,64,0.0,8.1,347,1018.6,100
Liège,50.6326,5.5797,2019-08-03T12:00,20.3,64,0.0,10.4,340,1018.4,100
Liège,50.6326,5.5797,2019-08-03T13:00,19.1,71,0.0,10.2,315,1019.3,81
Liège,50.6326,5.5797,2019-08-03T14:00,19.1,74,0.1,12.8,328,1019.2,100
Liège,50.6326,5.5797,2019-08-03T15:00,19.6,71,0.0,12.4,334,1019.0,88
Liège,50.6326,5.5797,2019-08-03T16:00,20.2,68,0.0,12.4,343,1018.6,80
Liège,50.6326,5.5797,2019-08-03T17:00,20.0,68,0.0,11.9,2,1018.4,98
Liège,50.6326,5.5797,2019-08-03T18:00,20.0,67,0.0,8.7,5,1018.2,95
Liège,50.6326,5.5797,2019-08-03T19:00,19.7,70,0.0,5.5,32,1018.1,100
Liège,50.6326,5.5797,2019-08-03T20:00,18.9,78,0.0,3.6,53,1018.1,92
Liège,50.6326,5.5797,2019-08-03T21:00,17.2,86,0.0,5.8,83,1018.1,92
Liège,50.6326,5.5797,2019-08-03T22:00,17.0,86,0.0,5.1,98,1018.1,95
Liège,50.6326,5.5797,2019-08-03T23:00,15.9,90,0.0,5.2,106,1018.0,96
Liège,50.6326,5.5797,2019-08-04T00:00,15.2,93,0.0,5.3,118,1017.9,97
Liège,50.6326,5.5797,2019-08-04T01:00,14.9,93,0.0,5.7,125,1017.8,96
Liège,50.6326,5.5797,2019-08-04T02:00,14.4,94,0.0,5.7,125,1017.6,89
Liège,50.6326,5.5797,2019-08-04T03:00,14.0,95,0.0,5.5,122,1017.3,89
Liège,50.6326,5.5797,2019-08-04T04:00,13.7,95,0.0,5.0,150,1017.3,12
Liège,50.6326,5.5797,2019-08-04T05:00,13.0,96,0.0,5.3,152,1017.4,0
Liège,50.6326,5.5797,2019-08-04T06:00,13.9,94,0.0,5.7,145,1017.4,0
Liège,50.6326,5.5797,2019-08-04T07:00,15.9,86,0.0,5.6,135,1017.2,40
Liège,50.6326,5.5797,2019-08-04T08:00,18.1,80,0.0,4.6,129,1017.1,49
Liège,50.6326,5.5797,2019-08-04T09:00,20.3,69,0.0,4.2,121,1016.7,19
Liège,50.6326,5.5797,2019-08-04T10:00,21.8,63,0.0,3.8,131,1016.4,12
Liège,50.6326,5.5797,2019-08-04T11:00,22.9,59,0.0,2.6,124,1016.0,46
Liège,50.6326,5.5797,2019-08-04T12:00,23.9,57,0.0,2.5,172,1015.5,96
Liège,50.6326,5.5797,2019-08-04T13:00,24.6,54,0.1,4.5,194,1015.4,95
Liège,50.6326,5.5797,2019-08-04T14:00,25.5,49,0.0,4.7,184,1014.7,88
Liège,50.6326,5.5797,2019-08-04T15:00,25.8,48,0.0,4.1,195,1014.3,24
Liège,50.6326,5.5797,2019-08-04T16:00,26.0,48,0.0,3.1,159,1014.0,100
Liège,50.6326,5.5797,2019-08-04T17:00,25.8,49,0.0,2.3,129,1013.4,100
Liège,50.6326,5.5797,2019-08-04T18:00,25.2,55,0.0,5.1,82,1013.0,100
Liège,50.6326,5.5797,2019-08-04T19:00,24.0,67,0.0,4.3,66,1012.7,100
Liège,50.6326,5.5797,2019-08-04T20:00,22.1,71,0.0,6.7,74,1012.4,100
Liège,50.6326,5.5797,2019-08-04T21:00,21.1,72,0.0,8.6,90,1012.6,100
Liège,50.6326,5.5797,2019-08-04T22:00,21.0,70,0.0,7.7,101,1012.4,100
Liège,50.6326,5.5797,2019-08-04T23:00,20.0,75,0.0,5.6,130,1012.1,100
Liège,50.6326,5.5797,2019-08-05T00:00,20.3,67,0.0,8.8,161,1011.5,100
Liège,50.6326,5.5797,2019-08-05T01:00,20.2,69,0.0,11.7,189,1011.4,100
Liège,50.6326,5.5797,2019-08-05T02:00,20.2,68,0.0,12.1,210,1011.5,97
Liège,50.6326,5.5797,2019-08-05T03:00,20.3,68,0.0,13.6,197,1011.3,92
Liège,50.6326,5.5797,2019-08-05T04:00,20.6,64,0.0,14.7,216,1011.3,99
Liège,50.6326,5.5797,2019-08-05T05:00,19.4,73,0.3,11.0,229,1011.6,94
Liège,50.6326,5.5797,2019-08-05T06:00,18.5,83,0.8,6.1,183,1011.4,92
Liège,50.6326,5.5797,2019-08-05T07:00,19.1,82,0.0,10.6,204,1011.3,52
Liège,50.6326,5.5797,2019-08-05T08:00,19.5,80,0.0,15.7,250,1011.7,53
Liège,50.6326,5.5797,2019-08-05T09:00,19.8,75,0.0,15.0,253,1012.0,82
Liège,50.6326,5.5797,2019-08-05T10:00,20.6,65,0.0,14.7,248,1012.2,49
Liège,50.6326,5.5797,2019-08-05T11:00,21.8,58,0.0,15.5,248,1012.2,37
Liège,50.6326,5.5797,2019-08-05T12:00,22.9,52,0.0,16.5,250,1012.0,80
Liège,50.6326,5.5797,2019-08-05T13:00,23.4,51,0.0,15.3,251,1012.0,81
Liège,50.6326,5.5797,2019-08-05T14:00,23.8,49,0.0,16.4,251,1012.0,98
Liège,50.6326,5.5797,2019-08-05T15:00,24.0,50,0.0,16.0,256,1011.7,99
Liège,50.6326,5.5797,2019-08-05T16:00,24.1,50,0.0,15.8,253,1011.8,97
Liège,50.6326,5.5797,2019-08-05T17:00,24.8,46,0.0,16.3,239,1011.2,98
Liège,50.6326,5.5797,2019-08-05T18:00,23.7,55,0.0,12.6,250,1011.0,99
Liège,50.6326,5.5797,2019-08-05T19:00,22.8,62,0.0,7.7,259,1011.1,99
Liège,50.6326,5.5797,2019-08-05T20:00,20.8,71,0.0,5.2,236,1011.0,98
Liège,50.6326,5.5797,2019-08-05T21:00,19.8,74,0.0,5.7,198,1011.4,99
Liège,50.6326,5.5797,2019-08-05T22:00,18.9,77,0.0,6.9,208,1011.3,98
Liège,50.6326,5.5797,2019-08-05T23:00,19.0,74,0.0,9.2,249,1011.7,96
Liège,50.6326,5.5797,2019-08-06T00:00,18.5,78,0.0,6.8,245,1011.7,74
Liège,50.6326,5.5797,2019-08-06T01:00,18.4,77,0.0,10.5,239,1011.3,51
Liège,50.6326,5.5797,2019-08-06T02:00,18.2,82,0.0,10.2,247,1011.8,90
Liège,50.6326,5.5797,2019-08-06T03:00,17.8,87,0.0,10.6,242,1012.0,95
Liège,50.6326,5.5797,2019-08-06T04:00,17.6,84,0.0,11.4,252,1012.1,91
Liège,50.6326,5.5797,2019-08-06T05:00,16.7,85,0.0,8.8,235,1012.0,94
Liège,50.6326,5.5797,2019-08-06T06:00,16.6,80,0.1,11.8,243,1012.1,99
Liège,50.6326,5.5797,2019-08-06T07:00,17.0,71,0.2,13.8,227,1012.3,100
Liège,50.6326,5.5797,2019-08-06T08:00,17.0,70,0.0,11.8,207,1012.5,98
Liège,50.6326,5.5797,2019-08-06T09:00,17.9,65,0.0,12.4,210,1012.6,94
Liège,50.6326,5.5797,2019-08-06T10:00,19.5,58,0.0,12.3,220,1012.3,97
Liège,50.6326,5.5797,2019-08-06T11:00,20.5,54,0.0,12.7,225,1012.1,100
Liège,50.6326,5.5797,2019-08-06T12:00,21.1,53,0.0,12.2,223,1011.6,100
Liège,50.6326,5.5797,2019-08-06T13:00,21.0,61,0.0,10.0,255,1011.5,99
Liège,50.6326,5.5797,2019-08-06T14:00,21.5,62,0.0,9.8,216,1011.2,87
Liège,50.6326,5.5797,2019-08-06T15:00,22.5,61,0.1,12.2,208,1010.5,98
Liège,50.6326,5.5797,2019-08-06T16:00,22.0,66,0.1,11.5,219,1009.8,100
Liège,50.6326,5.5797,2019-08-06T17:00,21.1,72,0.7,10.9,226,1009.7,100
Liège,50.6326,5.5797,2019-08-06T18:00,20.0,81,0.7,12.6,233,1009.5,100
Liège,50.6326,5.5797,2019-08-06T19:00,18.6,91,1.1,7.1,195,1008.9,89
Liège,50.6326,5.5797,2019-08-06T20:00,18.5,91,0.1,6.6,171,1008.4,98
Liège,50.6326,5.5797,2019-08-06T21:00,18.0,93,0.0,10.1,207,1008.9,52
Liège,50.6326,5.5797,2019-08-06T22:00,17.9,92,0.0,11.5,219,1009.1,93
Liège,50.6326,5.5797,2019-08-06T23:00,17.5,92,0.0,12.3,230,1009.1,98
Liège,50.6326,5.5797,2019-08-07T00:00,17.1,94,0.1,12.0,229,1008.8,99
Liège,50.6326,5.5797,2019-08-07T01:00,17.0,92,0.1,11.5,229,1009.1,100
Liège,50.6326,5.5797,2019-08-07T02:00,16.5,94,0.0,9.4,223,1008.8,97
Liège,50.6326,5.5797,2019-08-07T03:00,15.9,94,0.0,9.0,217,1008.5,98
Liège,50.6326,5.5797,2019-08-07T04:00,15.7,94,0.0,9.0,209,1008.4,100
Liège,50.6326,5.5797,2019-08-07T05:00,15.7,95,0.0,9.2,201,1008.2,93
Liège,50.6326,5.5797,2019-08-07T06:00,16.3,94,0.0,12.2,199,1008.2,91
Liège,50.6326,5.5797,2019-08-07T07:00,16.9,92,0.0,13.3,213,1008.4,99
Liège,50.6326,5.5797,2019-08-07T08:00,17.9,87,0.0,14.3,231,1008.7,100
Liège,50.6326,5.5797,2019-08-07T09:00,18.4,82,0.0,14.5,243,1008.4,100
Liège,50.6326,5.5797,2019-08-07T10:00,19.2,74,0.0,14.0,247,1008.6,100
Liège,50.6326,5.5797,2019-08-07T11:00,20.3,67,0.0,14.7,242,1008.7,100
Liège,50.6326,5.5797,2019-08-07T12:00,21.0,60,0.1,16.3,242,1008.4,97
Liège,50.6326,5.5797,2019-08-07T13:00,21.4,59,0.1,18.3,248,1008.3,99
Liège,50.6326,5.5797,2019-08-07T14:00,22.0,55,0.2,19.0,251,1008.1,95
Liège,50.6326,5.5797,2019-08-07T15:00,21.8,58,0.0,18.4,258,1008.3,56
Liège,50.6326,5.5797,2019-08-07T16:00,21.6,58,0.0,18.3,255,1008.4,45
Liège,50.6326,5.5797,2019-08-07T17:00,21.7,57,0.0,16.4,255,1008.5,37
Liège,50.6326,5.5797,2019-08-07T18:00,21.4,59,0.0,13.6,259,1008.6,27
Liège,50.6326,5.5797,2019-08-07T19:00,20.5,63,0.0,11.6,248,1008.9,52
Liège,50.6326,5.5797,2019-08-07T20:00,18.9,68,0.0,8.7,228,1009.3,35
Liège,50.6326,5.5797,2019-08-07T21:00,17.9,71,0.0,10.0,218,1009.9,21
Liège,50.6326,5.5797,2019-08-07T22:00,17.0,74,0.0,11.0,218,1010.4,16
Liège,50.6326,5.5797,2019-08-07T23:00,16.5,74,0.0,10.9,224,1010.6,14
Liège,50.6326,5.5797,2019-08-08T00:00,16.0,74,0.0,11.5,226,1010.9,10
Liège,50.6326,5.5797,2019-08-08T01:00,15.8,74,0.0,11.0,232,1011.2,1
Liège,50.6326,5.5797,2019-08-08T02:00,15.1,77,0.0,11.5,221,1011.5,0
Liège,50.6326,5.5797,2019-08-08T03:00,14.4,80,0.0,11.1,205,1011.2,57
Liège,50.6326,5.5797,2019-08-08T04:00,14.1,81,0.0,12.7,205,1011.2,32
Liège,50.6326,5.5797,2019-08-08T05:00,13.8,83,0.0,12.7,205,1011.6,26
Liège,50.6326,5.5797,2019-08-08T06:00,14.1,83,0.0,12.1,207,1011.5,42
Liège,50.6326,5.5797,2019-08-08T07:00,16.0,77,0.0,12.7,215,1011.7,35
Liège,50.6326,5.5797,2019-08-08T08:00,18.0,71,0.0,13.0,228,1012.0,34
Liège,50.6326,5.5797,2019-08-08T09:00,19.5,66,0.0,15.1,242,1012.3,62
Liège,50.6326,5.5797,2019-08-08T10:00,20.0,61,0.0,17.7,250,1012.7,75
Liège,50.6326,5.5797,2019-08-08T11:00,19.5,68,0.8,16.8,242,1013.1,84
Liège,50.6326,5.5797,2019-08-08T12:00,19.5,67,0.0,13.7,235,1013.2,67
Liège,50.6326,5.5797,2019-08-08T13:00,18.7,79,0.0,8.0,280,1013.3,99
Liège,50.6326,5.5797,2019-08-08T14:00,19.6,76,0.0,6.0,287,1013.3,94
Liège,50.6326,5.5797,2019-08-08T15:00,20.4,74,0.0,3.5,294,1013.0,94
Liège,50.6326,5.5797,2019-08-08T16:00,21.7,68,0.1,5.9,256,1012.5,86
Liège,50.6326,5.5797,2019-08-08T17:00,22.2,63,0.0,6.2,291,1012.5,29
Liège,50.6326,5.5797,2019-08-08T18:00,22.0,63,0.0,6.8,328,1012.5,61
Liège,50.6326,5.5797,2019-08-08T19:00,21.0,71,0.0,4.9,36,1012.0,17
Liège,50.6326,5.5797,2019-08-08T20:00,18.4,84,0.0,6.5,109,1012.2,14
Liège,50.6326,5.5797,2019-08-08T21:00,17.9,85,0.0,7.1,120,1012.4,23
Liège,50.6326,5.5797,2019-08-08T22:00,17.8,84,0.0,9.5,115,1012.1,63
Liège,50.6326,5.5797,2019-08-08T23:00,17.8,84,0.0,9.0,119,1011.7,99
Liège,50.6326,5.5797,2019-08-09T00:00,18.0,82,0.0,9.0,127,1011.6,66
Liège,50.6326,5.5797,2019-08-09T01:00,17.4,86,0.0,6.6,119,1011.0,72
Liège,50.6326,5.5797,2019-08-09T02:00,16.9,84,0.0,7.0,145,1010.8,99
Liège,50.6326,5.5797,2019-08-09T03:00,18.4,73,0.0,12.8,158,1010.2,66
Liège,50.6326,5.5797,2019-08-09T04:00,19.0,69,0.0,16.2,167,1009.8,100
Liège,50.6326,5.5797,2019-08-09T05:00,19.6,70,0.1,12.9,144,1009.3,100
Liège,50.6326,5.5797,2019-08-09T06:00,20.2,68,0.0,15.3,146,1008.2,100
Liège,50.6326,5.5797,2019-08-09T07:00,20.9,67,0.0,17.7,156,1007.9,99
Liège,50.6326,5.5797,2019-08-09T08:00,21.7,63,0.0,19.4,158,1007.3,97
Liège,50.6326,5.5797,2019-08-09T09:00,23.3,59,0.0,21.0,168,1007.0,95
Liège,50.6326,5.5797,2019-08-09T10:00,25.3,56,0.0,23.8,177,1007.1,83
Liège,50.6326,5.5797,2019-08-09T11:00,26.1,54,0.0,29.6,190,1007.3,100
Liège,50.6326,5.5797,2019-08-09T12:00,24.2,64,0.0,19.7,189,1007.5,100
Liège,50.6326,5.5797,2019-08-09T13:00,23.1,82,0.1,15.1,205,1007.7,99
Liège,50.6326,5.5797,2019-08-09T14:00,24.1,79,1.3,16.7,213,1007.5,82
Liège,50.6326,5.5797,2019-08-09T15:00,24.4,77,0.6,15.3,207,1007.1,99
Liège,50.6326,5.5797,2019-08-09T16:00,23.1,86,0.9,12.6,200,1007.2,100
Liège,50.6326,5.5797,2019-08-09T17:00,22.5,90,2.9,12.3,183,1006.7,100
Liège,50.6326,5.5797,2019-08-09T18:00,21.1,92,4.0,12.1,197,1006.4,100
Liège,50.6326,5.5797,2019-08-09T19:00,20.8,91,5.4,14.6,220,1006.8,100
Liège,50.6326,5.5797,2019-08-09T20:00,20.6,88,2.6,11.3,187,1006.3,100
Liège,50.6326,5.5797,2019-08-09T21:00,20.0,79,0.0,18.6,216,1007.4,100
Liège,50.6326,5.5797,2019-08-09T22:00,19.0,82,0.0,19.3,217,1007.9,80
Liège,50.6326,5.5797,2019-08-09T23:00,18.3,85,0.0,21.0,211,1008.5,9
Liège,50.6326,5.5797,2019-08-10T00:00,17.9,86,0.0,20.7,203,1008.2,97
Liège,50.6326,5.5797,2019-08-10T01:00,19.1,82,0.0,21.9,200,1008.0,100
Liège,50.6326,5.5797,2019-08-10T02:00,19.0,82,0.0,25.3,206,1008.0,95
Liège,50.6326,5.5797,2019-08-10T03:00,18.8,84,0.0,26.4,208,1008.4,90
Liège,50.6326,5.5797,2019-08-10T04:00,18.6,79,0.0,27.7,208,1008.6,62
Liège,50.6326,5.5797,2019-08-10T05:00,18.1,77,0.0,27.2,206,1008.7,75
Liège,50.6326,5.5797,2019-08-10T06:00,18.0,75,0.0,27.7,208,1009.2,4
Liège,50.6326,5.5797,2019-08-10T07:00,18.4,74,0.0,28.6,211,1009.7,62
Liège,50.6326,5.5797,2019-08-10T08:00,18.9,74,0.1,30.8,218,1010.2,95
Liège,50.6326,5.5797,2019-08-10T09:00,19.4,70,0.2,32.8,225,1010.7,95
Liège,50.6326,5.5797,2019-08-10T10:00,19.8,67,0.1,34.3,231,1011.3,96
Liège,50.6326,5.5797,2019-08-10T11:00,20.4,64,0.2,34.5,231,1011.6,93
Liège,50.6326,5.5797,2019-08-10T12:00,21.2,59,0.0,32.4,227,1011.8,78
Liège,50.6326,5.5797,2019-08-10T13:00,22.1,54,0.0,31.7,231,1012.3,96
Liège,50.6326,5.5797,2019-08-10T14:00,22.3,53,0.0,32.2,230,1012.6,36
Liège,50.6326,5.5797,2019-08-10T15:00,22.5,51,0.0,32.1,233,1012.8,56
Liège,50.6326,5.5797,2019-08-10T16:00,22.5,51,0.0,29.4,230,1012.9,37
Liège,50.6326,5.5797,2019-08-10T17:00,22.2,52,0.0,28.2,232,1013.2,65
Liège,50.6326,5.5797,2019-08-10T18:00,21.1,59,0.0,23.5,221,1013.4,49
Liège,50.6326,5.5797,2019-08-10T19:00,20.4,61,0.0,22.8,218,1013.9,30
Liège,50.6326,5.5797,2019-08-10T20:00,20.0,58,0.0,21.1,217,1014.3,36
Liège,50.6326,5.5797,2019-08-10T21:00,19.9,56,0.0,20.4,221,1014.6,42
Liège,50.6326,5.5797,2019-08-10T22:00,18.9,59,0.0,14.0,228,1014.8,46
Liège,50.6326,5.5797,2019-08-10T23:00,17.8,65,0.0,9.7,231,1015.3,37
Liège,50.6326,5.5797,2019-08-11T00:00,16.5,71,0.0,9.7,222,1015.6,31
Liège,50.6326,5.5797,2019-08-11T01:00,16.8,70,0.0,11.0,251,1016.2,4
Liège,50.6326,5.5797,2019-08-11T02:00,15.3,79,0.0,8.2,218,1016.0,4
Liège,50.6326,5.5797,2019-08-11T03:00,14.6,82,0.0,10.2,203,1015.9,86
Liège,50.6326,5.5797,2019-08-11T04:00,14.1,85,0.0,10.7,200,1016.0,63
Liège,50.6326,5.5797,2019-08-11T05:00,13.9,85,0.0,10.9,197,1016.2,36
Liège,50.6326,5.5797,2019-08-11T06:00,14.3,83,0.0,11.7,189,1016.1,55
Liège,50.6326,5.5797,2019-08-11T07:00,15.6,80,0.0,12.7,195,1016.1,98
Liège,50.6326,5.5797,2019-08-11T08:00,17.3,74,0.0,10.4,194,1016.0,69
Liège,50.6326,5.5797,2019-08-11T09:00,18.5,68,0.0,12.9,198,1015.8,90
Liège,50.6326,5.5797,2019-08-11T10:00,19.0,66,0.0,15.5,208,1015.5,100
Liège,50.6326,5.5797,2019-08-11T11:00,19.0,63,0.0,16.7,217,1015.4,100
Liège,50.6326,5.5797,2019-08-11T12:00,18.7,62,0.0,16.0,224,1015.4,100
Liège,50.6326,5.5797,2019-08-11T13:00,18.9,64,0.0,15.6,232,1015.3,100
Liège,50.6326,5.5797,2019-08-11T14:00,19.0,64,0.0,16.9,232,1015.2,100
Liège,50.6326,5.5797,2019-08-11T15:00,18.8,64,0.0,15.8,229,1015.0,100
Liège,50.6326,5.5797,2019-08-11T16:00,18.5,65,0.0,15.8,221,1014.7,99
Liège,50.6326,5.5797,2019-08-11T17:00,18.6,62,0.0,15.4,217,1014.7,92
Liège,50.6326,5.5797,2019-08-11T18:00,17.9,68,0.0,11.8,211,1014.7,100
Liège,50.6326,5.5797,2019-08-11T19:00,17.4,69,0.0,11.2,213,1014.9,35
Liège,50.6326,5.5797,2019-08-11T20:00,16.3,71,0.0,11.6,216,1015.2,14
Liège,50.6326,5.5797,2019-08-11T21:00,15.5,75,0.0,13.5,214,1015.7,7
Liège,50.6326,5.5797,2019-08-11T22:00,14.9,76,0.0,14.2,210,1015.8,18
Liège,50.6326,5.5797,2019-08-11T23:00,14.6,76,0.0,14.2,207,1015.9,15
Liège,50.6326,5.5797,2019-08-12T00:00,14.1,79,0.0,13.9,201,1015.9,14
Liège,50.6326,5.5797,2019-08-12T01:00,14.4,76,0.0,14.0,206,1015.8,9
Liège,50.6326,5.5797,2019-08-12T02:00,13.9,79,0.0,14.0,203,1016.0,6
Liège,50.6326,5.5797,2019-08-12T03:00,13.6,81,0.0,14.6,200,1015.6,13
Liège,50.6326,5.5797,2019-08-12T04:00,13.8,83,0.0,15.4,201,1015.7,19
Liège,50.6326,5.5797,2019-08-12T05:00,13.7,85,0.0,14.5,199,1015.9,21
Liège,50.6326,5.5797,2019-08-12T06:00,13.8,85,0.0,13.7,198,1015.6,16
Liège,50.6326,5.5797,2019-08-12T07:00,14.9,83,0.0,14.6,196,1015.4,15
Liège,50.6326,5.5797,2019-08-12T08:00,16.5,77,0.0,14.7,205,1015.5,21
Liège,50.6326,5.5797,2019-08-12T09:00,17.9,73,0.0,14.8,221,1015.5,22
Liège,50.6326,5.5797,2019-08-12T10:00,18.8,69,0.1,14.3,229,1015.5,38
Liège,50.6326,5.5797,2019-08-12T11:00,19.5,67,0.1,13.7,240,1015.4,40
Liège,50.6326,5.5797,2019-08-12T12:00,18.9,70,0.5,12.5,229,1015.3,35
Liège,50.6326,5.5797,2019-08-12T13:00,19.8,65,0.2,11.0,251,1014.5,62
Liège,50.6326,5.5797,2019-08-12T14:00,19.0,72,3.0,13.9,217,1015.0,95
Liège,50.6326,5.5797,2019-08-12T15:00,18.1,72,2.2,10.5,262,1015.2,86
Liège,50.6326,5.5797,2019-08-12T16:00,17.6,77,0.6,9.0,233,1015.0,88
Liège,50.6326,5.5797,2019-08-12T17:00,16.4,83,0.7,11.2,237,1015.2,76
Liège,50.6326,5.5797,2019-08-12T18:00,16.4,80,0.0,12.2,227,1015.2,83
Liège,50.6326,5.5797,2019-08-12T19:00,15.9,84,0.0,9.9,199,1015.2,67
Liège,50.6326,5.5797,2019-08-12T20:00,14.8,89,0.0,10.9,197,1015.5,25
Liège,50.6326,5.5797,2019-08-12T21:00,14.1,92,0.0,9.9,213,1016.0,48
Liège,50.6326,5.5797,2019-08-12T22:00,13.7,92,0.0,11.0,218,1016.0,42
Liège,50.6326,5.5797,2019-08-12T23:00,13.5,91,0.0,12.0,226,1016.2,34
Liège,50.6326,5.5797,2019-08-13T00:00,13.4,91,0.0,13.3,221,1016.4,38
Liège,50.6326,5.5797,2019-08-13T01:00,13.4,89,0.0,14.3,231,1016.8,21
Liège,50.6326,5.5797,2019-08-13T02:00,12.9,90,0.0,15.9,232,1016.8,22
Liège,50.6326,5.5797,2019-08-13T03:00,12.4,93,0.0,15.0,253,1017.1,45
Liège,50.6326,5.5797,2019-08-13T04:00,12.1,93,0.1,16.4,255,1017.6,96
Liège,50.6326,5.5797,2019-08-13T05:00,12.1,91,0.0,15.1,245,1017.9,36
Liège,50.6326,5.5797,2019-08-13T06:00,11.8,93,0.0,12.5,237,1018.1,9
Liège,50.6326,5.5797,2019-08-13T07:00,12.7,91,0.0,13.3,232,1018.3,2
Liège,50.6326,5.5797,2019-08-13T08:00,14.4,82,0.0,16.6,243,1018.7,31
Liège,50.6326,5.5797,2019-08-13T09:00,15.6,75,0.0,15.6,236,1018.9,16
Liège,50.6326,5.5797,2019-08-13T10:00,16.6,68,0.0,17.0,238,1018.7,25
Liège,50.6326,5.5797,2019-08-13T11:00,17.3,61,0.1,19.5,245,1018.6,31
Liège,50.6326,5.5797,2019-08-13T12:00,17.6,58,0.0,21.1,247,1018.6,31
Liège,50.6326,5.5797,2019-08-13T13:00,17.5,60,0.0,17.9,242,1018.7,45
Liège,50.6326,5.5797,2019-08-13T14:00,17.0,68,0.5,22.4,240,1018.7,65
Liège,50.6326,5.5797,2019-08-13T15:00,16.5,72,0.2,16.5,260,1018.5,100
Liège,50.6326,5.5797,2019-08-13T16:00,14.4,86,2.0,16.8,247,1019.1,99
Liège,50.6326,5.5797,2019-08-13T17:00,14.1,89,1.1,12.7,235,1018.9,87
Liège,50.6326,5.5797,2019-08-13T18:00,14.4,85,0.1,15.0,243,1018.8,58
Liège,50.6326,5.5797,2019-08-13T19:00,13.9,85,0.0,13.7,235,1018.8,50
Liège,50.6326,5.5797,2019-08-13T20:00,13.2,89,0.0,10.0,229,1019.0,40
Liège,50.6326,5.5797,2019-08-13T21:00,12.8,91,0.0,10.4,214,1019.3,30
Liège,50.6326,5.5797,2019-08-13T22:00,12.4,91,0.0,10.8,217,1019.4,23
Liège,50.6326,5.5797,2019-08-13T23:00,12.1,91,0.0,10.5,218,1019.3,15
Liège,50.6326,5.5797,2019-08-14T00:00,11.7,92,0.0,10.0,218,1019.2,11
Liège,50.6326,5.5797,2019-08-14T01:00,12.2,92,0.0,9.4,220,1019.5,6
Liège,50.6326,5.5797,2019-08-14T02:00,11.2,94,0.0,7.3,213,1019.6,3
Liège,50.6326,5.5797,2019-08-14T03:00,10.7,95,0.0,7.2,198,1019.4,1
Liège,50.6326,5.5797,2019-08-14T04:00,10.6,95,0.0,7.9,196,1019.1,23
Liège,50.6326,5.5797,2019-08-14T05:00,10.2,96,0.0,7.5,197,1019.1,16
Liège,50.6326,5.5797,2019-08-14T06:00,10.6,96,0.0,8.5,192,1019.2,0
Liège,50.6326,5.5797,2019-08-14T07:00,12.1,93,0.0,10.3,192,1019.2,0
Liège,50.6326,5.5797,2019-08-14T08:00,13.9,88,0.0,9.9,199,1019.3,0
Liège,50.6326,5.5797,2019-08-14T09:00,15.6,79,0.0,11.9,209,1019.1,22
Liège,50.6326,5.5797,2019-08-14T10:00,17.0,70,0.0,12.4,216,1018.6,28
Liège,50.6326,5.5797,2019-08-14T11:00,18.0,62,0.0,13.5,222,1018.4,38
Liège,50.6326,5.5797,2019-08-14T12:00,18.6,60,0.1,13.6,220,1018.0,38
Liège,50.6326,5.5797,2019-08-14T13:00,19.2,58,0.0,14.5,210,1017.9,17
Liège,50.6326,5.5797,2019-08-14T14:00,20.1,53,0.0,15.8,207,1017.4,97
Liège,50.6326,5.5797,2019-08-14T15:00,20.8,49,0.0,14.7,208,1016.5,100
Liège,50.6326,5.5797,2019-08-14T16:00,20.1,54,0.0,16.1,230,1016.1,81
Liège,50.6326,5.5797,2019-08-14T17:00,18.2,71,0.7,9.8,234,1015.9,93
Liège,50.6326,5.5797,2019-08-14T18:00,17.4,77,0.5,6.5,177,1015.2,79
Liège,50.6326,5.5797,2019-08-14T19:00,17.1,80,0.0,6.2,97,1014.4,96
Liège,50.6326,5.5797,2019-08-14T20:00,16.5,82,0.0,8.7,114,1013.8,100
Liège,50.6326,5.5797,2019-08-14T21:00,17.4,74,0.0,9.7,178,1013.5,100
Liège,50.6326,5.5797,2019-08-14T22:00,17.2,73,0.3,12.8,191,1013.4,100
Liège,50.6326,5.5797,2019-08-14T23:00,16.4,80,0.6,14.4,193,1013.1,100
Liège,50.6326,5.5797,2019-08-15T00:00,16.0,84,0.5,16.2,184,1012.5,100
Liège,50.6326,5.5797,2019-08-15T01:00,15.9,83,0.1,15.7,200,1012.2,100
Liège,50.6326,5.5797,2019-08-15T02:00,16.2,81,0.0,17.3,201,1011.4,100
Liège,50.6326,5.5797,2019-08-15T03:00,16.0,82,0.0,20.0,208,1011.0,100
Liège,50.6326,5.5797,2019-08-15T04:00,15.9,84,0.4,20.1,209,1010.5,100
Liège,50.6326,5.5797,2019-08-15T05:00,16.0,85,0.0,19.3,213,1010.2,100
Liège,50.6326,5.5797,2019-08-15T06:00,15.8,88,0.0,18.2,218,1010.4,100
Liège,50.6326,5.5797,2019-08-15T07:00,16.2,87,0.0,18.7,220,1010.4,99
Liège,50.6326,5.5797,2019-08-15T08:00,16.7,87,0.1,20.2,221,1010.3,74
Liège,50.6326,5.5797,2019-08-15T09:00,17.9,82,0.0,24.1,238,1010.5,52
Liège,50.6326,5.5797,2019-08-15T10:00,18.2,81,0.1,23.4,241,1010.6,74
Liège,50.6326,5.5797,2019-08-15T11:00,19.1,78,0.1,22.5,243,1010.8,33
Liège,50.6326,5.5797,2019-08-15T12:00,20.2,73,0.0,23.7,246,1010.9,36
Liège,50.6326,5.5797,2019-08-15T13:00,19.8,68,0.1,25.7,255,1011.6,44
Liège,50.6326,5.5797,2019-08-15T14:00,19.8,66,0.2,25.1,257,1012.0,67
Liège,50.6326,5.5797,2019-08-15T15:00,19.5,67,0.1,24.9,260,1012.7,98
Liège,50.6326,5.5797,2019-08-15T16:00,19.0,72,0.1,23.7,257,1013.1,53
Liège,50.6326,5.5797,2019-08-15T17:00,18.6,71,0.1,24.6,264,1013.7,66
Liège,50.6326,5.5797,2019-08-15T18:00,18.0,74,0.1,21.6,272,1014.0,56
Liège,50.6326,5.5797,2019-08-15T19:00,17.3,77,0.1,16.6,271,1014.6,47
Liège,50.6326,5.5797,2019-08-15T20:00,16.5,79,0.0,13.7,265,1015.5,48
Liège,50.6326,5.5797,2019-08-15T21:00,16.0,81,0.0,12.5,252,1016.2,62
Liège,50.6326,5.5797,2019-08-15T22:00,15.6,83,0.0,11.8,243,1016.6,87
Liège,50.6326,5.5797,2019-08-15T23:00,15.9,82,0.0,11.9,241,1017.0,97
Liège,50.6326,5.5797,2019-08-16T00:00,15.7,83,0.0,13.2,235,1017.2,36
Liège,50.6326,5.5797,2019-08-16T01:00,14.4,89,0.0,10.1,243,1017.7,34
Liège,50.6326,5.5797,2019-08-16T02:00,13.7,92,0.0,10.0,221,1017.9,4
Liège,50.6326,5.5797,2019-08-16T03:00,13.3,94,0.0,11.2,222,1018.0,17
Liège,50.6326,5.5797,2019-08-16T04:00,12.9,95,0.0,10.4,224,1018.2,100
Liège,50.6326,5.5797,2019-08-16T05:00,12.9,95,0.0,9.7,211,1018.2,100
Liège,50.6326,5.5797,2019-08-16T06:00,13.1,95,0.0,11.1,205,1018.2,97
Liège,50.6326,5.5797,2019-08-16T07:00,13.9,91,0.0,12.2,194,1018.3,83
Liège,50.6326,5.5797,2019-08-16T08:00,15.6,85,0.0,14.2,201,1018.0,95
Liège,50.6326,5.5797,2019-08-16T09:00,17.0,80,0.0,14.3,205,1017.8,98
Liège,50.6326,5.5797,2019-08-16T10:00,18.4,73,0.0,17.6,221,1017.6,31
Liège,50.6326,5.5797,2019-08-16T11:00,19.2,68,0.0,19.6,224,1017.2,100
Liège,50.6326,5.5797,2019-08-16T12:00,19.7,64,0.0,18.6,224,1016.9,97
Liège,50.6326,5.5797,2019-08-16T13:00,19.8,64,0.0,19.5,214,1016.8,98
Liège,50.6326,5.5797,2019-08-16T14:00,20.4,61,0.0,17.6,221,1016.3,80
Liège,50.6326,5.5797,2019-08-16T15:00,20.8,59,0.0,20.5,218,1015.7,100
Liège,50.6326,5.5797,2019-08-16T16:00,20.8,57,0.0,16.6,214,1015.0,96
Liège,50.6326,5.5797,2019-08-16T17:00,20.9,57,0.0,18.2,205,1014.2,63
Liège,50.6326,5.5797,2019-08-16T18:00,20.4,62,0.0,14.3,208,1013.7,94
Liège,50.6326,5.5797,2019-08-16T19:00,19.1,72,0.0,4.7,157,1012.9,100
Liège,50.6326,5.5797,2019-08-16T20:00,18.2,70,0.0,9.8,152,1012.4,100
Liège,50.6326,5.5797,2019-08-16T21:00,18.5,61,0.0,14.4,183,1012.5,100
Liège,50.6326,5.5797,2019-08-16T22:00,18.0,66,0.3,16.1,190,1012.1,100
Liège,50.6326,5.5797,2019-08-16T23:00,17.3,74,0.3,15.9,183,1011.7,100
Liège,50.6326,5.5797,2019-08-17T00:00,17.3,74,0.0,15.5,167,1010.4,100
Liège,50.6326,5.5797,2019-08-17T01:00,17.9,71,0.1,13.0,178,1010.1,100
Liège,50.6326,5.5797,2019-08-17T02:00,18.9,64,0.0,17.4,193,1009.6,99
Liège,50.6326,5.5797,2019-08-17T03:00,18.9,65,0.0,17.7,200,1009.0,100
Liège,50.6326,5.5797,2019-08-17T04:00,18.8,66,0.0,18.3,212,1008.8,70
Liège,50.6326,5.5797,2019-08-17T05:00,18.0,71,0.0,17.6,208,1009.0,72
Liège,50.6326,5.5797,2019-08-17T06:00,17.9,69,0.0,21.9,221,1009.1,99
Liège,50.6326,5.5797,2019-08-17T07:00,17.7,70,0.0,21.7,212,1009.1,100
Liège,50.6326,5.5797,2019-08-17T08:00,18.0,71,0.0,23.5,209,1009.2,99
Liège,50.6326,5.5797,2019-08-17T09:00,18.4,73,0.0,22.5,207,1009.0,100
Liège,50.6326,5.5797,2019-08-17T10:00,19.2,74,0.0,27.2,215,1009.1,100
Liège,50.6326,5.5797,2019-08-17T11:00,19.4,75,0.0,27.1,220,1009.3,100
Liège,50.6326,5.5797,2019-08-17T12:00,19.1,78,0.2,24.6,212,1009.3,99
Liège,50.6326,5.5797,2019-08-17T13:00,20.0,75,0.0,25.2,211,1009.4,100
Liège,50.6326,5.5797,2019-08-17T14:00,19.0,81,0.3,24.9,200,1009.5,100
Liège,50.6326,5.5797,2019-08-17T15:00,19.4,83,0.1,21.1,197,1009.0,100
Liège,50.6326,5.5797,2019-08-17T16:00,20.0,79,0.1,28.4,210,1009.0,100
Liège,50.6326,5.5797,2019-08-17T17:00,19.2,84,0.4,22.7,209,1009.0,100
Liège,50.6326,5.5797,2019-08-17T18:00,18.6,87,0.4,21.4,207,1009.1,100
Liège,50.6326,5.5797,2019-08-17T19:00,18.1,90,0.4,19.8,199,1008.6,100
Liège,50.6326,5.5797,2019-08-17T20:00,17.9,92,0.1,18.1,197,1008.2,99
Liège,50.6326,5.5797,2019-08-17T21:00,17.7,92,0.0,15.5,202,1008.4,99
Liège,50.6326,5.5797,2019-08-17T22:00,17.6,93,0.0,14.6,200,1008.1,100
Liège,50.6326,5.5797,2019-08-17T23:00,17.6,93,0.0,14.3,198,1008.0,100
Liège,50.6326,5.5797,2019-08-18T00:00,17.5,93,0.7,14.2,189,1007.8,100
Liège,50.6326,5.5797,2019-08-18T01:00,17.6,94,1.8,14.1,212,1008.0,100
Liège,50.6326,5.5797,2019-08-18T02:00,17.0,96,1.6,11.9,270,1008.1,100
Liège,50.6326,5.5797,2019-08-18T03:00,15.9,90,1.3,9.4,270,1008.1,100
Liège,50.6326,5.5797,2019-08-18T04:00,15.6,90,0.5,7.9,227,1007.6,100
Liège,50.6326,5.5797,2019-08-18T05:00,15.5,81,0.3,14.0,215,1007.3,100
Liège,50.6326,5.5797,2019-08-18T06:00,14.4,84,0.1,12.0,187,1006.5,100
Liège,50.6326,5.5797,2019-08-18T07:00,14.7,89,0.4,9.8,156,1005.7,100
Liège,50.6326,5.5797,2019-08-18T08:00,15.3,88,1.5,1.1,360,1005.0,100
Liège,50.6326,5.5797,2019-08-18T09:00,17.8,91,0.4,16.7,194,1004.0,100
Liège,50.6326,5.5797,2019-08-18T10:00,20.0,89,0.3,27.7,201,1003.5,100
Liège,50.6326,5.5797,2019-08-18T11:00,21.0,85,0.2,29.5,205,1003.5,100
Liège,50.6326,5.5797,2019-08-18T12:00,19.3,90,4.1,26.9,258,1004.9,100
Liège,50.6326,5.5797,2019-08-18T13:00,17.0,87,3.4,3.1,291,1006.2,100
Liège,50.6326,5.5797,2019-08-18T14:00,18.1,85,0.6,10.6,242,1006.7,100
Liège,50.6326,5.5797,2019-08-18T15:00,18.9,81,0.0,21.5,256,1007.6,100
Liège,50.6326,5.5797,2019-08-18T16:00,18.8,81,0.0,20.4,256,1008.6,100
Liège,50.6326,5.5797,2019-08-18T17:00,18.6,78,0.0,17.9,245,1008.9,100
Liège,50.6326,5.5797,2019-08-18T18:00,18.5,78,0.0,16.5,247,1009.2,99
Liège,50.6326,5.5797,2019-08-18T19:00,17.9,78,0.0,13.3,237,1009.5,97
Liège,50.6326,5.5797,2019-08-18T20:00,16.5,81,0.0,11.6,234,1009.9,95
Liège,50.6326,5.5797,2019-08-18T21:00,16.7,73,0.0,15.8,249,1011.2,100
Liège,50.6326,5.5797,2019-08-18T22:00,15.5,72,0.0,11.8,250,1011.7,99
Liège,50.6326,5.5797,2019-08-18T23:00,14.5,76,0.0,9.0,233,1012.2,100
Liège,50.6326,5.5797,2019-08-19T00:00,14.2,78,0.0,10.6,215,1012.7,70
Liège,50.6326,5.5797,2019-08-19T01:00,13.8,78,0.0,14.0,228,1013.5,1
Liège,50.6326,5.5797,2019-08-19T02:00,13.3,82,0.0,13.5,224,1014.0,10
Liège,50.6326,5.5797,2019-08-19T03:00,12.9,85,0.0,13.7,215,1014.0,9
Liège,50.6326,5.5797,2019-08-19T04:00,12.8,86,0.0,13.8,213,1014.3,10
Liège,50.6326,5.5797,2019-08-19T05:00,12.6,86,0.0,14.8,214,1014.9,11
Liège,50.6326,5.5797,2019-08-19T06:00,12.9,85,0.0,16.2,217,1015.3,5
Liège,50.6326,5.5797,2019-08-19T07:00,14.1,81,0.0,17.1,221,1015.7,2
Liège,50.6326,5.5797,2019-08-19T08:00,15.5,78,0.0,17.3,223,1015.8,2
Liège,50.6326,5.5797,2019-08-19T09:00,16.8,73,0.0,18.4,231,1015.9,7
Liège,50.6326,5.5797,2019-08-19T10:00,17.9,67,0.0,19.3,237,1016.3,12
Liège,50.6326,5.5797,2019-08-19T11:00,18.9,60,0.0,19.5,242,1016.7,18
Liège,50.6326,5.5797,2019-08-19T12:00,19.5,57,0.0,19.7,246,1016.7,21
Liège,50.6326,5.5797,2019-08-19T13:00,19.7,55,0.0,20.9,246,1017.3,28
Liège,50.6326,5.5797,2019-08-19T14:00,20.0,54,0.1,21.4,243,1017.5,50
Liège,50.6326,5.5797,2019-08-19T15:00,19.9,55,0.2,20.8,244,1017.7,41
Liège,50.6326,5.5797,2019-08-19T16:00,19.8,55,0.1,20.9,241,1017.7,46
Liège,50.6326,5.5797,2019-08-19T17:00,19.2,57,0.0,18.5,246,1018.1,59
Liège,50.6326,5.5797,2019-08-19T18:00,18.4,64,0.1,13.9,260,1018.4,89
Liège,50.6326,5.5797,2019-08-19T19:00,17.3,68,0.0,10.8,266,1018.7,50
Liège,50.6326,5.5797,2019-08-19T20:00,16.2,68,0.0,11.0,259,1019.1,67
Liège,50.6326,5.5797,2019-08-19T21:00,15.4,72,0.0,9.1,236,1019.7,70
Liège,50.6326,5.5797,2019-08-19T22:00,14.7,75,0.0,8.9,220,1020.0,36
Liège,50.6326,5.5797,2019-08-19T23:00,14.1,78,0.0,9.5,217,1020.4,66
Liège,50.6326,5.5797,2019-08-20T00:00,13.2,81,0.0,10.2,222,1020.8,71
Liège,50.6326,5.5797,2019-08-20T01:00,12.9,83,0.0,9.8,216,1021.2,3
Liège,50.6326,5.5797,2019-08-20T02:00,12.3,85,0.0,10.7,213,1021.3,0
Liège,50.6326,5.5797,2019-08-20T03:00,11.7,86,0.0,9.2,211,1021.3,14
Liège,50.6326,5.5797,2019-08-20T04:00,11.1,89,0.0,8.7,204,1021.4,78
Liège,50.6326,5.5797,2019-08-20T05:00,10.8,90,0.0,8.2,203,1021.6,80
Liège,50.6326,5.5797,2019-08-20T06:00,10.7,90,0.0,8.1,201,1021.8,1
Liège,50.6326,5.5797,2019-08-20T07:00,12.4,84,0.0,10.8,201,1022.4,5
Liège,50.6326,5.5797,2019-08-20T08:00,14.6,79,0.0,10.2,212,1022.9,89
Liège,50.6326,5.5797,2019-08-20T09:00,16.1,76,0.0,11.5,231,1022.8,97
Liège,50.6326,5.5797,2019-08-20T10:00,17.5,68,0.0,13.2,244,1022.8,93
Liège,50.6326,5.5797,2019-08-20T11:00,18.4,59,0.0,16.1,254,1023.0,99
Liège,50.6326,5.5797,2019-08-20T12:00,19.0,54,0.0,17.3,258,1023.0,78
Liège,50.6326,5.5797,2019-08-20T13:00,18.8,58,0.0,16.8,260,1023.1,72
Liège,50.6326,5.5797,2019-08-20T14:00,19.0,57,0.2,16.1,260,1023.5,96
Liège,50.6326,5.5797,2019-08-20T15:00,19.2,56,0.1,15.0,260,1023.5,77
Liège,50.6326,5.5797,2019-08-20T16:00,19.4,54,0.0,14.3,260,1023.8,98
Liège,50.6326,5.5797,2019-08-20T17:00,18.9,57,0.0,12.6,267,1024.1,35
Liège,50.6326,5.5797,2019-08-20T18:00,18.5,61,0.0,9.7,268,1024.4,28
Liège,50.6326,5.5797,2019-08-20T19:00,17.0,71,0.0,5.8,266,1024.8,20
Liège,50.6326,5.5797,2019-08-20T20:00,14.6,80,0.0,6.3,301,1025.5,32
Liège,50.6326,5.5797,2019-08-20T21:00,13.7,84,0.0,6.7,306,1025.9,29
Liège,50.6326,5.5797,2019-08-20T22:00,13.1,86,0.0,6.6,292,1026.5,17
Liège,50.6326,5.5797,2019-08-20T23:00,12.1,89,0.0,6.9,279,1026.9,14
Liège,50.6326,5.5797,2019-08-21T00:00,11.6,90,0.0,4.6,231,1027.3,19
Liège,50.6326,5.5797,2019-08-21T01:00,12.6,86,0.0,3.9,158,1027.7,19
Liège,50.6326,5.5797,2019-08-21T02:00,11.3,91,0.0,4.4,189,1027.6,12
Liège,50.6326,5.5797,2019-08-21T03:00,10.4,94,0.0,4.7,212,1027.8,20
Liège,50.6326,5.5797,2019-08-21T04:00,9.8,94,0.0,4.3,204,1027.9,4
Liège,50.6326,5.5797,2019-08-21T05:00,9.6,95,0.0,4.0,185,1028.1,2
Liège,50.6326,5.5797,2019-08-21T06:00,9.2,96,0.0,4.4,171,1028.2,2
Liège,50.6326,5.5797,2019-08-21T07:00,11.3,91,0.0,5.6,165,1028.6,1
Liège,50.6326,5.5797,2019-08-21T08:00,14.1,84,0.0,2.2,180,1028.9,1
Liège,50.6326,5.5797,2019-08-21T09:00,16.3,74,0.0,1.1,90,1028.8,1
Liège,50.6326,5.5797,2019-08-21T10:00,17.7,69,0.0,3.1,54,1028.8,0
Liège,50.6326,5.5797,2019-08-21T11:00,18.8,65,0.0,2.0,45,1028.7,73
Liège,50.6326,5.5797,2019-08-21T12:00,19.5,59,0.0,1.5,45,1028.5,71
Liège,50.6326,5.5797,2019-08-21T13:00,20.0,53,0.0,1.1,108,1027.9,96
Liège,50.6326,5.5797,2019-08-21T14:00,20.7,52,0.0,1.1,108,1027.5,97
Liège,50.6326,5.5797,2019-08-21T15:00,21.0,50,0.0,1.8,90,1027.4,97
Liège,50.6326,5.5797,2019-08-21T16:00,21.1,48,0.0,0.5,45,1026.9,98
Liège,50.6326,5.5797,2019-08-21T17:00,21.0,49,0.0,2.2,351,1026.6,95
Liège,50.6326,5.5797,2019-08-21T18:00,20.2,58,0.0,5.1,51,1026.2,94
Liège,50.6326,5.5797,2019-08-21T19:00,18.4,68,0.0,9.1,72,1026.3,68
Liège,50.6326,5.5797,2019-08-21T20:00,16.5,71,0.0,8.8,81,1026.4,0
Liège,50.6326,5.5797,2019-08-21T21:00,15.7,75,0.0,9.1,83,1026.3,0
Liège,50.6326,5.5797,2019-08-21T22:00,14.8,80,0.0,8.4,100,1026.3,0
Liège,50.6326,5.5797,2019-08-21T23:00,13.9,81,0.0,8.2,128,1026.5,0
Liège,50.6326,5.5797,2019-08-22T00:00,13.6,77,0.0,8.9,148,1026.4,2
Liège,50.6326,5.5797,2019-08-22T01:00,13.4,77,0.0,9.7,165,1025.9,0
Liège,50.6326,5.5797,2019-08-22T02:00,13.0,77,0.0,10.2,172,1025.7,0
Liège,50.6326,5.5797,2019-08-22T03:00,12.6,78,0.0,10.0,167,1025.7,0
Liège,50.6326,5.5797,2019-08-22T04:00,12.5,79,0.0,9.9,170,1025.6,0
Liège,50.6326,5.5797,2019-08-22T05:00,12.2,79,0.0,9.4,176,1025.6,0
Liège,50.6326,5.5797,2019-08-22T06:00,12.2,79,0.0,9.4,176,1025.3,1
Liège,50.6326,5.5797,2019-08-22T07:00,14.1,74,0.0,11.5,176,1025.4,13
Liège,50.6326,5.5797,2019-08-22T08:00,16.9,69,0.0,10.1,186,1025.6,24
Liège,50.6326,5.5797,2019-08-22T09:00,19.5,64,0.0,9.3,193,1025.9,31
Liège,50.6326,5.5797,2019-08-22T10:00,21.2,59,0.0,8.2,209,1025.9,41
Liège,50.6326,5.5797,2019-08-22T11:00,22.2,55,0.0,8.7,246,1025.9,61
Liège,50.6326,5.5797,2019-08-22T12:00,22.9,51,0.0,9.0,247,1025.6,75
Liège,50.6326,5.5797,2019-08-22T13:00,23.5,48,0.0,8.1,257,1025.6,63
Liège,50.6326,5.5797,2019-08-22T14:00,23.7,48,0.0,8.0,265,1025.4,88
Liège,50.6326,5.5797,2019-08-22T15:00,23.8,48,0.0,7.6,270,1024.9,74
Liège,50.6326,5.5797,2019-08-22T16:00,23.7,48,0.0,6.5,276,1024.8,22
Liège,50.6326,5.5797,2019-08-22T17:00,23.5,49,0.0,5.7,288,1024.8,0
Liège,50.6326,5.5797,2019-08-22T18:00,22.5,58,0.0,6.9,317,1024.5,0
Liège,50.6326,5.5797,2019-08-22T19:00,20.1,71,0.0,6.5,326,1024.9,0
Liège,50.6326,5.5797,2019-08-22T20:00,16.9,80,0.0,8.7,322,1025.3,0
Liège,50.6326,5.5797,2019-08-22T21:00,15.9,81,0.0,9.2,315,1025.7,0
Liège,50.6326,5.5797,2019-08-22T22:00,18.0,67,0.0,5.6,320,1025.9,0
Liège,50.6326,5.5797,2019-08-22T23:00,17.1,70,0.0,1.6,153,1026.2,0
Liège,50.6326,5.5797,2019-08-23T00:00,14.9,80,0.0,3.1,201,1026.1,0
Liège,50.6326,5.5797,2019-08-23T01:00,14.2,83,0.0,4.0,190,1026.2,0
Liège,50.6326,5.5797,2019-08-23T02:00,14.1,82,0.0,3.1,201,1026.2,0
Liège,50.6326,5.5797,2019-08-23T03:00,13.1,85,0.0,5.2,214,1026.3,0
Liège,50.6326,5.5797,2019-08-23T04:00,14.1,81,0.0,4.2,239,1026.2,0
Liège,50.6326,5.5797,2019-08-23T05:00,12.4,87,0.0,3.0,166,1026.2,0
Liège,50.6326,5.5797,2019-08-23T06:00,11.5,91,0.0,4.9,144,1026.0,0
Liège,50.6326,5.5797,2019-08-23T07:00,13.9,85,0.0,5.4,132,1025.8,0
Liège,50.6326,5.5797,2019-08-23T08:00,17.1,75,0.0,4.4,81,1025.9,0
Liège,50.6326,5.5797,2019-08-23T09:00,19.9,65,0.0,5.8,60,1025.9,0
Liège,50.6326,5.5797,2019-08-23T10:00,21.7,61,0.0,7.7,49,1025.6,10
Liège,50.6326,5.5797,2019-08-23T11:00,23.1,58,0.0,8.2,41,1025.6,35
Liège,50.6326,5.5797,2019-08-23T12:00,24.1,55,0.0,8.8,35,1025.2,67
Liège,50.6326,5.5797,2019-08-23T13:00,25.0,50,0.0,8.0,36,1024.9,95
Liège,50.6326,5.5797,2019-08-23T14:00,25.5,49,0.0,8.9,32,1024.5,95
Liège,50.6326,5.5797,2019-08-23T15:00,25.6,48,0.0,10.2,32,1023.9,90
Liège,50.6326,5.5797,2019-08-23T16:00,25.5,48,0.0,12.3,32,1023.4,90
Liège,50.6326,5.5797,2019-08-23T17:00,25.1,49,0.0,13.1,32,1023.2,62
Liège,50.6326,5.5797,2019-08-23T18:00,24.1,56,0.0,11.1,36,1023.0,25
Liège,50.6326,5.5797,2019-08-23T19:00,21.9,62,0.0,8.7,48,1022.7,88
Liège,50.6326,5.5797,2019-08-23T20:00,19.8,65,0.0,9.2,64,1022.9,83
Liège,50.6326,5.5797,2019-08-23T21:00,18.9,66,0.0,10.4,90,1022.8,91
Liège,50.6326,5.5797,2019-08-23T22:00,18.2,65,0.0,10.1,96,1022.6,89
Liège,50.6326,5.5797,2019-08-23T23:00,17.2,68,0.0,9.0,88,1022.4,37
Liège,50.6326,5.5797,2019-08-24T00:00,16.0,75,0.0,7.3,101,1022.2,5
Liège,50.6326,5.5797,2019-08-24T01:00,14.6,81,0.0,9.7,132,1022.2,0
Liège,50.6326,5.5797,2019-08-24T02:00,13.9,83,0.0,7.2,153,1021.9,1
Liège,50.6326,5.5797,2019-08-24T03:00,13.3,85,0.0,6.6,167,1021.5,8
Liège,50.6326,5.5797,2019-08-24T04:00,12.8,87,0.0,6.6,171,1021.5,1
Liège,50.6326,5.5797,2019-08-24T05:00,12.5,87,0.0,6.6,171,1021.4,1
Liège,50.6326,5.5797,2019-08-24T06:00,13.0,84,0.0,7.1,165,1021.3,0
Liège,50.6326,5.5797,2019-08-24T07:00,15.6,76,0.0,9.0,164,1021.1,0
Liège,50.6326,5.5797,2019-08-24T08:00,19.3,68,0.0,8.2,157,1021.0,0
Liège,50.6326,5.5797,2019-08-24T09:00,23.0,61,0.0,6.0,147,1021.1,0
Liège,50.6326,5.5797,2019-08-24T10:00,25.2,50,0.0,5.6,140,1020.9,0
Liège,50.6326,5.5797,2019-08-24T11:00,26.2,46,0.0,6.6,131,1020.9,0
Liège,50.6326,5.5797,2019-08-24T12:00,26.8,45,0.0,6.3,121,1020.4,0
Liège,50.6326,5.5797,2019-08-24T13:00,27.5,42,0.0,7.1,139,1020.0,0
Liège,50.6326,5.5797,2019-08-24T14:00,27.9,41,0.0,6.6,131,1019.9,0
Liège,50.6326,5.5797,2019-08-24T15:00,28.2,40,0.0,5.7,108,1019.3,0
Liège,50.6326,5.5797,2019-08-24T16:00,28.4,39,0.0,4.8,77,1018.8,0
Liège,50.6326,5.5797,2019-08-24T17:00,28.2,41,0.0,5.2,56,1018.6,0
Liège,50.6326,5.5797,2019-08-24T18:00,26.9,55,0.0,5.8,22,1018.4,0
Liège,50.6326,5.5797,2019-08-24T19:00,23.8,59,0.0,9.4,40,1018.2,0
Liège,50.6326,5.5797,2019-08-24T20:00,22.0,59,0.0,12.1,78,1018.4,0
Liège,50.6326,5.5797,2019-08-24T21:00,20.4,66,0.0,11.3,107,1018.7,0
Liège,50.6326,5.5797,2019-08-24T22:00,19.0,68,0.0,9.4,130,1018.6,0
Liège,50.6326,5.5797,2019-08-24T23:00,17.6,65,0.0,8.8,145,1018.6,0
Liège,50.6326,5.5797,2019-08-25T00:00,16.8,62,0.0,8.9,159,1018.5,0
Liège,50.6326,5.5797,2019-08-25T01:00,17.2,59,0.0,10.0,165,1018.4,0
Liège,50.6326,5.5797,2019-08-25T02:00,16.8,60,0.0,9.4,162,1018.3,13
Liège,50.6326,5.5797,2019-08-25T03:00,15.8,67,0.0,8.2,165,1018.1,37
Liège,50.6326,5.5797,2019-08-25T04:00,15.1,71,0.0,7.7,169,1018.2,34
Liège,50.6326,5.5797,2019-08-25T05:00,14.6,75,0.0,7.3,169,1018.4,5
Liège,50.6326,5.5797,2019-08-25T06:00,14.1,78,0.0,7.1,165,1018.1,14
Liège,50.6326,5.5797,2019-08-25T07:00,16.4,74,0.0,9.3,164,1018.6,36
Liège,50.6326,5.5797,2019-08-25T08:00,19.8,69,0.0,7.6,177,1018.8,63
Liège,50.6326,5.5797,2019-08-25T09:00,23.0,65,0.0,4.3,185,1019.0,54
Liège,50.6326,5.5797,2019-08-25T10:00,25.8,53,0.0,1.6,207,1019.2,47
Liège,50.6326,5.5797,2019-08-25T11:00,27.1,43,0.0,0.4,360,1019.2,62
Liège,50.6326,5.5797,2019-08-25T12:00,27.8,41,0.0,1.4,360,1019.0,75
Liège,50.6326,5.5797,2019-08-25T13:00,28.0,37,0.0,4.1,232,1019.0,74
Liège,50.6326,5.5797,2019-08-25T14:00,28.5,37,0.0,5.6,255,1018.9,85
Liège,50.6326,5.5797,2019-08-25T15:00,28.6,36,0.0,8.4,277,1018.6,68
Liège,50.6326,5.5797,2019-08-25T16:00,28.4,35,0.0,7.9,300,1018.4,14
Liège,50.6326,5.5797,2019-08-25T17:00,28.0,37,0.0,7.4,321,1018.5,3
Liège,50.6326,5.5797,2019-08-25T18:00,27.2,50,0.0,4.5,331,1018.6,0
Liège,50.6326,5.5797,2019-08-25T19:00,24.0,63,0.0,7.5,325,1018.6,0
Liège,50.6326,5.5797,2019-08-25T20:00,21.9,59,0.0,9.7,309,1018.8,0
Liège,50.6326,5.5797,2019-08-25T21:00,24.9,42,0.0,5.4,42,1019.2,1
Liège,50.6326,5.5797,2019-08-25T22:00,20.5,63,0.0,7.2,108,1019.3,6
Liège,50.6326,5.5797,2019-08-25T23:00,19.2,70,0.0,5.5,148,1019.3,13
Liège,50.6326,5.5797,2019-08-26T00:00,18.3,75,0.0,4.3,175,1019.1,7
Liège,50.6326,5.5797,2019-08-26T01:00,20.5,61,0.0,3.3,186,1019.1,18
Liège,50.6326,5.5797,2019-08-26T02:00,17.2,76,0.0,5.8,187,1019.0,20
Liège,50.6326,5.5797,2019-08-26T03:00,16.5,80,0.0,5.8,187,1018.7,21
Liège,50.6326,5.5797,2019-08-26T04:00,15.5,88,0.0,5.8,176,1018.6,19
Liège,50.6326,5.5797,2019-08-26T05:00,15.0,94,0.0,4.7,171,1018.6,0
Liège,50.6326,5.5797,2019-08-26T06:00,14.9,96,0.0,5.2,168,1018.4,0
Liège,50.6326,5.5797,2019-08-26T07:00,17.4,87,0.0,6.5,161,1018.6,0
Liège,50.6326,5.5797,2019-08-26T08:00,20.9,78,0.0,3.6,186,1018.8,0
Liège,50.6326,5.5797,2019-08-26T09:00,24.2,65,0.0,1.8,233,1018.9,0
Liège,50.6326,5.5797,2019-08-26T10:00,26.1,58,0.0,2.6,304,1018.8,1
Liège,50.6326,5.5797,2019-08-26T11:00,27.5,54,0.0,4.8,312,1018.8,1
Liège,50.6326,5.5797,2019-08-26T12:00,28.5,51,0.0,5.2,326,1018.2,1
Liège,50.6326,5.5797,2019-08-26T13:00,28.6,54,0.0,5.5,349,1018.0,19
Liège,50.6326,5.5797,2019-08-26T14:00,29.0,53,0.0,4.0,360,1017.7,14
Liège,50.6326,5.5797,2019-08-26T15:00,28.9,53,0.0,5.0,69,1017.1,31
Liège,50.6326,5.5797,2019-08-26T16:00,29.0,53,0.0,4.6,72,1016.7,62
Liège,50.6326,5.5797,2019-08-26T17:00,28.6,55,0.0,4.7,148,1016.6,53
Liège,50.6326,5.5797,2019-08-26T18:00,28.0,59,0.0,2.6,146,1016.4,24
Liège,50.6326,5.5797,2019-08-26T19:00,27.4,61,0.0,3.1,159,1016.2,27
Liège,50.6326,5.5797,2019-08-26T20:00,26.1,66,0.0,2.5,82,1016.4,23
Liège,50.6326,5.5797,2019-08-26T21:00,22.9,82,0.0,5.6,117,1016.7,24
Liège,50.6326,5.5797,2019-08-26T22:00,22.0,85,0.0,4.3,138,1016.5,14
Liège,50.6326,5.5797,2019-08-26T23:00,21.4,87,0.0,4.9,144,1016.7,18
Liège,50.6326,5.5797,2019-08-27T00:00,20.2,87,0.0,6.9,152,1016.4,8
Liège,50.6326,5.5797,2019-08-27T01:00,19.6,89,0.0,4.8,167,1016.4,4
Liège,50.6326,5.5797,2019-08-27T02:00,19.4,84,0.0,6.8,162,1016.3,42
Liège,50.6326,5.5797,2019-08-27T03:00,19.2,82,0.0,6.6,202,1015.9,32
Liège,50.6326,5.5797,2019-08-27T04:00,19.2,84,0.0,7.6,183,1015.7,22
Liège,50.6326,5.5797,2019-08-27T05:00,19.0,83,0.0,6.9,152,1015.5,6
Liège,50.6326,5.5797,2019-08-27T06:00,18.5,80,0.0,6.4,153,1015.4,4
Liège,50.6326,5.5797,2019-08-27T07:00,20.4,73,0.0,8.0,144,1015.5,4
Liège,50.6326,5.5797,2019-08-27T08:00,22.9,67,0.0,7.1,195,1015.9,6
Liège,50.6326,5.5797,2019-08-27T09:00,25.4,61,0.0,5.8,180,1016.0,9
Liège,50.6326,5.5797,2019-08-27T10:00,27.6,55,0.0,2.8,140,1016.0,19
Liège,50.6326,5.5797,2019-08-27T11:00,29.0,49,0.0,2.2,81,1015.8,25
Liège,50.6326,5.5797,2019-08-27T12:00,30.2,42,0.0,4.7,90,1015.3,20
Liège,50.6326,5.5797,2019-08-27T13:00,30.5,37,0.0,4.3,185,1015.1,21
Liège,50.6326,5.5797,2019-08-27T14:00,30.7,36,0.0,4.0,170,1014.5,15
Liège,50.6326,5.5797,2019-08-27T15:00,30.9,34,0.0,5.2,164,1014.1,31
Liège,50.6326,5.5797,2019-08-27T16:00,30.9,33,0.0,5.4,172,1013.8,61
Liège,50.6326,5.5797,2019-08-27T17:00,30.6,34,0.0,4.6,162,1013.4,64
Liège,50.6326,5.5797,2019-08-27T18:00,29.6,42,0.0,4.3,138,1013.6,36
Liège,50.6326,5.5797,2019-08-27T19:00,26.0,61,0.0,6.4,128,1013.6,97
Liège,50.6326,5.5797,2019-08-27T20:00,24.1,63,0.0,7.4,141,1014.0,97
Liège,50.6326,5.5797,2019-08-27T21:00,22.9,64,0.0,7.2,153,1014.2,98
Liège,50.6326,5.5797,2019-08-27T22:00,22.5,63,0.0,7.4,166,1014.0,100
Liège,50.6326,5.5797,2019-08-27T23:00,22.4,60,0.0,9.0,182,1014.1,100
Liège,50.6326,5.5797,2019-08-28T00:00,21.7,63,0.0,8.0,170,1014.0,100
Liège,50.6326,5.5797,2019-08-28T01:00,21.4,64,0.0,6.2,187,1014.1,100
Liège,50.6326,5.5797,2019-08-28T02:00,20.5,67,0.0,7.3,169,1013.9,94
Liège,50.6326,5.5797,2019-08-28T03:00,20.6,64,0.0,9.4,176,1013.5,63
Liège,50.6326,5.5797,2019-08-28T04:00,21.8,54,0.0,15.3,189,1013.7,24
Liège,50.6326,5.5797,2019-08-28T05:00,21.6,53,0.0,14.3,198,1014.0,25
Liège,50.6326,5.5797,2019-08-28T06:00,20.9,59,0.0,13.4,200,1014.2,33
Liège,50.6326,5.5797,2019-08-28T07:00,21.4,62,0.0,12.4,216,1014.8,40
Liège,50.6326,5.5797,2019-08-28T08:00,22.5,61,0.0,11.5,200,1014.8,39
Liège,50.6326,5.5797,2019-08-28T09:00,24.1,58,0.0,13.2,197,1014.7,27
Liège,50.6326,5.5797,2019-08-28T10:00,26.3,52,0.0,12.7,225,1014.8,51
Liège,50.6326,5.5797,2019-08-28T11:00,27.8,44,0.0,11.0,251,1014.9,95
Liège,50.6326,5.5797,2019-08-28T12:00,28.5,41,0.0,9.6,257,1014.4,95
Liège,50.6326,5.5797,2019-08-28T13:00,27.3,51,0.0,10.3,245,1015.1,93
Liège,50.6326,5.5797,2019-08-28T14:00,27.8,48,0.0,9.0,254,1014.5,92
Liège,50.6326,5.5797,2019-08-28T15:00,28.2,47,0.0,9.3,242,1014.2,97
Liège,50.6326,5.5797,2019-08-28T16:00,27.4,51,0.0,6.5,251,1014.4,98
Liège,50.6326,5.5797,2019-08-28T17:00,26.1,56,0.2,9.9,224,1014.8,99
Liège,50.6326,5.5797,2019-08-28T18:00,25.9,57,0.0,8.8,189,1014.7,99
Liège,50.6326,5.5797,2019-08-28T19:00,24.5,64,0.0,9.0,196,1014.9,99
Liège,50.6326,5.5797,2019-08-28T20:00,22.8,72,0.0,11.2,176,1015.3,99
Liège,50.6326,5.5797,2019-08-28T21:00,21.9,75,0.0,10.0,165,1015.3,98
Liège,50.6326,5.5797,2019-08-28T22:00,21.5,77,0.0,9.3,196,1015.3,99
Liège,50.6326,5.5797,2019-08-28T23:00,21.0,80,0.0,8.8,261,1016.0,80
Liège,50.6326,5.5797,2019-08-29T00:00,19.8,87,0.1,11.0,308,1016.4,76
Liège,50.6326,5.5797,2019-08-29T01:00,19.7,84,0.1,4.1,315,1016.6,63
Liège,50.6326,5.5797,2019-08-29T02:00,18.6,91,0.1,9.4,293,1017.3,52
Liège,50.6326,5.5797,2019-08-29T03:00,18.2,94,0.9,5.4,352,1017.2,33
Liège,50.6326,5.5797,2019-08-29T04:00,18.4,92,0.0,0.7,180,1017.0,23
Liège,50.6326,5.5797,2019-08-29T05:00,17.0,97,0.0,3.3,229,1017.3,18
Liège,50.6326,5.5797,2019-08-29T06:00,16.8,98,0.0,4.4,235,1017.8,31
Liège,50.6326,5.5797,2019-08-29T07:00,18.4,94,0.1,4.7,238,1018.3,32
Liège,50.6326,5.5797,2019-08-29T08:00,19.1,88,0.1,5.4,266,1018.7,59
Liège,50.6326,5.5797,2019-08-29T09:00,19.8,75,0.0,5.4,278,1019.0,74
Liège,50.6326,5.5797,2019-08-29T10:00,20.4,65,0.0,6.2,291,1019.7,100
Liège,50.6326,5.5797,2019-08-29T11:00,20.5,63,0.0,6.2,291,1020.0,100
Liège,50.6326,5.5797,2019-08-29T12:00,21.4,64,0.0,7.3,281,1019.9,99
Liège,50.6326,5.5797,2019-08-29T13:00,23.0,58,0.0,9.5,245,1020.6,99
Liège,50.6326,5.5797,2019-08-29T14:00,21.9,65,0.0,14.2,286,1020.8,79
Liège,50.6326,5.5797,2019-08-29T15:00,21.1,72,0.0,14.8,299,1020.6,26
Liège,50.6326,5.5797,2019-08-29T16:00,21.9,67,0.0,14.6,286,1020.6,32
Liège,50.6326,5.5797,2019-08-29T17:00,21.5,65,0.0,13.8,277,1020.7,34
Liège,50.6326,5.5797,2019-08-29T18:00,20.8,64,0.0,11.6,277,1020.9,29
Liège,50.6326,5.5797,2019-08-29T19:00,19.6,69,0.0,6.5,289,1021.4,29
Liège,50.6326,5.5797,2019-08-29T20:00,18.0,75,0.0,5.6,310,1021.7,19
Liège,50.6326,5.5797,2019-08-29T21:00,16.6,82,0.0,7.3,290,1022.1,15
Liège,50.6326,5.5797,2019-08-29T22:00,16.2,81,0.0,6.2,277,1022.1,7
Liège,50.6326,5.5797,2019-08-29T23:00,15.4,84,0.0,5.9,313,1022.5,1
Liège,50.6326,5.5797,2019-08-30T00:00,15.8,82,0.0,4.0,333,1022.7,4
Liège,50.6326,5.5797,2019-08-30T01:00,14.7,89,0.0,2.5,262,1023.1,4
Liège,50.6326,5.5797,2019-08-30T02:00,14.2,91,0.0,0.8,207,1023.0,0
Liège,50.6326,5.5797,2019-08-30T03:00,11.9,97,0.0,3.6,217,1023.1,0
Liège,50.6326,5.5797,2019-08-30T04:00,11.4,98,0.0,4.4,215,1023.1,0
Liège,50.6326,5.5797,2019-08-30T05:00,11.1,98,0.0,4.3,204,1023.3,0
Liège,50.6326,5.5797,2019-08-30T06:00,10.8,98,0.0,4.7,203,1023.6,0
Liège,50.6326,5.5797,2019-08-30T07:00,12.6,92,0.0,5.7,198,1023.8,0
Liège,50.6326,5.5797,2019-08-30T08:00,14.9,85,0.0,2.9,210,1023.9,0
Liège,50.6326,5.5797,2019-08-30T09:00,16.6,79,0.0,5.8,300,1024.2,0
Liège,50.6326,5.5797,2019-08-30T10:00,17.9,73,0.0,3.9,304,1024.4,16
Liège,50.6326,5.5797,2019-08-30T11:00,19.2,68,0.0,3.3,276,1024.3,51
Liège,50.6326,5.5797,2019-08-30T12:00,20.5,57,0.0,3.9,248,1023.7,11
Liège,50.6326,5.5797,2019-08-30T13:00,21.8,52,0.0,3.8,253,1023.3,71
Liège,50.6326,5.5797,2019-08-30T14:00,22.7,48,0.0,4.5,256,1022.9,0
Liège,50.6326,5.5797,2019-08-30T15:00,23.2,45,0.0,4.0,243,1022.1,0
Liège,50.6326,5.5797,2019-08-30T16:00,23.5,43,0.0,4.3,265,1021.7,0
Liège,50.6326,5.5797,2019-08-30T17:00,23.2,44,0.0,4.8,297,1021.3,0
Liège,50.6326,5.5797,2019-08-30T18:00,22.5,49,0.0,4.5,331,1020.9,0
Liège,50.6326,5.5797,2019-08-30T19:00,19.5,68,0.0,6.9,351,1020.8,0
Liège,50.6326,5.5797,2019-08-30T20:00,17.0,75,0.0,9.2,26,1021.0,0
Liège,50.6326,5.5797,2019-08-30T21:00,17.4,71,0.0,7.2,63,1020.8,0
Liège,50.6326,5.5797,2019-08-30T22:00,16.2,75,0.0,6.8,87,1020.9,0
Liège,50.6326,5.5797,2019-08-30T23:00,14.9,83,0.0,7.0,111,1020.4,21
Liège,50.6326,5.5797,2019-08-31T00:00,14.4,85,0.0,5.4,132,1019.9,0
Liège,50.6326,5.5797,2019-08-31T01:00,14.0,87,0.0,4.6,162,1019.6,0
Liège,50.6326,5.5797,2019-08-31T02:00,12.9,92,0.0,7.0,159,1018.8,0
Liège,50.6326,5.5797,2019-08-31T03:00,13.1,89,0.0,8.2,165,1017.9,0
Liège,50.6326,5.5797,2019-08-31T04:00,13.2,85,0.0,8.4,170,1016.9,0
Liège,50.6326,5.5797,2019-08-31T05:00,13.6,78,0.0,9.0,175,1016.3,0
Liège,50.6326,5.5797,2019-08-31T06:00,13.9,72,0.0,8.0,185,1015.9,0
Liège,50.6326,5.5797,2019-08-31T07:00,16.2,62,0.0,12.2,182,1016.0,0
Liège,50.6326,5.5797,2019-08-31T08:00,19.6,53,0.0,12.6,183,1015.8,3
Liège,50.6326,5.5797,2019-08-31T09:00,22.7,47,0.0,9.1,189,1015.2,7
Liège,50.6326,5.5797,2019-08-31T10:00,25.2,44,0.0,5.0,210,1014.8,2
Liège,50.6326,5.5797,2019-08-31T11:00,26.8,40,0.0,3.1,291,1013.8,3
Liège,50.6326,5.5797,2019-08-31T12:00,27.9,39,0.0,2.9,353,1012.7,16
Liège,50.6326,5.5797,2019-08-31T13:00,29.9,37,0.0,16.2,201,1011.7,52
Liège,50.6326,5.5797,2019-08-31T14:00,30.1,35,0.0,17.1,195,1011.0,18
Liège,50.6326,5.5797,2019-08-31T15:00,30.4,33,0.0,18.6,190,1009.8,42
Liège,50.6326,5.5797,2019-08-31T16:00,29.8,37,0.0,18.3,190,1008.9,38
Liège,50.6326,5.5797,2019-08-31T17:00,29.0,40,0.0,20.5,198,1008.6,40
Liège,50.6326,5.5797,2019-08-31T18:00,27.9,43,0.0,17.7,200,1008.4,84
Liège,50.6326,5.5797,2019-08-31T19:00,26.4,48,0.0,16.1,209,1008.5,59
Liège,50.6326,5.5797,2019-08-31T20:00,24.5,59,0.0,14.9,263,1009.5,72
Liège,50.6326,5.5797,2019-08-31T21:00,22.3,67,0.0,21.1,303,1010.5,80
Liège,50.6326,5.5797,2019-08-31T22:00,19.0,72,0.0,10.9,304,1011.1,74
Liège,50.6326,5.5797,2019-08-31T23:00,18.0,76,0.0,10.0,285,1012.0,96
Liège,50.6326,5.5797,2019-09-01T00:00,17.2,73,0.0,12.8,281,1012.3,98
Liège,50.6326,5.5797,2019-09-01T01:00,16.2,75,0.0,12.1,253,1012.9,93
Liège,50.6326,5.5797,2019-09-01T02:00,15.4,82,0.0,11.3,248,1013.2,45
Liège,50.6326,5.5797,2019-09-01T03:00,14.6,87,0.0,11.6,240,1013.2,100
Liège,50.6326,5.5797,2019-09-01T04:00,14.9,86,0.0,12.7,235,1013.1,100
Liège,50.6326,5.5797,2019-09-01T05:00,15.1,86,0.0,12.6,233,1013.3,100
Liège,50.6326,5.5797,2019-09-01T06:00,15.5,85,0.0,12.3,238,1013.2,100
Liège,50.6326,5.5797,2019-09-01T07:00,15.8,85,0.0,12.4,260,1013.7,100
Liège,50.6326,5.5797,2019-09-01T08:00,16.1,82,0.0,14.1,285,1014.5,99
Liège,50.6326,5.5797,2019-09-01T09:00,16.7,79,0.1,11.8,293,1015.2,100
Liège,50.6326,5.5797,2019-09-01T10:00,17.5,74,0.1,10.9,297,1015.4,100
Liège,50.6326,5.5797,2019-09-01T11:00,17.9,70,0.1,11.2,291,1016.0,100
Liège,50.6326,5.5797,2019-09-01T12:00,18.0,65,0.1,12.9,297,1016.1,100
Liège,50.6326,5.5797,2019-09-01T13:00,17.9,63,0.0,12.1,300,1016.7,74
Liège,50.6326,5.5797,2019-09-01T14:00,18.6,56,0.0,12.9,293,1016.8,51
Liège,50.6326,5.5797,2019-09-01T15:00,19.4,50,0.0,12.6,297,1016.7,43
Liège,50.6326,5.5797,2019-09-01T16:00,19.6,47,0.0,13.6,302,1016.6,49
Liège,50.6326,5.5797,2019-09-01T17:00,19.4,45,0.0,13.9,307,1016.7,41
Liège,50.6326,5.5797,2019-09-01T18:00,18.5,47,0.0,15.0,305,1017.2,51
Liège,50.6326,5.5797,2019-09-01T19:00,17.4,52,0.0,11.7,313,1017.7,44
Liège,50.6326,5.5797,2019-09-01T20:00,16.1,58,0.0,11.3,329,1018.7,32
Liège,50.6326,5.5797,2019-09-01T21:00,14.8,65,0.0,6.6,331,1019.5,31
Liège,50.6326,5.5797,2019-09-01T22:00,13.9,70,0.0,5.9,317,1019.9,38
Liège,50.6326,5.5797,2019-09-01T23:00,13.4,72,0.0,6.2,306,1020.5,30
Namur,50.4674,4.872,2019-08-01T00:00,15.3,78,0.0,9.8,186,1017.7,34
Namur,50.4674,4.872,2019-08-01T01:00,16.2,76,0.0,10.6,198,1017.8,23
Namur,50.4674,4.872,2019-08-01T02:00,15.8,77,0.0,9.7,207,1018.3,47
Namur,50.4674,4.872,2019-08-01T03:00,15.5,78,0.0,9.8,204,1018.0,38
Namur,50.4674,4.872,2019-08-01T04:00,15.4,78,0.0,9.7,202,1017.6,37
Namur,50.4674,4.872,2019-08-01T05:00,15.3,78,0.0,10.5,202,1017.7,40
Namur,50.4674,4.872,2019-08-01T06:00,15.8,77,0.0,11.9,205,1017.7,31
Namur,50.4674,4.872,2019-08-01T07:00,17.0,74,0.0,12.6,207,1017.6,26
Namur,50.4674,4.872,2019-08-01T08:00,18.5,71,0.0,13.3,218,1017.7,22
Namur,50.4674,4.872,2019-08-01T09:00,20.0,66,0.0,15.2,234,1017.6,25
Namur,50.4674,4.872,2019-08-01T10:00,21.3,59,0.1,18.7,245,1017.5,37
Namur,50.4674,4.872,2019-08-01T11:00,21.9,56,0.1,18.6,248,1017.5,31
Namur,50.4674,4.872,2019-08-01T12:00,22.9,52,0.1,19.4,252,1017.1,25
Namur,50.4674,4.872,2019-08-01T13:00,22.9,51,0.1,17.1,255,1017.3,38
Namur,50.4674,4.872,2019-08-01T14:00,23.2,50,0.1,16.8,255,1017.4,47
Namur,50.4674,4.872,2019-08-01T15:00,23.2,50,0.0,15.1,258,1017.0,93
Namur,50.4674,4.872,2019-08-01T16:00,23.3,49,0.0,13.7,265,1016.6,98
Namur,50.4674,4.872,2019-08-01T17:00,23.2,49,0.0,12.8,280,1016.4,100
Namur,50.4674,4.872,2019-08-01T18:00,22.5,53,0.0,12.7,313,1016.3,99
Namur,50.4674,4.872,2019-08-01T19:00,21.3,64,0.0,10.7,340,1016.4,32
Namur,50.4674,4.872,2019-08-01T20:00,19.6,75,0.0,5.2,335,1016.7,37
Namur,50.4674,4.872,2019-08-01T21:00,17.9,81,0.0,6.6,351,1017.1,91
Namur,50.4674,4.872,2019-08-01T22:00,17.2,84,0.0,7.2,6,1017.1,97
Namur,50.4674,4.872,2019-08-01T23:00,16.9,84,0.0,6.7,36,1017.1,92
Namur,50.4674,4.872,2019-08-02T00:00,17.0,83,0.0,4.7,86,1017.0,89
Namur,50.4674,4.872,2019-08-02T01:00,17.7,82,0.0,3.5,294,1017.0,95
Namur,50.4674,4.872,2019-08-02T02:00,16.7,86,0.0,3.4,238,1016.8,93
Namur,50.4674,4.872,2019-08-02T03:00,14.9,93,0.0,5.8,263,1016.7,89
Namur,50.4674,4.872,2019-08-02T04:00,13.9,97,0.0,6.9,298,1016.7,19
Namur,50.4674,4.872,2019-08-02T05:00,13.1,98,0.0,8.4,295,1016.7,4
Namur,50.4674,4.872,2019-08-02T06:00,14.5,96,0.0,4.0,275,1016.5,18
Namur,50.4674,4.872,2019-08-02T07:00,16.8,86,0.0,5.1,266,1016.4,3
Namur,50.4674,4.872,2019-08-02T08:00,18.7,76,0.0,6.6,283,1016.5,1
Namur,50.4674,4.872,2019-08-02T09:00,20.3,69,0.0,9.6,290,1016.5,11
Namur,50.4674,4.872,2019-08-02T10:00,21.4,62,0.0,13.1,286,1016.5,24
Namur,50.4674,4.872,2019-08-02T11:00,22.2,57,0.0,15.7,286,1016.5,25
Namur,50.4674,4.872,2019-08-02T12:00,22.7,54,0.1,17.3,291,1016.1,19
Namur,50.4674,4.872,2019-08-02T13:00,22.6,58,0.1,18.8,299,1016.6,43
Namur,50.4674,4.872,2019-08-02T14:00,22.1,63,0.1,21.1,303,1016.7,45
Namur,50.4674,4.872,2019-08-02T15:00,21.6,66,0.3,20.0,300,1016.5,51
Namur,50.4674,4.872,2019-08-02T16:00,21.5,69,0.0,22.1,307,1016.3,49
Namur,50.4674,4.872,2019-08-02T17:00,20.8,70,0.1,20.0,309,1016.2,35
Namur,50.4674,4.872,2019-08-02T18:00,20.5,69,0.0,21.4,314,1016.1,36
Namur,50.4674,4.872,2019-08-02T19:00,20.0,71,0.0,19.4,312,1016.2,18
Namur,50.4674,4.872,2019-08-02T20:00,19.0,75,0.0,16.5,306,1016.5,17
Namur,50.4674,4.872,2019-08-02T21:00,18.0,81,0.0,15.0,312,1017.0,35
Namur,50.4674,4.872,2019-08-02T22:00,17.4,87,0.1,17.2,323,1017.1,56
Namur,50.4674,4.872,2019-08-02T23:00,17.0,90,0.1,16.2,323,1017.2,94
Namur,50.4674,4.872,2019-08-03T00:00,16.7,93,0.0,13.6,320,1017.3,60
Namur,50.4674,4.872,2019-08-03T01:00,16.6,95,0.0,11.0,322,1017.5,100
Namur,50.4674,4.872,2019-08-03T02:00,16.6,97,0.1,11.8,322,1017.4,100
Namur,50.4674,4.872,2019-08-03T03:00,16.6,97,0.1,11.8,322,1017.4,100
Namur,50.4674,4.872,2019-08-03T04:00,16.4,97,0.1,13.0,326,1017.3,100
Namur,50.4674,4.872,2019-08-03T05:00,16.2,98,0.0,13.2,334,1017.5,100
Namur,50.4674,4.872,2019-08-03T06:00,16.2,97,0.0,12.6,336,1017.9,78
Namur,50.4674,4.872,2019-08-03T07:00,16.5,93,0.0,10.6,332,1018.2,100
Namur,50.4674,4.872,2019-08-03T08:00,17.0,89,0.0,9.2,334,1018.6,91
Namur,50.4674,4.872,2019-08-03T09:00,18.0,81,0.0,9.3,344,1018.7,42
Namur,50.4674,4.872,2019-08-03T10:00,19.4,68,0.0,8.7,355,1018.7,64
Namur,50.4674,4.872,2019-08-03T11:00,20.9,61,0.0,8.3,2,1018.7,100
Namur,50.4674,4.872,2019-08-03T12:00,20.8,65,0.0,10.9,351,1018.7,100
Namur,50.4674,4.872,2019-08-03T13:00,19.4,73,0.0,10.1,2,1019.5,100
Namur,50.4674,4.872,2019-08-03T14:00,19.8,73,0.0,10.5,6,1019.4,100
Namur,50.4674,4.872,2019-08-03T15:00,20.6,68,0.0,11.9,5,1019.0,94
Namur,50.4674,4.872,2019-08-03T16:00,21.8,61,0.0,11.5,360,1018.5,97
Namur,50.4674,4.872,2019-08-03T17:00,21.3,64,0.0,14.0,18,1018.4,100
Namur,50.4674,4.872,2019-08-03T18:00,20.8,64,0.0,9.5,25,1018.3,96
Namur,50.4674,4.872,2019-08-03T19:00,20.8,63,0.0,7.4,29,1018.1,99
Namur,50.4674,4.872,2019-08-03T20:00,19.8,69,0.0,5.9,47,1018.0,97
Namur,50.4674,4.872,2019-08-03T21:00,18.0,79,0.0,5.7,55,1018.0,98
Namur,50.4674,4.872,2019-08-03T22:00,17.0,85,0.0,5.4,70,1018.1,98
Namur,50.4674,4.872,2019-08-03T23:00,16.1,91,0.0,5.8,94,1018.0,97
Namur,50.4674,4.872,2019-08-04T00:00,15.9,91,0.0,5.4,110,1017.7,97
Namur,50.4674,4.872,2019-08-04T01:00,16.3,89,0.0,8.0,108,1017.6,97
Namur,50.4674,4.872,2019-08-04T02:00,15.8,91,0.0,7.1,114,1017.4,85
Namur,50.4674,4.872,2019-08-04T03:00,15.3,93,0.0,7.0,125,1017.2,1
Namur,50.4674,4.872,2019-08-04T04:00,14.7,94,0.0,6.9,129,1017.2,0
Namur,50.4674,4.872,2019-08-04T05:00,14.3,94,0.0,6.4,133,1017.2,2
Namur,50.4674,4.872,2019-08-04T06:00,14.9,93,0.0,7.1,131,1017.0,45
Namur,50.4674,4.872,2019-08-04T07:00,16.8,84,0.0,7.1,135,1016.9,40
Namur,50.4674,4.872,2019-08-04T08:00,19.1,76,0.0,6.1,135,1016.8,13
Namur,50.4674,4.872,2019-08-04T09:00,21.4,67,0.0,4.8,138,1016.5,22
Namur,50.4674,4.872,2019-08-04T10:00,23.0,60,0.0,4.8,138,1016.0,39
Namur,50.4674,4.872,2019-08-04T11:00,24.2,55,0.0,6.1,152,1015.7,95
Namur,50.4674,4.872,2019-08-04T12:00,25.5,51,0.0,9.3,193,1015.1,98
Namur,50.4674,4.872,2019-08-04T13:00,26.1,48,0.0,5.5,203,1015.0,89
Namur,50.4674,4.872,2019-08-04T14:00,27.1,43,0.0,3.8,197,1014.2,68
Namur,50.4674,4.872,2019-08-04T15:00,27.7,41,0.0,5.5,203,1013.9,99
Namur,50.4674,4.872,2019-08-04T16:00,27.6,43,0.0,6.1,208,1013.6,100
Namur,50.4674,4.872,2019-08-04T17:00,27.0,44,0.0,4.0,185,1013.0,100
Namur,50.4674,4.872,2019-08-04T18:00,26.9,44,0.0,0.8,27,1012.7,100
Namur,50.4674,4.872,2019-08-04T19:00,26.2,52,0.0,3.4,18,1012.4,100
Namur,50.4674,4.872,2019-08-04T20:00,25.1,56,0.0,2.5,360,1012.3,100
Namur,50.4674,4.872,2019-08-04T21:00,24.0,60,0.0,1.8,217,1012.6,100
Namur,50.4674,4.872,2019-08-04T22:00,21.9,72,0.0,3.5,156,1012.4,99
Namur,50.4674,4.872,2019-08-04T23:00,21.1,76,0.0,4.3,132,1012.0,100
Namur,50.4674,4.872,2019-08-05T00:00,20.1,80,0.0,5.4,160,1011.7,100
Namur,50.4674,4.872,2019-08-05T01:00,20.9,72,0.0,9.0,203,1011.9,100
Namur,50.4674,4.872,2019-08-05T02:00,21.1,68,0.0,13.4,186,1011.6,90
Namur,50.4674,4.872,2019-08-05T03:00,21.5,63,0.0,12.2,204,1011.4,95
Namur,50.4674,4.872,2019-08-05T04:00,19.8,73,0.2,6.6,193,1011.7,95
Namur,50.4674,4.872,2019-08-05T05:00,18.8,78,0.0,6.1,208,1011.4,95
Namur,50.4674,4.872,2019-08-05T06:00,18.6,81,0.0,11.4,246,1011.7,95
Namur,50.4674,4.872,2019-08-05T07:00,18.2,81,0.0,14.5,264,1012.1,85
Namur,50.4674,4.872,2019-08-05T08:00,19.0,72,0.0,14.3,258,1012.3,70
Namur,50.4674,4.872,2019-08-05T09:00,20.1,64,0.0,14.0,258,1012.5,58
Namur,50.4674,4.872,2019-08-05T10:00,21.5,57,0.0,14.1,255,1012.6,46
Namur,50.4674,4.872,2019-08-05T11:00,22.7,51,0.0,14.5,251,1012.5,44
Namur,50.4674,4.872,2019-08-05T12:00,23.8,47,0.0,16.3,248,1012.3,90
Namur,50.4674,4.872,2019-08-05T13:00,24.2,49,0.0,14.5,251,1012.3,94
Namur,50.4674,4.872,2019-08-05T14:00,24.8,47,0.0,16.5,250,1012.2,99
Namur,50.4674,4.872,2019-08-05T15:00,25.3,44,0.0,18.2,240,1011.9,100
Namur,50.4674,4.872,2019-08-05T16:00,25.3,46,0.0,19.2,242,1011.7,100
Namur,50.4674,4.872,2019-08-05T17:00,24.8,48,0.0,14.7,248,1011.5,98
Namur,50.4674,4.872,2019-08-05T18:00,24.9,49,0.0,13.0,256,1011.1,99
Namur,50.4674,4.872,2019-08-05T19:00,24.1,53,0.0,11.1,245,1011.2,98
Namur,50.4674,4.872,2019-08-05T20:00,22.0,61,0.0,6.9,223,1011.1,98
Namur,50.4674,4.872,2019-08-05T21:00,21.0,65,0.0,7.9,231,1011.5,99
Namur,50.4674,4.872,2019-08-05T22:00,20.1,70,0.0,8.0,265,1011.8,98
Namur,50.4674,4.872,2019-08-05T23:00,19.5,77,0.0,5.9,259,1012.0,96
Namur,50.4674,4.872,2019-08-06T00:00,19.1,81,0.0,6.1,242,1011.9,66
Namur,50.4674,4.872,2019-08-06T01:00,18.7,84,0.0,10.1,264,1011.9,72
Namur,50.4674,4.872,2019-08-06T02:00,18.2,86,0.0,10.8,255,1012.3,94
Namur,50.4674,4.872,2019-08-06T03:00,17.7,82,0.0,10.6,252,1012.5,96
Namur,50.4674,4.872,2019-08-06T04:00,17.0,81,0.0,7.7,233,1012.4,84
Namur,50.4674,4.872,2019-08-06T05:00,17.0,76,0.2,10.2,231,1012.4,99
Namur,50.4674,4.872,2019-08-06T06:00,16.9,71,0.1,11.9,215,1012.4,100
Namur,50.4674,4.872,2019-08-06T07:00,17.3,69,0.0,10.7,220,1012.4,98
Namur,50.4674,4.872,2019-08-06T08:00,18.4,63,0.0,10.7,230,1012.5,92
Namur,50.4674,4.872,2019-08-06T09:00,19.7,56,0.0,11.2,228,1012.6,99
Namur,50.4674,4.872,2019-08-06T10:00,20.6,51,0.0,10.7,228,1012.4,100
Namur,50.4674,4.872,2019-08-06T11:00,21.2,50,0.0,10.2,231,1012.1,100
Namur,50.4674,4.872,2019-08-06T12:00,22.0,50,0.0,11.2,225,1011.6,100
Namur,50.4674,4.872,2019-08-06T13:00,21.2,66,0.0,8.4,230,1011.5,100
Namur,50.4674,4.872,2019-08-06T14:00,22.5,62,0.0,9.8,208,1011.0,63
Namur,50.4674,4.872,2019-08-06T15:00,23.3,60,0.2,13.2,225,1010.5,100
Namur,50.4674,4.872,2019-08-06T16:00,21.9,68,0.2,9.7,243,1009.9,100
Namur,50.4674,4.872,2019-08-06T17:00,19.6,87,1.7,12.2,227,1010.1,100
Namur,50.4674,4.872,2019-08-06T18:00,19.4,90,1.6,7.4,241,1009.6,100
Namur,50.4674,4.872,2019-08-06T19:00,19.3,90,0.5,7.7,169,1008.4,98
Namur,50.4674,4.872,2019-08-06T20:00,19.0,90,0.0,10.1,215,1008.8,53
Namur,50.4674,4.872,2019-08-06T21:00,18.1,94,0.0,9.3,216,1009.1,94
Namur,50.4674,4.872,2019-08-06T22:00,18.0,94,0.0,11.2,228,1009.4,96
Namur,50.4674,4.872,2019-08-06T23:00,17.6,95,0.0,11.4,235,1009.3,96
Namur,50.4674,4.872,2019-08-07T00:00,17.5,94,0.0,10.2,228,1009.1,98
Namur,50.4674,4.872,2019-08-07T01:00,17.3,94,0.0,8.9,227,1009.3,98
Namur,50.4674,4.872,2019-08-07T02:00,16.5,95,0.0,8.1,212,1009.0,97
Namur,50.4674,4.872,2019-08-07T03:00,16.3,95,0.0,9.2,206,1008.7,100
Namur,50.4674,4.872,2019-08-07T04:00,16.3,95,0.0,11.0,203,1008.6,100
Namur,50.4674,4.872,2019-08-07T05:00,16.2,95,0.0,11.1,205,1008.3,84
Namur,50.4674,4.872,2019-08-07T06:00,16.2,94,0.0,12.1,207,1008.4,97
Namur,50.4674,4.872,2019-08-07T07:00,17.2,91,0.0,13.6,220,1008.7,99
Namur,50.4674,4.872,2019-08-07T08:00,18.0,89,0.0,12.5,237,1008.8,100
Namur,50.4674,4.872,2019-08-07T09:00,18.7,80,0.0,12.2,251,1008.6,100
Namur,50.4674,4.872,2019-08-07T10:00,19.6,72,0.0,12.4,248,1008.8,100
Namur,50.4674,4.872,2019-08-07T11:00,21.0,61,0.0,14.7,242,1008.8,97
Namur,50.4674,4.872,2019-08-07T12:00,22.3,52,0.1,17.4,252,1008.5,91
Namur,50.4674,4.872,2019-08-07T13:00,22.7,56,0.0,17.4,248,1008.4,93
Namur,50.4674,4.872,2019-08-07T14:00,22.7,59,0.2,19.1,259,1008.5,80
Namur,50.4674,4.872,2019-08-07T15:00,22.4,57,0.0,20.4,253,1008.6,56
Namur,50.4674,4.872,2019-08-07T16:00,22.5,54,0.0,19.8,254,1008.5,32
Namur,50.4674,4.872,2019-08-07T17:00,22.6,52,0.0,19.0,255,1008.6,23
Namur,50.4674,4.872,2019-08-07T18:00,22.1,53,0.0,17.4,263,1008.8,37
Namur,50.4674,4.872,2019-08-07T19:00,21.0,58,0.0,14.1,266,1009.1,36
Namur,50.4674,4.872,2019-08-07T20:00,19.9,62,0.0,11.0,251,1009.6,22
Namur,50.4674,4.872,2019-08-07T21:00,18.6,66,0.0,10.7,237,1010.3,26
Namur,50.4674,4.872,2019-08-07T22:00,18.0,67,0.0,10.7,237,1010.8,17
Namur,50.4674,4.872,2019-08-07T23:00,17.2,69,0.0,11.0,229,1011.0,13
Namur,50.4674,4.872,2019-08-08T00:00,16.5,72,0.0,11.7,227,1011.2,1
Namur,50.4674,4.872,2019-08-08T01:00,16.5,72,0.0,12.5,237,1011.7,0
Namur,50.4674,4.872,2019-08-08T02:00,15.5,77,0.0,11.0,229,1011.7,0
Namur,50.4674,4.872,2019-08-08T03:00,14.7,81,0.0,10.2,212,1011.3,95
Namur,50.4674,4.872,2019-08-08T04:00,14.6,83,0.0,10.8,210,1011.5,97
Namur,50.4674,4.872,2019-08-08T05:00,14.8,82,0.0,10.3,209,1011.6,34
Namur,50.4674,4.872,2019-08-08T06:00,14.9,82,0.0,10.0,210,1011.5,51
Namur,50.4674,4.872,2019-08-08T07:00,16.9,76,0.0,12.3,218,1011.9,38
Namur,50.4674,4.872,2019-08-08T08:00,18.9,68,0.0,13.5,228,1012.2,68
Namur,50.4674,4.872,2019-08-08T09:00,20.1,62,0.0,15.6,247,1012.5,96
Namur,50.4674,4.872,2019-08-08T10:00,19.8,62,0.0,15.1,267,1013.0,92
Namur,50.4674,4.872,2019-08-08T11:00,20.0,62,0.1,11.9,272,1013.2,81
Namur,50.4674,4.872,2019-08-08T12:00,21.0,60,0.0,9.0,268,1013.2,52
Namur,50.4674,4.872,2019-08-08T13:00,21.9,64,0.0,9.5,261,1012.9,74
Namur,50.4674,4.872,2019-08-08T14:00,23.0,59,0.1,9.9,260,1012.9,50
Namur,50.4674,4.872,2019-08-08T15:00,23.8,54,0.0,11.5,266,1012.5,80
Namur,50.4674,4.872,2019-08-08T16:00,24.4,50,0.1,11.9,270,1012.0,84
Namur,50.4674,4.872,2019-08-08T17:00,23.4,58,0.2,10.0,296,1012.3,98
Namur,50.4674,4.872,2019-08-08T18:00,22.8,60,0.0,8.6,15,1012.0,45
Namur,50.4674,4.872,2019-08-08T19:00,22.0,65,0.0,7.9,47,1011.8,32
Namur,50.4674,4.872,2019-08-08T20:00,19.6,76,0.0,5.8,90,1012.0,34
Namur,50.4674,4.872,2019-08-08T21:00,19.7,73,0.0,9.8,98,1012.0,100
Namur,50.4674,4.872,2019-08-08T22:00,20.1,72,0.0,12.8,106,1011.6,53
Namur,50.4674,4.872,2019-08-08T23:00,19.2,77,0.0,12.2,118,1011.4,65
Namur,50.4674,4.872,2019-08-09T00:00,18.9,77,0.0,12.8,128,1011.0,10
Namur,50.4674,4.872,2019-08-09T01:00,18.7,79,0.0,13.1,143,1010.4,33
Namur,50.4674,4.872,2019-08-09T02:00,19.4,71,0.0,15.2,158,1010.1,98
Namur,50.4674,4.872,2019-08-09T03:00,20.2,69,0.0,13.7,150,1009.8,99
Namur,50.4674,4.872,2019-08-09T04:00,20.7,65,0.0,15.3,141,1009.1,100
Namur,50.4674,4.872,2019-08-09T05:00,21.0,65,0.0,15.8,145,1008.5,100
Namur,50.4674,4.872,2019-08-09T06:00,21.5,64,0.0,19.0,151,1007.7,100
Namur,50.4674,4.872,2019-08-09T07:00,22.4,60,0.0,20.6,155,1007.0,95
Namur,50.4674,4.872,2019-08-09T08:00,23.3,57,0.0,19.5,168,1007.1,96
Namur,50.4674,4.872,2019-08-09T09:00,25.2,53,0.0,22.4,175,1006.9,44
Namur,50.4674,4.872,2019-08-09T10:00,25.6,56,0.3,27.4,190,1007.0,100
Namur,50.4674,4.872,2019-08-09T11:00,24.6,61,0.0,23.4,191,1007.4,100
Namur,50.4674,4.872,2019-08-09T12:00,24.8,65,0.1,21.6,198,1007.3,99
Namur,50.4674,4.872,2019-08-09T13:00,23.7,81,0.0,15.5,211,1007.6,95
Namur,50.4674,4.872,2019-08-09T14:00,25.0,74,0.7,15.6,203,1007.3,96
Namur,50.4674,4.872,2019-08-09T15:00,24.6,76,0.5,17.1,198,1007.2,100
Namur,50.4674,4.872,2019-08-09T16:00,23.2,89,1.5,12.9,193,1006.9,100
Namur,50.4674,4.872,2019-08-09T17:00,22.0,91,4.3,12.1,207,1006.7,100
Namur,50.4674,4.872,2019-08-09T18:00,21.7,92,3.0,13.4,194,1006.4,94
Namur,50.4674,4.872,2019-08-09T19:00,21.5,89,1.5,17.3,192,1006.2,99
Namur,50.4674,4.872,2019-08-09T20:00,20.5,78,0.0,20.8,214,1006.9,100
Namur,50.4674,4.872,2019-08-09T21:00,19.7,83,0.0,19.1,212,1007.8,100
Namur,50.4674,4.872,2019-08-09T22:00,18.9,84,0.0,20.6,207,1008.2,81
Namur,50.4674,4.872,2019-08-09T23:00,18.6,86,0.0,21.9,200,1008.4,8
Namur,50.4674,4.872,2019-08-10T00:00,18.8,87,0.0,23.8,198,1008.0,100
Namur,50.4674,4.872,2019-08-10T01:00,19.4,83,0.0,24.6,201,1008.0,93
Namur,50.4674,4.872,2019-08-10T02:00,19.3,81,0.0,26.7,206,1008.2,81
Namur,50.4674,4.872,2019-08-10T03:00,19.2,77,0.0,29.5,207,1008.4,78
Namur,50.4674,4.872,2019-08-10T04:00,19.0,74,0.0,29.8,207,1008.5,72
Namur,50.4674,4.872,2019-08-10T05:00,18.7,73,0.0,30.1,208,1008.6,71
Namur,50.4674,4.872,2019-08-10T06:00,18.5,73,0.0,30.0,210,1009.2,25
Namur,50.4674,4.872,2019-08-10T07:00,18.8,74,0.0,30.2,216,1009.8,73
Namur,50.4674,4.872,2019-08-10T08:00,19.3,73,0.1,32.7,220,1010.3,95
Namur,50.4674,4.872,2019-08-10T09:00,19.7,71,0.1,34.4,225,1010.9,93
Namur,50.4674,4.872,2019-08-10T10:00,20.3,69,0.1,34.2,228,1011.5,96
Namur,50.4674,4.872,2019-08-10T11:00,21.0,65,0.0,32.3,225,1011.7,85
Namur,50.4674,4.872,2019-08-10T12:00,22.1,58,0.0,34.6,226,1012.0,85
Namur,50.4674,4.872,2019-08-10T13:00,22.4,55,0.0,33.7,228,1012.5,96
Namur,50.4674,4.872,2019-08-10T14:00,23.1,49,0.0,34.8,230,1012.8,49
Namur,50.4674,4.872,2019-08-10T15:00,23.3,48,0.0,34.0,230,1013.0,42
Namur,50.4674,4.872,2019-08-10T16:00,23.2,48,0.0,33.8,231,1013.0,51
Namur,50.4674,4.872,2019-08-10T17:00,22.6,53,0.1,27.5,224,1013.4,67
Namur,50.4674,4.872,2019-08-10T18:00,22.0,56,0.0,24.9,217,1013.5,35
Namur,50.4674,4.872,2019-08-10T19:00,21.4,56,0.0,22.9,217,1013.8,40
Namur,50.4674,4.872,2019-08-10T20:00,21.0,54,0.0,23.3,219,1014.4,53
Namur,50.4674,4.872,2019-08-10T21:00,20.4,54,0.0,17.8,227,1014.8,46
Namur,50.4674,4.872,2019-08-10T22:00,19.0,61,0.0,9.8,242,1015.1,41
Namur,50.4674,4.872,2019-08-10T23:00,17.7,67,0.0,8.7,228,1015.5,35
Namur,50.4674,4.872,2019-08-11T00:00,17.1,69,0.0,9.5,233,1015.9,17
Namur,50.4674,4.872,2019-08-11T01:00,17.2,73,0.0,11.1,245,1016.4,8
Namur,50.4674,4.872,2019-08-11T02:00,15.9,80,0.0,8.7,225,1016.1,67
Namur,50.4674,4.872,2019-08-11T03:00,15.2,83,0.0,9.9,224,1016.1,92
Namur,50.4674,4.872,2019-08-11T04:00,14.8,85,0.0,9.2,206,1016.0,56
Namur,50.4674,4.872,2019-08-11T05:00,14.7,85,0.0,10.2,198,1016.1,93
Namur,50.4674,4.872,2019-08-11T06:00,15.3,83,0.0,10.6,198,1016.1,96
Namur,50.4674,4.872,2019-08-11T07:00,16.2,80,0.0,10.8,180,1015.9,90
Namur,50.4674,4.872,2019-08-11T08:00,16.9,74,0.0,12.6,185,1016.0,29
Namur,50.4674,4.872,2019-08-11T09:00,18.5,68,0.0,14.8,206,1015.9,97
Namur,50.4674,4.872,2019-08-11T10:00,19.2,63,0.0,15.8,221,1015.7,100
Namur,50.4674,4.872,2019-08-11T11:00,18.9,61,0.0,15.2,216,1015.7,100
Namur,50.4674,4.872,2019-08-11T12:00,19.0,59,0.0,14.6,213,1015.3,100
Namur,50.4674,4.872,2019-08-11T13:00,19.1,64,0.0,16.8,223,1015.6,100
Namur,50.4674,4.872,2019-08-11T14:00,19.5,61,0.0,18.6,223,1015.5,100
Namur,50.4674,4.872,2019-08-11T15:00,19.1,62,0.0,16.8,222,1015.0,100
Namur,50.4674,4.872,2019-08-11T16:00,19.1,61,0.0,16.9,220,1014.7,87
Namur,50.4674,4.872,2019-08-11T17:00,19.0,61,0.0,16.4,218,1014.8,100
Namur,50.4674,4.872,2019-08-11T18:00,18.5,64,0.0,14.3,219,1014.8,77
Namur,50.4674,4.872,2019-08-11T19:00,18.0,68,0.0,14.2,210,1015.0,18
Namur,50.4674,4.872,2019-08-11T20:00,16.8,72,0.0,14.5,210,1015.4,18
Namur,50.4674,4.872,2019-08-11T21:00,16.2,74,0.0,14.2,207,1015.9,22
Namur,50.4674,4.872,2019-08-11T22:00,15.8,76,0.0,15.3,204,1015.9,18
Namur,50.4674,4.872,2019-08-11T23:00,15.3,79,0.0,15.5,205,1016.0,19
Namur,50.4674,4.872,2019-08-12T00:00,15.0,80,0.0,14.8,203,1015.8,11
Namur,50.4674,4.872,2019-08-12T01:00,15.3,77,0.0,13.7,203,1016.0,2
Namur,50.4674,4.872,2019-08-12T02:00,14.9,79,0.0,14.5,199,1016.0,23
Namur,50.4674,4.872,2019-08-12T03:00,14.7,80,0.0,15.5,198,1015.7,21
Namur,50.4674,4.872,2019-08-12T04:00,14.6,81,0.0,14.9,195,1015.7,32
Namur,50.4674,4.872,2019-08-12T05:00,14.5,83,0.0,13.3,199,1015.9,32
Namur,50.4674,4.872,2019-08-12T06:00,14.3,85,0.0,11.9,194,1015.6,22
Namur,50.4674,4.872,2019-08-12T07:00,15.4,83,0.0,13.2,191,1015.4,12
Namur,50.4674,4.872,2019-08-12T08:00,16.8,77,0.0,13.5,205,1015.6,13
Namur,50.4674,4.872,2019-08-12T09:00,18.3,71,0.0,13.3,218,1015.6,16
Namur,50.4674,4.872,2019-08-12T10:00,19.4,66,0.0,13.0,226,1015.6,24
Namur,50.4674,4.872,2019-08-12T11:00,20.4,60,0.1,12.2,223,1015.4,66
Namur,50.4674,4.872,2019-08-12T12:00,19.8,64,1.1,14.2,240,1015.1,59
Namur,50.4674,4.872,2019-08-12T13:00,18.9,70,2.6,16.1,230,1014.6,62
Namur,50.4674,4.872,2019-08-12T14:00,19.2,69,1.1,20.1,246,1015.2,85
Namur,50.4674,4.872,2019-08-12T15:00,18.7,74,0.6,15.0,228,1015.2,80
Namur,50.4674,4.872,2019-08-12T16:00,18.4,74,0.9,13.1,261,1015.0,60
Namur,50.4674,4.872,2019-08-12T17:00,16.6,80,0.7,15.6,232,1015.4,82
Namur,50.4674,4.872,2019-08-12T18:00,16.7,81,0.0,12.2,236,1015.3,74
Namur,50.4674,4.872,2019-08-12T19:00,16.5,79,0.4,13.5,228,1015.4,88
Namur,50.4674,4.872,2019-08-12T20:00,15.4,85,0.0,10.7,225,1015.6,44
Namur,50.4674,4.872,2019-08-12T21:00,14.6,88,0.0,9.9,226,1016.2,56
Namur,50.4674,4.872,2019-08-12T22:00,14.1,91,0.0,10.7,225,1016.3,21
Namur,50.4674,4.872,2019-08-12T23:00,13.7,92,0.0,11.5,229,1016.6,33
Namur,50.4674,4.872,2019-08-13T00:00,13.5,92,0.0,12.2,227,1016.8,15
Namur,50.4674,4.872,2019-08-13T01:00,13.6,90,0.0,15.4,249,1017.5,28
Namur,50.4674,4.872,2019-08-13T02:00,13.2,92,0.1,14.3,245,1017.4,31
Namur,50.4674,4.872,2019-08-13T03:00,12.6,94,0.0,13.6,258,1017.7,26
Namur,50.4674,4.872,2019-08-13T04:00,12.2,94,0.0,10.9,264,1018.1,55
Namur,50.4674,4.872,2019-08-13T05:00,12.1,95,0.1,9.1,252,1018.4,58
Namur,50.4674,4.872,2019-08-13T06:00,12.3,96,0.0,10.5,232,1018.5,12
Namur,50.4674,4.872,2019-08-13T07:00,13.2,93,0.0,13.6,233,1018.7,6
Namur,50.4674,4.872,2019-08-13T08:00,14.4,87,0.0,14.2,234,1019.2,7
Namur,50.4674,4.872,2019-08-13T09:00,15.7,78,0.0,15.9,237,1019.3,10
Namur,50.4674,4.872,2019-08-13T10:00,17.0,65,0.1,18.0,244,1019.0,27
Namur,50.4674,4.872,2019-08-13T11:00,17.7,57,0.1,20.7,250,1019.0,39
Namur,50.4674,4.872,2019-08-13T12:00,18.0,59,0.0,21.6,252,1018.9,40
Namur,50.4674,4.872,2019-08-13T13:00,17.3,69,0.0,20.5,239,1019.1,75
Namur,50.4674,4.872,2019-08-13T14:00,17.8,69,0.4,18.7,240,1018.9,94
Namur,50.4674,4.872,2019-08-13T15:00,14.7,90,3.4,19.8,254,1019.4,100
Namur,50.4674,4.872,2019-08-13T16:00,14.3,87,1.5,13.2,248,1019.3,96
Namur,50.4674,4.872,2019-08-13T17:00,14.9,83,0.3,15.0,246,1019.3,78
Namur,50.4674,4.872,2019-08-13T18:00,15.1,81,0.0,13.4,243,1019.0,43
Namur,50.4674,4.872,2019-08-13T19:00,15.0,83,0.0,11.7,236,1018.9,34
Namur,50.4674,4.872,2019-08-13T20:00,14.1,85,0.0,10.7,228,1019.1,30
Namur,50.4674,4.872,2019-08-13T21:00,13.5,87,0.0,11.2,225,1019.5,23
Namur,50.4674,4.872,2019-08-13T22:00,12.8,90,0.0,9.7,222,1019.6,23
Namur,50.4674,4.872,2019-08-13T23:00,12.4,92,0.0,9.2,219,1019.6,10
Namur,50.4674,4.872,2019-08-14T00:00,11.9,93,0.0,9.1,214,1019.4,4
Namur,50.4674,4.872,2019-08-14T01:00,12.3,93,0.0,8.2,229,1019.6,35
Namur,50.4674,4.872,2019-08-14T02:00,11.4,94,0.0,7.2,217,1019.6,1
Namur,50.4674,4.872,2019-08-14T03:00,11.1,95,0.0,7.8,202,1019.5,1
Namur,50.4674,4.872,2019-08-14T04:00,10.9,95,0.0,8.1,201,1019.2,58
Namur,50.4674,4.872,2019-08-14T05:00,10.9,95,0.0,8.3,198,1019.1,0
Namur,50.4674,4.872,2019-08-14T06:00,11.1,95,0.0,9.0,196,1019.2,4
Namur,50.4674,4.872,2019-08-14T07:00,12.7,92,0.0,10.1,197,1019.1,1
Namur,50.4674,4.872,2019-08-14T08:00,14.5,88,0.0,9.9,199,1019.2,0
Namur,50.4674,4.872,2019-08-14T09:00,16.4,77,0.0,12.4,210,1019.0,45
Namur,50.4674,4.872,2019-08-14T10:00,17.7,68,0.0,13.7,215,1018.6,30
Namur,50.4674,4.872,2019-08-14T11:00,19.0,59,0.0,15.3,223,1018.4,69
Namur,50.4674,4.872,2019-08-14T12:00,19.8,54,0.0,15.0,224,1017.8,69
Namur,50.4674,4.872,2019-08-14T13:00,20.4,52,0.0,14.9,212,1017.7,98
Namur,50.4674,4.872,2019-08-14T14:00,20.8,52,0.0,16.2,217,1017.1,100
Namur,50.4674,4.872,2019-08-14T15:00,20.7,54,0.0,16.4,220,1016.7,89
Namur,50.4674,4.872,2019-08-14T16:00,19.1,66,0.8,10.5,211,1016.3,97
Namur,50.4674,4.872,2019-08-14T17:00,18.8,73,0.3,5.2,155,1015.4,76
Namur,50.4674,4.872,2019-08-14T18:00,19.8,71,0.0,7.1,156,1014.4,70
Namur,50.4674,4.872,2019-08-14T19:00,19.7,64,0.0,10.9,189,1013.7,100
Namur,50.4674,4.872,2019-08-14T20:00,19.4,62,0.1,12.3,201,1013.3,100
Namur,50.4674,4.872,2019-08-14T21:00,18.4,70,0.2,12.8,212,1013.5,95
Namur,50.4674,4.872,2019-08-14T22:00,17.4,79,0.6,14.2,207,1013.4,100
Namur,50.4674,4.872,2019-08-14T23:00,16.8,84,0.7,14.6,190,1012.7,100
Namur,50.4674,4.872,2019-08-15T00:00,16.8,83,0.5,18.1,197,1012.4,100
Namur,50.4674,4.872,2019-08-15T01:00,16.6,82,0.0,17.9,202,1012.1,100
Namur,50.4674,4.872,2019-08-15T02:00,16.7,82,0.0,19.5,208,1011.6,100
Namur,50.4674,4.872,2019-08-15T03:00,16.7,84,0.0,19.7,211,1011.2,100
Namur,50.4674,4.872,2019-08-15T04:00,16.7,85,0.0,18.9,211,1010.7,100
Namur,50.4674,4.872,2019-08-15T05:00,16.3,88,0.0,17.6,215,1010.5,100
Namur,50.4674,4.872,2019-08-15T06:00,16.5,89,0.0,18.1,226,1010.7,100
Namur,50.4674,4.872,2019-08-15T07:00,16.7,89,0.0,19.4,227,1010.6,95
Namur,50.4674,4.872,2019-08-15T08:00,17.3,86,0.1,23.5,238,1010.7,66
Namur,50.4674,4.872,2019-08-15T09:00,17.9,83,0.2,25.0,242,1011.1,43
Namur,50.4674,4.872,2019-08-15T10:00,18.7,81,0.1,22.4,246,1011.1,51
Namur,50.4674,4.872,2019-08-15T11:00,19.5,75,0.1,24.8,253,1011.4,38
Namur,50.4674,4.872,2019-08-15T12:00,20.1,68,0.1,25.4,258,1011.6,50
Namur,50.4674,4.872,2019-08-15T13:00,19.6,71,0.2,24.5,250,1012.3,49
Namur,50.4674,4.872,2019-08-15T14:00,20.4,61,0.1,27.8,260,1012.6,90
Namur,50.4674,4.872,2019-08-15T15:00,19.5,69,0.1,24.4,261,1013.3,71
Namur,50.4674,4.872,2019-08-15T16:00,19.9,67,0.1,24.6,265,1013.6,43
Namur,50.4674,4.872,2019-08-15T17:00,19.6,66,0.1,23.1,272,1014.2,42
Namur,50.4674,4.872,2019-08-15T18:00,19.1,67,0.0,20.5,281,1014.5,40
Namur,50.4674,4.872,2019-08-15T19:00,18.2,72,0.1,16.7,276,1015.1,46
Namur,50.4674,4.872,2019-08-15T20:00,17.2,75,0.0,14.8,270,1016.1,54
Namur,50.4674,4.872,2019-08-15T21:00,16.6,80,0.0,12.8,260,1016.7,76
Namur,50.4674,4.872,2019-08-15T22:00,16.5,81,0.0,15.0,253,1017.1,66
Namur,50.4674,4.872,2019-08-15T23:00,15.6,86,0.0,14.8,252,1017.6,100
Namur,50.4674,4.872,2019-08-16T00:00,15.8,87,0.0,13.2,235,1017.7,63
Namur,50.4674,4.872,2019-08-16T01:00,15.3,88,0.0,10.8,240,1018.0,15
Namur,50.4674,4.872,2019-08-16T02:00,14.0,93,0.0,11.2,230,1018.4,15
Namur,50.4674,4.872,2019-08-16T03:00,13.6,94,0.0,11.5,231,1018.4,79
Namur,50.4674,4.872,2019-08-16T04:00,13.5,95,0.0,10.8,233,1018.4,100
Namur,50.4674,4.872,2019-08-16T05:00,13.3,96,0.0,9.7,225,1018.4,97
Namur,50.4674,4.872,2019-08-16T06:00,13.3,96,0.0,9.9,213,1018.3,89
Namur,50.4674,4.872,2019-08-16T07:00,14.3,92,0.0,11.7,198,1018.3,55
Namur,50.4674,4.872,2019-08-16T08:00,15.9,85,0.0,12.9,207,1018.2,99
Namur,50.4674,4.872,2019-08-16T09:00,17.3,80,0.0,14.7,216,1018.0,99
Namur,50.4674,4.872,2019-08-16T10:00,18.7,69,0.0,18.4,222,1017.8,99
Namur,50.4674,4.872,2019-08-16T11:00,19.4,65,0.0,19.4,223,1017.4,99
Namur,50.4674,4.872,2019-08-16T12:00,20.2,60,0.0,19.9,225,1017.0,100
Namur,50.4674,4.872,2019-08-16T13:00,20.6,60,0.0,18.7,218,1016.8,99
Namur,50.4674,4.872,2019-08-16T14:00,21.0,58,0.0,20.4,212,1016.3,98
Namur,50.4674,4.872,2019-08-16T15:00,21.1,58,0.0,18.5,209,1015.5,99
Namur,50.4674,4.872,2019-08-16T16:00,21.6,56,0.0,20.9,209,1014.7,92
Namur,50.4674,4.872,2019-08-16T17:00,21.3,57,0.0,18.8,192,1014.1,79
Namur,50.4674,4.872,2019-08-16T18:00,21.7,56,0.0,12.4,197,1013.1,100
Namur,50.4674,4.872,2019-08-16T19:00,21.0,57,0.0,12.6,193,1012.5,100
Namur,50.4674,4.872,2019-08-16T20:00,20.6,53,0.0,17.1,195,1012.1,100
Namur,50.4674,4.872,2019-08-16T21:00,19.7,59,0.1,17.4,198,1012.5,100
Namur,50.4674,4.872,2019-08-16T22:00,18.5,69,0.3,15.9,184,1011.9,100
Namur,50.4674,4.872,2019-08-16T23:00,18.1,72,0.0,14.6,171,1011.1,100
Namur,50.4674,4.872,2019-08-17T00:00,18.5,69,0.0,16.9,181,1010.2,100
Namur,50.4674,4.872,2019-08-17T01:00,19.1,66,0.3,15.0,197,1009.9,100
Namur,50.4674,4.872,2019-08-17T02:00,19.4,66,0.0,17.9,210,1009.7,100
Namur,50.4674,4.872,2019-08-17T03:00,19.3,67,0.0,20.3,210,1009.1,98
Namur,50.4674,4.872,2019-08-17T04:00,18.7,70,0.1,19.6,212,1008.8,100
Namur,50.4674,4.872,2019-08-17T05:00,18.5,70,0.0,24.0,210,1009.2,87
Namur,50.4674,4.872,2019-08-17T06:00,17.7,70,0.0,21.6,210,1009.2,100
Namur,50.4674,4.872,2019-08-17T07:00,18.0,72,0.0,23.2,206,1009.2,100
Namur,50.4674,4.872,2019-08-17T08:00,17.8,76,0.0,24.1,207,1009.4,100
Namur,50.4674,4.872,2019-08-17T09:00,18.2,80,0.0,22.1,199,1009.1,100
Namur,50.4674,4.872,2019-08-17T10:00,18.9,79,0.0,30.4,216,1009.3,100
Namur,50.4674,4.872,2019-08-17T11:00,19.3,79,0.1,28.0,215,1009.5,100
Namur,50.4674,4.872,2019-08-17T12:00,19.3,81,0.0,25.8,210,1009.4,100
Namur,50.4674,4.872,2019-08-17T13:00,19.5,84,0.1,24.0,204,1009.6,100
Namur,50.4674,4.872,2019-08-17T14:00,19.2,88,1.2,22.8,196,1009.2,100
Namur,50.4674,4.872,2019-08-17T15:00,20.3,83,0.1,28.7,205,1008.8,100
Namur,50.4674,4.872,2019-08-17T16:00,20.0,86,0.3,26.9,210,1009.1,100
Namur,50.4674,4.872,2019-08-17T17:00,19.5,89,0.4,21.6,206,1009.1,100
Namur,50.4674,4.872,2019-08-17T18:00,19.0,92,0.4,19.2,208,1009.1,100
Namur,50.4674,4.872,2019-08-17T19:00,18.9,92,0.3,19.9,200,1008.5,99
Namur,50.4674,4.872,2019-08-17T20:00,18.5,94,0.0,17.5,199,1008.1,99
Namur,50.4674,4.872,2019-08-17T21:00,18.4,94,0.0,15.7,200,1008.3,100
Namur,50.4674,4.872,2019-08-17T22:00,18.5,94,0.0,15.1,198,1008.0,100
Namur,50.4674,4.872,2019-08-17T23:00,18.4,95,0.2,14.5,194,1008.0,100
Namur,50.4674,4.872,2019-08-18T00:00,18.3,95,1.6,12.3,195,1007.7,100
Namur,50.4674,4.872,2019-08-18T01:00,17.5,95,3.5,12.7,278,1008.5,100
Namur,50.4674,4.872,2019-08-18T02:00,16.6,93,1.1,6.0,245,1008.3,100
Namur,50.4674,4.872,2019-08-18T03:00,16.7,87,0.4,14.0,222,1008.2,100
Namur,50.4674,4.872,2019-08-18T04:00,14.7,83,0.5,12.0,213,1007.8,100
Namur,50.4674,4.872,2019-08-18T05:00,14.7,83,0.1,11.2,186,1007.1,100
Namur,50.4674,4.872,2019-08-18T06:00,14.7,89,0.2,10.7,160,1006.0,100
Namur,50.4674,4.872,2019-08-18T07:00,15.3,90,1.0,9.5,155,1005.3,99
Namur,50.4674,4.872,2019-08-18T08:00,16.3,92,0.7,14.1,167,1004.4,100
Namur,50.4674,4.872,2019-08-18T09:00,19.4,91,0.2,23.6,199,1003.7,100
Namur,50.4674,4.872,2019-08-18T10:00,20.5,90,0.3,30.0,203,1003.3,99
Namur,50.4674,4.872,2019-08-18T11:00,21.0,90,1.0,30.8,227,1004.1,100
Namur,50.4674,4.872,2019-08-18T12:00,17.5,89,5.2,13.8,298,1005.7,100
Namur,50.4674,4.872,2019-08-18T13:00,18.1,88,0.3,10.5,243,1006.6,100
Namur,50.4674,4.872,2019-08-18T14:00,18.6,86,0.1,19.2,257,1007.4,100
Namur,50.4674,4.872,2019-08-18T15:00,19.0,83,0.0,21.1,261,1008.3,100
Namur,50.4674,4.872,2019-08-18T16:00,19.1,78,0.1,18.8,258,1009.0,100
Namur,50.4674,4.872,2019-08-18T17:00,19.4,74,0.0,17.5,251,1009.4,97
Namur,50.4674,4.872,2019-08-18T18:00,19.3,72,0.0,15.6,247,1009.5,99
Namur,50.4674,4.872,2019-08-18T19:00,18.5,75,0.0,14.0,247,1009.8,52
Namur,50.4674,4.872,2019-08-18T20:00,17.6,73,0.0,13.6,259,1010.4,100
Namur,50.4674,4.872,2019-08-18T21:00,16.3,74,0.0,10.5,254,1011.6,98
Namur,50.4674,4.872,2019-08-18T22:00,15.0,79,0.0,7.3,237,1011.8,98
Namur,50.4674,4.872,2019-08-18T23:00,15.0,79,0.0,9.2,222,1012.4,97
Namur,50.4674,4.872,2019-08-19T00:00,14.0,84,0.0,9.0,217,1013.0,2
Namur,50.4674,4.872,2019-08-19T01:00,13.4,86,0.0,10.5,211,1013.9,6
Namur,50.4674,4.872,2019-08-19T02:00,13.3,88,0.0,13.4,216,1014.4,7
Namur,50.4674,4.872,2019-08-19T03:00,13.2,88,0.0,13.7,215,1014.3,9
Namur,50.4674,4.872,2019-08-19T04:00,13.3,87,0.0,14.2,216,1014.5,10
Namur,50.4674,4.872,2019-08-19T05:00,13.2,86,0.0,14.6,220,1015.2,5
Namur,50.4674,4.872,2019-08-19T06:00,13.2,86,0.0,14.8,221,1015.6,2
Namur,50.4674,4.872,2019-08-19T07:00,14.4,83,0.0,16.3,223,1016.0,2
Namur,50.4674,4.872,2019-08-19T08:00,16.0,79,0.0,16.4,230,1016.1,5
Namur,50.4674,4.872,2019-08-19T09:00,17.4,73,0.0,17.8,238,1016.1,7
Namur,50.4674,4.872,2019-08-19T10:00,18.5,65,0.0,18.8,244,1016.5,17
Namur,50.4674,4.872,2019-08-19T11:00,19.3,59,0.0,19.7,246,1016.9,18
Namur,50.4674,4.872,2019-08-19T12:00,19.9,54,0.0,19.7,249,1016.9,22
Namur,50.4674,4.872,2019-08-19T13:00,19.8,56,0.0,20.5,242,1017.6,26
Namur,50.4674,4.872,2019-08-19T14:00,20.0,55,0.0,21.6,240,1017.8,56
Namur,50.4674,4.872,2019-08-19T15:00,20.0,55,0.0,21.0,239,1017.9,56
Namur,50.4674,4.872,2019-08-19T16:00,20.1,54,0.0,20.8,244,1018.0,33
Namur,50.4674,4.872,2019-08-19T17:00,19.8,55,0.0,18.9,249,1018.3,39
Namur,50.4674,4.872,2019-08-19T18:00,19.2,60,0.0,14.0,258,1018.4,85
Namur,50.4674,4.872,2019-08-19T19:00,17.8,66,0.0,11.5,268,1019.0,49
Namur,50.4674,4.872,2019-08-19T20:00,16.4,69,0.0,8.8,251,1019.2,74
Namur,50.4674,4.872,2019-08-19T21:00,15.6,74,0.0,8.0,234,1019.8,47
Namur,50.4674,4.872,2019-08-19T22:00,14.7,78,0.0,7.6,225,1020.2,84
Namur,50.4674,4.872,2019-08-19T23:00,13.8,82,0.0,9.2,222,1020.7,84
Namur,50.4674,4.872,2019-08-20T00:00,13.3,82,0.0,9.4,227,1021.1,52
Namur,50.4674,4.872,2019-08-20T01:00,13.1,83,0.0,9.6,214,1021.4,1
Namur,50.4674,4.872,2019-08-20T02:00,12.5,86,0.0,10.8,210,1021.6,0
Namur,50.4674,4.872,2019-08-20T03:00,11.9,87,0.0,9.2,219,1021.4,10
Namur,50.4674,4.872,2019-08-20T04:00,11.4,89,0.0,8.3,214,1021.5,82
Namur,50.4674,4.872,2019-08-20T05:00,11.3,89,0.0,8.0,216,1021.6,60
Namur,50.4674,4.872,2019-08-20T06:00,11.2,91,0.0,8.6,213,1021.9,1
Namur,50.4674,4.872,2019-08-20T07:00,13.2,86,0.0,12.0,226,1022.5,6
Namur,50.4674,4.872,2019-08-20T08:00,15.5,82,0.0,11.0,238,1022.9,62
Namur,50.4674,4.872,2019-08-20T09:00,17.0,76,0.0,12.4,240,1022.9,87
Namur,50.4674,4.872,2019-08-20T10:00,18.3,65,0.0,14.7,253,1022.8,72
Namur,50.4674,4.872,2019-08-20T11:00,18.9,58,0.0,15.8,258,1023.2,54
Namur,50.4674,4.872,2019-08-20T12:00,19.5,54,0.0,17.5,261,1023.2,57
Namur,50.4674,4.872,2019-08-20T13:00,19.5,57,0.0,18.0,270,1023.3,29
Namur,50.4674,4.872,2019-08-20T14:00,19.9,55,0.0,16.2,271,1023.6,33
Namur,50.4674,4.872,2019-08-20T15:00,20.1,53,0.0,15.5,273,1023.7,35
Namur,50.4674,4.872,2019-08-20T16:00,20.0,52,0.0,14.8,274,1024.0,40
Namur,50.4674,4.872,2019-08-20T17:00,19.5,54,0.0,13.0,275,1024.3,30
Namur,50.4674,4.872,2019-08-20T18:00,19.3,57,0.0,9.1,263,1024.5,19
Namur,50.4674,4.872,2019-08-20T19:00,17.8,64,0.0,8.4,280,1025.1,37
Namur,50.4674,4.872,2019-08-20T20:00,16.1,70,0.0,8.0,288,1025.8,24
Namur,50.4674,4.872,2019-08-20T21:00,14.9,74,0.0,7.9,267,1026.1,19
Namur,50.4674,4.872,2019-08-20T22:00,14.0,79,0.0,7.6,275,1026.6,10
Namur,50.4674,4.872,2019-08-20T23:00,12.9,84,0.0,6.6,283,1027.2,16
Namur,50.4674,4.872,2019-08-21T00:00,11.5,90,0.0,6.9,264,1027.5,10
Namur,50.4674,4.872,2019-08-21T01:00,11.3,91,0.0,6.5,236,1027.9,2
Namur,50.4674,4.872,2019-08-21T02:00,10.6,90,0.0,7.1,240,1027.8,1
Namur,50.4674,4.872,2019-08-21T03:00,11.4,85,0.0,5.6,243,1027.9,1
Namur,50.4674,4.872,2019-08-21T04:00,10.8,87,0.0,3.7,209,1028.1,0
Namur,50.4674,4.872,2019-08-21T05:00,9.9,90,0.0,3.6,180,1028.1,0
Namur,50.4674,4.872,2019-08-21T06:00,10.7,87,0.0,2.2,180,1028.2,0
Namur,50.4674,4.872,2019-08-21T07:00,12.4,85,0.0,1.5,166,1028.5,0
Namur,50.4674,4.872,2019-08-21T08:00,14.8,79,0.0,1.5,135,1028.9,0
Namur,50.4674,4.872,2019-08-21T09:00,16.7,75,0.0,2.2,90,1028.8,0
Namur,50.4674,4.872,2019-08-21T10:00,18.1,70,0.0,1.8,90,1028.8,69
Namur,50.4674,4.872,2019-08-21T11:00,19.3,60,0.0,0.4,360,1028.7,53
Namur,50.4674,4.872,2019-08-21T12:00,20.0,55,0.0,0.8,27,1028.4,97
Namur,50.4674,4.872,2019-08-21T13:00,20.5,51,0.0,1.5,135,1027.8,97
Namur,50.4674,4.872,2019-08-21T14:00,21.3,49,0.0,1.3,146,1027.4,99
Namur,50.4674,4.872,2019-08-21T15:00,21.6,48,0.0,1.9,112,1027.2,98
Namur,50.4674,4.872,2019-08-21T16:00,21.8,47,0.0,1.5,76,1026.7,96
Namur,50.4674,4.872,2019-08-21T17:00,21.6,48,0.0,2.6,34,1026.4,95
Namur,50.4674,4.872,2019-08-21T18:00,21.1,55,0.0,5.0,30,1026.0,81
Namur,50.4674,4.872,2019-08-21T19:00,19.0,72,0.0,5.2,34,1026.0,0
Namur,50.4674,4.872,2019-08-21T20:00,15.9,81,0.0,8.2,52,1026.2,0
Namur,50.4674,4.872,2019-08-21T21:00,15.0,82,0.0,7.3,79,1026.3,1
Namur,50.4674,4.872,2019-08-21T22:00,14.0,85,0.0,7.6,93,1026.2,0
Namur,50.4674,4.872,2019-08-21T23:00,13.4,87,0.0,6.9,118,1026.3,0
Namur,50.4674,4.872,2019-08-22T00:00,13.0,90,0.0,6.2,144,1026.3,0
Namur,50.4674,4.872,2019-08-22T01:00,12.9,90,0.0,6.2,159,1025.8,0
Namur,50.4674,4.872,2019-08-22T02:00,12.7,90,0.0,8.4,160,1025.5,0
Namur,50.4674,4.872,2019-08-22T03:00,12.7,88,0.0,9.7,165,1025.5,0
Namur,50.4674,4.872,2019-08-22T04:00,12.8,83,0.0,10.6,162,1025.2,0
Namur,50.4674,4.872,2019-08-22T05:00,13.2,77,0.0,11.1,167,1025.3,3
Namur,50.4674,4.872,2019-08-22T06:00,13.2,77,0.0,11.4,167,1025.2,7
Namur,50.4674,4.872,2019-08-22T07:00,15.0,74,0.0,11.6,175,1025.4,3
Namur,50.4674,4.872,2019-08-22T08:00,17.3,70,0.0,9.2,191,1025.8,18
Namur,50.4674,4.872,2019-08-22T09:00,19.5,64,0.0,7.7,217,1026.1,10
Namur,50.4674,4.872,2019-08-22T10:00,21.2,58,0.0,8.1,238,1026.0,17
Namur,50.4674,4.872,2019-08-22T11:00,22.3,55,0.0,7.6,251,1026.0,36
Namur,50.4674,4.872,2019-08-22T12:00,22.9,53,0.0,7.7,259,1025.8,55
Namur,50.4674,4.872,2019-08-22T13:00,23.6,48,0.0,7.0,258,1025.8,61
Namur,50.4674,4.872,2019-08-22T14:00,23.9,49,0.0,6.5,267,1025.6,61
Namur,50.4674,4.872,2019-08-22T15:00,24.0,49,0.0,5.8,274,1025.1,67
Namur,50.4674,4.872,2019-08-22T16:00,24.0,49,0.0,5.6,285,1024.9,12
Namur,50.4674,4.872,2019-08-22T17:00,23.7,50,0.0,5.5,293,1024.9,0
Namur,50.4674,4.872,2019-08-22T18:00,22.8,56,0.0,7.7,319,1024.6,0
Namur,50.4674,4.872,2019-08-22T19:00,20.5,66,0.0,7.6,335,1025.1,0
Namur,50.4674,4.872,2019-08-22T20:00,17.1,77,0.0,9.3,324,1025.4,0
Namur,50.4674,4.872,2019-08-22T21:00,16.0,81,0.0,9.8,336,1025.9,0
Namur,50.4674,4.872,2019-08-22T22:00,16.9,73,0.0,8.4,350,1026.0,0
Namur,50.4674,4.872,2019-08-22T23:00,17.9,65,0.0,4.8,312,1026.2,0
Namur,50.4674,4.872,2019-08-23T00:00,15.4,77,0.0,6.8,270,1026.3,0
Namur,50.4674,4.872,2019-08-23T01:00,16.7,67,0.0,1.8,217,1026.4,0
Namur,50.4674,4.872,2019-08-23T02:00,15.2,74,0.0,3.1,216,1026.4,0
Namur,50.4674,4.872,2019-08-23T03:00,15.1,75,0.0,3.8,253,1026.3,0
Namur,50.4674,4.872,2019-08-23T04:00,14.6,78,0.0,2.5,188,1026.1,0
Namur,50.4674,4.872,2019-08-23T05:00,12.7,84,0.0,5.4,110,1026.0,0
Namur,50.4674,4.872,2019-08-23T06:00,12.0,87,0.0,7.1,120,1025.9,0
Namur,50.4674,4.872,2019-08-23T07:00,14.8,80,0.0,6.5,124,1025.7,0
Namur,50.4674,4.872,2019-08-23T08:00,17.8,72,0.0,4.0,85,1025.8,0
Namur,50.4674,4.872,2019-08-23T09:00,20.1,65,0.0,5.3,62,1025.9,22
Namur,50.4674,4.872,2019-08-23T10:00,22.0,60,0.0,6.8,58,1025.5,73
Namur,50.4674,4.872,2019-08-23T11:00,23.4,57,0.0,7.3,57,1025.6,83
Namur,50.4674,4.872,2019-08-23T12:00,24.5,54,0.0,6.1,50,1025.2,91
Namur,50.4674,4.872,2019-08-23T13:00,25.5,49,0.0,6.5,56,1024.8,73
Namur,50.4674,4.872,2019-08-23T14:00,26.0,47,0.0,7.5,55,1024.4,89
Namur,50.4674,4.872,2019-08-23T15:00,26.2,47,0.0,8.9,50,1023.8,73
Namur,50.4674,4.872,2019-08-23T16:00,26.1,49,0.0,10.2,45,1023.4,57
Namur,50.4674,4.872,2019-08-23T17:00,25.6,51,0.0,12.0,41,1023.2,49
Namur,50.4674,4.872,2019-08-23T18:00,24.7,58,0.0,10.8,37,1022.9,66
Namur,50.4674,4.872,2019-08-23T19:00,22.6,65,0.0,8.4,43,1022.6,84
Namur,50.4674,4.872,2019-08-23T20:00,20.7,67,0.0,10.2,51,1022.7,97
Namur,50.4674,4.872,2019-08-23T21:00,20.1,64,0.0,10.7,70,1022.6,96
Namur,50.4674,4.872,2019-08-23T22:00,19.2,66,0.0,11.2,84,1022.4,33
Namur,50.4674,4.872,2019-08-23T23:00,18.5,68,0.0,10.8,105,1022.2,3
Namur,50.4674,4.872,2019-08-24T00:00,17.4,72,0.0,8.9,117,1022.1,0
Namur,50.4674,4.872,2019-08-24T01:00,16.0,78,0.0,7.6,121,1022.1,0
Namur,50.4674,4.872,2019-08-24T02:00,15.5,78,0.0,7.7,127,1021.7,5
Namur,50.4674,4.872,2019-08-24T03:00,15.3,77,0.0,8.1,135,1021.4,14
Namur,50.4674,4.872,2019-08-24T04:00,14.8,78,0.0,8.2,142,1021.3,10
Namur,50.4674,4.872,2019-08-24T05:00,14.6,77,0.0,8.5,144,1021.1,9
Namur,50.4674,4.872,2019-08-24T06:00,14.7,75,0.0,9.8,144,1021.0,0
Namur,50.4674,4.872,2019-08-24T07:00,16.7,70,0.0,11.1,144,1020.9,0
Namur,50.4674,4.872,2019-08-24T08:00,19.9,64,0.0,10.6,145,1020.9,0
Namur,50.4674,4.872,2019-08-24T09:00,22.7,58,0.0,8.8,145,1021.0,0
Namur,50.4674,4.872,2019-08-24T10:00,24.9,52,0.0,8.2,142,1020.9,0
Namur,50.4674,4.872,2019-08-24T11:00,26.3,47,0.0,8.4,133,1020.8,0
Namur,50.4674,4.872,2019-08-24T12:00,27.0,46,0.0,6.9,118,1020.3,0
Namur,50.4674,4.872,2019-08-24T13:00,27.6,43,0.0,7.7,131,1019.9,0
Namur,50.4674,4.872,2019-08-24T14:00,28.2,43,0.0,7.8,124,1019.7,0
Namur,50.4674,4.872,2019-08-24T15:00,28.5,41,0.0,8.1,111,1019.1,0
Namur,50.4674,4.872,2019-08-24T16:00,28.6,41,0.0,8.6,105,1018.7,0
Namur,50.4674,4.872,2019-08-24T17:00,28.2,42,0.0,8.8,102,1018.6,3
Namur,50.4674,4.872,2019-08-24T18:00,27.0,53,0.0,6.5,87,1018.5,0
Namur,50.4674,4.872,2019-08-24T19:00,24.2,66,0.0,6.9,84,1018.1,0
Namur,50.4674,4.872,2019-08-24T20:00,21.8,69,0.0,7.2,93,1018.2,0
Namur,50.4674,4.872,2019-08-24T21:00,20.2,73,0.0,7.3,99,1018.4,0
Namur,50.4674,4.872,2019-08-24T22:00,19.2,75,0.0,7.0,125,1018.3,9
Namur,50.4674,4.872,2019-08-24T23:00,18.5,73,0.0,8.1,148,1018.4,0
Namur,50.4674,4.872,2019-08-25T00:00,17.5,74,0.0,8.2,151,1018.4,0
Namur,50.4674,4.872,2019-08-25T01:00,17.2,76,0.0,7.4,157,1018.3,14
Namur,50.4674,4.872,2019-08-25T02:00,16.6,75,0.0,8.2,151,1018.3,59
Namur,50.4674,4.872,2019-08-25T03:00,16.5,71,0.0,7.7,152,1018.2,21
Namur,50.4674,4.872,2019-08-25T04:00,16.3,70,0.0,8.0,162,1018.1,49
Namur,50.4674,4.872,2019-08-25T05:00,16.2,71,0.0,7.5,163,1018.2,78
Namur,50.4674,4.872,2019-08-25T06:00,16.2,72,0.0,7.5,163,1017.9,74
Namur,50.4674,4.872,2019-08-25T07:00,18.4,68,0.0,9.1,162,1018.3,64
Namur,50.4674,4.872,2019-08-25T08:00,21.7,62,0.0,8.8,161,1018.7,48
Namur,50.4674,4.872,2019-08-25T09:00,24.1,60,0.0,6.2,173,1019.0,42
Namur,50.4674,4.872,2019-08-25T10:00,26.1,57,0.0,4.3,180,1019.2,44
Namur,50.4674,4.872,2019-08-25T11:00,27.7,52,0.0,2.7,157,1019.2,63
Namur,50.4674,4.872,2019-08-25T12:00,28.6,46,0.0,2.6,124,1018.8,80
Namur,50.4674,4.872,2019-08-25T13:00,28.2,42,0.0,1.3,124,1019.0,82
Namur,50.4674,4.872,2019-08-25T14:00,28.8,41,0.0,1.3,56,1018.9,71
Namur,50.4674,4.872,2019-08-25T15:00,29.0,41,0.0,3.4,32,1018.6,63
Namur,50.4674,4.872,2019-08-25T16:00,28.9,42,0.0,5.4,37,1018.4,59
Namur,50.4674,4.872,2019-08-25T17:00,28.5,44,0.0,8.4,40,1018.5,72
Namur,50.4674,4.872,2019-08-25T18:00,27.2,50,0.0,8.7,45,1018.6,14
Namur,50.4674,4.872,2019-08-25T19:00,24.7,59,0.0,6.7,54,1018.6,1
Namur,50.4674,4.872,2019-08-25T20:00,22.7,58,0.0,8.4,65,1018.9,10
Namur,50.4674,4.872,2019-08-25T21:00,20.9,61,0.0,8.3,90,1019.3,10
Namur,50.4674,4.872,2019-08-25T22:00,19.7,65,0.0,8.9,111,1019.3,9
Namur,50.4674,4.872,2019-08-25T23:00,19.8,63,0.0,6.6,112,1019.3,6
Namur,50.4674,4.872,2019-08-26T00:00,18.8,67,0.0,6.4,133,1019.3,11
Namur,50.4674,4.872,2019-08-26T01:00,20.7,54,0.0,6.1,93,1019.2,22
Namur,50.4674,4.872,2019-08-26T02:00,21.3,50,0.0,5.2,106,1019.0,22
Namur,50.4674,4.872,2019-08-26T03:00,19.6,57,0.0,5.3,118,1018.6,33
Namur,50.4674,4.872,2019-08-26T04:00,17.4,68,0.0,6.2,144,1018.4,35
Namur,50.4674,4.872,2019-08-26T05:00,16.7,75,0.0,4.6,162,1018.5,32
Namur,50.4674,4.872,2019-08-26T06:00,15.9,83,0.0,3.7,169,1018.4,24
Namur,50.4674,4.872,2019-08-26T07:00,17.6,81,0.0,5.4,172,1018.6,2
Namur,50.4674,4.872,2019-08-26T08:00,21.7,71,0.0,4.0,190,1018.7,0
Namur,50.4674,4.872,2019-08-26T09:00,24.9,63,0.0,0.0,270,1018.9,0
Namur,50.4674,4.872,2019-08-26T10:00,27.0,55,0.0,3.2,27,1018.9,0
Namur,50.4674,4.872,2019-08-26T11:00,28.5,48,0.0,4.0,10,1018.9,0
Namur,50.4674,4.872,2019-08-26T12:00,29.5,41,0.0,5.5,11,1018.3,0
Namur,50.4674,4.872,2019-08-26T13:00,29.4,46,0.0,6.3,31,1018.1,2
Namur,50.4674,4.872,2019-08-26T14:00,29.8,45,0.0,4.7,67,1017.9,6
Namur,50.4674,4.872,2019-08-26T15:00,29.9,43,0.0,3.4,58,1017.1,9
Namur,50.4674,4.872,2019-08-26T16:00,29.9,43,0.0,3.5,24,1016.7,10
Namur,50.4674,4.872,2019-08-26T17:00,29.6,44,0.0,4.0,10,1016.6,10
Namur,50.4674,4.872,2019-08-26T18:00,28.9,50,0.0,4.3,360,1016.4,11
Namur,50.4674,4.872,2019-08-26T19:00,26.4,71,0.0,6.6,29,1016.2,13
Namur,50.4674,4.872,2019-08-26T20:00,24.3,71,0.0,6.9,62,1016.4,11
Namur,50.4674,4.872,2019-08-26T21:00,23.1,79,0.0,6.2,111,1016.7,7
Namur,50.4674,4.872,2019-08-26T22:00,22.2,83,0.0,6.6,131,1016.5,6
Namur,50.4674,4.872,2019-08-26T23:00,21.2,87,0.0,5.7,125,1016.7,6
Namur,50.4674,4.872,2019-08-27T00:00,20.5,90,0.0,5.4,127,1016.4,6
Namur,50.4674,4.872,2019-08-27T01:00,23.7,72,0.0,2.9,180,1016.4,5
Namur,50.4674,4.872,2019-08-27T02:00,20.7,87,0.0,3.7,151,1016.1,7
Namur,50.4674,4.872,2019-08-27T03:00,20.6,87,0.0,6.0,115,1015.9,4
Namur,50.4674,4.872,2019-08-27T04:00,20.6,86,0.0,6.9,99,1015.5,3
Namur,50.4674,4.872,2019-08-27T05:00,19.8,88,0.0,6.6,119,1015.3,2
Namur,50.4674,4.872,2019-08-27T06:00,19.5,85,0.0,11.4,169,1015.4,1
Namur,50.4674,4.872,2019-08-27T07:00,21.4,72,0.0,10.6,156,1015.4,0
Namur,50.4674,4.872,2019-08-27T08:00,23.9,64,0.0,11.7,169,1015.6,0
Namur,50.4674,4.872,2019-08-27T09:00,26.3,56,0.0,9.4,182,1015.7,0
Namur,50.4674,4.872,2019-08-27T10:00,28.6,47,0.0,7.2,198,1015.7,0
Namur,50.4674,4.872,2019-08-27T11:00,30.4,39,0.0,5.0,240,1015.6,0
Namur,50.4674,4.872,2019-08-27T12:00,31.4,34,0.0,4.8,283,1015.1,0
Namur,50.4674,4.872,2019-08-27T13:00,31.2,35,0.0,4.2,211,1015.0,3
Namur,50.4674,4.872,2019-08-27T14:00,31.6,33,0.0,5.6,225,1014.5,21
Namur,50.4674,4.872,2019-08-27T15:00,31.7,31,0.0,5.6,225,1014.1,43
Namur,50.4674,4.872,2019-08-27T16:00,31.4,32,0.0,4.3,222,1013.8,74
Namur,50.4674,4.872,2019-08-27T17:00,31.1,33,0.0,4.7,247,1013.5,75
Namur,50.4674,4.872,2019-08-27T18:00,30.0,44,0.0,4.0,280,1013.6,87
Namur,50.4674,4.872,2019-08-27T19:00,27.0,57,0.0,7.1,255,1013.7,98
Namur,50.4674,4.872,2019-08-27T20:00,24.2,58,0.0,9.0,233,1014.0,90
Namur,50.4674,4.872,2019-08-27T21:00,24.5,54,0.0,5.8,180,1014.1,96
Namur,50.4674,4.872,2019-08-27T22:00,23.4,56,0.0,5.6,153,1014.1,98
Namur,50.4674,4.872,2019-08-27T23:00,23.1,57,0.0,5.6,165,1014.1,97
Namur,50.4674,4.872,2019-08-28T00:00,22.5,60,0.0,8.0,172,1014.0,96
Namur,50.4674,4.872,2019-08-28T01:00,22.2,60,0.0,8.8,161,1013.9,91
Namur,50.4674,4.872,2019-08-28T02:00,22.1,58,0.0,10.7,166,1013.8,38
Namur,50.4674,4.872,2019-08-28T03:00,21.6,57,0.0,10.7,194,1013.9,38
Namur,50.4674,4.872,2019-08-28T04:00,21.6,55,0.0,12.6,211,1014.0,8
Namur,50.4674,4.872,2019-08-28T05:00,21.1,62,0.0,11.8,220,1014.2,28
Namur,50.4674,4.872,2019-08-28T06:00,20.4,66,0.0,11.4,235,1014.7,38
Namur,50.4674,4.872,2019-08-28T07:00,20.9,68,0.0,9.7,207,1014.8,18
Namur,50.4674,4.872,2019-08-28T08:00,22.8,63,0.0,11.4,193,1014.8,25
Namur,50.4674,4.872,2019-08-28T09:00,24.9,56,0.0,10.6,215,1014.9,32
Namur,50.4674,4.872,2019-08-28T10:00,26.7,49,0.0,8.9,243,1014.9,88
Namur,50.4674,4.872,2019-08-28T11:00,27.9,48,0.0,8.4,245,1015.2,96
Namur,50.4674,4.872,2019-08-28T12:00,28.5,47,0.0,8.8,251,1014.7,96
Namur,50.4674,4.872,2019-08-28T13:00,28.0,48,0.0,8.6,237,1015.2,88
Namur,50.4674,4.872,2019-08-28T14:00,28.6,47,0.0,9.3,234,1014.6,96
Namur,50.4674,4.872,2019-08-28T15:00,28.9,45,0.0,10.6,235,1014.3,99
Namur,50.4674,4.872,2019-08-28T16:00,28.5,45,0.0,10.3,245,1014.3,98
Namur,50.4674,4.872,2019-08-28T17:00,27.4,48,0.0,11.5,238,1014.7,99
Namur,50.4674,4.872,2019-08-28T18:00,26.8,52,0.0,5.1,231,1014.7,98
Namur,50.4674,4.872,2019-08-28T19:00,25.0,61,0.0,5.5,203,1014.8,99
Namur,50.4674,4.872,2019-08-28T20:00,23.6,66,0.0,6.0,197,1015.3,98
Namur,50.4674,4.872,2019-08-28T21:00,22.6,72,0.0,4.9,216,1015.5,99
Namur,50.4674,4.872,2019-08-28T22:00,21.8,77,0.0,16.4,296,1016.1,94
Namur,50.4674,4.872,2019-08-28T23:00,19.8,92,0.4,8.1,302,1016.5,83
Namur,50.4674,4.872,2019-08-29T00:00,19.3,93,1.0,9.2,291,1016.9,94
Namur,50.4674,4.872,2019-08-29T01:00,19.0,93,0.6,5.0,291,1017.0,97
Namur,50.4674,4.872,2019-08-29T02:00,18.3,95,0.0,4.5,299,1017.4,27
Namur,50.4674,4.872,2019-08-29T03:00,17.9,97,0.0,3.6,264,1017.4,36
Namur,50.4674,4.872,2019-08-29T04:00,17.6,97,0.0,3.3,264,1017.2,39
Namur,50.4674,4.872,2019-08-29T05:00,17.6,97,0.0,7.0,291,1017.6,64
Namur,50.4674,4.872,2019-08-29T06:00,17.6,94,0.0,5.2,295,1018.0,86
Namur,50.4674,4.872,2019-08-29T07:00,18.5,87,0.0,4.6,288,1018.5,71
Namur,50.4674,4.872,2019-08-29T08:00,19.4,77,0.0,5.6,285,1018.9,98
Namur,50.4674,4.872,2019-08-29T09:00,20.3,68,0.0,8.0,278,1019.1,93
Namur,50.4674,4.872,2019-08-29T10:00,20.7,69,0.0,9.5,279,1019.9,86
Namur,50.4674,4.872,2019-08-29T11:00,22.0,66,0.0,10.8,270,1020.1,100
Namur,50.4674,4.872,2019-08-29T12:00,22.4,65,0.0,13.4,275,1020.0,98
Namur,50.4674,4.872,2019-08-29T13:00,20.9,74,0.0,15.5,288,1021.3,95
Namur,50.4674,4.872,2019-08-29T14:00,21.3,71,0.0,14.2,279,1021.3,58
Namur,50.4674,4.872,2019-08-29T15:00,21.6,68,0.0,15.1,273,1021.0,42
Namur,50.4674,4.872,2019-08-29T16:00,21.9,62,0.0,12.2,270,1020.8,50
Namur,50.4674,4.872,2019-08-29T17:00,22.0,59,0.0,12.7,277,1020.8,38
Namur,50.4674,4.872,2019-08-29T18:00,21.0,61,0.0,11.5,290,1021.1,15
Namur,50.4674,4.872,2019-08-29T19:00,19.4,68,0.0,7.3,290,1021.6,9
Namur,50.4674,4.872,2019-08-29T20:00,17.3,75,0.0,6.2,280,1021.8,14
Namur,50.4674,4.872,2019-08-29T21:00,16.4,80,0.0,7.6,275,1022.2,9
Namur,50.4674,4.872,2019-08-29T22:00,15.7,82,0.0,6.6,225,1022.1,3
Namur,50.4674,4.872,2019-08-29T23:00,15.6,79,0.0,7.0,235,1022.5,0
Namur,50.4674,4.872,2019-08-30T00:00,14.1,85,0.0,6.9,264,1022.9,0
Namur,50.4674,4.872,2019-08-30T01:00,13.2,89,0.0,1.8,217,1023.2,0
Namur,50.4674,4.872,2019-08-30T02:00,12.4,91,0.0,2.1,239,1023.1,0
Namur,50.4674,4.872,2019-08-30T03:00,11.3,95,0.0,4.1,232,1023.3,0
Namur,50.4674,4.872,2019-08-30T04:00,11.1,97,0.0,4.1,218,1023.3,0
Namur,50.4674,4.872,2019-08-30T05:00,10.6,98,0.0,6.1,220,1023.4,2
Namur,50.4674,4.872,2019-08-30T06:00,10.5,98,0.0,6.1,230,1023.7,0
Namur,50.4674,4.872,2019-08-30T07:00,12.6,94,0.0,3.7,191,1023.7,0
Namur,50.4674,4.872,2019-08-30T08:00,14.8,87,0.0,5.4,274,1024.3,0
Namur,50.4674,4.872,2019-08-30T09:00,16.5,77,0.0,6.4,297,1024.5,0
Namur,50.4674,4.872,2019-08-30T10:00,18.0,70,0.0,4.5,284,1024.5,56
Namur,50.4674,4.872,2019-08-30T11:00,19.5,59,0.0,3.4,252,1024.4,73
Namur,50.4674,4.872,2019-08-30T12:00,20.8,51,0.0,4.3,246,1023.8,60
Namur,50.4674,4.872,2019-08-30T13:00,21.9,49,0.0,4.0,260,1023.5,0
Namur,50.4674,4.872,2019-08-30T14:00,22.7,47,0.0,3.3,276,1023.0,0
Namur,50.4674,4.872,2019-08-30T15:00,23.2,45,0.0,1.8,233,1022.2,0
Namur,50.4674,4.872,2019-08-30T16:00,23.5,44,0.0,3.1,291,1021.8,0
Namur,50.4674,4.872,2019-08-30T17:00,23.3,45,0.0,2.6,326,1021.3,0
Namur,50.4674,4.872,2019-08-30T18:00,22.7,51,0.0,3.6,6,1020.9,0
Namur,50.4674,4.872,2019-08-30T19:00,19.5,72,0.0,7.5,17,1020.8,0
Namur,50.4674,4.872,2019-08-30T20:00,17.2,74,0.0,9.7,45,1021.0,1
Namur,50.4674,4.872,2019-08-30T21:00,18.7,63,0.0,6.4,47,1020.8,13
Namur,50.4674,4.872,2019-08-30T22:00,17.2,68,0.0,5.8,83,1021.0,47
Namur,50.4674,4.872,2019-08-30T23:00,15.3,76,0.0,6.7,106,1020.5,0
Namur,50.4674,4.872,2019-08-31T00:00,15.8,71,0.0,5.3,118,1019.9,5
Namur,50.4674,4.872,2019-08-31T01:00,14.1,82,0.0,4.7,148,1019.4,0
Namur,50.4674,4.872,2019-08-31T02:00,13.0,89,0.0,5.8,158,1018.5,0
Namur,50.4674,4.872,2019-08-31T03:00,12.6,90,0.0,6.9,152,1017.7,0
Namur,50.4674,4.872,2019-08-31T04:00,12.8,89,0.0,7.5,163,1017.0,0
Namur,50.4674,4.872,2019-08-31T05:00,13.3,87,0.0,7.6,172,1016.3,0
Namur,50.4674,4.872,2019-08-31T06:00,13.6,81,0.0,8.0,172,1015.8,0
Namur,50.4674,4.872,2019-08-31T07:00,16.1,67,0.0,10.8,178,1015.9,2
Namur,50.4674,4.872,2019-08-31T08:00,19.2,58,0.0,11.3,171,1015.7,18
Namur,50.4674,4.872,2019-08-31T09:00,22.2,51,0.0,8.0,172,1015.1,55
Namur,50.4674,4.872,2019-08-31T10:00,24.5,45,0.0,4.8,167,1014.7,55
Namur,50.4674,4.872,2019-08-31T11:00,26.7,40,0.0,2.6,146,1013.7,32
Namur,50.4674,4.872,2019-08-31T12:00,28.0,42,0.0,7.4,141,1012.7,9
Namur,50.4674,4.872,2019-08-31T13:00,29.2,44,0.0,16.6,176,1011.6,35
Namur,50.4674,4.872,2019-08-31T14:00,30.4,37,0.0,22.7,182,1010.6,48
Namur,50.4674,4.872,2019-08-31T15:00,30.3,37,0.0,20.0,188,1009.4,29
Namur,50.4674,4.872,2019-08-31T16:00,29.8,41,0.0,19.0,190,1008.4,39
Namur,50.4674,4.872,2019-08-31T17:00,28.9,46,0.0,17.1,202,1008.4,65
Namur,50.4674,4.872,2019-08-31T18:00,27.7,47,0.0,19.2,242,1008.6,69
Namur,50.4674,4.872,2019-08-31T19:00,25.3,61,0.0,15.5,275,1009.3,91
Namur,50.4674,4.872,2019-08-31T20:00,22.9,60,0.0,24.9,284,1010.6,67
Namur,50.4674,4.872,2019-08-31T21:00,20.1,69,0.0,16.5,290,1011.2,55
Namur,50.4674,4.872,2019-08-31T22:00,18.3,71,0.0,16.9,281,1011.8,90
Namur,50.4674,4.872,2019-08-31T23:00,17.1,73,0.0,13.2,281,1012.6,99
Namur,50.4674,4.872,2019-09-01T00:00,16.7,77,0.0,11.3,277,1012.8,95
Namur,50.4674,4.872,2019-09-01T01:00,15.3,86,0.0,8.3,252,1013.6,36
Namur,50.4674,4.872,2019-09-01T02:00,14.4,92,0.0,9.5,241,1013.7,100
Namur,50.4674,4.872,2019-09-01T03:00,14.1,93,0.0,9.9,237,1013.6,100
Namur,50.4674,4.872,2019-09-01T04:00,15.0,89,0.0,11.6,244,1013.5,100
Namur,50.4674,4.872,2019-09-01T05:00,15.9,86,0.0,13.1,262,1013.6,100
Namur,50.4674,4.872,2019-09-01T06:00,15.5,88,0.0,12.2,270,1013.8,100
Namur,50.4674,4.872,2019-09-01T07:00,15.2,89,0.0,11.6,265,1014.4,99
Namur,50.4674,4.872,2019-09-01T08:00,15.8,83,0.0,10.8,270,1015.1,100
Namur,50.4674,4.872,2019-09-01T09:00,16.6,79,0.0,10.0,285,1015.7,99
Namur,50.4674,4.872,2019-09-01T10:00,17.3,74,0.0,10.6,288,1015.9,100
Namur,50.4674,4.872,2019-09-01T11:00,18.2,66,0.0,11.3,287,1016.4,100
Namur,50.4674,4.872,2019-09-01T12:00,18.2,64,0.0,12.6,283,1016.5,81
Namur,50.4674,4.872,2019-09-01T13:00,18.7,59,0.0,13.2,292,1017.1,36
Namur,50.4674,4.872,2019-09-01T14:00,19.6,51,0.0,11.9,295,1017.1,31
Namur,50.4674,4.872,2019-09-01T15:00,20.2,47,0.0,11.8,297,1017.0,24
Namur,50.4674,4.872,2019-09-01T16:00,20.3,45,0.0,13.0,298,1016.9,42
Namur,50.4674,4.872,2019-09-01T17:00,19.6,46,0.0,14.5,300,1017.1,64
Namur,50.4674,4.872,2019-09-01T18:00,18.8,49,0.0,13.2,305,1017.6,77
Namur,50.4674,4.872,2019-09-01T19:00,17.7,54,0.0,9.9,316,1018.0,68
Namur,50.4674,4.872,2019-09-01T20:00,16.7,58,0.0,9.3,344,1018.8,51
Namur,50.4674,4.872,2019-09-01T21:00,15.5,64,0.0,7.6,360,1019.8,37
Namur,50.4674,4.872,2019-09-01T22:00,14.2,71,0.0,5.2,344,1020.2,32
Namur,50.4674,4.872,2019-09-01T23:00,13.6,73,0.0,5.7,325,1020.9,33
Charleroi,50.4108,4.4446,2019-08-01T00:00,14.9,78,0.0,7.8,202,1017.5,36
Charleroi,50.4108,4.4446,2019-08-01T01:00,15.9,76,0.0,9.0,209,1017.7,80
Charleroi,50.4108,4.4446,2019-08-01T02:00,15.4,78,0.0,9.2,206,1018.1,39
Charleroi,50.4108,4.4446,2019-08-01T03:00,15.3,77,0.0,9.8,208,1017.9,36
Charleroi,50.4108,4.4446,2019-08-01T04:00,15.3,77,0.0,10.7,213,1017.4,30
Charleroi,50.4108,4.4446,2019-08-01T05:00,15.0,78,0.0,11.8,220,1017.6,20
Charleroi,50.4108,4.4446,2019-08-01T06:00,15.5,78,0.0,13.3,221,1017.5,21
Charleroi,50.4108,4.4446,2019-08-01T07:00,16.9,76,0.0,13.5,224,1017.4,22
Charleroi,50.4108,4.4446,2019-08-01T08:00,18.2,73,0.0,15.0,240,1017.6,10
Charleroi,50.4108,4.4446,2019-08-01T09:00,19.6,65,0.0,16.9,246,1017.5,34
Charleroi,50.4108,4.4446,2019-08-01T10:00,20.5,61,0.0,17.7,246,1017.5,21
Charleroi,50.4108,4.4446,2019-08-01T11:00,21.5,55,0.0,19.1,248,1017.5,22
Charleroi,50.4108,4.4446,2019-08-01T12:00,22.5,50,0.1,20.4,253,1017.0,36
Charleroi,50.4108,4.4446,2019-08-01T13:00,22.8,49,0.3,18.6,252,1017.2,61
Charleroi,50.4108,4.4446,2019-08-01T14:00,22.9,48,0.1,17.5,256,1017.3,46
Charleroi,50.4108,4.4446,2019-08-01T15:00,23.0,48,0.0,15.0,259,1017.0,99
Charleroi,50.4108,4.4446,2019-08-01T16:00,22.9,49,0.0,13.4,265,1016.6,99
Charleroi,50.4108,4.4446,2019-08-01T17:00,23.0,47,0.0,13.5,286,1016.4,75
Charleroi,50.4108,4.4446,2019-08-01T18:00,21.9,56,0.0,13.8,313,1016.4,91
Charleroi,50.4108,4.4446,2019-08-01T19:00,21.2,59,0.0,9.5,307,1016.3,42
Charleroi,50.4108,4.4446,2019-08-01T20:00,19.9,66,0.0,7.1,330,1016.7,56
Charleroi,50.4108,4.4446,2019-08-01T21:00,18.2,75,0.0,5.1,356,1017.1,93
Charleroi,50.4108,4.4446,2019-08-01T22:00,16.5,85,0.0,8.2,23,1017.1,97
Charleroi,50.4108,4.4446,2019-08-01T23:00,16.3,85,0.0,6.3,31,1017.1,93
Charleroi,50.4108,4.4446,2019-08-02T00:00,16.8,82,0.0,4.8,42,1016.9,88
Charleroi,50.4108,4.4446,2019-08-02T01:00,16.6,85,0.0,2.8,310,1017.1,93
Charleroi,50.4108,4.4446,2019-08-02T02:00,15.8,88,0.0,2.7,247,1016.9,96
Charleroi,50.4108,4.4446,2019-08-02T03:00,13.6,96,0.0,5.5,259,1016.8,69
Charleroi,50.4108,4.4446,2019-08-02T04:00,13.1,97,0.0,5.9,281,1016.9,21
Charleroi,50.4108,4.4446,2019-08-02T05:00,12.7,97,0.0,7.3,279,1016.8,34
Charleroi,50.4108,4.4446,2019-08-02T06:00,14.1,95,0.0,5.9,259,1016.6,12
Charleroi,50.4108,4.4446,2019-08-02T07:00,16.2,85,0.0,6.8,267,1016.5,1
Charleroi,50.4108,4.4446,2019-08-02T08:00,18.1,75,0.0,8.0,280,1016.6,4
Charleroi,50.4108,4.4446,2019-08-02T09:00,19.8,68,0.0,10.5,286,1016.6,11
Charleroi,50.4108,4.4446,2019-08-02T10:00,21.0,61,0.1,14.7,287,1016.6,27
Charleroi,50.4108,4.4446,2019-08-02T11:00,21.5,58,0.1,16.5,290,1016.7,21
Charleroi,50.4108,4.4446,2019-08-02T12:00,22.5,52,0.0,18.0,290,1016.3,29
Charleroi,50.4108,4.4446,2019-08-02T13:00,22.1,56,0.4,19.0,299,1016.9,51
Charleroi,50.4108,4.4446,2019-08-02T14:00,20.9,66,0.2,21.2,312,1017.1,56
Charleroi,50.4108,4.4446,2019-08-02T15:00,21.0,67,0.1,19.0,307,1016.8,47
Charleroi,50.4108,4.4446,2019-08-02T16:00,21.2,68,0.0,20.9,315,1016.6,47
Charleroi,50.4108,4.4446,2019-08-02T17:00,21.0,67,0.0,20.4,316,1016.4,37
Charleroi,50.4108,4.4446,2019-08-02T18:00,20.3,66,0.1,21.7,320,1016.5,30
Charleroi,50.4108,4.4446,2019-08-02T19:00,19.6,69,0.0,19.6,317,1016.6,13
Charleroi,50.4108,4.4446,2019-08-02T20:00,18.5,74,0.0,16.1,312,1016.9,18
Charleroi,50.4108,4.4446,2019-08-02T21:00,17.4,82,0.0,14.5,314,1017.3,27
Charleroi,50.4108,4.4446,2019-08-02T22:00,16.8,87,0.0,13.7,315,1017.5,39
Charleroi,50.4108,4.4446,2019-08-02T23:00,16.3,91,0.0,12.7,315,1017.6,57
Charleroi,50.4108,4.4446,2019-08-03T00:00,16.1,93,0.0,12.5,314,1017.7,100
Charleroi,50.4108,4.4446,2019-08-03T01:00,15.6,98,0.0,10.7,315,1017.9,100
Charleroi,50.4108,4.4446,2019-08-03T02:00,15.4,98,0.0,11.0,319,1017.8,100
Charleroi,50.4108,4.4446,2019-08-03T03:00,15.7,96,0.0,11.1,324,1017.8,100
Charleroi,50.4108,4.4446,2019-08-03T04:00,15.4,97,0.0,11.4,336,1017.6,100
Charleroi,50.4108,4.4446,2019-08-03T05:00,15.4,96,0.0,10.6,336,1017.9,100
Charleroi,50.4108,4.4446,2019-08-03T06:00,15.6,94,0.0,9.7,329,1018.3,99
Charleroi,50.4108,4.4446,2019-08-03T07:00,16.0,91,0.0,10.3,335,1018.5,32
Charleroi,50.4108,4.4446,2019-08-03T08:00,17.2,81,0.0,10.1,354,1018.7,48
Charleroi,50.4108,4.4446,2019-08-03T09:00,18.5,71,0.0,9.4,358,1018.7,53
Charleroi,50.4108,4.4446,2019-08-03T10:00,19.7,63,0.0,8.6,358,1018.6,100
Charleroi,50.4108,4.4446,2019-08-03T11:00,20.4,59,0.0,8.7,343,1018.9,100
Charleroi,50.4108,4.4446,2019-08-03T12:00,20.8,57,0.0,8.4,335,1018.7,100
Charleroi,50.4108,4.4446,2019-08-03T13:00,21.0,58,0.0,6.8,342,1019.1,100
Charleroi,50.4108,4.4446,2019-08-03T14:00,20.9,59,0.0,10.9,17,1019.1,100
Charleroi,50.4108,4.4446,2019-08-03T15:00,21.4,58,0.0,8.7,17,1018.8,100
Charleroi,50.4108,4.4446,2019-08-03T16:00,21.5,59,0.0,11.6,22,1018.6,100
Charleroi,50.4108,4.4446,2019-08-03T17:00,21.5,59,0.0,10.8,21,1018.3,96
Charleroi,50.4108,4.4446,2019-08-03T18:00,21.0,61,0.0,11.6,30,1018.2,99
Charleroi,50.4108,4.4446,2019-08-03T19:00,20.5,63,0.0,9.9,44,1018.0,99
Charleroi,50.4108,4.4446,2019-08-03T20:00,19.1,70,0.0,5.7,35,1017.9,99
Charleroi,50.4108,4.4446,2019-08-03T21:00,18.0,75,0.0,6.6,45,1018.0,98
Charleroi,50.4108,4.4446,2019-08-03T22:00,17.6,78,0.0,6.8,72,1018.0,98
Charleroi,50.4108,4.4446,2019-08-03T23:00,16.8,82,0.0,6.8,90,1017.8,96
Charleroi,50.4108,4.4446,2019-08-04T00:00,16.1,85,0.0,5.9,101,1017.6,97
Charleroi,50.4108,4.4446,2019-08-04T01:00,15.9,88,0.0,7.1,105,1017.5,97
Charleroi,50.4108,4.4446,2019-08-04T02:00,15.0,92,0.0,6.5,109,1017.3,26
Charleroi,50.4108,4.4446,2019-08-04T03:00,13.9,95,0.0,6.2,111,1017.1,8
Charleroi,50.4108,4.4446,2019-08-04T04:00,13.4,96,0.0,6.3,103,1017.1,4
Charleroi,50.4108,4.4446,2019-08-04T05:00,13.2,96,0.0,5.7,108,1017.1,27
Charleroi,50.4108,4.4446,2019-08-04T06:00,14.1,95,0.0,6.8,115,1016.9,70
Charleroi,50.4108,4.4446,2019-08-04T07:00,16.1,86,0.0,6.3,114,1016.7,26
Charleroi,50.4108,4.4446,2019-08-04T08:00,18.6,76,0.0,5.8,120,1016.6,25
Charleroi,50.4108,4.4446,2019-08-04T09:00,21.1,66,0.0,4.1,128,1016.3,16
Charleroi,50.4108,4.4446,2019-08-04T10:00,22.9,57,0.0,4.1,135,1015.7,93
Charleroi,50.4108,4.4446,2019-08-04T11:00,24.2,52,0.0,5.7,162,1015.4,98
Charleroi,50.4108,4.4446,2019-08-04T12:00,25.4,47,0.0,9.8,186,1014.8,99
Charleroi,50.4108,4.4446,2019-08-04T13:00,26.2,42,0.0,7.1,195,1014.7,88
Charleroi,50.4108,4.4446,2019-08-04T14:00,27.4,38,0.0,6.5,186,1013.9,98
Charleroi,50.4108,4.4446,2019-08-04T15:00,27.8,38,0.0,7.1,195,1013.5,100
Charleroi,50.4108,4.4446,2019-08-04T16:00,27.4,40,0.0,8.4,220,1013.3,100
Charleroi,50.4108,4.4446,2019-08-04T17:00,26.8,42,0.0,8.9,249,1012.8,100
Charleroi,50.4108,4.4446,2019-08-04T18:00,25.8,48,0.0,9.1,288,1012.7,99
Charleroi,50.4108,4.4446,2019-08-04T19:00,24.9,54,0.0,5.9,308,1012.5,100
Charleroi,50.4108,4.4446,2019-08-04T20:00,22.8,68,0.0,5.5,337,1012.4,100
Charleroi,50.4108,4.4446,2019-08-04T21:00,23.0,61,0.0,3.9,34,1012.4,100
Charleroi,50.4108,4.4446,2019-08-04T22:00,21.3,70,0.0,3.6,96,1012.1,99
Charleroi,50.4108,4.4446,2019-08-04T23:00,20.0,73,0.0,5.8,112,1011.9,100
Charleroi,50.4108,4.4446,2019-08-05T00:00,19.7,73,0.0,4.8,167,1011.8,100
Charleroi,50.4108,4.4446,2019-08-05T01:00,20.0,69,0.1,9.5,169,1011.8,95
Charleroi,50.4108,4.4446,2019-08-05T02:00,20.5,67,0.0,14.5,187,1011.5,99
Charleroi,50.4108,4.4446,2019-08-05T03:00,19.9,71,0.1,10.7,250,1011.6,92
Charleroi,50.4108,4.4446,2019-08-05T04:00,18.5,81,0.0,11.0,238,1011.7,97
Charleroi,50.4108,4.4446,2019-08-05T05:00,17.5,84,0.0,11.7,252,1011.7,96
Charleroi,50.4108,4.4446,2019-08-05T06:00,17.0,83,0.1,14.1,257,1012.0,90
Charleroi,50.4108,4.4446,2019-08-05T07:00,17.4,78,0.0,15.4,259,1012.2,70
Charleroi,50.4108,4.4446,2019-08-05T08:00,18.1,71,0.0,15.8,258,1012.4,67
Charleroi,50.4108,4.4446,2019-08-05T09:00,19.4,64,0.0,14.9,255,1012.5,74
Charleroi,50.4108,4.4446,2019-08-05T10:00,20.8,58,0.0,15.0,253,1012.6,41
Charleroi,50.4108,4.4446,2019-08-05T11:00,22.2,52,0.0,15.0,249,1012.5,69
Charleroi,50.4108,4.4446,2019-08-05T12:00,23.2,49,0.0,17.4,243,1012.3,84
Charleroi,50.4108,4.4446,2019-08-05T13:00,23.8,49,0.0,15.5,245,1012.3,97
Charleroi,50.4108,4.4446,2019-08-05T14:00,24.7,44,0.0,18.7,240,1012.1,99
Charleroi,50.4108,4.4446,2019-08-05T15:00,25.0,44,0.0,18.6,238,1011.6,100
Charleroi,50.4108,4.4446,2019-08-05T16:00,24.5,47,0.0,18.4,244,1011.6,98
Charleroi,50.4108,4.4446,2019-08-05T17:00,24.5,47,0.0,15.0,253,1011.3,98
Charleroi,50.4108,4.4446,2019-08-05T18:00,24.5,48,0.0,16.7,251,1011.0,98
Charleroi,50.4108,4.4446,2019-08-05T19:00,23.6,52,0.0,12.0,249,1011.0,98
Charleroi,50.4108,4.4446,2019-08-05T20:00,21.8,60,0.0,9.0,270,1011.1,98
Charleroi,50.4108,4.4446,2019-08-05T21:00,19.9,73,0.0,8.3,272,1011.8,99
Charleroi,50.4108,4.4446,2019-08-05T22:00,19.6,76,0.0,9.9,260,1011.7,98
Charleroi,50.4108,4.4446,2019-08-05T23:00,19.2,79,0.0,10.5,248,1012.0,96
Charleroi,50.4108,4.4446,2019-08-06T00:00,18.5,84,0.0,11.5,256,1011.9,65
Charleroi,50.4108,4.4446,2019-08-06T01:00,18.2,81,0.0,13.9,260,1012.0,93
Charleroi,50.4108,4.4446,2019-08-06T02:00,17.1,80,0.0,13.1,261,1012.4,94
Charleroi,50.4108,4.4446,2019-08-06T03:00,16.6,76,0.0,10.6,252,1012.4,98
Charleroi,50.4108,4.4446,2019-08-06T04:00,16.6,73,0.1,10.5,229,1012.3,87
Charleroi,50.4108,4.4446,2019-08-06T05:00,16.1,73,0.0,9.8,216,1012.2,100
Charleroi,50.4108,4.4446,2019-08-06T06:00,16.4,72,0.0,11.2,228,1012.3,98
Charleroi,50.4108,4.4446,2019-08-06T07:00,16.9,72,0.0,10.7,230,1012.3,94
Charleroi,50.4108,4.4446,2019-08-06T08:00,18.1,61,0.0,12.4,244,1012.3,96
Charleroi,50.4108,4.4446,2019-08-06T09:00,19.4,51,0.0,11.8,239,1012.3,98
Charleroi,50.4108,4.4446,2019-08-06T10:00,19.8,50,0.0,12.0,231,1012.2,100
Charleroi,50.4108,4.4446,2019-08-06T11:00,20.5,51,0.0,11.2,230,1011.9,100
Charleroi,50.4108,4.4446,2019-08-06T12:00,21.5,52,0.0,15.9,231,1011.5,100
Charleroi,50.4108,4.4446,2019-08-06T13:00,21.8,60,0.0,10.5,243,1011.3,100
Charleroi,50.4108,4.4446,2019-08-06T14:00,23.2,54,0.0,14.9,233,1010.7,99
Charleroi,50.4108,4.4446,2019-08-06T15:00,21.9,60,0.1,14.5,240,1010.4,100
Charleroi,50.4108,4.4446,2019-08-06T16:00,20.9,69,0.2,10.4,250,1009.8,100
Charleroi,50.4108,4.4446,2019-08-06T17:00,19.7,83,1.6,11.1,216,1009.9,100
Charleroi,50.4108,4.4446,2019-08-06T18:00,18.8,88,1.9,9.0,196,1009.0,96
Charleroi,50.4108,4.4446,2019-08-06T19:00,18.8,87,0.1,10.4,224,1008.5,84
Charleroi,50.4108,4.4446,2019-08-06T20:00,18.1,92,0.0,10.7,230,1008.7,70
Charleroi,50.4108,4.4446,2019-08-06T21:00,17.4,94,0.0,11.9,235,1009.0,91
Charleroi,50.4108,4.4446,2019-08-06T22:00,17.3,92,0.1,12.9,243,1009.2,90
Charleroi,50.4108,4.4446,2019-08-06T23:00,16.9,92,0.0,11.3,243,1009.1,97
Charleroi,50.4108,4.4446,2019-08-07T00:00,16.5,93,0.0,9.7,222,1008.9,99
Charleroi,50.4108,4.4446,2019-08-07T01:00,16.1,92,0.0,8.8,235,1009.1,99
Charleroi,50.4108,4.4446,2019-08-07T02:00,15.5,93,0.0,9.3,216,1008.9,97
Charleroi,50.4108,4.4446,2019-08-07T03:00,15.4,93,0.0,10.5,207,1008.5,98
Charleroi,50.4108,4.4446,2019-08-07T04:00,15.7,93,0.0,12.1,207,1008.4,100
Charleroi,50.4108,4.4446,2019-08-07T05:00,15.5,93,0.0,12.2,214,1008.2,97
Charleroi,50.4108,4.4446,2019-08-07T06:00,15.6,93,0.0,12.8,220,1008.3,98
Charleroi,50.4108,4.4446,2019-08-07T07:00,16.5,89,0.0,14.0,235,1008.7,100
Charleroi,50.4108,4.4446,2019-08-07T08:00,17.1,85,0.0,12.4,240,1008.8,99
Charleroi,50.4108,4.4446,2019-08-07T09:00,18.9,73,0.0,15.4,254,1008.5,100
Charleroi,50.4108,4.4446,2019-08-07T10:00,20.0,63,0.0,16.5,247,1008.6,94
Charleroi,50.4108,4.4446,2019-08-07T11:00,21.3,55,0.1,18.3,250,1008.6,96
Charleroi,50.4108,4.4446,2019-08-07T12:00,21.6,53,0.2,21.5,252,1008.4,99
Charleroi,50.4108,4.4446,2019-08-07T13:00,21.6,57,0.3,19.7,255,1008.6,98
Charleroi,50.4108,4.4446,2019-08-07T14:00,21.8,56,0.1,21.2,249,1008.6,69
Charleroi,50.4108,4.4446,2019-08-07T15:00,22.0,54,0.0,22.2,250,1008.6,38
Charleroi,50.4108,4.4446,2019-08-07T16:00,22.5,50,0.0,21.3,254,1008.3,36
Charleroi,50.4108,4.4446,2019-08-07T17:00,22.2,50,0.0,20.5,259,1008.6,43
Charleroi,50.4108,4.4446,2019-08-07T18:00,21.5,53,0.0,17.8,263,1008.9,43
Charleroi,50.4108,4.4446,2019-08-07T19:00,20.7,56,0.0,14.4,257,1009.1,27
Charleroi,50.4108,4.4446,2019-08-07T20:00,19.5,59,0.0,13.0,256,1009.6,14
Charleroi,50.4108,4.4446,2019-08-07T21:00,18.1,61,0.0,12.2,251,1010.3,18
Charleroi,50.4108,4.4446,2019-08-07T22:00,17.1,65,0.0,11.4,235,1010.7,14
Charleroi,50.4108,4.4446,2019-08-07T23:00,16.4,69,0.0,12.6,233,1011.0,4
Charleroi,50.4108,4.4446,2019-08-08T00:00,15.4,75,0.0,11.5,231,1011.2,0
Charleroi,50.4108,4.4446,2019-08-08T01:00,15.4,77,0.0,11.8,232,1011.6,0
Charleroi,50.4108,4.4446,2019-08-08T02:00,14.7,80,0.0,10.9,224,1011.5,12
Charleroi,50.4108,4.4446,2019-08-08T03:00,14.1,83,0.0,11.3,217,1011.2,88
Charleroi,50.4108,4.4446,2019-08-08T04:00,14.4,81,0.0,11.5,221,1011.3,88
Charleroi,50.4108,4.4446,2019-08-08T05:00,14.8,80,0.0,11.2,222,1011.5,69
Charleroi,50.4108,4.4446,2019-08-08T06:00,14.7,82,0.0,11.2,225,1011.4,46
Charleroi,50.4108,4.4446,2019-08-08T07:00,16.5,76,0.0,12.2,227,1011.8,42
Charleroi,50.4108,4.4446,2019-08-08T08:00,18.2,68,0.0,13.8,237,1012.2,70
Charleroi,50.4108,4.4446,2019-08-08T09:00,18.6,63,0.0,16.8,255,1012.7,91
Charleroi,50.4108,4.4446,2019-08-08T10:00,18.5,64,0.3,15.2,266,1013.0,82
Charleroi,50.4108,4.4446,2019-08-08T11:00,19.4,61,0.0,10.9,262,1013.0,64
Charleroi,50.4108,4.4446,2019-08-08T12:00,20.7,60,0.0,9.0,254,1013.0,70
Charleroi,50.4108,4.4446,2019-08-08T13:00,19.8,69,0.0,6.8,270,1013.0,21
Charleroi,50.4108,4.4446,2019-08-08T14:00,21.8,61,0.0,5.8,263,1012.9,81
Charleroi,50.4108,4.4446,2019-08-08T15:00,23.0,56,0.0,8.6,272,1012.4,69
Charleroi,50.4108,4.4446,2019-08-08T16:00,23.2,57,0.0,9.7,270,1012.1,95
Charleroi,50.4108,4.4446,2019-08-08T17:00,23.1,57,0.0,4.2,290,1012.0,96
Charleroi,50.4108,4.4446,2019-08-08T18:00,22.8,58,0.0,3.3,354,1011.7,9
Charleroi,50.4108,4.4446,2019-08-08T19:00,22.4,60,0.0,4.1,52,1011.5,22
Charleroi,50.4108,4.4446,2019-08-08T20:00,20.0,73,0.0,6.0,73,1011.7,92
Charleroi,50.4108,4.4446,2019-08-08T21:00,20.6,67,0.0,11.9,93,1011.5,49
Charleroi,50.4108,4.4446,2019-08-08T22:00,19.6,69,0.0,13.4,114,1011.3,81
Charleroi,50.4108,4.4446,2019-08-08T23:00,19.5,69,0.0,14.3,118,1011.0,49
Charleroi,50.4108,4.4446,2019-08-09T00:00,18.8,73,0.0,13.4,121,1010.6,31
Charleroi,50.4108,4.4446,2019-08-09T01:00,18.6,76,0.0,14.0,132,1009.9,50
Charleroi,50.4108,4.4446,2019-08-09T02:00,19.2,70,0.0,17.9,155,1009.8,97
Charleroi,50.4108,4.4446,2019-08-09T03:00,20.7,63,0.0,13.6,143,1009.0,99
Charleroi,50.4108,4.4446,2019-08-09T04:00,20.4,66,0.0,15.1,140,1008.5,100
Charleroi,50.4108,4.4446,2019-08-09T05:00,21.1,63,0.0,16.8,145,1007.6,100
Charleroi,50.4108,4.4446,2019-08-09T06:00,21.6,62,0.0,18.1,159,1006.9,97
Charleroi,50.4108,4.4446,2019-08-09T07:00,22.5,58,0.0,18.5,172,1006.6,96
Charleroi,50.4108,4.4446,2019-08-09T08:00,23.8,52,0.0,22.5,173,1006.3,93
Charleroi,50.4108,4.4446,2019-08-09T09:00,25.1,51,0.0,23.1,178,1006.2,52
Charleroi,50.4108,4.4446,2019-08-09T10:00,25.4,57,0.4,24.3,195,1006.7,100
Charleroi,50.4108,4.4446,2019-08-09T11:00,23.4,68,0.0,20.6,196,1007.1,99
Charleroi,50.4108,4.4446,2019-08-09T12:00,24.4,68,0.2,18.1,193,1006.7,100
Charleroi,50.4108,4.4446,2019-08-09T13:00,23.5,78,0.0,16.7,217,1007.0,100
Charleroi,50.4108,4.4446,2019-08-09T14:00,24.5,72,0.4,15.3,210,1006.8,96
Charleroi,50.4108,4.4446,2019-08-09T15:00,24.8,71,0.1,16.1,207,1006.8,100
Charleroi,50.4108,4.4446,2019-08-09T16:00,22.4,89,2.0,11.3,197,1006.6,100
Charleroi,50.4108,4.4446,2019-08-09T17:00,21.4,92,3.0,10.7,192,1006.2,96
Charleroi,50.4108,4.4446,2019-08-09T18:00,21.7,90,1.3,18.3,195,1005.9,100
Charleroi,50.4108,4.4446,2019-08-09T19:00,21.0,83,0.0,19.6,206,1005.9,100
Charleroi,50.4108,4.4446,2019-08-09T20:00,20.0,80,0.0,20.0,214,1006.7,100
Charleroi,50.4108,4.4446,2019-08-09T21:00,18.9,81,0.0,18.4,208,1007.5,82
Charleroi,50.4108,4.4446,2019-08-09T22:00,18.5,83,0.0,21.9,207,1007.8,96
Charleroi,50.4108,4.4446,2019-08-09T23:00,18.6,84,0.0,24.2,203,1007.6,38
Charleroi,50.4108,4.4446,2019-08-10T00:00,19.0,81,0.0,25.6,200,1007.4,100
Charleroi,50.4108,4.4446,2019-08-10T01:00,19.3,77,0.0,26.3,205,1007.7,90
Charleroi,50.4108,4.4446,2019-08-10T02:00,19.1,72,0.0,28.7,205,1007.7,38
Charleroi,50.4108,4.4446,2019-08-10T03:00,19.0,71,0.0,30.6,208,1007.8,24
Charleroi,50.4108,4.4446,2019-08-10T04:00,18.7,70,0.0,31.1,208,1007.9,58
Charleroi,50.4108,4.4446,2019-08-10T05:00,18.4,71,0.0,30.9,212,1008.1,73
Charleroi,50.4108,4.4446,2019-08-10T06:00,18.1,72,0.0,31.7,216,1008.7,51
Charleroi,50.4108,4.4446,2019-08-10T07:00,18.4,72,0.0,29.4,221,1009.3,51
Charleroi,50.4108,4.4446,2019-08-10T08:00,18.9,70,0.1,33.4,223,1009.9,92
Charleroi,50.4108,4.4446,2019-08-10T09:00,19.2,69,0.1,34.4,228,1010.5,95
Charleroi,50.4108,4.4446,2019-08-10T10:00,20.1,63,0.0,35.2,228,1011.1,97
Charleroi,50.4108,4.4446,2019-08-10T11:00,20.9,59,0.0,34.4,225,1011.3,98
Charleroi,50.4108,4.4446,2019-08-10T12:00,21.5,55,0.0,35.7,228,1011.7,100
Charleroi,50.4108,4.4446,2019-08-10T13:00,22.2,50,0.0,35.5,230,1012.2,69
Charleroi,50.4108,4.4446,2019-08-10T14:00,22.9,46,0.0,36.7,232,1012.5,45
Charleroi,50.4108,4.4446,2019-08-10T15:00,23.4,45,0.0,34.6,234,1012.6,61
Charleroi,50.4108,4.4446,2019-08-10T16:00,23.2,42,0.0,33.3,234,1012.7,87
Charleroi,50.4108,4.4446,2019-08-10T17:00,23.0,42,0.0,29.5,237,1012.9,91
Charleroi,50.4108,4.4446,2019-08-10T18:00,22.4,46,0.0,22.9,233,1013.1,60
Charleroi,50.4108,4.4446,2019-08-10T19:00,21.6,47,0.0,18.8,234,1013.4,56
Charleroi,50.4108,4.4446,2019-08-10T20:00,20.5,51,0.0,14.0,241,1014.2,72
Charleroi,50.4108,4.4446,2019-08-10T21:00,19.1,57,0.0,10.6,260,1014.8,72
Charleroi,50.4108,4.4446,2019-08-10T22:00,18.5,59,0.0,11.4,242,1015.0,61
Charleroi,50.4108,4.4446,2019-08-10T23:00,17.7,62,0.0,11.4,242,1015.5,97
Charleroi,50.4108,4.4446,2019-08-11T00:00,17.5,63,0.0,13.2,248,1015.9,61
Charleroi,50.4108,4.4446,2019-08-11T01:00,17.5,69,0.0,13.4,243,1016.1,28
Charleroi,50.4108,4.4446,2019-08-11T02:00,16.0,76,0.0,11.5,229,1015.9,23
Charleroi,50.4108,4.4446,2019-08-11T03:00,15.1,81,0.0,10.7,228,1016.1,97
Charleroi,50.4108,4.4446,2019-08-11T04:00,15.1,81,0.0,10.1,215,1015.8,77
Charleroi,50.4108,4.4446,2019-08-11T05:00,15.1,80,0.0,11.7,214,1015.9,99
Charleroi,50.4108,4.4446,2019-08-11T06:00,15.5,78,0.0,11.4,208,1015.9,94
Charleroi,50.4108,4.4446,2019-08-11T07:00,16.2,77,0.0,11.3,197,1015.7,94
Charleroi,50.4108,4.4446,2019-08-11T08:00,16.9,71,0.0,13.9,197,1015.8,6
Charleroi,50.4108,4.4446,2019-08-11T09:00,18.2,64,0.0,15.9,219,1015.7,96
Charleroi,50.4108,4.4446,2019-08-11T10:00,19.0,55,0.0,16.3,229,1015.5,100
Charleroi,50.4108,4.4446,2019-08-11T11:00,18.6,56,0.0,16.1,222,1015.5,100
Charleroi,50.4108,4.4446,2019-08-11T12:00,18.8,56,0.0,14.9,217,1015.1,100
Charleroi,50.4108,4.4446,2019-08-11T13:00,19.1,59,0.0,18.4,222,1015.4,100
Charleroi,50.4108,4.4446,2019-08-11T14:00,19.8,56,0.0,20.1,224,1015.2,100
Charleroi,50.4108,4.4446,2019-08-11T15:00,19.5,55,0.0,18.8,223,1014.7,100
Charleroi,50.4108,4.4446,2019-08-11T16:00,19.4,55,0.0,17.8,222,1014.3,97
Charleroi,50.4108,4.4446,2019-08-11T17:00,19.2,55,0.0,18.1,221,1014.5,90
Charleroi,50.4108,4.4446,2019-08-11T18:00,19.3,55,0.0,17.6,215,1014.4,91
Charleroi,50.4108,4.4446,2019-08-11T19:00,18.6,60,0.0,15.8,204,1014.7,46
Charleroi,50.4108,4.4446,2019-08-11T20:00,17.0,68,0.0,17.6,206,1015.2,31
Charleroi,50.4108,4.4446,2019-08-11T21:00,16.1,73,0.0,16.8,208,1015.6,22
Charleroi,50.4108,4.4446,2019-08-11T22:00,15.6,76,0.0,15.6,203,1015.6,22
Charleroi,50.4108,4.4446,2019-08-11T23:00,15.2,77,0.0,15.9,205,1015.7,19
Charleroi,50.4108,4.4446,2019-08-12T00:00,15.0,78,0.0,15.3,210,1015.6,14
Charleroi,50.4108,4.4446,2019-08-12T01:00,15.2,74,0.0,13.5,209,1015.8,4
Charleroi,50.4108,4.4446,2019-08-12T02:00,14.7,77,0.0,13.0,204,1015.8,21
Charleroi,50.4108,4.4446,2019-08-12T03:00,14.3,80,0.0,12.9,203,1015.4,20
Charleroi,50.4108,4.4446,2019-08-12T04:00,13.9,82,0.0,11.1,209,1015.5,20
Charleroi,50.4108,4.4446,2019-08-12T05:00,13.6,84,0.0,10.8,206,1015.7,26
Charleroi,50.4108,4.4446,2019-08-12T06:00,13.6,85,0.0,9.8,208,1015.4,20
Charleroi,50.4108,4.4446,2019-08-12T07:00,14.9,81,0.0,10.4,214,1015.3,10
Charleroi,50.4108,4.4446,2019-08-12T08:00,16.4,75,0.0,11.9,215,1015.5,6
Charleroi,50.4108,4.4446,2019-08-12T09:00,17.9,69,0.0,12.5,229,1015.5,4
Charleroi,50.4108,4.4446,2019-08-12T10:00,18.9,63,0.0,12.9,240,1015.5,18
Charleroi,50.4108,4.4446,2019-08-12T11:00,19.8,59,0.0,12.9,252,1015.5,46
Charleroi,50.4108,4.4446,2019-08-12T12:00,18.9,64,0.8,10.0,249,1015.4,45
Charleroi,50.4108,4.4446,2019-08-12T13:00,18.7,67,0.0,17.5,217,1014.4,66
Charleroi,50.4108,4.4446,2019-08-12T14:00,18.8,68,0.1,16.4,218,1015.1,94
Charleroi,50.4108,4.4446,2019-08-12T15:00,17.5,70,0.7,18.7,247,1015.4,72
Charleroi,50.4108,4.4446,2019-08-12T16:00,16.6,76,0.2,19.6,244,1015.2,95
Charleroi,50.4108,4.4446,2019-08-12T17:00,16.5,76,0.1,13.8,223,1015.1,65
Charleroi,50.4108,4.4446,2019-08-12T18:00,17.3,71,0.0,13.0,226,1015.0,94
Charleroi,50.4108,4.4446,2019-08-12T19:00,15.8,78,0.4,14.5,240,1015.5,97
Charleroi,50.4108,4.4446,2019-08-12T20:00,14.6,86,0.0,13.5,226,1015.6,61
Charleroi,50.4108,4.4446,2019-08-12T21:00,14.0,88,0.0,13.0,219,1016.1,45
Charleroi,50.4108,4.4446,2019-08-12T22:00,13.6,90,0.0,12.8,232,1016.3,21
Charleroi,50.4108,4.4446,2019-08-12T23:00,13.2,91,0.0,13.9,239,1016.6,18
Charleroi,50.4108,4.4446,2019-08-13T00:00,12.7,92,0.0,14.5,235,1016.8,24
Charleroi,50.4108,4.4446,2019-08-13T01:00,12.7,92,0.0,15.7,259,1017.8,77
Charleroi,50.4108,4.4446,2019-08-13T02:00,12.1,95,0.0,13.7,243,1017.5,21
Charleroi,50.4108,4.4446,2019-08-13T03:00,11.9,95,0.0,12.9,247,1017.8,22
Charleroi,50.4108,4.4446,2019-08-13T04:00,11.5,97,0.0,11.0,251,1018.1,17
Charleroi,50.4108,4.4446,2019-08-13T05:00,11.5,97,0.1,10.9,243,1018.3,10
Charleroi,50.4108,4.4446,2019-08-13T06:00,11.4,97,0.0,10.5,232,1018.5,0
Charleroi,50.4108,4.4446,2019-08-13T07:00,12.4,93,0.0,13.0,226,1018.7,1
Charleroi,50.4108,4.4446,2019-08-13T08:00,13.9,84,0.0,15.0,235,1019.2,2
Charleroi,50.4108,4.4446,2019-08-13T09:00,15.4,75,0.0,17.7,243,1019.2,12
Charleroi,50.4108,4.4446,2019-08-13T10:00,16.6,62,0.1,21.9,250,1019.0,28
Charleroi,50.4108,4.4446,2019-08-13T11:00,17.0,64,0.5,23.5,249,1018.9,48
Charleroi,50.4108,4.4446,2019-08-13T12:00,17.6,64,0.1,22.8,249,1018.8,98
Charleroi,50.4108,4.4446,2019-08-13T13:00,17.9,65,0.2,15.1,237,1018.8,73
Charleroi,50.4108,4.4446,2019-08-13T14:00,15.5,77,2.5,19.1,258,1019.3,100
Charleroi,50.4108,4.4446,2019-08-13T15:00,13.9,84,1.7,16.5,260,1019.3,100
Charleroi,50.4108,4.4446,2019-08-13T16:00,14.2,83,0.5,14.8,244,1019.1,89
Charleroi,50.4108,4.4446,2019-08-13T17:00,15.1,73,0.1,17.5,251,1019.0,41
Charleroi,50.4108,4.4446,2019-08-13T18:00,15.6,70,0.1,15.3,243,1018.8,40
Charleroi,50.4108,4.4446,2019-08-13T19:00,15.0,74,0.0,13.0,226,1018.7,31
Charleroi,50.4108,4.4446,2019-08-13T20:00,13.9,79,0.0,12.5,226,1019.0,34
Charleroi,50.4108,4.4446,2019-08-13T21:00,13.1,85,0.0,12.2,227,1019.4,25
Charleroi,50.4108,4.4446,2019-08-13T22:00,12.6,88,0.0,11.2,228,1019.5,18
Charleroi,50.4108,4.4446,2019-08-13T23:00,11.9,91,0.0,10.4,226,1019.4,11
Charleroi,50.4108,4.4446,2019-08-14T00:00,11.5,93,0.0,10.0,221,1019.3,13
Charleroi,50.4108,4.4446,2019-08-14T01:00,11.7,93,0.0,10.3,234,1019.5,8
Charleroi,50.4108,4.4446,2019-08-14T02:00,11.2,94,0.0,9.2,225,1019.4,1
Charleroi,50.4108,4.4446,2019-08-14T03:00,10.9,95,0.0,9.1,214,1019.3,30
Charleroi,50.4108,4.4446,2019-08-14T04:00,10.7,95,0.0,8.6,213,1019.0,55
Charleroi,50.4108,4.4446,2019-08-14T05:00,10.6,95,0.0,9.3,208,1018.9,15
Charleroi,50.4108,4.4446,2019-08-14T06:00,10.8,95,0.0,9.5,209,1019.1,1
Charleroi,50.4108,4.4446,2019-08-14T07:00,12.5,92,0.0,10.2,212,1018.9,1
Charleroi,50.4108,4.4446,2019-08-14T08:00,14.5,86,0.0,9.6,214,1018.9,1
Charleroi,50.4108,4.4446,2019-08-14T09:00,16.2,76,0.0,11.8,218,1018.8,13
Charleroi,50.4108,4.4446,2019-08-14T10:00,17.6,66,0.0,13.0,219,1018.4,44
Charleroi,50.4108,4.4446,2019-08-14T11:00,18.8,58,0.0,14.5,224,1018.2,20
Charleroi,50.4108,4.4446,2019-08-14T12:00,19.9,51,0.0,15.5,226,1017.6,76
Charleroi,50.4108,4.4446,2019-08-14T13:00,19.5,56,0.0,15.3,214,1017.5,100
Charleroi,50.4108,4.4446,2019-08-14T14:00,20.2,51,0.0,16.4,209,1016.9,100
Charleroi,50.4108,4.4446,2019-08-14T15:00,19.5,58,0.1,15.5,208,1016.5,98
Charleroi,50.4108,4.4446,2019-08-14T16:00,18.1,71,0.4,10.8,182,1015.9,84
Charleroi,50.4108,4.4446,2019-08-14T17:00,19.7,62,0.0,11.2,165,1014.8,58
Charleroi,50.4108,4.4446,2019-08-14T18:00,20.5,58,0.0,12.6,200,1013.9,95
Charleroi,50.4108,4.4446,2019-08-14T19:00,19.5,62,0.0,9.7,222,1013.4,98
Charleroi,50.4108,4.4446,2019-08-14T20:00,18.8,65,0.0,13.3,213,1013.2,93
Charleroi,50.4108,4.4446,2019-08-14T21:00,17.2,77,0.7,14.1,218,1013.3,100
Charleroi,50.4108,4.4446,2019-08-14T22:00,16.3,87,0.9,13.9,205,1013.0,94
Charleroi,50.4108,4.4446,2019-08-14T23:00,16.2,86,0.6,16.5,196,1012.4,100
Charleroi,50.4108,4.4446,2019-08-15T00:00,16.2,84,0.0,19.5,199,1012.0,100
Charleroi,50.4108,4.4446,2019-08-15T01:00,16.1,85,0.0,17.6,211,1011.9,100
Charleroi,50.4108,4.4446,2019-08-15T02:00,16.0,86,0.0,19.4,215,1011.4,100
Charleroi,50.4108,4.4446,2019-08-15T03:00,16.0,86,0.0,20.2,219,1010.9,100
Charleroi,50.4108,4.4446,2019-08-15T04:00,16.0,87,0.0,19.0,217,1010.4,100
Charleroi,50.4108,4.4446,2019-08-15T05:00,15.6,91,0.0,19.1,224,1010.4,100
Charleroi,50.4108,4.4446,2019-08-15T06:00,15.6,91,0.0,20.1,227,1010.5,100
Charleroi,50.4108,4.4446,2019-08-15T07:00,16.2,88,0.1,26.1,235,1010.4,87
Charleroi,50.4108,4.4446,2019-08-15T08:00,16.5,87,0.2,21.8,236,1010.7,92
Charleroi,50.4108,4.4446,2019-08-15T09:00,17.0,86,0.3,23.4,239,1011.1,54
Charleroi,50.4108,4.4446,2019-08-15T10:00,18.0,79,0.1,26.0,251,1011.1,36
Charleroi,50.4108,4.4446,2019-08-15T11:00,19.1,70,0.2,26.5,258,1011.5,56
Charleroi,50.4108,4.4446,2019-08-15T12:00,19.5,71,0.3,26.4,256,1011.6,54
Charleroi,50.4108,4.4446,2019-08-15T13:00,19.6,64,0.0,25.3,255,1012.3,63
Charleroi,50.4108,4.4446,2019-08-15T14:00,19.3,69,0.2,27.6,255,1012.8,90
Charleroi,50.4108,4.4446,2019-08-15T15:00,19.4,65,0.1,27.7,261,1013.3,35
Charleroi,50.4108,4.4446,2019-08-15T16:00,19.8,63,0.0,25.7,265,1013.7,50
Charleroi,50.4108,4.4446,2019-08-15T17:00,19.4,61,0.1,22.8,276,1014.3,38
Charleroi,50.4108,4.4446,2019-08-15T18:00,18.8,65,0.0,20.2,274,1014.7,54
Charleroi,50.4108,4.4446,2019-08-15T19:00,17.7,71,0.0,18.7,268,1015.2,49
Charleroi,50.4108,4.4446,2019-08-15T20:00,16.8,75,0.0,15.6,263,1016.2,80
Charleroi,50.4108,4.4446,2019-08-15T21:00,16.4,78,0.1,14.8,256,1016.8,56
Charleroi,50.4108,4.4446,2019-08-15T22:00,15.1,88,0.3,13.3,257,1017.4,84
Charleroi,50.4108,4.4446,2019-08-15T23:00,14.9,91,0.3,12.0,237,1017.6,53
Charleroi,50.4108,4.4446,2019-08-16T00:00,14.8,91,0.0,12.5,229,1017.6,15
Charleroi,50.4108,4.4446,2019-08-16T01:00,14.2,91,0.0,12.7,235,1018.1,27
Charleroi,50.4108,4.4446,2019-08-16T02:00,13.4,94,0.0,13.4,234,1018.4,30
Charleroi,50.4108,4.4446,2019-08-16T03:00,13.2,95,0.0,12.9,234,1018.4,95
Charleroi,50.4108,4.4446,2019-08-16T04:00,12.9,96,0.0,11.5,226,1018.2,98
Charleroi,50.4108,4.4446,2019-08-16T05:00,12.8,96,0.0,11.2,222,1018.4,95
Charleroi,50.4108,4.4446,2019-08-16T06:00,12.7,96,0.0,10.9,214,1018.1,81
Charleroi,50.4108,4.4446,2019-08-16T07:00,13.9,92,0.0,13.0,214,1018.1,91
Charleroi,50.4108,4.4446,2019-08-16T08:00,15.4,86,0.0,13.6,217,1018.0,99
Charleroi,50.4108,4.4446,2019-08-16T09:00,16.8,79,0.0,15.3,225,1017.9,99
Charleroi,50.4108,4.4446,2019-08-16T10:00,18.0,70,0.0,18.3,225,1017.7,99
Charleroi,50.4108,4.4446,2019-08-16T11:00,18.9,63,0.0,19.6,224,1017.1,97
Charleroi,50.4108,4.4446,2019-08-16T12:00,20.4,56,0.0,19.9,226,1016.6,100
Charleroi,50.4108,4.4446,2019-08-16T13:00,20.8,56,0.0,19.9,221,1016.4,98
Charleroi,50.4108,4.4446,2019-08-16T14:00,21.0,56,0.0,20.7,219,1016.0,97
Charleroi,50.4108,4.4446,2019-08-16T15:00,21.0,55,0.0,20.3,210,1015.1,98
Charleroi,50.4108,4.4446,2019-08-16T16:00,21.6,51,0.0,21.9,205,1014.2,98
Charleroi,50.4108,4.4446,2019-08-16T17:00,22.1,47,0.0,19.8,205,1013.4,100
Charleroi,50.4108,4.4446,2019-08-16T18:00,21.5,53,0.0,14.6,218,1012.7,100
Charleroi,50.4108,4.4446,2019-08-16T19:00,20.4,57,0.0,10.0,218,1012.2,100
Charleroi,50.4108,4.4446,2019-08-16T20:00,19.4,62,0.0,9.7,207,1012.0,100
Charleroi,50.4108,4.4446,2019-08-16T21:00,18.9,63,0.2,16.0,194,1012.0,100
Charleroi,50.4108,4.4446,2019-08-16T22:00,17.8,71,0.2,15.1,177,1011.3,100
Charleroi,50.4108,4.4446,2019-08-16T23:00,18.0,69,0.0,15.5,180,1010.6,100
Charleroi,50.4108,4.4446,2019-08-17T00:00,18.3,66,0.0,15.8,192,1009.8,100
Charleroi,50.4108,4.4446,2019-08-17T01:00,18.0,72,0.0,13.4,216,1009.8,99
Charleroi,50.4108,4.4446,2019-08-17T02:00,18.3,70,0.0,18.7,208,1009.4,95
Charleroi,50.4108,4.4446,2019-08-17T03:00,18.1,69,0.0,21.9,216,1009.0,100
Charleroi,50.4108,4.4446,2019-08-17T04:00,17.9,70,0.0,22.6,217,1008.6,100
Charleroi,50.4108,4.4446,2019-08-17T05:00,17.9,70,0.0,24.4,214,1008.9,55
Charleroi,50.4108,4.4446,2019-08-17T06:00,17.4,71,0.0,23.2,213,1008.8,100
Charleroi,50.4108,4.4446,2019-08-17T07:00,17.5,74,0.0,23.8,209,1008.7,100
Charleroi,50.4108,4.4446,2019-08-17T08:00,17.2,79,0.1,23.0,207,1009.0,100
Charleroi,50.4108,4.4446,2019-08-17T09:00,17.6,82,0.1,21.1,200,1008.7,100
Charleroi,50.4108,4.4446,2019-08-17T10:00,18.1,81,0.2,29.1,214,1009.0,100
Charleroi,50.4108,4.4446,2019-08-17T11:00,18.5,82,0.1,27.9,213,1009.1,100
Charleroi,50.4108,4.4446,2019-08-17T12:00,19.0,82,0.2,26.0,211,1008.9,100
Charleroi,50.4108,4.4446,2019-08-17T13:00,18.6,88,0.4,24.5,202,1008.9,100
Charleroi,50.4108,4.4446,2019-08-17T14:00,19.5,84,0.1,25.8,203,1008.6,100
Charleroi,50.4108,4.4446,2019-08-17T15:00,20.3,78,0.1,32.0,214,1008.4,100
Charleroi,50.4108,4.4446,2019-08-17T16:00,20.1,80,0.2,32.0,219,1008.7,100
Charleroi,50.4108,4.4446,2019-08-17T17:00,19.4,88,0.2,19.9,212,1008.8,100
Charleroi,50.4108,4.4446,2019-08-17T18:00,19.0,89,0.2,19.8,209,1008.6,100
Charleroi,50.4108,4.4446,2019-08-17T19:00,18.8,91,0.1,18.9,204,1008.0,99
Charleroi,50.4108,4.4446,2019-08-17T20:00,18.4,93,0.0,16.3,205,1007.9,100
Charleroi,50.4108,4.4446,2019-08-17T21:00,18.4,93,0.1,16.2,201,1008.0,100
Charleroi,50.4108,4.4446,2019-08-17T22:00,18.4,94,0.2,15.3,207,1007.6,100
Charleroi,50.4108,4.4446,2019-08-17T23:00,18.0,96,1.2,10.5,264,1007.8,100
Charleroi,50.4108,4.4446,2019-08-18T00:00,16.6,92,2.1,11.0,293,1008.0,100
Charleroi,50.4108,4.4446,2019-08-18T01:00,15.8,92,2.3,8.8,251,1008.4,100
Charleroi,50.4108,4.4446,2019-08-18T02:00,15.9,94,0.4,7.2,207,1008.1,100
Charleroi,50.4108,4.4446,2019-08-18T03:00,15.1,84,0.2,14.6,218,1008.0,100
Charleroi,50.4108,4.4446,2019-08-18T04:00,14.2,82,0.3,13.0,199,1007.3,100
Charleroi,50.4108,4.4446,2019-08-18T05:00,14.0,86,0.3,10.4,182,1006.6,100
Charleroi,50.4108,4.4446,2019-08-18T06:00,14.1,89,0.4,9.7,153,1005.4,100
Charleroi,50.4108,4.4446,2019-08-18T07:00,14.4,90,1.7,6.6,131,1005.2,100
Charleroi,50.4108,4.4446,2019-08-18T08:00,15.9,92,0.3,18.3,160,1003.7,100
Charleroi,50.4108,4.4446,2019-08-18T09:00,19.1,89,0.5,29.3,196,1002.9,99
Charleroi,50.4108,4.4446,2019-08-18T10:00,20.0,88,0.4,30.6,224,1002.9,100
Charleroi,50.4108,4.4446,2019-08-18T11:00,16.5,92,2.4,14.7,298,1005.1,100
Charleroi,50.4108,4.4446,2019-08-18T12:00,16.6,85,0.7,13.5,254,1005.8,100
Charleroi,50.4108,4.4446,2019-08-18T13:00,17.5,90,0.0,16.5,250,1006.6,100
Charleroi,50.4108,4.4446,2019-08-18T14:00,17.7,88,0.0,18.3,255,1007.6,100
Charleroi,50.4108,4.4446,2019-08-18T15:00,18.3,79,0.0,22.8,264,1008.4,100
Charleroi,50.4108,4.4446,2019-08-18T16:00,18.8,72,0.0,22.2,253,1008.9,99
Charleroi,50.4108,4.4446,2019-08-18T17:00,19.4,66,0.0,20.1,249,1009.1,98
Charleroi,50.4108,4.4446,2019-08-18T18:00,19.2,66,0.0,20.2,251,1009.3,85
Charleroi,50.4108,4.4446,2019-08-18T19:00,17.8,69,0.0,17.8,256,1009.9,87
Charleroi,50.4108,4.4446,2019-08-18T20:00,16.5,68,0.0,14.5,263,1010.3,100
Charleroi,50.4108,4.4446,2019-08-18T21:00,14.9,74,0.0,9.8,242,1011.5,99
Charleroi,50.4108,4.4446,2019-08-18T22:00,14.4,77,0.0,10.1,235,1011.7,100
Charleroi,50.4108,4.4446,2019-08-18T23:00,13.9,81,0.0,10.0,229,1012.3,28
Charleroi,50.4108,4.4446,2019-08-19T00:00,12.6,89,0.0,9.9,226,1012.9,2
Charleroi,50.4108,4.4446,2019-08-19T01:00,13.2,86,0.0,12.3,230,1013.7,6
Charleroi,50.4108,4.4446,2019-08-19T02:00,12.9,87,0.0,13.4,216,1014.2,10
Charleroi,50.4108,4.4446,2019-08-19T03:00,12.9,87,0.0,14.8,214,1014.2,15
Charleroi,50.4108,4.4446,2019-08-19T04:00,13.0,85,0.0,15.6,220,1014.4,14
Charleroi,50.4108,4.4446,2019-08-19T05:00,12.9,84,0.0,16.3,223,1015.1,6
Charleroi,50.4108,4.4446,2019-08-19T06:00,12.6,86,0.0,16.3,221,1015.4,5
Charleroi,50.4108,4.4446,2019-08-19T07:00,13.9,83,0.0,17.3,225,1015.8,7
Charleroi,50.4108,4.4446,2019-08-19T08:00,15.4,78,0.0,17.9,230,1015.9,16
Charleroi,50.4108,4.4446,2019-08-19T09:00,16.6,74,0.0,19.1,238,1016.0,14
Charleroi,50.4108,4.4446,2019-08-19T10:00,17.9,65,0.0,20.4,244,1016.4,19
Charleroi,50.4108,4.4446,2019-08-19T11:00,18.6,59,0.0,20.8,244,1016.9,17
Charleroi,50.4108,4.4446,2019-08-19T12:00,19.2,55,0.0,20.3,247,1016.9,23
Charleroi,50.4108,4.4446,2019-08-19T13:00,19.2,56,0.0,21.1,240,1017.5,26
Charleroi,50.4108,4.4446,2019-08-19T14:00,19.5,54,0.1,22.2,241,1017.7,45
Charleroi,50.4108,4.4446,2019-08-19T15:00,19.6,54,0.0,22.4,246,1017.8,45
Charleroi,50.4108,4.4446,2019-08-19T16:00,19.5,53,0.0,22.1,251,1018.0,41
Charleroi,50.4108,4.4446,2019-08-19T17:00,19.1,54,0.0,19.7,255,1018.3,45
Charleroi,50.4108,4.4446,2019-08-19T18:00,18.2,60,0.0,16.8,260,1018.6,41
Charleroi,50.4108,4.4446,2019-08-19T19:00,17.4,65,0.0,12.8,254,1018.9,37
Charleroi,50.4108,4.4446,2019-08-19T20:00,16.1,68,0.0,11.4,259,1019.1,71
Charleroi,50.4108,4.4446,2019-08-19T21:00,14.9,73,0.0,9.7,243,1019.7,37
Charleroi,50.4108,4.4446,2019-08-19T22:00,13.6,79,0.0,9.4,230,1020.1,86
Charleroi,50.4108,4.4446,2019-08-19T23:00,12.9,80,0.0,10.0,221,1020.6,64
Charleroi,50.4108,4.4446,2019-08-20T00:00,12.5,82,0.0,11.0,221,1021.1,6
Charleroi,50.4108,4.4446,2019-08-20T01:00,12.5,83,0.0,10.7,220,1021.3,2
Charleroi,50.4108,4.4446,2019-08-20T02:00,11.9,86,0.0,10.7,220,1021.5,0
Charleroi,50.4108,4.4446,2019-08-20T03:00,11.4,89,0.0,9.5,233,1021.3,0
Charleroi,50.4108,4.4446,2019-08-20T04:00,11.1,91,0.0,8.7,222,1021.4,65
Charleroi,50.4108,4.4446,2019-08-20T05:00,11.0,91,0.0,8.9,220,1021.5,9
Charleroi,50.4108,4.4446,2019-08-20T06:00,11.1,92,0.0,10.2,225,1021.9,8
Charleroi,50.4108,4.4446,2019-08-20T07:00,13.1,87,0.0,13.9,233,1022.5,11
Charleroi,50.4108,4.4446,2019-08-20T08:00,15.0,83,0.0,13.4,246,1022.8,13
Charleroi,50.4108,4.4446,2019-08-20T09:00,16.5,77,0.0,13.9,249,1022.8,50
Charleroi,50.4108,4.4446,2019-08-20T10:00,17.8,65,0.1,16.6,257,1022.8,29
Charleroi,50.4108,4.4446,2019-08-20T11:00,18.5,57,0.1,19.4,260,1023.2,31
Charleroi,50.4108,4.4446,2019-08-20T12:00,19.0,53,0.0,18.2,262,1023.2,27
Charleroi,50.4108,4.4446,2019-08-20T13:00,19.1,56,0.0,16.9,268,1023.3,33
Charleroi,50.4108,4.4446,2019-08-20T14:00,19.8,52,0.0,16.6,265,1023.6,35
Charleroi,50.4108,4.4446,2019-08-20T15:00,19.6,52,0.0,16.9,269,1023.7,24
Charleroi,50.4108,4.4446,2019-08-20T16:00,19.7,50,0.0,14.8,264,1024.1,27
Charleroi,50.4108,4.4446,2019-08-20T17:00,19.6,48,0.0,14.6,261,1024.2,21
Charleroi,50.4108,4.4446,2019-08-20T18:00,18.6,56,0.0,14.7,292,1024.6,47
Charleroi,50.4108,4.4446,2019-08-20T19:00,17.0,66,0.0,10.7,290,1025.3,45
Charleroi,50.4108,4.4446,2019-08-20T20:00,15.4,70,0.0,8.7,263,1025.8,32
Charleroi,50.4108,4.4446,2019-08-20T21:00,14.4,74,0.0,8.3,275,1026.2,14
Charleroi,50.4108,4.4446,2019-08-20T22:00,13.6,77,0.0,8.7,277,1026.8,10
Charleroi,50.4108,4.4446,2019-08-20T23:00,12.1,82,0.0,6.8,273,1027.3,8
Charleroi,50.4108,4.4446,2019-08-21T00:00,11.1,88,0.0,6.5,270,1027.6,0
Charleroi,50.4108,4.4446,2019-08-21T01:00,10.6,88,0.0,6.5,236,1028.0,0
Charleroi,50.4108,4.4446,2019-08-21T02:00,9.9,90,0.0,5.6,230,1027.8,14
Charleroi,50.4108,4.4446,2019-08-21T03:00,9.4,91,0.0,6.0,237,1027.9,1
Charleroi,50.4108,4.4446,2019-08-21T04:00,8.6,93,0.0,7.1,225,1028.0,0
Charleroi,50.4108,4.4446,2019-08-21T05:00,8.3,93,0.0,5.5,203,1028.1,0
Charleroi,50.4108,4.4446,2019-08-21T06:00,8.4,93,0.0,4.5,194,1028.2,0
Charleroi,50.4108,4.4446,2019-08-21T07:00,11.2,86,0.0,3.4,198,1028.5,0
Charleroi,50.4108,4.4446,2019-08-21T08:00,14.1,78,0.0,1.6,207,1028.9,0
Charleroi,50.4108,4.4446,2019-08-21T09:00,16.1,71,0.0,1.5,135,1028.8,0
Charleroi,50.4108,4.4446,2019-08-21T10:00,17.6,66,0.0,0.7,180,1028.9,72
Charleroi,50.4108,4.4446,2019-08-21T11:00,18.7,57,0.0,0.4,360,1028.6,79
Charleroi,50.4108,4.4446,2019-08-21T12:00,19.5,52,0.0,1.8,360,1028.3,97
Charleroi,50.4108,4.4446,2019-08-21T13:00,20.2,50,0.0,2.2,90,1027.7,96
Charleroi,50.4108,4.4446,2019-08-21T14:00,21.0,48,0.0,2.5,98,1027.2,97
Charleroi,50.4108,4.4446,2019-08-21T15:00,21.4,46,0.0,3.3,96,1027.1,98
Charleroi,50.4108,4.4446,2019-08-21T16:00,21.4,46,0.0,3.0,76,1026.7,94
Charleroi,50.4108,4.4446,2019-08-21T17:00,21.1,46,0.0,4.8,63,1026.3,97
Charleroi,50.4108,4.4446,2019-08-21T18:00,20.6,51,0.0,6.2,69,1025.9,37
Charleroi,50.4108,4.4446,2019-08-21T19:00,18.7,70,0.0,5.0,60,1026.0,0
Charleroi,50.4108,4.4446,2019-08-21T20:00,15.6,77,0.0,8.4,70,1026.1,0
Charleroi,50.4108,4.4446,2019-08-21T21:00,14.7,79,0.0,7.6,87,1026.1,0
Charleroi,50.4108,4.4446,2019-08-21T22:00,13.7,83,0.0,8.0,100,1026.2,0
Charleroi,50.4108,4.4446,2019-08-21T23:00,12.9,86,0.0,7.4,119,1026.4,0
Charleroi,50.4108,4.4446,2019-08-22T00:00,12.4,88,0.0,7.1,139,1026.3,0
Charleroi,50.4108,4.4446,2019-08-22T01:00,11.8,89,0.0,7.6,161,1025.8,0
Charleroi,50.4108,4.4446,2019-08-22T02:00,10.9,91,0.0,6.8,177,1025.5,0
Charleroi,50.4108,4.4446,2019-08-22T03:00,11.1,92,0.0,5.9,166,1025.4,0
Charleroi,50.4108,4.4446,2019-08-22T04:00,11.6,91,0.0,7.5,163,1025.1,4
Charleroi,50.4108,4.4446,2019-08-22T05:00,11.7,91,0.0,7.3,171,1025.2,7
Charleroi,50.4108,4.4446,2019-08-22T06:00,12.1,88,0.0,8.3,178,1025.1,5
Charleroi,50.4108,4.4446,2019-08-22T07:00,14.2,79,0.0,10.0,201,1025.4,9
Charleroi,50.4108,4.4446,2019-08-22T08:00,16.8,70,0.0,8.4,223,1025.8,13
Charleroi,50.4108,4.4446,2019-08-22T09:00,18.8,64,0.0,7.8,236,1026.1,11
Charleroi,50.4108,4.4446,2019-08-22T10:00,20.1,59,0.0,8.0,265,1026.1,14
Charleroi,50.4108,4.4446,2019-08-22T11:00,20.8,56,0.0,8.4,280,1026.2,46
Charleroi,50.4108,4.4446,2019-08-22T12:00,21.5,53,0.0,8.3,275,1026.0,56
Charleroi,50.4108,4.4446,2019-08-22T13:00,22.4,49,0.0,7.2,270,1025.9,53
Charleroi,50.4108,4.4446,2019-08-22T14:00,23.0,48,0.0,7.2,264,1025.7,73
Charleroi,50.4108,4.4446,2019-08-22T15:00,23.1,47,0.0,8.3,268,1025.2,10
Charleroi,50.4108,4.4446,2019-08-22T16:00,23.1,47,0.0,8.3,272,1025.0,0
Charleroi,50.4108,4.4446,2019-08-22T17:00,22.8,48,0.0,8.5,282,1025.1,0
Charleroi,50.4108,4.4446,2019-08-22T18:00,21.8,53,0.0,9.7,301,1024.8,0
Charleroi,50.4108,4.4446,2019-08-22T19:00,19.8,67,0.0,5.6,297,1025.1,0
Charleroi,50.4108,4.4446,2019-08-22T20:00,16.5,77,0.0,9.9,303,1025.4,0
Charleroi,50.4108,4.4446,2019-08-22T21:00,15.5,80,0.0,9.4,313,1025.9,0
Charleroi,50.4108,4.4446,2019-08-22T22:00,14.9,78,0.0,7.3,303,1026.1,0
Charleroi,50.4108,4.4446,2019-08-22T23:00,13.5,79,0.0,8.2,293,1026.4,0
Charleroi,50.4108,4.4446,2019-08-23T00:00,12.6,82,0.0,7.6,273,1026.4,0
Charleroi,50.4108,4.4446,2019-08-23T01:00,14.8,75,0.0,2.0,225,1026.5,0
Charleroi,50.4108,4.4446,2019-08-23T02:00,14.4,77,0.0,3.4,252,1026.4,0
Charleroi,50.4108,4.4446,2019-08-23T03:00,14.2,79,0.0,3.4,108,1026.2,0
Charleroi,50.4108,4.4446,2019-08-23T04:00,12.6,85,0.0,5.5,113,1026.0,0
Charleroi,50.4108,4.4446,2019-08-23T05:00,12.1,86,0.0,6.5,109,1025.9,0
Charleroi,50.4108,4.4446,2019-08-23T06:00,11.4,89,0.0,8.3,108,1025.8,0
Charleroi,50.4108,4.4446,2019-08-23T07:00,14.4,82,0.0,6.8,115,1025.7,0
Charleroi,50.4108,4.4446,2019-08-23T08:00,17.0,74,0.0,3.6,90,1025.8,9
Charleroi,50.4108,4.4446,2019-08-23T09:00,19.4,65,0.0,4.7,67,1025.8,85
Charleroi,50.4108,4.4446,2019-08-23T10:00,21.1,59,0.0,7.0,55,1025.6,89
Charleroi,50.4108,4.4446,2019-08-23T11:00,22.5,55,0.0,7.6,59,1025.6,86
Charleroi,50.4108,4.4446,2019-08-23T12:00,23.8,53,0.0,7.6,59,1025.1,83
Charleroi,50.4108,4.4446,2019-08-23T13:00,24.9,49,0.0,7.8,68,1024.7,61
Charleroi,50.4108,4.4446,2019-08-23T14:00,25.6,46,0.0,7.9,66,1024.3,64
Charleroi,50.4108,4.4446,2019-08-23T15:00,25.9,45,0.0,8.7,60,1023.8,94
Charleroi,50.4108,4.4446,2019-08-23T16:00,25.8,46,0.0,10.4,56,1023.3,97
Charleroi,50.4108,4.4446,2019-08-23T17:00,25.4,48,0.0,11.6,54,1023.1,91
Charleroi,50.4108,4.4446,2019-08-23T18:00,24.5,54,0.0,11.2,50,1022.8,93
Charleroi,50.4108,4.4446,2019-08-23T19:00,22.5,62,0.0,8.8,55,1022.4,97
Charleroi,50.4108,4.4446,2019-08-23T20:00,20.3,67,0.0,9.3,62,1022.5,91
Charleroi,50.4108,4.4446,2019-08-23T21:00,19.5,67,0.0,10.5,74,1022.4,30
Charleroi,50.4108,4.4446,2019-08-23T22:00,18.7,66,0.0,11.0,79,1022.2,3
Charleroi,50.4108,4.4446,2019-08-23T23:00,17.8,69,0.0,10.1,88,1022.0,0
Charleroi,50.4108,4.4446,2019-08-24T00:00,16.4,76,0.0,8.1,103,1022.0,0
Charleroi,50.4108,4.4446,2019-08-24T01:00,15.0,83,0.0,7.2,93,1022.0,0
Charleroi,50.4108,4.4446,2019-08-24T02:00,14.4,86,0.0,7.2,108,1021.6,20
Charleroi,50.4108,4.4446,2019-08-24T03:00,14.0,86,0.0,7.3,110,1021.2,15
Charleroi,50.4108,4.4446,2019-08-24T04:00,13.6,84,0.0,7.1,120,1021.1,2
Charleroi,50.4108,4.4446,2019-08-24T05:00,13.1,82,0.0,7.1,131,1020.9,0
Charleroi,50.4108,4.4446,2019-08-24T06:00,13.5,78,0.0,7.9,133,1020.8,0
Charleroi,50.4108,4.4446,2019-08-24T07:00,16.0,69,0.0,9.9,134,1020.7,0
Charleroi,50.4108,4.4446,2019-08-24T08:00,19.4,61,0.0,9.7,135,1020.7,0
Charleroi,50.4108,4.4446,2019-08-24T09:00,22.5,55,0.0,7.6,135,1020.8,0
Charleroi,50.4108,4.4446,2019-08-24T10:00,24.7,49,0.0,7.9,137,1020.6,0
Charleroi,50.4108,4.4446,2019-08-24T11:00,26.0,44,0.0,8.4,137,1020.6,0
Charleroi,50.4108,4.4446,2019-08-24T12:00,26.8,41,0.0,7.3,123,1020.2,0
Charleroi,50.4108,4.4446,2019-08-24T13:00,27.2,39,0.0,8.0,117,1019.8,0
Charleroi,50.4108,4.4446,2019-08-24T14:00,27.8,40,0.0,7.2,117,1019.5,40
Charleroi,50.4108,4.4446,2019-08-24T15:00,28.1,41,0.0,6.4,117,1019.0,74
Charleroi,50.4108,4.4446,2019-08-24T16:00,28.1,42,0.0,5.8,112,1018.5,30
Charleroi,50.4108,4.4446,2019-08-24T17:00,28.0,42,0.0,5.9,104,1018.4,1
Charleroi,50.4108,4.4446,2019-08-24T18:00,27.3,50,0.0,4.8,77,1018.2,14
Charleroi,50.4108,4.4446,2019-08-24T19:00,24.4,63,0.0,6.2,69,1017.9,22
Charleroi,50.4108,4.4446,2019-08-24T20:00,21.6,67,0.0,8.0,95,1018.0,32
Charleroi,50.4108,4.4446,2019-08-24T21:00,20.4,67,0.0,8.2,105,1018.2,33
Charleroi,50.4108,4.4446,2019-08-24T22:00,19.3,66,0.0,7.9,120,1018.2,32
Charleroi,50.4108,4.4446,2019-08-24T23:00,17.9,71,0.0,7.5,145,1018.2,8
Charleroi,50.4108,4.4446,2019-08-25T00:00,17.0,78,0.0,7.1,156,1018.2,48
Charleroi,50.4108,4.4446,2019-08-25T01:00,17.4,82,0.0,6.1,177,1018.1,85
Charleroi,50.4108,4.4446,2019-08-25T02:00,17.1,83,0.0,5.1,176,1018.0,92
Charleroi,50.4108,4.4446,2019-08-25T03:00,16.3,87,0.0,3.9,158,1018.0,96
Charleroi,50.4108,4.4446,2019-08-25T04:00,15.4,91,0.0,6.7,144,1018.0,69
Charleroi,50.4108,4.4446,2019-08-25T05:00,15.5,84,0.0,6.3,149,1018.1,60
Charleroi,50.4108,4.4446,2019-08-25T06:00,15.4,77,0.0,6.1,152,1017.8,4
Charleroi,50.4108,4.4446,2019-08-25T07:00,17.5,69,0.0,7.6,149,1018.1,25
Charleroi,50.4108,4.4446,2019-08-25T08:00,20.5,64,0.0,6.2,144,1018.5,52
Charleroi,50.4108,4.4446,2019-08-25T09:00,23.5,60,0.0,3.7,151,1018.9,56
Charleroi,50.4108,4.4446,2019-08-25T10:00,26.0,54,0.0,1.8,143,1019.0,63
Charleroi,50.4108,4.4446,2019-08-25T11:00,27.6,46,0.0,2.5,82,1019.0,72
Charleroi,50.4108,4.4446,2019-08-25T12:00,28.4,44,0.0,3.6,90,1018.7,80
Charleroi,50.4108,4.4446,2019-08-25T13:00,28.4,43,0.0,5.6,140,1018.7,77
Charleroi,50.4108,4.4446,2019-08-25T14:00,28.9,42,0.0,4.3,156,1018.6,73
Charleroi,50.4108,4.4446,2019-08-25T15:00,29.2,40,0.0,3.2,180,1018.3,31
Charleroi,50.4108,4.4446,2019-08-25T16:00,29.2,38,0.0,2.9,240,1018.1,47
Charleroi,50.4108,4.4446,2019-08-25T17:00,29.0,38,0.0,3.9,304,1018.2,15
Charleroi,50.4108,4.4446,2019-08-25T18:00,27.9,48,0.0,5.4,360,1018.3,8
Charleroi,50.4108,4.4446,2019-08-25T19:00,25.3,61,0.0,6.9,51,1018.4,10
Charleroi,50.4108,4.4446,2019-08-25T20:00,22.9,61,0.0,7.9,87,1018.7,15
Charleroi,50.4108,4.4446,2019-08-25T21:00,21.2,65,0.0,6.9,96,1019.2,7
Charleroi,50.4108,4.4446,2019-08-25T22:00,20.0,66,0.0,7.6,115,1019.2,0
Charleroi,50.4108,4.4446,2019-08-25T23:00,18.8,67,0.0,8.9,133,1019.3,0
Charleroi,50.4108,4.4446,2019-08-26T00:00,17.7,70,0.0,8.5,152,1019.2,0
Charleroi,50.4108,4.4446,2019-08-26T01:00,18.4,60,0.0,6.6,131,1019.1,0
Charleroi,50.4108,4.4446,2019-08-26T02:00,18.5,57,0.0,5.6,130,1019.0,0
Charleroi,50.4108,4.4446,2019-08-26T03:00,17.5,62,0.0,5.9,137,1018.6,1
Charleroi,50.4108,4.4446,2019-08-26T04:00,16.4,67,0.0,6.9,141,1018.4,12
Charleroi,50.4108,4.4446,2019-08-26T05:00,15.6,72,0.0,6.6,158,1018.5,20
Charleroi,50.4108,4.4446,2019-08-26T06:00,15.0,79,0.0,5.7,162,1018.4,2
Charleroi,50.4108,4.4446,2019-08-26T07:00,17.5,73,0.0,5.2,164,1018.5,1
Charleroi,50.4108,4.4446,2019-08-26T08:00,21.5,68,0.0,4.1,142,1018.6,0
Charleroi,50.4108,4.4446,2019-08-26T09:00,25.0,55,0.0,1.1,108,1018.7,0
Charleroi,50.4108,4.4446,2019-08-26T10:00,27.2,50,0.0,1.1,18,1018.7,0
Charleroi,50.4108,4.4446,2019-08-26T11:00,28.5,45,0.0,3.9,34,1018.7,0
Charleroi,50.4108,4.4446,2019-08-26T12:00,29.2,42,0.0,4.3,42,1018.1,0
Charleroi,50.4108,4.4446,2019-08-26T13:00,29.2,42,0.0,7.4,39,1018.0,23
Charleroi,50.4108,4.4446,2019-08-26T14:00,29.6,42,0.0,4.7,58,1017.8,15
Charleroi,50.4108,4.4446,2019-08-26T15:00,29.8,41,0.0,3.3,49,1017.0,19
Charleroi,50.4108,4.4446,2019-08-26T16:00,29.8,41,0.0,3.7,29,1016.6,9
Charleroi,50.4108,4.4446,2019-08-26T17:00,29.5,42,0.0,5.4,20,1016.4,5
Charleroi,50.4108,4.4446,2019-08-26T18:00,28.6,47,0.0,7.4,14,1016.2,3
Charleroi,50.4108,4.4446,2019-08-26T19:00,26.2,58,0.0,6.6,9,1016.0,2
Charleroi,50.4108,4.4446,2019-08-26T20:00,23.1,68,0.0,9.2,45,1016.2,2
Charleroi,50.4108,4.4446,2019-08-26T21:00,22.0,74,0.0,9.4,90,1016.5,2
Charleroi,50.4108,4.4446,2019-08-26T22:00,21.0,79,0.0,9.5,101,1016.4,3
Charleroi,50.4108,4.4446,2019-08-26T23:00,20.3,82,0.0,7.5,125,1016.6,3
Charleroi,50.4108,4.4446,2019-08-27T00:00,19.6,85,0.0,7.1,139,1016.3,3
Charleroi,50.4108,4.4446,2019-08-27T01:00,20.0,82,0.0,9.4,90,1016.2,3
Charleroi,50.4108,4.4446,2019-08-27T02:00,19.5,84,0.0,9.2,111,1015.7,0
Charleroi,50.4108,4.4446,2019-08-27T03:00,19.0,87,0.0,7.9,93,1015.7,0
Charleroi,50.4108,4.4446,2019-08-27T04:00,18.2,90,0.0,7.6,98,1015.4,0
Charleroi,50.4108,4.4446,2019-08-27T05:00,17.6,92,0.0,8.4,110,1015.3,0
Charleroi,50.4108,4.4446,2019-08-27T06:00,18.5,90,0.0,8.5,152,1015.3,4
Charleroi,50.4108,4.4446,2019-08-27T07:00,21.1,74,0.0,8.7,138,1015.1,7
Charleroi,50.4108,4.4446,2019-08-27T08:00,23.9,61,0.0,10.4,160,1015.4,3
Charleroi,50.4108,4.4446,2019-08-27T09:00,26.1,53,0.0,8.3,180,1015.5,0
Charleroi,50.4108,4.4446,2019-08-27T10:00,28.5,45,0.0,5.8,202,1015.4,0
Charleroi,50.4108,4.4446,2019-08-27T11:00,30.2,38,0.0,4.4,235,1015.3,0
Charleroi,50.4108,4.4446,2019-08-27T12:00,31.3,31,0.0,4.4,261,1014.8,8
Charleroi,50.4108,4.4446,2019-08-27T13:00,31.0,32,0.0,6.1,230,1014.8,29
Charleroi,50.4108,4.4446,2019-08-27T14:00,31.5,31,0.0,7.7,217,1014.3,44
Charleroi,50.4108,4.4446,2019-08-27T15:00,31.6,29,0.0,9.1,214,1013.9,51
Charleroi,50.4108,4.4446,2019-08-27T16:00,31.1,30,0.0,10.0,210,1013.6,78
Charleroi,50.4108,4.4446,2019-08-27T17:00,30.5,33,0.0,9.6,214,1013.4,73
Charleroi,50.4108,4.4446,2019-08-27T18:00,29.5,41,0.0,6.6,225,1013.5,85
Charleroi,50.4108,4.4446,2019-08-27T19:00,26.3,57,0.0,6.4,207,1013.5,96
Charleroi,50.4108,4.4446,2019-08-27T20:00,23.9,62,0.0,7.6,185,1013.7,98
Charleroi,50.4108,4.4446,2019-08-27T21:00,23.6,58,0.0,4.6,162,1013.8,99
Charleroi,50.4108,4.4446,2019-08-27T22:00,23.1,56,0.0,5.8,150,1013.8,97
Charleroi,50.4108,4.4446,2019-08-27T23:00,22.6,55,0.0,9.5,151,1013.8,99
Charleroi,50.4108,4.4446,2019-08-28T00:00,22.7,54,0.0,10.7,160,1013.8,91
Charleroi,50.4108,4.4446,2019-08-28T01:00,21.1,61,0.0,7.4,219,1013.9,36
Charleroi,50.4108,4.4446,2019-08-28T02:00,20.7,62,0.0,7.8,193,1013.8,71
Charleroi,50.4108,4.4446,2019-08-28T03:00,21.4,56,0.0,12.3,201,1013.6,87
Charleroi,50.4108,4.4446,2019-08-28T04:00,20.7,58,0.0,13.8,223,1013.9,6
Charleroi,50.4108,4.4446,2019-08-28T05:00,19.8,65,0.0,14.2,246,1014.3,5
Charleroi,50.4108,4.4446,2019-08-28T06:00,19.0,73,0.0,9.0,241,1014.5,56
Charleroi,50.4108,4.4446,2019-08-28T07:00,20.4,68,0.0,9.2,219,1014.5,68
Charleroi,50.4108,4.4446,2019-08-28T08:00,22.4,61,0.0,11.0,218,1014.7,6
Charleroi,50.4108,4.4446,2019-08-28T09:00,24.4,55,0.0,12.2,236,1014.8,58
Charleroi,50.4108,4.4446,2019-08-28T10:00,25.5,52,0.0,11.6,244,1014.9,95
Charleroi,50.4108,4.4446,2019-08-28T11:00,26.6,51,0.0,10.8,240,1015.1,98
Charleroi,50.4108,4.4446,2019-08-28T12:00,27.1,52,0.0,11.0,259,1014.9,90
Charleroi,50.4108,4.4446,2019-08-28T13:00,27.4,48,0.0,9.7,228,1015.1,92
Charleroi,50.4108,4.4446,2019-08-28T14:00,28.0,46,0.0,10.4,236,1014.6,97
Charleroi,50.4108,4.4446,2019-08-28T15:00,28.1,45,0.0,11.9,245,1014.3,99
Charleroi,50.4108,4.4446,2019-08-28T16:00,27.9,44,0.0,11.9,245,1014.2,98
Charleroi,50.4108,4.4446,2019-08-28T17:00,27.0,46,0.0,13.2,253,1014.5,98
Charleroi,50.4108,4.4446,2019-08-28T18:00,25.9,53,0.0,8.3,236,1014.5,99
Charleroi,50.4108,4.4446,2019-08-28T19:00,24.8,61,0.0,4.5,256,1014.7,98
Charleroi,50.4108,4.4446,2019-08-28T20:00,23.1,70,0.1,7.2,273,1015.3,100
Charleroi,50.4108,4.4446,2019-08-28T21:00,21.2,81,0.6,15.9,295,1015.9,86
Charleroi,50.4108,4.4446,2019-08-28T22:00,19.2,91,1.5,11.9,295,1016.4,81
Charleroi,50.4108,4.4446,2019-08-28T23:00,18.5,91,1.6,8.8,279,1016.7,72
Charleroi,50.4108,4.4446,2019-08-29T00:00,18.1,92,1.6,10.7,258,1017.1,99
Charleroi,50.4108,4.4446,2019-08-29T01:00,18.1,90,0.4,5.7,288,1017.1,100
Charleroi,50.4108,4.4446,2019-08-29T02:00,17.4,94,0.0,5.3,298,1017.4,55
Charleroi,50.4108,4.4446,2019-08-29T03:00,17.0,95,0.0,5.2,286,1017.3,45
Charleroi,50.4108,4.4446,2019-08-29T04:00,16.7,96,0.0,4.4,279,1017.4,43
Charleroi,50.4108,4.4446,2019-08-29T05:00,16.5,97,0.0,4.3,270,1017.7,91
Charleroi,50.4108,4.4446,2019-08-29T06:00,16.8,97,0.0,4.0,260,1018.0,80
Charleroi,50.4108,4.4446,2019-08-29T07:00,17.5,92,0.0,6.0,237,1018.5,97
Charleroi,50.4108,4.4446,2019-08-29T08:00,18.4,85,0.0,7.3,250,1019.0,100
Charleroi,50.4108,4.4446,2019-08-29T09:00,18.8,79,0.0,10.3,258,1019.3,75
Charleroi,50.4108,4.4446,2019-08-29T10:00,19.9,75,0.0,14.4,267,1019.9,98
Charleroi,50.4108,4.4446,2019-08-29T11:00,19.5,77,0.0,15.5,271,1020.4,99
Charleroi,50.4108,4.4446,2019-08-29T12:00,19.5,74,0.0,14.9,262,1020.6,100
Charleroi,50.4108,4.4446,2019-08-29T13:00,19.1,72,0.0,14.1,257,1021.5,99
Charleroi,50.4108,4.4446,2019-08-29T14:00,20.2,66,0.0,15.5,252,1021.5,100
Charleroi,50.4108,4.4446,2019-08-29T15:00,21.1,59,0.0,13.8,261,1020.9,100
Charleroi,50.4108,4.4446,2019-08-29T16:00,21.1,57,0.0,15.5,271,1020.8,96
Charleroi,50.4108,4.4446,2019-08-29T17:00,20.8,57,0.0,13.3,268,1021.0,1
Charleroi,50.4108,4.4446,2019-08-29T18:00,20.3,56,0.0,10.9,261,1021.2,4
Charleroi,50.4108,4.4446,2019-08-29T19:00,18.4,69,0.0,5.1,266,1021.5,2
Charleroi,50.4108,4.4446,2019-08-29T20:00,15.9,77,0.0,8.4,245,1021.8,1
Charleroi,50.4108,4.4446,2019-08-29T21:00,15.4,77,0.0,6.4,243,1022.2,1
Charleroi,50.4108,4.4446,2019-08-29T22:00,15.4,74,0.0,10.7,256,1022.3,0
Charleroi,50.4108,4.4446,2019-08-29T23:00,14.0,82,0.0,8.1,283,1022.8,0
Charleroi,50.4108,4.4446,2019-08-30T00:00,12.3,93,0.0,5.4,274,1023.0,0
Charleroi,50.4108,4.4446,2019-08-30T01:00,13.6,88,0.0,3.5,294,1023.3,0
Charleroi,50.4108,4.4446,2019-08-30T02:00,13.2,89,0.0,0.8,243,1023.2,0
Charleroi,50.4108,4.4446,2019-08-30T03:00,10.9,96,0.0,3.9,248,1023.5,0
Charleroi,50.4108,4.4446,2019-08-30T04:00,10.5,96,0.0,5.2,236,1023.5,0
Charleroi,50.4108,4.4446,2019-08-30T05:00,10.1,96,0.0,5.4,233,1023.5,3
Charleroi,50.4108,4.4446,2019-08-30T06:00,9.6,96,0.0,5.2,236,1023.7,0
Charleroi,50.4108,4.4446,2019-08-30T07:00,11.4,90,0.0,8.1,249,1023.9,5
Charleroi,50.4108,4.4446,2019-08-30T08:00,13.8,82,0.0,6.5,267,1024.4,1
Charleroi,50.4108,4.4446,2019-08-30T09:00,15.9,73,0.0,5.1,266,1024.4,46
Charleroi,50.4108,4.4446,2019-08-30T10:00,17.6,61,0.0,5.1,262,1024.4,64
Charleroi,50.4108,4.4446,2019-08-30T11:00,19.0,57,0.0,4.8,257,1024.3,79
Charleroi,50.4108,4.4446,2019-08-30T12:00,20.1,56,0.0,5.2,258,1023.8,29
Charleroi,50.4108,4.4446,2019-08-30T13:00,21.5,49,0.0,5.4,266,1023.4,58
Charleroi,50.4108,4.4446,2019-08-30T14:00,22.4,45,0.0,4.5,256,1022.8,30
Charleroi,50.4108,4.4446,2019-08-30T15:00,22.9,43,0.0,5.4,270,1022.2,13
Charleroi,50.4108,4.4446,2019-08-30T16:00,22.9,42,0.0,5.2,282,1021.8,49
Charleroi,50.4108,4.4446,2019-08-30T17:00,22.6,42,0.0,5.0,300,1021.3,79
Charleroi,50.4108,4.4446,2019-08-30T18:00,21.8,48,0.0,5.9,322,1020.9,91
Charleroi,50.4108,4.4446,2019-08-30T19:00,18.9,68,0.0,6.2,350,1020.8,96
Charleroi,50.4108,4.4446,2019-08-30T20:00,16.8,71,0.0,8.0,8,1021.1,91
Charleroi,50.4108,4.4446,2019-08-30T21:00,18.4,59,0.0,5.9,11,1020.8,0
Charleroi,50.4108,4.4446,2019-08-30T22:00,17.8,60,0.0,3.9,56,1020.8,2
Charleroi,50.4108,4.4446,2019-08-30T23:00,14.3,75,0.0,5.6,117,1020.4,0
Charleroi,50.4108,4.4446,2019-08-31T00:00,13.4,78,0.0,6.6,119,1019.8,0
Charleroi,50.4108,4.4446,2019-08-31T01:00,13.1,81,0.0,7.2,143,1019.4,0
Charleroi,50.4108,4.4446,2019-08-31T02:00,12.1,86,0.0,7.6,149,1018.4,0
Charleroi,50.4108,4.4446,2019-08-31T03:00,11.8,88,0.0,6.3,149,1017.6,0
Charleroi,50.4108,4.4446,2019-08-31T04:00,12.0,87,0.0,7.4,166,1017.0,0
Charleroi,50.4108,4.4446,2019-08-31T05:00,12.1,86,0.0,6.9,174,1016.2,0
Charleroi,50.4108,4.4446,2019-08-31T06:00,12.1,82,0.0,7.6,180,1015.7,13
Charleroi,50.4108,4.4446,2019-08-31T07:00,15.4,69,0.0,8.3,178,1015.7,22
Charleroi,50.4108,4.4446,2019-08-31T08:00,19.2,58,0.0,9.0,175,1015.5,68
Charleroi,50.4108,4.4446,2019-08-31T09:00,22.1,50,0.0,7.8,167,1014.9,48
Charleroi,50.4108,4.4446,2019-08-31T10:00,24.4,41,0.0,7.3,160,1014.4,21
Charleroi,50.4108,4.4446,2019-08-31T11:00,26.3,38,0.0,6.7,144,1013.4,3
Charleroi,50.4108,4.4446,2019-08-31T12:00,27.6,38,0.0,9.5,143,1012.4,0
Charleroi,50.4108,4.4446,2019-08-31T13:00,27.9,44,0.0,12.1,163,1011.3,1
Charleroi,50.4108,4.4446,2019-08-31T14:00,29.9,39,0.0,16.9,182,1010.1,29
Charleroi,50.4108,4.4446,2019-08-31T15:00,29.8,37,0.0,22.6,194,1008.9,41
Charleroi,50.4108,4.4446,2019-08-31T16:00,28.8,44,0.0,20.0,203,1008.2,53
Charleroi,50.4108,4.4446,2019-08-31T17:00,28.0,46,0.0,21.0,232,1008.2,60
Charleroi,50.4108,4.4446,2019-08-31T18:00,26.0,57,0.0,17.3,275,1008.9,89
Charleroi,50.4108,4.4446,2019-08-31T19:00,24.0,56,0.0,25.7,281,1009.9,74
Charleroi,50.4108,4.4446,2019-08-31T20:00,20.0,67,0.0,20.5,285,1011.2,56
Charleroi,50.4108,4.4446,2019-08-31T21:00,17.9,69,0.0,17.1,277,1011.7,56
Charleroi,50.4108,4.4446,2019-08-31T22:00,16.5,72,0.0,15.2,277,1012.1,99
Charleroi,50.4108,4.4446,2019-08-31T23:00,16.5,74,0.0,13.7,270,1012.7,99
Charleroi,50.4108,4.4446,2019-09-01T00:00,15.9,78,0.0,13.0,264,1012.8,89
Charleroi,50.4108,4.4446,2019-09-01T01:00,14.3,89,0.0,9.0,241,1013.5,37
Charleroi,50.4108,4.4446,2019-09-01T02:00,13.9,92,0.0,10.7,237,1013.7,100
Charleroi,50.4108,4.4446,2019-09-01T03:00,14.6,88,0.0,12.1,243,1013.6,100
Charleroi,50.4108,4.4446,2019-09-01T04:00,15.6,85,0.0,13.7,256,1013.6,99
Charleroi,50.4108,4.4446,2019-09-01T05:00,14.7,89,0.0,12.3,265,1013.8,100
Charleroi,50.4108,4.4446,2019-09-01T06:00,14.0,90,0.0,10.9,262,1013.9,100
Charleroi,50.4108,4.4446,2019-09-01T07:00,14.3,87,0.0,10.7,258,1014.5,100
Charleroi,50.4108,4.4446,2019-09-01T08:00,14.9,83,0.0,9.2,259,1015.2,100
Charleroi,50.4108,4.4446,2019-09-01T09:00,16.0,78,0.0,8.3,275,1015.8,100
Charleroi,50.4108,4.4446,2019-09-01T10:00,16.5,74,0.0,10.2,280,1016.1,100
Charleroi,50.4108,4.4446,2019-09-01T11:00,17.2,68,0.1,10.6,280,1016.7,95
Charleroi,50.4108,4.4446,2019-09-01T12:00,18.1,59,0.0,12.5,282,1016.7,65
Charleroi,50.4108,4.4446,2019-09-01T13:00,18.8,50,0.0,12.1,293,1017.2,51
Charleroi,50.4108,4.4446,2019-09-01T14:00,19.8,46,0.0,12.5,288,1017.1,28
Charleroi,50.4108,4.4446,2019-09-01T15:00,19.8,44,0.0,14.7,292,1017.1,61
Charleroi,50.4108,4.4446,2019-09-01T16:00,19.5,44,0.0,14.5,297,1017.1,53
Charleroi,50.4108,4.4446,2019-09-01T17:00,19.0,46,0.0,13.9,295,1017.3,70
Charleroi,50.4108,4.4446,2019-09-01T18:00,18.3,48,0.0,11.1,306,1017.7,68
Charleroi,50.4108,4.4446,2019-09-01T19:00,17.4,53,0.0,8.3,326,1018.0,60
Charleroi,50.4108,4.4446,2019-09-01T20:00,16.1,58,0.0,10.3,335,1019.0,40
Charleroi,50.4108,4.4446,2019-09-01T21:00,14.8,64,0.0,6.1,332,1019.9,33
Charleroi,50.4108,4.4446,2019-09-01T22:00,13.6,70,0.0,5.1,321,1020.4,32
Charleroi,50.4108,4.4446,2019-09-01T23:00,12.6,75,0.0,5.4,312,1021.0,23
Leuven,50.8798,4.7005,2019-08-01T00:00,15.6,76,0.0,11.1,205,1017.0,74
Leuven,50.8798,4.7005,2019-08-01T01:00,16.1,75,0.0,11.3,211,1017.2,69
Leuven,50.8798,4.7005,2019-08-01T02:00,15.6,78,0.0,11.6,206,1017.6,84
Leuven,50.8798,4.7005,2019-08-01T03:00,15.4,80,0.0,12.4,206,1017.3,84
Leuven,50.8798,4.7005,2019-08-01T04:00,15.6,79,0.0,13.9,211,1016.8,66
Leuven,50.8798,4.7005,2019-08-01T05:00,16.5,75,0.0,14.8,214,1016.8,93
Leuven,50.8798,4.7005,2019-08-01T06:00,16.6,76,0.0,14.8,223,1016.9,71
Leuven,50.8798,4.7005,2019-08-01T07:00,17.1,78,0.0,14.0,226,1016.9,42
Leuven,50.8798,4.7005,2019-08-01T08:00,18.2,77,0.0,19.8,245,1017.1,83
Leuven,50.8798,4.7005,2019-08-01T09:00,19.5,72,0.0,16.9,241,1017.0,100
Leuven,50.8798,4.7005,2019-08-01T10:00,19.6,72,0.0,14.9,238,1017.1,100
Leuven,50.8798,4.7005,2019-08-01T11:00,20.8,69,0.0,15.9,242,1017.2,35
Leuven,50.8798,4.7005,2019-08-01T12:00,21.6,63,0.1,16.1,254,1016.9,26
Leuven,50.8798,4.7005,2019-08-01T13:00,23.0,55,0.0,15.1,258,1016.8,24
Leuven,50.8798,4.7005,2019-08-01T14:00,23.2,53,0.1,16.0,261,1016.8,55
Leuven,50.8798,4.7005,2019-08-01T15:00,23.4,53,0.2,15.8,269,1016.6,61
Leuven,50.8798,4.7005,2019-08-01T16:00,22.7,57,0.2,14.4,266,1016.5,72
Leuven,50.8798,4.7005,2019-08-01T17:00,22.7,54,0.1,12.4,280,1016.3,75
Leuven,50.8798,4.7005,2019-08-01T18:00,22.0,57,0.0,12.8,310,1016.3,43
Leuven,50.8798,4.7005,2019-08-01T19:00,21.0,64,0.0,9.9,327,1016.2,22
Leuven,50.8798,4.7005,2019-08-01T20:00,19.5,78,0.0,4.8,312,1016.6,25
Leuven,50.8798,4.7005,2019-08-01T21:00,17.9,83,0.0,7.3,303,1016.9,42
Leuven,50.8798,4.7005,2019-08-01T22:00,17.2,85,0.0,6.1,315,1016.9,47
Leuven,50.8798,4.7005,2019-08-01T23:00,16.9,84,0.0,6.9,332,1016.8,49
Leuven,50.8798,4.7005,2019-08-02T00:00,15.2,92,0.0,7.5,305,1016.8,64
Leuven,50.8798,4.7005,2019-08-02T01:00,14.9,93,0.0,6.6,292,1016.8,68
Leuven,50.8798,4.7005,2019-08-02T02:00,14.4,94,0.0,6.5,289,1016.6,55
Leuven,50.8798,4.7005,2019-08-02T03:00,14.1,94,0.0,6.5,264,1016.5,4
Leuven,50.8798,4.7005,2019-08-02T04:00,14.2,94,0.0,5.8,248,1016.6,17
Leuven,50.8798,4.7005,2019-08-02T05:00,14.2,94,0.0,6.4,243,1016.5,15
Leuven,50.8798,4.7005,2019-08-02T06:00,14.9,92,0.0,8.9,243,1016.3,12
Leuven,50.8798,4.7005,2019-08-02T07:00,16.5,86,0.0,8.5,258,1016.2,9
Leuven,50.8798,4.7005,2019-08-02T08:00,18.4,82,0.0,8.6,270,1016.3,11
Leuven,50.8798,4.7005,2019-08-02T09:00,20.0,72,0.1,14.2,279,1016.1,26
Leuven,50.8798,4.7005,2019-08-02T10:00,20.9,66,0.0,15.7,281,1016.2,27
Leuven,50.8798,4.7005,2019-08-02T11:00,21.2,63,0.2,18.4,287,1016.2,47
Leuven,50.8798,4.7005,2019-08-02T12:00,21.5,62,0.1,19.2,287,1015.9,40
Leuven,50.8798,4.7005,2019-08-02T13:00,20.0,72,0.1,23.0,297,1016.8,50
Leuven,50.8798,4.7005,2019-08-02T14:00,21.0,76,0.1,19.0,285,1016.4,35
Leuven,50.8798,4.7005,2019-08-02T15:00,20.5,73,0.2,22.9,294,1016.3,54
Leuven,50.8798,4.7005,2019-08-02T16:00,20.8,74,0.1,21.1,300,1016.1,73
Leuven,50.8798,4.7005,2019-08-02T17:00,20.5,71,0.2,21.8,308,1015.9,38
Leuven,50.8798,4.7005,2019-08-02T18:00,20.5,68,0.0,22.9,312,1015.8,22
Leuven,50.8798,4.7005,2019-08-02T19:00,20.0,70,0.0,20.9,314,1015.9,27
Leuven,50.8798,4.7005,2019-08-02T20:00,18.9,77,0.0,18.3,315,1016.3,39
Leuven,50.8798,4.7005,2019-08-02T21:00,18.0,83,0.1,16.6,318,1016.8,28
Leuven,50.8798,4.7005,2019-08-02T22:00,17.4,87,0.0,15.1,322,1017.0,48
Leuven,50.8798,4.7005,2019-08-02T23:00,17.1,89,0.0,13.9,323,1017.1,39
Leuven,50.8798,4.7005,2019-08-03T00:00,16.6,93,0.0,12.4,324,1017.2,37
Leuven,50.8798,4.7005,2019-08-03T01:00,16.1,96,0.0,10.5,322,1017.5,23
Leuven,50.8798,4.7005,2019-08-03T02:00,15.8,96,0.0,9.2,318,1017.5,26
Leuven,50.8798,4.7005,2019-08-03T03:00,15.6,97,0.0,9.4,320,1017.6,37
Leuven,50.8798,4.7005,2019-08-03T04:00,15.4,97,0.0,9.4,328,1017.5,31
Leuven,50.8798,4.7005,2019-08-03T05:00,14.9,97,0.0,7.9,330,1017.7,7
Leuven,50.8798,4.7005,2019-08-03T06:00,14.8,97,0.0,7.8,326,1018.0,19
Leuven,50.8798,4.7005,2019-08-03T07:00,16.1,90,0.0,10.7,340,1018.3,83
Leuven,50.8798,4.7005,2019-08-03T08:00,17.5,84,0.0,9.7,345,1018.5,72
Leuven,50.8798,4.7005,2019-08-03T09:00,19.0,73,0.1,9.8,343,1018.5,88
Leuven,50.8798,4.7005,2019-08-03T10:00,19.8,68,0.1,8.8,348,1018.5,74
Leuven,50.8798,4.7005,2019-08-03T11:00,20.5,63,0.1,8.0,350,1018.8,100
Leuven,50.8798,4.7005,2019-08-03T12:00,21.3,61,0.0,8.3,342,1018.6,100
Leuven,50.8798,4.7005,2019-08-03T13:00,20.3,65,0.1,9.8,354,1019.4,100
Leuven,50.8798,4.7005,2019-08-03T14:00,21.0,62,0.0,8.3,5,1019.2,89
Leuven,50.8798,4.7005,2019-08-03T15:00,21.4,61,0.0,9.4,7,1019.0,100
Leuven,50.8798,4.7005,2019-08-03T16:00,21.3,64,0.0,11.2,2,1018.6,97
Leuven,50.8798,4.7005,2019-08-03T17:00,21.6,62,0.1,8.3,5,1018.3,98
Leuven,50.8798,4.7005,2019-08-03T18:00,21.5,61,0.0,5.6,27,1018.1,98
Leuven,50.8798,4.7005,2019-08-03T19:00,21.2,63,0.0,3.1,36,1017.9,99
Leuven,50.8798,4.7005,2019-08-03T20:00,20.1,70,0.0,3.8,41,1017.9,98
Leuven,50.8798,4.7005,2019-08-03T21:00,18.1,81,0.0,6.9,51,1017.9,98
Leuven,50.8798,4.7005,2019-08-03T22:00,17.1,84,0.0,7.2,84,1017.9,98
Leuven,50.8798,4.7005,2019-08-03T23:00,16.3,88,0.0,7.8,103,1017.8,97
Leuven,50.8798,4.7005,2019-08-04T00:00,15.9,89,0.0,6.5,93,1017.7,98
Leuven,50.8798,4.7005,2019-08-04T01:00,15.9,90,0.0,6.2,97,1017.6,98
Leuven,50.8798,4.7005,2019-08-04T02:00,14.9,94,0.0,6.0,107,1017.4,80
Leuven,50.8798,4.7005,2019-08-04T03:00,14.2,96,0.0,6.1,118,1017.2,32
Leuven,50.8798,4.7005,2019-08-04T04:00,13.4,97,0.0,7.7,139,1017.3,0
Leuven,50.8798,4.7005,2019-08-04T05:00,13.1,97,0.0,7.3,123,1017.3,7
Leuven,50.8798,4.7005,2019-08-04T06:00,14.3,96,0.0,6.2,111,1017.1,63
Leuven,50.8798,4.7005,2019-08-04T07:00,16.6,86,0.0,7.0,111,1016.9,23
Leuven,50.8798,4.7005,2019-08-04T08:00,18.6,78,0.0,7.8,103,1016.8,12
Leuven,50.8798,4.7005,2019-08-04T09:00,20.6,69,0.0,8.8,109,1016.4,21
Leuven,50.8798,4.7005,2019-08-04T10:00,22.2,62,0.0,9.3,118,1016.0,47
Leuven,50.8798,4.7005,2019-08-04T11:00,23.5,57,0.0,7.5,125,1015.6,97
Leuven,50.8798,4.7005,2019-08-04T12:00,25.0,51,0.0,8.3,178,1015.1,100
Leuven,50.8798,4.7005,2019-08-04T13:00,25.4,50,0.0,6.4,153,1015.0,91
Leuven,50.8798,4.7005,2019-08-04T14:00,25.9,48,0.0,5.0,159,1014.4,98
Leuven,50.8798,4.7005,2019-08-04T15:00,26.5,45,0.0,4.0,170,1014.0,99
Leuven,50.8798,4.7005,2019-08-04T16:00,26.7,44,0.0,2.3,72,1013.5,100
Leuven,50.8798,4.7005,2019-08-04T17:00,26.5,46,0.0,5.1,51,1012.8,100
Leuven,50.8798,4.7005,2019-08-04T18:00,26.0,49,0.0,7.4,47,1012.6,100
Leuven,50.8798,4.7005,2019-08-04T19:00,24.5,58,0.0,6.4,38,1012.2,100
Leuven,50.8798,4.7005,2019-08-04T20:00,22.5,67,0.0,7.1,66,1012.0,100
Leuven,50.8798,4.7005,2019-08-04T21:00,21.6,69,0.0,6.5,93,1012.2,100
Leuven,50.8798,4.7005,2019-08-04T22:00,20.9,73,0.0,6.7,126,1011.9,100
Leuven,50.8798,4.7005,2019-08-04T23:00,20.6,75,0.0,5.6,140,1011.6,100
Leuven,50.8798,4.7005,2019-08-05T00:00,20.0,80,0.0,5.4,180,1011.3,100
Leuven,50.8798,4.7005,2019-08-05T01:00,19.0,85,0.0,4.8,193,1011.2,100
Leuven,50.8798,4.7005,2019-08-05T02:00,19.6,78,0.0,7.5,197,1010.8,70
Leuven,50.8798,4.7005,2019-08-05T03:00,20.9,66,0.0,14.2,216,1010.8,72
Leuven,50.8798,4.7005,2019-08-05T04:00,19.1,79,0.4,13.8,231,1011.1,98
Leuven,50.8798,4.7005,2019-08-05T05:00,18.2,87,0.1,11.4,235,1010.8,98
Leuven,50.8798,4.7005,2019-08-05T06:00,17.8,88,0.0,13.7,243,1011.3,66
Leuven,50.8798,4.7005,2019-08-05T07:00,18.2,80,0.0,14.0,252,1011.5,46
Leuven,50.8798,4.7005,2019-08-05T08:00,18.9,71,0.0,15.9,257,1011.6,75
Leuven,50.8798,4.7005,2019-08-05T09:00,19.8,67,0.0,15.5,252,1011.7,25
Leuven,50.8798,4.7005,2019-08-05T10:00,21.4,60,0.0,15.7,250,1011.9,48
Leuven,50.8798,4.7005,2019-08-05T11:00,22.6,55,0.0,16.1,254,1011.8,63
Leuven,50.8798,4.7005,2019-08-05T12:00,23.6,52,0.0,16.2,249,1011.7,37
Leuven,50.8798,4.7005,2019-08-05T13:00,24.2,51,0.0,15.8,246,1011.8,100
Leuven,50.8798,4.7005,2019-08-05T14:00,25.4,45,0.0,16.9,236,1011.5,99
Leuven,50.8798,4.7005,2019-08-05T15:00,25.4,44,0.0,19.7,235,1011.1,100
Leuven,50.8798,4.7005,2019-08-05T16:00,25.0,47,0.0,16.6,246,1011.1,100
Leuven,50.8798,4.7005,2019-08-05T17:00,24.5,50,0.0,17.6,244,1011.0,99
Leuven,50.8798,4.7005,2019-08-05T18:00,24.5,50,0.0,14.3,245,1010.5,99
Leuven,50.8798,4.7005,2019-08-05T19:00,23.8,54,0.0,13.0,264,1010.6,99
Leuven,50.8798,4.7005,2019-08-05T20:00,21.9,64,0.0,6.8,288,1010.7,99
Leuven,50.8798,4.7005,2019-08-05T21:00,20.5,72,0.0,7.4,247,1011.1,96
Leuven,50.8798,4.7005,2019-08-05T22:00,19.9,75,0.0,9.7,243,1011.3,92
Leuven,50.8798,4.7005,2019-08-05T23:00,19.8,77,0.0,10.9,253,1011.4,90
Leuven,50.8798,4.7005,2019-08-06T00:00,19.2,78,0.1,14.1,257,1011.3,75
Leuven,50.8798,4.7005,2019-08-06T01:00,18.7,84,0.0,11.8,250,1011.3,92
Leuven,50.8798,4.7005,2019-08-06T02:00,18.0,78,0.0,15.1,258,1011.7,96
Leuven,50.8798,4.7005,2019-08-06T03:00,17.2,71,0.0,14.0,252,1011.7,98
Leuven,50.8798,4.7005,2019-08-06T04:00,16.6,71,0.0,11.9,241,1011.6,96
Leuven,50.8798,4.7005,2019-08-06T05:00,16.5,72,0.0,12.5,229,1011.6,60
Leuven,50.8798,4.7005,2019-08-06T06:00,16.1,74,0.0,13.0,231,1011.6,96
Leuven,50.8798,4.7005,2019-08-06T07:00,17.0,73,0.0,13.8,229,1011.8,89
Leuven,50.8798,4.7005,2019-08-06T08:00,18.1,64,0.0,15.3,240,1011.8,93
Leuven,50.8798,4.7005,2019-08-06T09:00,19.5,57,0.0,14.0,241,1011.8,100
Leuven,50.8798,4.7005,2019-08-06T10:00,20.5,53,0.0,13.6,230,1011.7,100
Leuven,50.8798,4.7005,2019-08-06T11:00,21.1,51,0.0,13.7,225,1011.5,96
Leuven,50.8798,4.7005,2019-08-06T12:00,22.0,47,0.0,15.3,223,1011.1,100
Leuven,50.8798,4.7005,2019-08-06T13:00,22.6,51,0.0,14.8,241,1010.9,100
Leuven,50.8798,4.7005,2019-08-06T14:00,23.6,50,0.0,15.3,227,1010.3,100
Leuven,50.8798,4.7005,2019-08-06T15:00,22.8,55,0.0,14.8,231,1010.0,100
Leuven,50.8798,4.7005,2019-08-06T16:00,22.5,57,0.0,12.6,239,1009.3,100
Leuven,50.8798,4.7005,2019-08-06T17:00,22.6,58,0.0,10.0,218,1009.0,100
Leuven,50.8798,4.7005,2019-08-06T18:00,21.4,66,0.1,13.5,189,1008.6,57
Leuven,50.8798,4.7005,2019-08-06T19:00,20.6,73,0.0,13.0,186,1007.9,86
Leuven,50.8798,4.7005,2019-08-06T20:00,19.5,80,0.0,13.9,211,1008.1,94
Leuven,50.8798,4.7005,2019-08-06T21:00,18.5,84,0.0,13.0,222,1008.4,95
Leuven,50.8798,4.7005,2019-08-06T22:00,18.2,87,0.0,13.0,231,1008.5,92
Leuven,50.8798,4.7005,2019-08-06T23:00,18.4,83,0.0,12.9,240,1008.5,99
Leuven,50.8798,4.7005,2019-08-07T00:00,18.5,79,0.0,10.8,233,1008.2,100
Leuven,50.8798,4.7005,2019-08-07T01:00,18.0,74,0.0,12.0,249,1008.5,98
Leuven,50.8798,4.7005,2019-08-07T02:00,17.1,77,0.0,11.6,240,1008.1,95
Leuven,50.8798,4.7005,2019-08-07T03:00,16.5,80,0.0,11.0,229,1007.9,95
Leuven,50.8798,4.7005,2019-08-07T04:00,15.8,86,0.0,11.5,212,1007.9,99
Leuven,50.8798,4.7005,2019-08-07T05:00,16.0,88,0.0,12.0,213,1007.7,95
Leuven,50.8798,4.7005,2019-08-07T06:00,16.5,87,0.0,13.7,225,1007.6,92
Leuven,50.8798,4.7005,2019-08-07T07:00,17.5,82,0.0,14.5,228,1008.0,100
Leuven,50.8798,4.7005,2019-08-07T08:00,18.5,76,0.0,16.9,236,1008.2,25
Leuven,50.8798,4.7005,2019-08-07T09:00,20.0,67,0.0,18.4,247,1007.9,99
Leuven,50.8798,4.7005,2019-08-07T10:00,21.0,60,0.0,18.6,252,1007.9,95
Leuven,50.8798,4.7005,2019-08-07T11:00,21.9,56,0.0,17.8,252,1007.9,90
Leuven,50.8798,4.7005,2019-08-07T12:00,22.6,52,0.1,19.5,251,1007.7,51
Leuven,50.8798,4.7005,2019-08-07T13:00,22.9,55,0.0,20.3,243,1007.8,89
Leuven,50.8798,4.7005,2019-08-07T14:00,22.3,52,0.0,21.1,245,1007.9,37
Leuven,50.8798,4.7005,2019-08-07T15:00,23.2,47,0.1,21.9,253,1007.9,41
Leuven,50.8798,4.7005,2019-08-07T16:00,23.0,46,0.0,21.2,255,1007.7,39
Leuven,50.8798,4.7005,2019-08-07T17:00,23.1,45,0.0,20.4,256,1007.9,33
Leuven,50.8798,4.7005,2019-08-07T18:00,22.8,46,0.0,17.7,253,1008.0,23
Leuven,50.8798,4.7005,2019-08-07T19:00,21.9,49,0.0,13.3,251,1008.2,14
Leuven,50.8798,4.7005,2019-08-07T20:00,20.4,54,0.0,12.9,247,1008.8,9
Leuven,50.8798,4.7005,2019-08-07T21:00,19.0,58,0.0,13.7,252,1009.6,2
Leuven,50.8798,4.7005,2019-08-07T22:00,18.0,62,0.0,12.4,244,1010.0,0
Leuven,50.8798,4.7005,2019-08-07T23:00,17.0,68,0.0,12.3,232,1010.2,0
Leuven,50.8798,4.7005,2019-08-08T00:00,16.4,71,0.0,13.5,228,1010.4,0
Leuven,50.8798,4.7005,2019-08-08T01:00,16.6,71,0.0,15.6,232,1010.7,0
Leuven,50.8798,4.7005,2019-08-08T02:00,16.1,75,0.0,15.5,226,1010.7,0
Leuven,50.8798,4.7005,2019-08-08T03:00,15.6,79,0.0,14.8,221,1010.4,73
Leuven,50.8798,4.7005,2019-08-08T04:00,15.4,79,0.0,16.3,225,1010.6,91
Leuven,50.8798,4.7005,2019-08-08T05:00,15.1,81,0.0,14.6,232,1011.0,12
Leuven,50.8798,4.7005,2019-08-08T06:00,15.1,82,0.0,14.4,233,1011.0,53
Leuven,50.8798,4.7005,2019-08-08T07:00,16.6,76,0.0,15.0,235,1011.2,72
Leuven,50.8798,4.7005,2019-08-08T08:00,18.4,68,0.0,16.6,240,1011.6,33
Leuven,50.8798,4.7005,2019-08-08T09:00,19.8,62,0.0,16.9,241,1011.9,50
Leuven,50.8798,4.7005,2019-08-08T10:00,20.9,56,0.0,17.9,240,1012.1,77
Leuven,50.8798,4.7005,2019-08-08T11:00,21.6,50,0.0,17.5,238,1012.3,57
Leuven,50.8798,4.7005,2019-08-08T12:00,22.0,51,0.0,16.2,233,1012.4,91
Leuven,50.8798,4.7005,2019-08-08T13:00,19.5,69,0.0,13.0,222,1012.8,96
Leuven,50.8798,4.7005,2019-08-08T14:00,21.8,63,0.0,12.9,240,1012.8,82
Leuven,50.8798,4.7005,2019-08-08T15:00,23.2,55,0.0,15.3,255,1012.3,93
Leuven,50.8798,4.7005,2019-08-08T16:00,23.5,53,0.0,15.1,258,1012.0,75
Leuven,50.8798,4.7005,2019-08-08T17:00,23.9,51,0.0,13.8,261,1012.0,90
Leuven,50.8798,4.7005,2019-08-08T18:00,23.5,53,0.0,8.0,278,1011.7,45
Leuven,50.8798,4.7005,2019-08-08T19:00,23.0,59,0.0,2.9,263,1011.3,27
Leuven,50.8798,4.7005,2019-08-08T20:00,21.2,68,0.0,3.0,166,1011.5,25
Leuven,50.8798,4.7005,2019-08-08T21:00,19.6,74,0.0,4.8,132,1011.6,65
Leuven,50.8798,4.7005,2019-08-08T22:00,19.6,72,0.0,8.4,110,1011.2,13
Leuven,50.8798,4.7005,2019-08-08T23:00,19.0,74,0.0,10.5,128,1011.0,90
Leuven,50.8798,4.7005,2019-08-09T00:00,19.5,72,0.0,11.5,122,1010.9,88
Leuven,50.8798,4.7005,2019-08-09T01:00,19.2,74,0.0,11.7,108,1010.2,82
Leuven,50.8798,4.7005,2019-08-09T02:00,18.6,80,0.0,13.6,112,1009.8,92
Leuven,50.8798,4.7005,2019-08-09T03:00,18.5,80,0.0,12.5,139,1009.3,94
Leuven,50.8798,4.7005,2019-08-09T04:00,19.9,69,0.0,10.5,149,1008.5,99
Leuven,50.8798,4.7005,2019-08-09T05:00,20.2,71,0.1,13.0,146,1008.1,100
Leuven,50.8798,4.7005,2019-08-09T06:00,20.5,67,0.0,14.8,137,1007.0,100
Leuven,50.8798,4.7005,2019-08-09T07:00,21.3,66,0.0,11.8,140,1006.5,100
Leuven,50.8798,4.7005,2019-08-09T08:00,22.5,62,0.0,14.9,165,1006.5,99
Leuven,50.8798,4.7005,2019-08-09T09:00,24.6,53,0.0,17.9,170,1006.0,97
Leuven,50.8798,4.7005,2019-08-09T10:00,26.1,50,0.0,17.1,188,1005.9,87
Leuven,50.8798,4.7005,2019-08-09T11:00,26.5,56,0.0,22.2,209,1006.3,96
Leuven,50.8798,4.7005,2019-08-09T12:00,26.1,59,0.0,19.3,209,1006.2,100
Leuven,50.8798,4.7005,2019-08-09T13:00,22.9,84,0.0,11.7,214,1006.7,100
Leuven,50.8798,4.7005,2019-08-09T14:00,24.7,75,0.2,15.0,204,1006.3,91
Leuven,50.8798,4.7005,2019-08-09T15:00,25.7,68,0.1,17.6,211,1006.2,100
Leuven,50.8798,4.7005,2019-08-09T16:00,24.7,72,0.5,12.8,212,1006.2,100
Leuven,50.8798,4.7005,2019-08-09T17:00,22.7,88,0.9,9.7,180,1005.7,99
Leuven,50.8798,4.7005,2019-08-09T18:00,22.5,88,0.4,15.2,173,1005.0,100
Leuven,50.8798,4.7005,2019-08-09T19:00,22.0,89,0.0,17.9,195,1005.3,98
Leuven,50.8798,4.7005,2019-08-09T20:00,21.5,83,0.0,18.1,211,1005.7,99
Leuven,50.8798,4.7005,2019-08-09T21:00,20.5,81,0.0,20.5,218,1006.6,86
Leuven,50.8798,4.7005,2019-08-09T22:00,19.6,80,0.0,20.1,209,1006.9,95
Leuven,50.8798,4.7005,2019-08-09T23:00,19.2,81,0.0,21.1,200,1006.9,98
Leuven,50.8798,4.7005,2019-08-10T00:00,19.5,80,0.0,21.9,200,1006.6,100
Leuven,50.8798,4.7005,2019-08-10T01:00,19.9,77,0.0,25.0,207,1006.8,96
Leuven,50.8798,4.7005,2019-08-10T02:00,19.9,72,0.0,27.0,207,1006.7,2
Leuven,50.8798,4.7005,2019-08-10T03:00,19.8,68,0.0,28.5,208,1006.8,6
Leuven,50.8798,4.7005,2019-08-10T04:00,19.5,68,0.0,28.4,209,1006.9,28
Leuven,50.8798,4.7005,2019-08-10T05:00,19.2,68,0.0,29.3,212,1007.2,32
Leuven,50.8798,4.7005,2019-08-10T06:00,19.0,69,0.0,29.5,218,1007.7,16
Leuven,50.8798,4.7005,2019-08-10T07:00,19.2,68,0.0,29.4,221,1008.3,24
Leuven,50.8798,4.7005,2019-08-10T08:00,19.8,66,0.0,32.6,222,1008.8,57
Leuven,50.8798,4.7005,2019-08-10T09:00,20.2,63,0.0,37.0,229,1009.4,92
Leuven,50.8798,4.7005,2019-08-10T10:00,20.7,61,0.0,35.0,230,1010.0,94
Leuven,50.8798,4.7005,2019-08-10T11:00,21.5,56,0.0,34.4,229,1010.3,98
Leuven,50.8798,4.7005,2019-08-10T12:00,21.9,54,0.0,34.0,230,1010.7,99
Leuven,50.8798,4.7005,2019-08-10T13:00,22.5,52,0.0,34.9,232,1011.2,80
Leuven,50.8798,4.7005,2019-08-10T14:00,22.9,49,0.0,35.0,233,1011.6,29
Leuven,50.8798,4.7005,2019-08-10T15:00,23.5,45,0.0,34.4,236,1011.7,54
Leuven,50.8798,4.7005,2019-08-10T16:00,23.4,45,0.0,32.0,232,1011.8,86
Leuven,50.8798,4.7005,2019-08-10T17:00,23.1,45,0.0,29.4,230,1012.1,85
Leuven,50.8798,4.7005,2019-08-10T18:00,22.8,46,0.0,25.2,236,1012.3,38
Leuven,50.8798,4.7005,2019-08-10T19:00,21.9,49,0.0,19.7,246,1012.8,54
Leuven,50.8798,4.7005,2019-08-10T20:00,20.8,51,0.0,18.1,249,1013.6,38
Leuven,50.8798,4.7005,2019-08-10T21:00,19.6,53,0.0,15.6,247,1014.2,26
Leuven,50.8798,4.7005,2019-08-10T22:00,18.7,57,0.0,13.9,245,1014.4,54
Leuven,50.8798,4.7005,2019-08-10T23:00,18.3,61,0.0,15.1,242,1014.8,37
Leuven,50.8798,4.7005,2019-08-11T00:00,17.6,65,0.0,15.6,241,1015.2,12
Leuven,50.8798,4.7005,2019-08-11T01:00,17.8,68,0.0,13.7,240,1015.5,51
Leuven,50.8798,4.7005,2019-08-11T02:00,16.6,73,0.0,12.3,232,1015.2,3
Leuven,50.8798,4.7005,2019-08-11T03:00,15.7,78,0.0,13.0,219,1015.4,5
Leuven,50.8798,4.7005,2019-08-11T04:00,15.3,80,0.0,13.5,224,1015.2,63
Leuven,50.8798,4.7005,2019-08-11T05:00,15.1,81,0.0,14.0,226,1015.4,83
Leuven,50.8798,4.7005,2019-08-11T06:00,15.1,81,0.0,13.8,219,1015.3,95
Leuven,50.8798,4.7005,2019-08-11T07:00,16.4,76,0.0,14.0,215,1015.2,92
Leuven,50.8798,4.7005,2019-08-11T08:00,18.0,71,0.0,15.3,210,1015.2,78
Leuven,50.8798,4.7005,2019-08-11T09:00,19.3,63,0.0,19.5,214,1015.0,93
Leuven,50.8798,4.7005,2019-08-11T10:00,20.1,54,0.0,18.8,225,1014.9,100
Leuven,50.8798,4.7005,2019-08-11T11:00,20.4,51,0.0,17.8,225,1014.8,100
Leuven,50.8798,4.7005,2019-08-11T12:00,19.9,53,0.0,16.4,218,1014.6,100
Leuven,50.8798,4.7005,2019-08-11T13:00,20.6,55,0.0,19.4,220,1014.7,100
Leuven,50.8798,4.7005,2019-08-11T14:00,20.9,53,0.0,21.4,224,1014.5,100
Leuven,50.8798,4.7005,2019-08-11T15:00,21.0,51,0.0,20.1,226,1014.1,100
Leuven,50.8798,4.7005,2019-08-11T16:00,20.8,50,0.0,18.9,231,1013.8,99
Leuven,50.8798,4.7005,2019-08-11T17:00,20.5,50,0.0,17.9,232,1013.7,100
Leuven,50.8798,4.7005,2019-08-11T18:00,20.3,52,0.0,15.6,232,1013.8,93
Leuven,50.8798,4.7005,2019-08-11T19:00,19.8,54,0.0,13.0,231,1014.1,57
Leuven,50.8798,4.7005,2019-08-11T20:00,18.7,57,0.0,12.0,237,1014.5,29
Leuven,50.8798,4.7005,2019-08-11T21:00,17.1,64,0.0,8.5,216,1014.9,31
Leuven,50.8798,4.7005,2019-08-11T22:00,16.5,69,0.0,12.9,198,1015.0,20
Leuven,50.8798,4.7005,2019-08-11T23:00,16.0,74,0.0,15.3,210,1015.1,11
Leuven,50.8798,4.7005,2019-08-12T00:00,15.6,77,0.0,14.2,216,1015.1,7
Leuven,50.8798,4.7005,2019-08-12T01:00,15.6,72,0.0,12.5,219,1015.2,2
Leuven,50.8798,4.7005,2019-08-12T02:00,14.6,77,0.0,11.5,219,1015.4,3
Leuven,50.8798,4.7005,2019-08-12T03:00,14.2,79,0.0,11.1,216,1014.9,3
Leuven,50.8798,4.7005,2019-08-12T04:00,13.9,81,0.0,11.6,206,1015.1,3
Leuven,50.8798,4.7005,2019-08-12T05:00,13.7,83,0.0,11.4,204,1015.2,6
Leuven,50.8798,4.7005,2019-08-12T06:00,13.8,84,0.0,11.3,211,1015.1,11
Leuven,50.8798,4.7005,2019-08-12T07:00,15.2,79,0.0,11.3,217,1014.8,7
Leuven,50.8798,4.7005,2019-08-12T08:00,17.0,74,0.0,11.7,225,1015.0,3
Leuven,50.8798,4.7005,2019-08-12T09:00,18.5,68,0.0,12.7,235,1015.1,1
Leuven,50.8798,4.7005,2019-08-12T10:00,19.6,59,0.0,13.7,243,1015.1,26
Leuven,50.8798,4.7005,2019-08-12T11:00,20.2,54,0.0,13.7,235,1015.2,27
Leuven,50.8798,4.7005,2019-08-12T12:00,20.8,52,0.0,14.4,238,1014.8,40
Leuven,50.8798,4.7005,2019-08-12T13:00,21.9,49,0.0,13.5,222,1013.6,48
Leuven,50.8798,4.7005,2019-08-12T14:00,19.4,63,0.5,20.5,246,1014.8,94
Leuven,50.8798,4.7005,2019-08-12T15:00,17.2,77,1.3,18.9,239,1015.3,95
Leuven,50.8798,4.7005,2019-08-12T16:00,17.5,76,0.1,10.2,228,1014.5,89
Leuven,50.8798,4.7005,2019-08-12T17:00,18.0,68,0.5,14.9,233,1014.6,96
Leuven,50.8798,4.7005,2019-08-12T18:00,18.0,68,0.0,14.1,232,1014.5,90
Leuven,50.8798,4.7005,2019-08-12T19:00,16.9,74,0.0,13.1,233,1014.7,73
Leuven,50.8798,4.7005,2019-08-12T20:00,15.8,79,0.0,10.3,216,1014.9,64
Leuven,50.8798,4.7005,2019-08-12T21:00,14.8,84,0.0,11.0,221,1015.5,64
Leuven,50.8798,4.7005,2019-08-12T22:00,14.6,85,0.0,11.7,225,1015.7,25
Leuven,50.8798,4.7005,2019-08-12T23:00,14.1,86,0.1,12.1,233,1015.8,32
Leuven,50.8798,4.7005,2019-08-13T00:00,13.9,87,0.0,13.8,231,1015.9,30
Leuven,50.8798,4.7005,2019-08-13T01:00,13.5,88,0.0,16.0,247,1016.6,34
Leuven,50.8798,4.7005,2019-08-13T02:00,12.7,91,0.7,14.4,257,1016.9,36
Leuven,50.8798,4.7005,2019-08-13T03:00,12.4,94,0.7,12.3,249,1017.1,62
Leuven,50.8798,4.7005,2019-08-13T04:00,12.4,94,0.0,12.5,237,1017.3,25
Leuven,50.8798,4.7005,2019-08-13T05:00,12.1,95,0.0,11.7,236,1017.5,6
Leuven,50.8798,4.7005,2019-08-13T06:00,12.1,95,0.0,11.9,235,1017.7,1
Leuven,50.8798,4.7005,2019-08-13T07:00,13.1,93,0.0,13.0,228,1017.9,0
Leuven,50.8798,4.7005,2019-08-13T08:00,14.6,86,0.0,14.6,232,1018.3,1
Leuven,50.8798,4.7005,2019-08-13T09:00,16.0,76,0.0,17.2,237,1018.4,5
Leuven,50.8798,4.7005,2019-08-13T10:00,17.3,63,0.0,18.9,246,1018.2,26
Leuven,50.8798,4.7005,2019-08-13T11:00,18.1,53,0.1,21.3,251,1018.2,44
Leuven,50.8798,4.7005,2019-08-13T12:00,18.5,58,0.0,23.0,245,1018.0,100
Leuven,50.8798,4.7005,2019-08-13T13:00,18.0,59,0.1,21.5,249,1018.3,87
Leuven,50.8798,4.7005,2019-08-13T14:00,16.7,67,0.3,21.6,246,1018.6,99
Leuven,50.8798,4.7005,2019-08-13T15:00,16.6,67,0.2,17.9,251,1018.4,96
Leuven,50.8798,4.7005,2019-08-13T16:00,16.6,65,0.0,16.0,247,1018.3,85
Leuven,50.8798,4.7005,2019-08-13T17:00,16.8,62,0.0,16.4,244,1018.3,42
Leuven,50.8798,4.7005,2019-08-13T18:00,16.9,58,0.0,15.0,249,1018.1,44
Leuven,50.8798,4.7005,2019-08-13T19:00,16.5,58,0.0,9.7,255,1018.0,41
Leuven,50.8798,4.7005,2019-08-13T20:00,14.6,68,0.0,5.7,252,1018.4,21
Leuven,50.8798,4.7005,2019-08-13T21:00,13.2,75,0.0,6.0,237,1018.8,19
Leuven,50.8798,4.7005,2019-08-13T22:00,13.1,76,0.0,6.9,219,1018.9,15
Leuven,50.8798,4.7005,2019-08-13T23:00,12.6,78,0.0,8.7,218,1018.9,11
Leuven,50.8798,4.7005,2019-08-14T00:00,12.4,83,0.0,9.9,213,1018.6,7
Leuven,50.8798,4.7005,2019-08-14T01:00,12.3,87,0.0,9.9,226,1019.0,38
Leuven,50.8798,4.7005,2019-08-14T02:00,11.6,92,0.0,8.9,227,1019.0,5
Leuven,50.8798,4.7005,2019-08-14T03:00,11.3,93,0.0,8.7,222,1018.8,15
Leuven,50.8798,4.7005,2019-08-14T04:00,11.1,94,0.0,9.3,216,1018.5,84
Leuven,50.8798,4.7005,2019-08-14T05:00,11.1,95,0.0,9.2,211,1018.5,3
Leuven,50.8798,4.7005,2019-08-14T06:00,11.1,95,0.0,9.4,212,1018.7,1
Leuven,50.8798,4.7005,2019-08-14T07:00,12.9,89,0.0,10.7,213,1018.6,1
Leuven,50.8798,4.7005,2019-08-14T08:00,14.9,82,0.0,10.5,211,1018.5,0
Leuven,50.8798,4.7005,2019-08-14T09:00,16.8,74,0.0,11.2,213,1018.4,2
Leuven,50.8798,4.7005,2019-08-14T10:00,18.3,63,0.0,13.0,219,1018.0,32
Leuven,50.8798,4.7005,2019-08-14T11:00,19.4,57,0.0,14.1,218,1017.8,27
Leuven,50.8798,4.7005,2019-08-14T12:00,20.4,52,0.0,15.1,218,1017.3,23
Leuven,50.8798,4.7005,2019-08-14T13:00,21.3,45,0.0,14.2,204,1017.0,100
Leuven,50.8798,4.7005,2019-08-14T14:00,20.8,53,0.1,17.3,216,1016.5,82
Leuven,50.8798,4.7005,2019-08-14T15:00,20.3,55,0.0,15.9,218,1016.3,97
Leuven,50.8798,4.7005,2019-08-14T16:00,19.0,64,0.3,10.7,192,1015.7,90
Leuven,50.8798,4.7005,2019-08-14T17:00,19.0,68,0.1,10.1,174,1014.9,72
Leuven,50.8798,4.7005,2019-08-14T18:00,19.4,66,0.0,10.2,170,1014.2,72
Leuven,50.8798,4.7005,2019-08-14T19:00,18.6,72,0.1,10.0,150,1013.5,87
Leuven,50.8798,4.7005,2019-08-14T20:00,17.3,82,0.6,12.4,144,1013.0,98
Leuven,50.8798,4.7005,2019-08-14T21:00,16.9,85,0.4,11.1,151,1012.9,99
Leuven,50.8798,4.7005,2019-08-14T22:00,16.8,88,0.9,10.9,197,1012.5,100
Leuven,50.8798,4.7005,2019-08-14T23:00,16.7,86,0.2,17.2,191,1011.8,82
Leuven,50.8798,4.7005,2019-08-15T00:00,16.5,86,0.4,17.2,190,1011.2,100
Leuven,50.8798,4.7005,2019-08-15T01:00,16.6,85,0.7,19.1,212,1011.2,100
Leuven,50.8798,4.7005,2019-08-15T02:00,16.5,85,0.0,19.4,215,1010.5,100
Leuven,50.8798,4.7005,2019-08-15T03:00,16.4,87,0.0,20.2,219,1010.0,100
Leuven,50.8798,4.7005,2019-08-15T04:00,16.4,87,0.0,21.0,219,1009.5,100
Leuven,50.8798,4.7005,2019-08-15T05:00,16.1,89,0.0,20.2,220,1009.4,100
Leuven,50.8798,4.7005,2019-08-15T06:00,16.0,90,0.0,19.9,221,1009.5,100
Leuven,50.8798,4.7005,2019-08-15T07:00,16.6,88,0.0,21.7,222,1009.4,88
Leuven,50.8798,4.7005,2019-08-15T08:00,17.5,84,0.0,24.4,233,1009.5,87
Leuven,50.8798,4.7005,2019-08-15T09:00,18.0,83,0.1,25.0,245,1009.9,60
Leuven,50.8798,4.7005,2019-08-15T10:00,18.5,77,0.2,25.2,253,1010.0,33
Leuven,50.8798,4.7005,2019-08-15T11:00,20.2,66,0.2,24.8,261,1010.3,32
Leuven,50.8798,4.7005,2019-08-15T12:00,21.0,60,0.1,25.1,262,1010.4,50
Leuven,50.8798,4.7005,2019-08-15T13:00,20.8,62,0.1,25.7,255,1011.2,92
Leuven,50.8798,4.7005,2019-08-15T14:00,20.8,61,0.1,26.8,259,1011.7,94
Leuven,50.8798,4.7005,2019-08-15T15:00,20.5,61,0.1,24.9,259,1012.3,34
Leuven,50.8798,4.7005,2019-08-15T16:00,20.8,64,0.0,23.0,271,1012.8,70
Leuven,50.8798,4.7005,2019-08-15T17:00,19.6,66,0.2,19.5,275,1013.6,41
Leuven,50.8798,4.7005,2019-08-15T18:00,19.0,68,0.1,19.2,278,1013.9,42
Leuven,50.8798,4.7005,2019-08-15T19:00,18.4,71,0.0,14.4,267,1014.4,36
Leuven,50.8798,4.7005,2019-08-15T20:00,17.5,73,0.0,12.6,257,1015.2,54
Leuven,50.8798,4.7005,2019-08-15T21:00,17.6,72,0.0,13.7,247,1015.8,100
Leuven,50.8798,4.7005,2019-08-15T22:00,17.1,74,0.0,14.2,243,1016.2,56
Leuven,50.8798,4.7005,2019-08-15T23:00,16.2,82,0.0,14.5,235,1016.6,21
Leuven,50.8798,4.7005,2019-08-16T00:00,14.8,92,0.0,6.5,264,1017.1,37
Leuven,50.8798,4.7005,2019-08-16T01:00,14.6,92,0.0,10.9,236,1017.2,41
Leuven,50.8798,4.7005,2019-08-16T02:00,13.9,93,0.0,12.4,234,1017.6,0
Leuven,50.8798,4.7005,2019-08-16T03:00,13.5,94,0.0,11.6,234,1017.7,100
Leuven,50.8798,4.7005,2019-08-16T04:00,13.4,95,0.0,11.2,225,1017.5,100
Leuven,50.8798,4.7005,2019-08-16T05:00,13.2,95,0.0,11.5,224,1017.7,100
Leuven,50.8798,4.7005,2019-08-16T06:00,13.2,96,0.0,11.0,218,1017.5,84
Leuven,50.8798,4.7005,2019-08-16T07:00,14.6,91,0.0,12.8,212,1017.4,75
Leuven,50.8798,4.7005,2019-08-16T08:00,16.3,84,0.0,14.3,219,1017.3,99
Leuven,50.8798,4.7005,2019-08-16T09:00,17.8,77,0.0,15.0,222,1017.2,44
Leuven,50.8798,4.7005,2019-08-16T10:00,19.1,67,0.0,19.6,227,1017.0,100
Leuven,50.8798,4.7005,2019-08-16T11:00,19.5,63,0.0,19.6,227,1016.6,96
Leuven,50.8798,4.7005,2019-08-16T12:00,20.5,58,0.0,19.9,226,1016.1,100
Leuven,50.8798,4.7005,2019-08-16T13:00,21.0,58,0.0,19.9,215,1015.9,99
Leuven,50.8798,4.7005,2019-08-16T14:00,21.9,52,0.0,20.1,226,1015.5,100
Leuven,50.8798,4.7005,2019-08-16T15:00,21.4,56,0.0,19.6,216,1014.7,100
Leuven,50.8798,4.7005,2019-08-16T16:00,22.2,51,0.0,20.9,207,1013.8,100
Leuven,50.8798,4.7005,2019-08-16T17:00,22.2,50,0.0,19.5,205,1013.3,100
Leuven,50.8798,4.7005,2019-08-16T18:00,21.5,53,0.0,13.0,199,1012.5,100
Leuven,50.8798,4.7005,2019-08-16T19:00,20.9,56,0.0,9.5,191,1011.9,100
Leuven,50.8798,4.7005,2019-08-16T20:00,20.1,58,0.0,10.5,202,1011.5,100
Leuven,50.8798,4.7005,2019-08-16T21:00,19.8,60,0.1,13.2,191,1011.4,100
Leuven,50.8798,4.7005,2019-08-16T22:00,18.8,68,0.3,17.4,186,1010.8,100
Leuven,50.8798,4.7005,2019-08-16T23:00,18.1,72,0.1,16.2,184,1010.3,100
Leuven,50.8798,4.7005,2019-08-17T00:00,18.0,72,0.2,14.8,193,1009.5,100
Leuven,50.8798,4.7005,2019-08-17T01:00,17.5,81,0.6,13.9,217,1009.4,99
Leuven,50.8798,4.7005,2019-08-17T02:00,18.0,77,0.0,16.6,204,1008.7,100
Leuven,50.8798,4.7005,2019-08-17T03:00,18.4,73,0.0,19.7,211,1008.1,100
Leuven,50.8798,4.7005,2019-08-17T04:00,17.9,75,0.9,21.5,215,1007.8,96
Leuven,50.8798,4.7005,2019-08-17T05:00,17.9,74,0.0,23.0,220,1008.1,100
Leuven,50.8798,4.7005,2019-08-17T06:00,17.6,76,0.6,22.2,212,1008.0,100
Leuven,50.8798,4.7005,2019-08-17T07:00,17.7,77,0.0,21.7,212,1007.9,100
Leuven,50.8798,4.7005,2019-08-17T08:00,18.0,78,0.0,22.0,212,1008.1,100
Leuven,50.8798,4.7005,2019-08-17T09:00,18.2,80,0.4,22.4,210,1008.0,100
Leuven,50.8798,4.7005,2019-08-17T10:00,18.5,84,0.8,20.6,207,1008.1,100
Leuven,50.8798,4.7005,2019-08-17T11:00,19.4,79,0.1,28.2,218,1008.3,100
Leuven,50.8798,4.7005,2019-08-17T12:00,19.8,80,0.2,26.0,211,1008.2,98
Leuven,50.8798,4.7005,2019-08-17T13:00,20.2,79,0.4,26.1,200,1008.0,100
Leuven,50.8798,4.7005,2019-08-17T14:00,19.5,85,0.2,24.0,199,1008.0,100
Leuven,50.8798,4.7005,2019-08-17T15:00,21.1,76,0.1,30.3,212,1007.6,100
Leuven,50.8798,4.7005,2019-08-17T16:00,21.4,75,0.0,25.4,218,1007.8,100
Leuven,50.8798,4.7005,2019-08-17T17:00,20.5,81,0.3,26.2,227,1007.9,100
Leuven,50.8798,4.7005,2019-08-17T18:00,19.8,86,0.3,18.1,226,1007.9,100
Leuven,50.8798,4.7005,2019-08-17T19:00,19.2,90,0.3,13.5,224,1007.6,100
Leuven,50.8798,4.7005,2019-08-17T20:00,18.9,93,0.2,10.6,235,1007.4,100
Leuven,50.8798,4.7005,2019-08-17T21:00,18.5,95,0.8,8.8,251,1007.6,100
Leuven,50.8798,4.7005,2019-08-17T22:00,18.1,95,0.4,9.1,261,1007.4,100
Leuven,50.8798,4.7005,2019-08-17T23:00,17.5,92,0.3,11.6,265,1007.7,100
Leuven,50.8798,4.7005,2019-08-18T00:00,17.0,91,0.2,10.0,255,1007.6,100
Leuven,50.8798,4.7005,2019-08-18T01:00,15.9,90,0.7,12.4,240,1007.9,100
Leuven,50.8798,4.7005,2019-08-18T02:00,15.8,88,0.1,10.9,226,1007.6,100
Leuven,50.8798,4.7005,2019-08-18T03:00,15.9,86,0.0,10.8,217,1007.5,100
Leuven,50.8798,4.7005,2019-08-18T04:00,15.6,90,0.1,10.1,182,1006.7,100
Leuven,50.8798,4.7005,2019-08-18T05:00,15.5,88,0.1,13.0,185,1006.2,99
Leuven,50.8798,4.7005,2019-08-18T06:00,14.2,88,0.3,11.6,175,1005.4,100
Leuven,50.8798,4.7005,2019-08-18T07:00,14.3,89,0.8,9.5,171,1005.1,100
Leuven,50.8798,4.7005,2019-08-18T08:00,14.9,89,0.6,6.7,144,1004.4,100
Leuven,50.8798,4.7005,2019-08-18T09:00,14.7,91,4.7,6.4,38,1003.9,100
Leuven,50.8798,4.7005,2019-08-18T10:00,14.3,93,3.7,9.5,29,1003.7,100
Leuven,50.8798,4.7005,2019-08-18T11:00,15.4,90,2.6,5.5,281,1004.6,100
Leuven,50.8798,4.7005,2019-08-18T12:00,17.0,85,0.1,3.7,241,1005.1,100
Leuven,50.8798,4.7005,2019-08-18T13:00,18.5,80,0.0,15.3,251,1005.9,100
Leuven,50.8798,4.7005,2019-08-18T14:00,18.4,81,0.1,20.8,252,1006.8,100
Leuven,50.8798,4.7005,2019-08-18T15:00,19.0,76,0.0,21.6,255,1007.5,100
Leuven,50.8798,4.7005,2019-08-18T16:00,19.6,71,0.0,21.8,254,1008.0,100
Leuven,50.8798,4.7005,2019-08-18T17:00,19.8,69,0.0,19.3,243,1008.4,97
Leuven,50.8798,4.7005,2019-08-18T18:00,20.0,63,0.0,17.1,240,1008.4,80
Leuven,50.8798,4.7005,2019-08-18T19:00,19.0,64,0.0,20.0,247,1009.0,14
Leuven,50.8798,4.7005,2019-08-18T20:00,17.3,64,0.0,18.2,252,1009.7,99
Leuven,50.8798,4.7005,2019-08-18T21:00,16.3,65,0.0,16.3,252,1010.8,100
Leuven,50.8798,4.7005,2019-08-18T22:00,15.5,68,0.0,15.0,246,1011.1,100
Leuven,50.8798,4.7005,2019-08-18T23:00,14.6,73,0.0,14.1,238,1011.6,35
Leuven,50.8798,4.7005,2019-08-19T00:00,14.0,79,0.0,14.6,230,1012.2,1
Leuven,50.8798,4.7005,2019-08-19T01:00,14.1,78,0.0,15.5,234,1012.8,2
Leuven,50.8798,4.7005,2019-08-19T02:00,13.9,81,0.0,16.8,223,1013.3,7
Leuven,50.8798,4.7005,2019-08-19T03:00,13.8,84,0.0,17.6,221,1013.3,10
Leuven,50.8798,4.7005,2019-08-19T04:00,13.8,85,0.0,18.6,221,1013.5,11
Leuven,50.8798,4.7005,2019-08-19T05:00,13.6,84,0.0,18.9,222,1014.1,10
Leuven,50.8798,4.7005,2019-08-19T06:00,13.6,84,0.0,18.3,223,1014.5,16
Leuven,50.8798,4.7005,2019-08-19T07:00,14.6,81,0.0,19.4,223,1014.9,36
Leuven,50.8798,4.7005,2019-08-19T08:00,15.9,78,0.0,19.1,223,1015.1,41
Leuven,50.8798,4.7005,2019-08-19T09:00,17.0,74,0.0,21.0,232,1015.3,27
Leuven,50.8798,4.7005,2019-08-19T10:00,18.2,67,0.0,21.7,238,1015.8,19
Leuven,50.8798,4.7005,2019-08-19T11:00,19.2,58,0.0,22.7,241,1016.1,33
Leuven,50.8798,4.7005,2019-08-19T12:00,19.7,55,0.0,23.0,241,1016.2,38
Leuven,50.8798,4.7005,2019-08-19T13:00,20.0,56,0.0,21.9,237,1016.8,43
Leuven,50.8798,4.7005,2019-08-19T14:00,20.1,55,0.1,22.1,240,1017.1,48
Leuven,50.8798,4.7005,2019-08-19T15:00,20.0,56,0.1,22.7,243,1017.3,43
Leuven,50.8798,4.7005,2019-08-19T16:00,19.8,56,0.1,21.5,239,1017.4,29
Leuven,50.8798,4.7005,2019-08-19T17:00,19.8,54,0.0,21.6,242,1017.7,38
Leuven,50.8798,4.7005,2019-08-19T18:00,19.0,58,0.0,18.2,243,1018.0,35
Leuven,50.8798,4.7005,2019-08-19T19:00,18.0,62,0.0,14.6,237,1018.3,31
Leuven,50.8798,4.7005,2019-08-19T20:00,17.0,64,0.0,14.7,239,1018.5,22
Leuven,50.8798,4.7005,2019-08-19T21:00,16.0,67,0.0,14.0,241,1019.0,6
Leuven,50.8798,4.7005,2019-08-19T22:00,14.9,71,0.0,13.8,237,1019.4,5
Leuven,50.8798,4.7005,2019-08-19T23:00,14.0,73,0.0,13.0,226,1019.8,3
Leuven,50.8798,4.7005,2019-08-20T00:00,13.2,77,0.0,13.6,217,1020.3,0
Leuven,50.8798,4.7005,2019-08-20T01:00,13.1,80,0.0,12.5,224,1020.7,0
Leuven,50.8798,4.7005,2019-08-20T02:00,12.8,83,0.0,12.7,223,1020.8,0
Leuven,50.8798,4.7005,2019-08-20T03:00,12.5,87,0.0,12.0,229,1020.8,0
Leuven,50.8798,4.7005,2019-08-20T04:00,12.2,90,0.0,11.2,230,1020.8,2
Leuven,50.8798,4.7005,2019-08-20T05:00,12.0,91,0.0,10.7,225,1021.0,6
Leuven,50.8798,4.7005,2019-08-20T06:00,12.1,92,0.0,11.2,222,1021.4,53
Leuven,50.8798,4.7005,2019-08-20T07:00,13.6,87,0.0,14.0,224,1021.9,22
Leuven,50.8798,4.7005,2019-08-20T08:00,15.4,82,0.0,14.9,238,1022.2,19
Leuven,50.8798,4.7005,2019-08-20T09:00,16.9,77,0.0,15.9,242,1022.2,12
Leuven,50.8798,4.7005,2019-08-20T10:00,18.2,66,0.1,17.7,250,1022.4,29
Leuven,50.8798,4.7005,2019-08-20T11:00,19.0,58,0.0,18.7,259,1022.7,24
Leuven,50.8798,4.7005,2019-08-20T12:00,19.6,53,0.0,18.2,261,1022.7,21
Leuven,50.8798,4.7005,2019-08-20T13:00,20.1,51,0.0,17.5,262,1022.8,29
Leuven,50.8798,4.7005,2019-08-20T14:00,20.6,48,0.0,16.3,262,1023.1,27
Leuven,50.8798,4.7005,2019-08-20T15:00,20.5,48,0.0,16.6,272,1023.2,34
Leuven,50.8798,4.7005,2019-08-20T16:00,20.2,49,0.0,15.0,280,1023.6,54
Leuven,50.8798,4.7005,2019-08-20T17:00,19.6,52,0.1,13.6,287,1024.1,50
Leuven,50.8798,4.7005,2019-08-20T18:00,18.9,57,0.0,11.5,290,1024.3,33
Leuven,50.8798,4.7005,2019-08-20T19:00,17.7,63,0.0,7.6,295,1024.9,33
Leuven,50.8798,4.7005,2019-08-20T20:00,15.6,73,0.0,6.1,310,1025.6,32
Leuven,50.8798,4.7005,2019-08-20T21:00,14.8,76,0.0,6.4,317,1026.0,36
Leuven,50.8798,4.7005,2019-08-20T22:00,13.8,82,0.0,7.9,294,1026.4,28
Leuven,50.8798,4.7005,2019-08-20T23:00,12.9,84,0.0,6.8,252,1026.8,10
Leuven,50.8798,4.7005,2019-08-21T00:00,11.7,89,0.0,6.8,238,1027.1,3
Leuven,50.8798,4.7005,2019-08-21T01:00,11.9,91,0.0,6.0,213,1027.7,2
Leuven,50.8798,4.7005,2019-08-21T02:00,10.9,92,0.0,6.2,216,1027.6,23
Leuven,50.8798,4.7005,2019-08-21T03:00,10.1,92,0.0,5.4,222,1027.7,3
Leuven,50.8798,4.7005,2019-08-21T04:00,9.9,92,0.0,5.5,212,1027.8,1
Leuven,50.8798,4.7005,2019-08-21T05:00,9.5,93,0.0,5.5,203,1027.9,0
Leuven,50.8798,4.7005,2019-08-21T06:00,9.4,93,0.0,5.2,205,1028.0,0
Leuven,50.8798,4.7005,2019-08-21T07:00,11.6,86,0.0,6.4,196,1028.4,0
Leuven,50.8798,4.7005,2019-08-21T08:00,14.6,79,0.0,3.7,191,1028.8,0
Leuven,50.8798,4.7005,2019-08-21T09:00,17.0,69,0.0,2.9,173,1028.8,0
Leuven,50.8798,4.7005,2019-08-21T10:00,18.6,61,0.0,3.2,153,1028.8,0
Leuven,50.8798,4.7005,2019-08-21T11:00,19.6,55,0.0,3.5,156,1028.7,65
Leuven,50.8798,4.7005,2019-08-21T12:00,20.3,51,0.0,2.8,140,1028.4,93
Leuven,50.8798,4.7005,2019-08-21T13:00,20.8,49,0.0,3.8,139,1027.8,99
Leuven,50.8798,4.7005,2019-08-21T14:00,21.5,47,0.0,3.9,112,1027.4,96
Leuven,50.8798,4.7005,2019-08-21T15:00,21.8,46,0.0,4.5,104,1027.3,96
Leuven,50.8798,4.7005,2019-08-21T16:00,21.9,45,0.0,4.3,90,1026.9,98
Leuven,50.8798,4.7005,2019-08-21T17:00,21.5,46,0.0,5.8,94,1026.5,84
Leuven,50.8798,4.7005,2019-08-21T18:00,21.1,50,0.0,6.2,97,1026.1,37
Leuven,50.8798,4.7005,2019-08-21T19:00,19.1,72,0.0,6.1,87,1026.1,0
Leuven,50.8798,4.7005,2019-08-21T20:00,16.6,70,0.0,8.4,97,1026.2,0
Leuven,50.8798,4.7005,2019-08-21T21:00,14.9,77,0.0,9.8,114,1026.2,0
Leuven,50.8798,4.7005,2019-08-21T22:00,14.0,82,0.0,8.7,132,1026.2,0
Leuven,50.8798,4.7005,2019-08-21T23:00,13.4,85,0.0,6.7,144,1026.3,0
Leuven,50.8798,4.7005,2019-08-22T00:00,12.6,89,0.0,7.2,153,1026.3,0
Leuven,50.8798,4.7005,2019-08-22T01:00,12.2,91,0.0,8.1,167,1025.9,0
Leuven,50.8798,4.7005,2019-08-22T02:00,11.3,92,0.0,7.2,183,1025.5,0
Leuven,50.8798,4.7005,2019-08-22T03:00,10.9,94,0.0,5.8,173,1025.3,0
Leuven,50.8798,4.7005,2019-08-22T04:00,10.4,95,0.0,7.2,183,1025.0,28
Leuven,50.8798,4.7005,2019-08-22T05:00,10.7,94,0.0,6.0,197,1025.2,2
Leuven,50.8798,4.7005,2019-08-22T06:00,11.2,92,0.0,6.1,208,1025.0,5
Leuven,50.8798,4.7005,2019-08-22T07:00,13.5,85,0.0,8.9,227,1025.3,4
Leuven,50.8798,4.7005,2019-08-22T08:00,16.1,76,0.0,7.4,231,1025.6,9
Leuven,50.8798,4.7005,2019-08-22T09:00,18.6,68,0.0,7.1,240,1025.8,45
Leuven,50.8798,4.7005,2019-08-22T10:00,20.2,61,0.0,8.3,268,1025.9,21
Leuven,50.8798,4.7005,2019-08-22T11:00,21.2,54,0.0,8.4,263,1026.0,67
Leuven,50.8798,4.7005,2019-08-22T12:00,22.1,51,0.0,8.7,253,1025.7,71
Leuven,50.8798,4.7005,2019-08-22T13:00,23.1,45,0.0,8.3,252,1025.7,73
Leuven,50.8798,4.7005,2019-08-22T14:00,23.6,43,0.0,8.6,248,1025.5,2
Leuven,50.8798,4.7005,2019-08-22T15:00,23.8,42,0.0,9.2,249,1025.0,0
Leuven,50.8798,4.7005,2019-08-22T16:00,23.8,42,0.0,8.7,253,1024.8,0
Leuven,50.8798,4.7005,2019-08-22T17:00,23.5,43,0.0,8.3,268,1024.9,0
Leuven,50.8798,4.7005,2019-08-22T18:00,22.6,48,0.0,6.5,273,1024.6,0
Leuven,50.8798,4.7005,2019-08-22T19:00,20.2,66,0.0,6.2,260,1024.9,0
Leuven,50.8798,4.7005,2019-08-22T20:00,17.0,72,0.0,10.1,270,1025.3,0
Leuven,50.8798,4.7005,2019-08-22T21:00,16.1,74,0.0,8.7,294,1025.7,0
Leuven,50.8798,4.7005,2019-08-22T22:00,15.1,83,0.0,6.6,338,1025.9,0
Leuven,50.8798,4.7005,2019-08-22T23:00,13.6,89,0.0,6.8,342,1026.1,0
Leuven,50.8798,4.7005,2019-08-23T00:00,14.4,86,0.0,5.5,349,1026.2,0
Leuven,50.8798,4.7005,2019-08-23T01:00,14.4,87,0.0,5.1,309,1026.4,0
Leuven,50.8798,4.7005,2019-08-23T02:00,14.4,87,0.0,2.9,277,1026.4,0
Leuven,50.8798,4.7005,2019-08-23T03:00,12.6,92,0.0,4.9,144,1026.2,0
Leuven,50.8798,4.7005,2019-08-23T04:00,11.1,95,0.0,7.5,145,1026.0,0
Leuven,50.8798,4.7005,2019-08-23T05:00,11.1,95,0.0,8.2,142,1026.0,0
Leuven,50.8798,4.7005,2019-08-23T06:00,11.4,94,0.0,7.0,145,1026.0,0
Leuven,50.8798,4.7005,2019-08-23T07:00,13.8,89,0.0,3.3,139,1025.9,7
Leuven,50.8798,4.7005,2019-08-23T08:00,16.2,82,0.0,1.6,63,1026.0,31
Leuven,50.8798,4.7005,2019-08-23T09:00,18.6,73,0.0,3.1,69,1026.0,87
Leuven,50.8798,4.7005,2019-08-23T10:00,20.8,65,0.0,4.0,63,1025.8,93
Leuven,50.8798,4.7005,2019-08-23T11:00,22.5,57,0.0,5.0,60,1025.9,89
Leuven,50.8798,4.7005,2019-08-23T12:00,23.6,52,0.0,6.0,65,1025.4,77
Leuven,50.8798,4.7005,2019-08-23T13:00,25.0,47,0.0,6.0,73,1025.0,83
Leuven,50.8798,4.7005,2019-08-23T14:00,25.9,44,0.0,5.7,72,1024.6,77
Leuven,50.8798,4.7005,2019-08-23T15:00,26.3,41,0.0,6.4,74,1024.0,65
Leuven,50.8798,4.7005,2019-08-23T16:00,26.4,40,0.0,7.1,75,1023.5,92
Leuven,50.8798,4.7005,2019-08-23T17:00,26.2,41,0.0,7.4,76,1023.3,98
Leuven,50.8798,4.7005,2019-08-23T18:00,25.5,49,0.0,4.6,72,1022.9,94
Leuven,50.8798,4.7005,2019-08-23T19:00,22.8,64,0.0,6.6,61,1022.5,96
Leuven,50.8798,4.7005,2019-08-23T20:00,20.4,65,0.0,7.7,62,1022.6,87
Leuven,50.8798,4.7005,2019-08-23T21:00,19.4,66,0.0,8.2,61,1022.6,20
Leuven,50.8798,4.7005,2019-08-23T22:00,18.3,72,0.0,8.7,66,1022.5,0
Leuven,50.8798,4.7005,2019-08-23T23:00,17.6,75,0.0,9.0,85,1022.4,5
Leuven,50.8798,4.7005,2019-08-24T00:00,16.8,80,0.0,8.3,92,1022.3,0
Leuven,50.8798,4.7005,2019-08-24T01:00,15.6,85,0.0,7.2,90,1022.3,0
Leuven,50.8798,4.7005,2019-08-24T02:00,14.6,89,0.0,6.9,96,1021.8,0
Leuven,50.8798,4.7005,2019-08-24T03:00,14.0,90,0.0,6.6,112,1021.5,0
Leuven,50.8798,4.7005,2019-08-24T04:00,13.2,92,0.0,7.4,119,1021.4,0
Leuven,50.8798,4.7005,2019-08-24T05:00,12.6,92,0.0,7.5,125,1021.2,0
Leuven,50.8798,4.7005,2019-08-24T06:00,12.6,91,0.0,6.2,126,1021.0,0
Leuven,50.8798,4.7005,2019-08-24T07:00,15.1,80,0.0,8.2,128,1020.9,0
Leuven,50.8798,4.7005,2019-08-24T08:00,18.2,69,0.0,5.1,129,1020.8,0
Leuven,50.8798,4.7005,2019-08-24T09:00,21.4,61,0.0,4.1,128,1020.9,0
Leuven,50.8798,4.7005,2019-08-24T10:00,24.2,54,0.0,4.7,122,1020.7,0
Leuven,50.8798,4.7005,2019-08-24T11:00,26.3,47,0.0,5.5,122,1020.7,0
Leuven,50.8798,4.7005,2019-08-24T12:00,27.5,39,0.0,6.8,122,1020.2,0
Leuven,50.8798,4.7005,2019-08-24T13:00,28.1,37,0.0,8.7,128,1019.8,0
Leuven,50.8798,4.7005,2019-08-24T14:00,28.5,38,0.0,8.7,128,1019.6,2
Leuven,50.8798,4.7005,2019-08-24T15:00,28.7,39,0.0,9.0,127,1019.1,6
Leuven,50.8798,4.7005,2019-08-24T16:00,28.6,40,0.0,8.3,124,1018.7,31
Leuven,50.8798,4.7005,2019-08-24T17:00,28.5,41,0.0,7.2,117,1018.5,45
Leuven,50.8798,4.7005,2019-08-24T18:00,27.7,49,0.0,4.0,100,1018.3,11
Leuven,50.8798,4.7005,2019-08-24T19:00,24.7,68,0.0,6.8,72,1018.0,7
Leuven,50.8798,4.7005,2019-08-24T20:00,21.5,70,0.0,9.0,67,1018.0,12
Leuven,50.8798,4.7005,2019-08-24T21:00,20.7,71,0.0,7.6,93,1018.2,7
Leuven,50.8798,4.7005,2019-08-24T22:00,20.5,66,0.0,9.0,106,1018.2,34
Leuven,50.8798,4.7005,2019-08-24T23:00,18.9,67,0.0,7.5,107,1018.1,1
Leuven,50.8798,4.7005,2019-08-25T00:00,17.5,74,0.0,7.0,125,1018.1,0
Leuven,50.8798,4.7005,2019-08-25T01:00,16.6,80,0.0,6.1,183,1018.0,21
Leuven,50.8798,4.7005,2019-08-25T02:00,15.5,88,0.0,6.8,198,1017.9,79
Leuven,50.8798,4.7005,2019-08-25T03:00,15.2,90,0.0,6.2,190,1017.8,52
Leuven,50.8798,4.7005,2019-08-25T04:00,14.9,90,0.0,6.5,186,1017.9,67
Leuven,50.8798,4.7005,2019-08-25T05:00,14.9,90,0.0,5.9,191,1017.9,79
Leuven,50.8798,4.7005,2019-08-25T06:00,14.9,90,0.0,5.8,180,1017.7,76
Leuven,50.8798,4.7005,2019-08-25T07:00,16.8,82,0.0,6.3,167,1018.1,62
Leuven,50.8798,4.7005,2019-08-25T08:00,19.6,74,0.0,3.6,135,1018.5,47
Leuven,50.8798,4.7005,2019-08-25T09:00,23.1,63,0.0,2.7,113,1018.8,58
Leuven,50.8798,4.7005,2019-08-25T10:00,26.1,53,0.0,2.6,106,1018.9,70
Leuven,50.8798,4.7005,2019-08-25T11:00,28.0,44,0.0,2.5,98,1018.9,75
Leuven,50.8798,4.7005,2019-08-25T12:00,29.0,41,0.0,2.3,108,1018.6,81
Leuven,50.8798,4.7005,2019-08-25T13:00,29.2,34,0.0,4.4,145,1018.7,90
Leuven,50.8798,4.7005,2019-08-25T14:00,29.5,34,0.0,3.8,139,1018.7,91
Leuven,50.8798,4.7005,2019-08-25T15:00,29.6,35,0.0,2.0,135,1018.4,89
Leuven,50.8798,4.7005,2019-08-25T16:00,29.6,35,0.0,1.1,72,1018.2,88
Leuven,50.8798,4.7005,2019-08-25T17:00,29.4,35,0.0,2.6,34,1018.2,91
Leuven,50.8798,4.7005,2019-08-25T18:00,28.8,41,0.0,3.1,54,1018.3,66
Leuven,50.8798,4.7005,2019-08-25T19:00,26.6,51,0.0,5.0,69,1018.2,1
Leuven,50.8798,4.7005,2019-08-25T20:00,26.1,44,0.0,4.5,76,1018.5,5
Leuven,50.8798,4.7005,2019-08-25T21:00,25.1,45,0.0,3.9,56,1018.9,5
Leuven,50.8798,4.7005,2019-08-25T22:00,24.2,48,0.0,4.0,265,1019.0,14
Leuven,50.8798,4.7005,2019-08-25T23:00,23.1,53,0.0,4.2,290,1019.1,0
Leuven,50.8798,4.7005,2019-08-26T00:00,22.0,57,0.0,0.5,225,1019.1,4
Leuven,50.8798,4.7005,2019-08-26T01:00,18.7,76,0.0,8.4,100,1019.0,11
Leuven,50.8798,4.7005,2019-08-26T02:00,17.4,80,0.0,10.0,103,1018.9,1
Leuven,50.8798,4.7005,2019-08-26T03:00,17.0,82,0.0,9.8,73,1018.6,13
Leuven,50.8798,4.7005,2019-08-26T04:00,17.0,83,0.0,8.8,81,1018.4,42
Leuven,50.8798,4.7005,2019-08-26T05:00,17.2,82,0.0,6.7,106,1018.5,29
Leuven,50.8798,4.7005,2019-08-26T06:00,16.6,84,0.0,5.7,145,1018.4,41
Leuven,50.8798,4.7005,2019-08-26T07:00,18.5,77,0.0,4.0,170,1018.5,36
Leuven,50.8798,4.7005,2019-08-26T08:00,21.1,70,0.0,1.6,153,1018.6,4
Leuven,50.8798,4.7005,2019-08-26T09:00,23.6,61,0.0,2.9,97,1018.8,8
Leuven,50.8798,4.7005,2019-08-26T10:00,25.9,56,0.0,2.2,81,1018.8,0
Leuven,50.8798,4.7005,2019-08-26T11:00,27.8,51,0.0,1.6,27,1018.8,0
Leuven,50.8798,4.7005,2019-08-26T12:00,29.1,46,0.0,2.2,360,1018.1,1
Leuven,50.8798,4.7005,2019-08-26T13:00,29.8,45,0.0,2.6,34,1017.9,0
Leuven,50.8798,4.7005,2019-08-26T14:00,30.5,43,0.0,2.4,63,1017.5,16
Leuven,50.8798,4.7005,2019-08-26T15:00,30.8,41,0.0,2.6,56,1016.7,18
Leuven,50.8798,4.7005,2019-08-26T16:00,30.6,41,0.0,3.4,32,1016.3,14
Leuven,50.8798,4.7005,2019-08-26T17:00,30.5,42,0.0,3.9,34,1016.1,14
Leuven,50.8798,4.7005,2019-08-26T18:00,29.9,47,0.0,4.1,52,1016.0,11
Leuven,50.8798,4.7005,2019-08-26T19:00,27.4,58,0.0,5.7,55,1015.8,9
Leuven,50.8798,4.7005,2019-08-26T20:00,24.6,66,0.0,8.5,78,1015.9,6
Leuven,50.8798,4.7005,2019-08-26T21:00,23.8,69,0.0,8.1,58,1016.3,5
Leuven,50.8798,4.7005,2019-08-26T22:00,22.5,74,0.0,7.4,67,1016.2,4
Leuven,50.8798,4.7005,2019-08-26T23:00,21.4,80,0.0,7.5,125,1016.4,4
Leuven,50.8798,4.7005,2019-08-27T00:00,20.6,85,0.0,5.8,158,1016.1,2
Leuven,50.8798,4.7005,2019-08-27T01:00,20.4,85,0.0,6.9,298,1016.1,2
Leuven,50.8798,4.7005,2019-08-27T02:00,19.9,87,0.0,5.4,274,1015.8,4
Leuven,50.8798,4.7005,2019-08-27T03:00,19.8,89,0.0,7.1,15,1015.7,4
Leuven,50.8798,4.7005,2019-08-27T04:00,19.5,91,0.0,8.5,54,1015.4,1
Leuven,50.8798,4.7005,2019-08-27T05:00,18.6,94,0.0,5.4,127,1015.2,0
Leuven,50.8798,4.7005,2019-08-27T06:00,18.2,94,0.0,5.5,148,1015.0,0
Leuven,50.8798,4.7005,2019-08-27T07:00,19.8,89,0.0,6.9,129,1015.2,1
Leuven,50.8798,4.7005,2019-08-27T08:00,22.9,76,0.0,5.7,145,1015.5,1
Leuven,50.8798,4.7005,2019-08-27T09:00,26.0,65,0.0,2.6,106,1015.4,3
Leuven,50.8798,4.7005,2019-08-27T10:00,28.4,55,0.0,3.1,126,1015.4,2
Leuven,50.8798,4.7005,2019-08-27T11:00,30.1,47,0.0,3.8,139,1015.2,0
Leuven,50.8798,4.7005,2019-08-27T12:00,31.6,38,0.0,4.3,138,1014.7,11
Leuven,50.8798,4.7005,2019-08-27T13:00,31.9,35,0.0,6.8,180,1014.4,19
Leuven,50.8798,4.7005,2019-08-27T14:00,32.3,30,0.0,10.0,201,1013.9,36
Leuven,50.8798,4.7005,2019-08-27T15:00,32.2,29,0.0,10.7,220,1013.5,17
Leuven,50.8798,4.7005,2019-08-27T16:00,32.2,28,0.0,10.2,225,1013.2,31
Leuven,50.8798,4.7005,2019-08-27T17:00,31.8,29,0.0,9.7,228,1012.9,77
Leuven,50.8798,4.7005,2019-08-27T18:00,30.4,39,0.0,5.4,233,1013.2,78
Leuven,50.8798,4.7005,2019-08-27T19:00,27.6,48,0.0,7.1,229,1013.1,89
Leuven,50.8798,4.7005,2019-08-27T20:00,25.2,53,0.0,8.9,220,1013.4,97
Leuven,50.8798,4.7005,2019-08-27T21:00,23.9,59,0.0,7.0,192,1013.6,97
Leuven,50.8798,4.7005,2019-08-27T22:00,22.9,64,0.0,5.8,176,1013.5,98
Leuven,50.8798,4.7005,2019-08-27T23:00,22.8,62,0.0,6.8,177,1013.4,97
Leuven,50.8798,4.7005,2019-08-28T00:00,22.8,60,0.0,8.0,172,1013.3,99
Leuven,50.8798,4.7005,2019-08-28T01:00,22.9,53,0.0,10.5,207,1013.4,91
Leuven,50.8798,4.7005,2019-08-28T02:00,21.6,57,0.0,10.6,198,1013.3,11
Leuven,50.8798,4.7005,2019-08-28T03:00,20.9,60,0.0,8.7,210,1013.0,77
Leuven,50.8798,4.7005,2019-08-28T04:00,20.8,60,0.0,11.5,212,1013.1,100
Leuven,50.8798,4.7005,2019-08-28T05:00,20.9,62,0.0,12.8,230,1013.5,83
Leuven,50.8798,4.7005,2019-08-28T06:00,20.4,70,0.0,14.1,238,1013.9,45
Leuven,50.8798,4.7005,2019-08-28T07:00,21.1,67,0.0,10.3,245,1013.9,39
Leuven,50.8798,4.7005,2019-08-28T08:00,23.0,59,0.0,9.4,247,1014.0,33
Leuven,50.8798,4.7005,2019-08-28T09:00,24.7,52,0.0,10.8,244,1014.2,17
Leuven,50.8798,4.7005,2019-08-28T10:00,26.1,47,0.0,11.1,245,1014.4,97
Leuven,50.8798,4.7005,2019-08-28T11:00,27.4,45,0.0,10.5,254,1014.7,97
Leuven,50.8798,4.7005,2019-08-28T12:00,27.5,47,0.0,12.7,262,1014.6,98
Leuven,50.8798,4.7005,2019-08-28T13:00,28.0,49,0.0,12.8,238,1014.7,89
Leuven,50.8798,4.7005,2019-08-28T14:00,28.5,46,0.0,12.5,237,1014.2,93
Leuven,50.8798,4.7005,2019-08-28T15:00,29.0,43,0.0,13.2,244,1013.9,97
Leuven,50.8798,4.7005,2019-08-28T16:00,28.5,43,0.0,13.0,231,1013.9,96
Leuven,50.8798,4.7005,2019-08-28T17:00,28.1,44,0.0,13.3,237,1014.0,98
Leuven,50.8798,4.7005,2019-08-28T18:00,27.0,50,0.0,11.6,240,1014.0,99
Leuven,50.8798,4.7005,2019-08-28T19:00,25.6,57,0.0,8.0,234,1014.2,99
Leuven,50.8798,4.7005,2019-08-28T20:00,24.2,64,0.0,9.3,257,1014.8,97
Leuven,50.8798,4.7005,2019-08-28T21:00,22.0,79,0.6,13.1,302,1015.5,90
Leuven,50.8798,4.7005,2019-08-28T22:00,20.5,87,1.3,12.1,280,1015.9,82
Leuven,50.8798,4.7005,2019-08-28T23:00,19.5,86,0.2,9.4,268,1016.1,71
Leuven,50.8798,4.7005,2019-08-29T00:00,18.6,89,3.4,7.5,253,1016.7,99
Leuven,50.8798,4.7005,2019-08-29T01:00,19.0,95,2.6,4.5,284,1016.8,99
Leuven,50.8798,4.7005,2019-08-29T02:00,18.5,95,0.0,4.8,283,1017.0,74
Leuven,50.8798,4.7005,2019-08-29T03:00,18.2,93,0.0,5.2,258,1017.0,46
Leuven,50.8798,4.7005,2019-08-29T04:00,17.8,92,0.0,5.5,238,1016.9,37
Leuven,50.8798,4.7005,2019-08-29T05:00,17.5,91,0.0,7.3,237,1017.4,84
Leuven,50.8798,4.7005,2019-08-29T06:00,17.9,87,0.0,7.5,235,1017.5,100
Leuven,50.8798,4.7005,2019-08-29T07:00,18.4,85,0.0,8.3,236,1018.1,100
Leuven,50.8798,4.7005,2019-08-29T08:00,19.0,81,0.0,9.3,242,1018.6,100
Leuven,50.8798,4.7005,2019-08-29T09:00,19.5,73,0.0,11.3,248,1018.8,99
Leuven,50.8798,4.7005,2019-08-29T10:00,20.4,72,0.0,14.5,247,1019.5,100
Leuven,50.8798,4.7005,2019-08-29T11:00,21.2,69,0.0,15.8,249,1019.8,99
Leuven,50.8798,4.7005,2019-08-29T12:00,21.2,66,0.1,15.0,246,1019.9,97
Leuven,50.8798,4.7005,2019-08-29T13:00,20.8,67,0.0,15.3,246,1020.9,84
Leuven,50.8798,4.7005,2019-08-29T14:00,21.3,62,0.0,15.1,242,1021.0,45
Leuven,50.8798,4.7005,2019-08-29T15:00,21.6,61,0.0,15.9,252,1020.7,62
Leuven,50.8798,4.7005,2019-08-29T16:00,21.8,58,0.0,13.8,261,1020.6,29
Leuven,50.8798,4.7005,2019-08-29T17:00,21.6,52,0.0,12.5,258,1020.7,3
Leuven,50.8798,4.7005,2019-08-29T18:00,21.4,52,0.0,9.8,264,1020.8,17
Leuven,50.8798,4.7005,2019-08-29T19:00,19.9,66,0.0,3.8,311,1021.2,19
Leuven,50.8798,4.7005,2019-08-29T20:00,17.1,77,0.0,7.6,357,1021.5,6
Leuven,50.8798,4.7005,2019-08-29T21:00,16.5,80,0.0,7.6,8,1022.0,1
Leuven,50.8798,4.7005,2019-08-29T22:00,14.6,90,0.0,6.1,3,1022.1,0
Leuven,50.8798,4.7005,2019-08-29T23:00,14.3,90,0.0,6.0,335,1022.6,0
Leuven,50.8798,4.7005,2019-08-30T00:00,14.4,89,0.0,3.6,270,1022.7,0
Leuven,50.8798,4.7005,2019-08-30T01:00,13.1,92,0.0,3.4,212,1023.0,0
Leuven,50.8798,4.7005,2019-08-30T02:00,11.9,94,0.0,5.1,225,1023.0,0
Leuven,50.8798,4.7005,2019-08-30T03:00,11.8,95,0.0,5.8,240,1023.2,0
Leuven,50.8798,4.7005,2019-08-30T04:00,11.8,95,0.0,6.9,242,1023.2,25
Leuven,50.8798,4.7005,2019-08-30T05:00,11.5,95,0.0,7.2,243,1023.2,16
Leuven,50.8798,4.7005,2019-08-30T06:00,11.1,95,0.0,6.5,236,1023.5,0
Leuven,50.8798,4.7005,2019-08-30T07:00,12.6,88,0.0,9.6,250,1023.8,13
Leuven,50.8798,4.7005,2019-08-30T08:00,14.8,81,0.0,7.6,251,1024.0,21
Leuven,50.8798,4.7005,2019-08-30T09:00,17.0,74,0.0,6.6,248,1024.0,33
Leuven,50.8798,4.7005,2019-08-30T10:00,18.5,66,0.0,6.0,253,1024.0,69
Leuven,50.8798,4.7005,2019-08-30T11:00,19.6,62,0.0,5.7,235,1024.1,18
Leuven,50.8798,4.7005,2019-08-30T12:00,20.5,60,0.0,6.7,234,1023.6,33
Leuven,50.8798,4.7005,2019-08-30T13:00,21.9,51,0.0,6.8,238,1023.3,41
Leuven,50.8798,4.7005,2019-08-30T14:00,22.8,47,0.0,6.4,223,1022.7,19
Leuven,50.8798,4.7005,2019-08-30T15:00,23.2,44,0.0,6.3,246,1022.2,22
Leuven,50.8798,4.7005,2019-08-30T16:00,23.2,43,0.0,5.4,250,1021.7,72
Leuven,50.8798,4.7005,2019-08-30T17:00,22.9,43,0.0,5.1,266,1021.2,92
Leuven,50.8798,4.7005,2019-08-30T18:00,22.2,50,0.0,3.3,283,1020.9,95
Leuven,50.8798,4.7005,2019-08-30T19:00,21.6,49,0.0,3.1,291,1020.7,97
Leuven,50.8798,4.7005,2019-08-30T20:00,20.4,53,0.0,5.0,291,1020.9,96
Leuven,50.8798,4.7005,2019-08-30T21:00,18.6,60,0.0,4.7,266,1020.7,50
Leuven,50.8798,4.7005,2019-08-30T22:00,17.8,63,0.0,2.8,230,1020.7,0
Leuven,50.8798,4.7005,2019-08-30T23:00,16.3,69,0.0,2.2,189,1020.3,2
Leuven,50.8798,4.7005,2019-08-31T00:00,14.1,79,0.0,5.6,153,1019.7,1
Leuven,50.8798,4.7005,2019-08-31T01:00,13.4,82,0.0,6.2,170,1019.3,0
Leuven,50.8798,4.7005,2019-08-31T02:00,12.4,87,0.0,4.4,189,1018.4,0
Leuven,50.8798,4.7005,2019-08-31T03:00,11.5,92,0.0,4.3,175,1017.6,0
Leuven,50.8798,4.7005,2019-08-31T04:00,10.9,94,0.0,4.7,176,1016.9,0
Leuven,50.8798,4.7005,2019-08-31T05:00,10.8,93,0.0,5.4,184,1016.3,0
Leuven,50.8798,4.7005,2019-08-31T06:00,10.6,93,0.0,6.2,187,1015.7,14
Leuven,50.8798,4.7005,2019-08-31T07:00,13.2,85,0.0,8.0,185,1015.6,28
Leuven,50.8798,4.7005,2019-08-31T08:00,16.7,74,0.0,7.2,177,1015.4,57
Leuven,50.8798,4.7005,2019-08-31T09:00,20.4,61,0.0,6.1,180,1014.8,46
Leuven,50.8798,4.7005,2019-08-31T10:00,23.2,49,0.0,8.0,172,1014.5,26
Leuven,50.8798,4.7005,2019-08-31T11:00,25.2,42,0.0,7.2,174,1013.6,27
Leuven,50.8798,4.7005,2019-08-31T12:00,26.8,40,0.0,5.5,169,1012.5,8
Leuven,50.8798,4.7005,2019-08-31T13:00,28.2,43,0.0,12.6,167,1011.5,0
Leuven,50.8798,4.7005,2019-08-31T14:00,28.0,47,0.0,9.4,157,1010.6,32
Leuven,50.8798,4.7005,2019-08-31T15:00,29.4,45,0.0,7.3,160,1009.1,39
Leuven,50.8798,4.7005,2019-08-31T16:00,30.1,37,0.0,19.0,199,1007.7,67
Leuven,50.8798,4.7005,2019-08-31T17:00,28.8,45,0.0,19.4,211,1007.6,64
Leuven,50.8798,4.7005,2019-08-31T18:00,27.0,54,0.0,16.8,261,1008.1,87
Leuven,50.8798,4.7005,2019-08-31T19:00,25.0,60,0.0,13.8,298,1008.8,79
Leuven,50.8798,4.7005,2019-08-31T20:00,20.9,65,0.0,18.4,301,1010.5,65
Leuven,50.8798,4.7005,2019-08-31T21:00,19.7,67,0.0,17.0,287,1010.9,82
Leuven,50.8798,4.7005,2019-08-31T22:00,17.6,69,0.0,15.5,275,1011.4,99
Leuven,50.8798,4.7005,2019-08-31T23:00,17.0,74,0.0,14.0,269,1012.0,98
Leuven,50.8798,4.7005,2019-09-01T00:00,16.6,78,0.0,11.9,265,1012.1,92
Leuven,50.8798,4.7005,2019-09-01T01:00,15.6,85,0.0,10.6,242,1012.7,13
Leuven,50.8798,4.7005,2019-09-01T02:00,15.9,84,0.0,11.9,235,1013.0,100
Leuven,50.8798,4.7005,2019-09-01T03:00,16.2,83,0.0,13.0,231,1012.8,100
Leuven,50.8798,4.7005,2019-09-01T04:00,16.5,84,0.0,13.0,246,1012.8,100
Leuven,50.8798,4.7005,2019-09-01T05:00,16.1,85,0.0,13.1,262,1013.1,99
Leuven,50.8798,4.7005,2019-09-01T06:00,15.6,85,0.0,12.4,280,1013.3,100
Leuven,50.8798,4.7005,2019-09-01T07:00,15.5,83,0.0,9.0,286,1013.9,100
Leuven,50.8798,4.7005,2019-09-01T08:00,16.1,80,0.0,8.3,288,1014.6,100
Leuven,50.8798,4.7005,2019-09-01T09:00,16.9,74,0.1,8.6,292,1015.3,100
Leuven,50.8798,4.7005,2019-09-01T10:00,17.4,69,0.0,9.2,296,1015.7,100
Leuven,50.8798,4.7005,2019-09-01T11:00,17.6,65,0.0,10.3,295,1016.3,86
Leuven,50.8798,4.7005,2019-09-01T12:00,19.0,56,0.1,11.2,291,1016.2,86
Leuven,50.8798,4.7005,2019-09-01T13:00,19.6,48,0.0,13.4,294,1016.7,31
Leuven,50.8798,4.7005,2019-09-01T14:00,20.1,44,0.0,13.8,290,1016.8,63
Leuven,50.8798,4.7005,2019-09-01T15:00,19.9,45,0.0,14.9,290,1016.8,66
Leuven,50.8798,4.7005,2019-09-01T16:00,19.6,46,0.0,15.3,289,1016.9,51
Leuven,50.8798,4.7005,2019-09-01T17:00,19.0,47,0.0,14.5,300,1017.2,49
Leuven,50.8798,4.7005,2019-09-01T18:00,18.2,51,0.0,14.0,318,1017.7,49
Leuven,50.8798,4.7005,2019-09-01T19:00,16.8,57,0.0,10.3,331,1018.1,44
Leuven,50.8798,4.7005,2019-09-01T20:00,15.6,62,0.0,7.7,319,1018.9,27
Leuven,50.8798,4.7005,2019-09-01T21:00,14.6,66,0.0,7.6,315,1019.7,21
Leuven,50.8798,4.7005,2019-09-01T22:00,13.5,72,0.0,5.8,300,1020.1,28
Leuven,50.8798,4.7005,2019-09-01T23:00,12.8,76,0.0,5.8,266,1020.6,21
Mons,50.4542,3.9563,2019-08-01T00:00,15.6,78,0.0,8.7,218,1017.5,46
Mons,50.4542,3.9563,2019-08-01T01:00,15.7,79,0.0,8.4,205,1017.5,100
Mons,50.4542,3.9563,2019-08-01T02:00,15.6,80,0.0,9.5,209,1017.9,34
Mons,50.4542,3.9563,2019-08-01T03:00,15.6,79,0.0,9.9,213,1017.8,33
Mons,50.4542,3.9563,2019-08-01T04:00,15.6,79,0.0,11.3,217,1017.4,15
Mons,50.4542,3.9563,2019-08-01T05:00,15.2,81,0.0,12.1,217,1017.5,22
Mons,50.4542,3.9563,2019-08-01T06:00,15.6,82,0.0,13.1,217,1017.4,31
Mons,50.4542,3.9563,2019-08-01T07:00,17.0,80,0.0,12.0,226,1017.3,19
Mons,50.4542,3.9563,2019-08-01T08:00,18.1,76,0.0,16.4,251,1017.6,53
Mons,50.4542,3.9563,2019-08-01T09:00,19.1,71,0.0,15.8,246,1017.5,71
Mons,50.4542,3.9563,2019-08-01T10:00,20.0,66,0.0,16.6,243,1017.6,71
Mons,50.4542,3.9563,2019-08-01T11:00,21.2,60,0.1,17.9,245,1017.4,33
Mons,50.4542,3.9563,2019-08-01T12:00,22.1,56,0.3,19.4,252,1017.1,48
Mons,50.4542,3.9563,2019-08-01T13:00,22.5,54,0.3,15.9,252,1017.2,80
Mons,50.4542,3.9563,2019-08-01T14:00,22.8,53,0.1,15.4,254,1017.3,42
Mons,50.4542,3.9563,2019-08-01T15:00,23.2,50,0.0,13.5,261,1016.9,99
Mons,50.4542,3.9563,2019-08-01T16:00,23.1,50,0.0,12.3,277,1016.6,99
Mons,50.4542,3.9563,2019-08-01T17:00,22.4,56,0.0,13.8,317,1016.6,91
Mons,50.4542,3.9563,2019-08-01T18:00,21.7,60,0.0,10.2,312,1016.4,60
Mons,50.4542,3.9563,2019-08-01T19:00,21.6,61,0.0,7.3,290,1016.3,55
Mons,50.4542,3.9563,2019-08-01T20:00,19.8,71,0.0,5.4,340,1016.7,72
Mons,50.4542,3.9563,2019-08-01T21:00,18.5,75,0.0,6.3,13,1017.0,95
Mons,50.4542,3.9563,2019-08-01T22:00,16.9,85,0.0,7.8,22,1017.1,97
Mons,50.4542,3.9563,2019-08-01T23:00,16.5,86,0.0,7.3,9,1017.1,90
Mons,50.4542,3.9563,2019-08-02T00:00,16.4,86,0.0,6.2,10,1016.9,87
Mons,50.4542,3.9563,2019-08-02T01:00,16.5,85,0.0,5.4,360,1017.1,94
Mons,50.4542,3.9563,2019-08-02T02:00,15.8,88,0.0,2.2,261,1017.0,66
Mons,50.4542,3.9563,2019-08-02T03:00,15.2,91,0.0,3.3,257,1016.9,53
Mons,50.4542,3.9563,2019-08-02T04:00,13.6,95,0.0,5.1,266,1017.0,4
Mons,50.4542,3.9563,2019-08-02T05:00,13.1,97,0.0,5.8,266,1017.0,18
Mons,50.4542,3.9563,2019-08-02T06:00,14.1,95,0.0,6.2,260,1016.7,5
Mons,50.4542,3.9563,2019-08-02T07:00,15.8,89,0.0,5.8,266,1016.7,1
Mons,50.4542,3.9563,2019-08-02T08:00,17.6,81,0.0,7.1,285,1016.8,5
Mons,50.4542,3.9563,2019-08-02T09:00,19.2,77,0.0,7.6,289,1016.8,6
Mons,50.4542,3.9563,2019-08-02T10:00,20.9,67,0.1,13.7,288,1016.9,34
Mons,50.4542,3.9563,2019-08-02T11:00,21.5,62,0.0,14.7,295,1016.9,16
Mons,50.4542,3.9563,2019-08-02T12:00,22.4,57,0.0,17.2,299,1016.6,38
Mons,50.4542,3.9563,2019-08-02T13:00,22.3,57,0.1,17.6,305,1017.1,30
Mons,50.4542,3.9563,2019-08-02T14:00,21.5,63,0.2,20.0,326,1017.3,48
Mons,50.4542,3.9563,2019-08-02T15:00,21.1,69,0.2,17.5,323,1017.2,41
Mons,50.4542,3.9563,2019-08-02T16:00,21.5,71,0.0,18.4,321,1016.9,26
Mons,50.4542,3.9563,2019-08-02T17:00,21.3,70,0.1,19.0,323,1016.8,28
Mons,50.4542,3.9563,2019-08-02T18:00,20.5,68,0.2,19.0,327,1016.9,32
Mons,50.4542,3.9563,2019-08-02T19:00,19.9,71,0.0,16.8,325,1017.0,11
Mons,50.4542,3.9563,2019-08-02T20:00,18.7,76,0.0,13.6,320,1017.3,21
Mons,50.4542,3.9563,2019-08-02T21:00,17.6,83,0.0,12.0,319,1017.7,26
Mons,50.4542,3.9563,2019-08-02T22:00,17.0,87,0.0,11.5,316,1017.9,26
Mons,50.4542,3.9563,2019-08-02T23:00,16.5,91,0.0,10.9,316,1018.0,37
Mons,50.4542,3.9563,2019-08-03T00:00,16.1,94,0.0,9.9,316,1018.1,39
Mons,50.4542,3.9563,2019-08-03T01:00,15.6,97,0.0,8.0,324,1018.2,34
Mons,50.4542,3.9563,2019-08-03T02:00,15.4,97,0.0,7.7,319,1018.1,45
Mons,50.4542,3.9563,2019-08-03T03:00,15.3,98,0.0,7.7,332,1018.1,34
Mons,50.4542,3.9563,2019-08-03T04:00,14.9,98,0.0,7.4,331,1017.9,74
Mons,50.4542,3.9563,2019-08-03T05:00,14.9,98,0.0,7.1,319,1018.2,100
Mons,50.4542,3.9563,2019-08-03T06:00,15.3,97,0.0,7.9,321,1018.6,100
Mons,50.4542,3.9563,2019-08-03T07:00,16.5,87,0.1,8.3,342,1018.8,68
Mons,50.4542,3.9563,2019-08-03T08:00,17.6,79,0.0,9.1,9,1018.8,58
Mons,50.4542,3.9563,2019-08-03T09:00,18.9,70,0.0,9.1,18,1018.7,100
Mons,50.4542,3.9563,2019-08-03T10:00,19.6,66,0.0,7.8,13,1018.8,100
Mons,50.4542,3.9563,2019-08-03T11:00,20.3,62,0.0,5.8,356,1019.1,100
Mons,50.4542,3.9563,2019-08-03T12:00,20.7,61,0.0,3.5,336,1019.0,100
Mons,50.4542,3.9563,2019-08-03T13:00,21.2,60,0.0,6.6,22,1019.2,100
Mons,50.4542,3.9563,2019-08-03T14:00,22.1,58,0.0,6.9,9,1018.9,100
Mons,50.4542,3.9563,2019-08-03T15:00,21.5,62,0.0,10.0,15,1018.8,100
Mons,50.4542,3.9563,2019-08-03T16:00,22.2,60,0.0,7.0,21,1018.5,99
Mons,50.4542,3.9563,2019-08-03T17:00,22.0,60,0.0,8.9,21,1018.2,100
Mons,50.4542,3.9563,2019-08-03T18:00,21.1,65,0.0,10.8,30,1018.1,100
Mons,50.4542,3.9563,2019-08-03T19:00,21.0,66,0.0,7.9,43,1017.9,98
Mons,50.4542,3.9563,2019-08-03T20:00,19.4,74,0.0,5.1,45,1017.8,98
Mons,50.4542,3.9563,2019-08-03T21:00,17.8,81,0.0,6.4,63,1017.9,99
Mons,50.4542,3.9563,2019-08-03T22:00,17.5,82,0.0,5.4,82,1017.9,97
Mons,50.4542,3.9563,2019-08-03T23:00,16.8,85,0.0,6.1,87,1017.7,95
Mons,50.4542,3.9563,2019-08-04T00:00,16.3,87,0.0,6.6,99,1017.5,97
Mons,50.4542,3.9563,2019-08-04T01:00,16.4,87,0.0,8.0,98,1017.3,94
Mons,50.4542,3.9563,2019-08-04T02:00,15.1,92,0.0,6.3,114,1017.2,9
Mons,50.4542,3.9563,2019-08-04T03:00,14.1,95,0.0,6.6,112,1017.1,19
Mons,50.4542,3.9563,2019-08-04T04:00,14.1,96,0.0,5.8,94,1016.9,29
Mons,50.4542,3.9563,2019-08-04T05:00,14.1,96,0.0,7.0,111,1017.0,73
Mons,50.4542,3.9563,2019-08-04T06:00,14.9,93,0.0,8.4,115,1016.7,53
Mons,50.4542,3.9563,2019-08-04T07:00,16.2,87,0.0,7.6,121,1016.5,14
Mons,50.4542,3.9563,2019-08-04T08:00,18.5,79,0.0,6.1,130,1016.4,11
Mons,50.4542,3.9563,2019-08-04T09:00,20.9,70,0.0,5.4,143,1016.1,46
Mons,50.4542,3.9563,2019-08-04T10:00,22.6,61,0.0,4.4,145,1015.6,96
Mons,50.4542,3.9563,2019-08-04T11:00,23.8,57,0.0,5.2,155,1015.3,99
Mons,50.4542,3.9563,2019-08-04T12:00,25.0,53,0.0,6.5,177,1014.8,82
Mons,50.4542,3.9563,2019-08-04T13:00,25.5,52,0.0,4.7,176,1014.8,99
Mons,50.4542,3.9563,2019-08-04T14:00,26.4,48,0.0,7.3,189,1014.2,100
Mons,50.4542,3.9563,2019-08-04T15:00,26.8,46,0.0,9.0,209,1013.8,100
Mons,50.4542,3.9563,2019-08-04T16:00,26.3,47,0.0,7.4,219,1013.4,100
Mons,50.4542,3.9563,2019-08-04T17:00,26.0,49,0.0,5.6,230,1012.8,100
Mons,50.4542,3.9563,2019-08-04T18:00,25.6,52,0.0,5.0,270,1012.7,99
Mons,50.4542,3.9563,2019-08-04T19:00,24.6,61,0.0,3.6,307,1012.3,100
Mons,50.4542,3.9563,2019-08-04T20:00,22.3,74,0.1,5.8,338,1012.2,100
Mons,50.4542,3.9563,2019-08-04T21:00,22.5,66,0.0,3.4,32,1012.2,100
Mons,50.4542,3.9563,2019-08-04T22:00,20.5,77,0.0,4.3,95,1011.8,100
Mons,50.4542,3.9563,2019-08-04T23:00,19.4,81,0.0,5.6,117,1011.8,100
Mons,50.4542,3.9563,2019-08-05T00:00,20.0,77,0.0,8.5,168,1011.9,100
Mons,50.4542,3.9563,2019-08-05T01:00,20.0,76,0.8,6.8,180,1011.8,77
Mons,50.4542,3.9563,2019-08-05T02:00,19.4,79,0.3,10.0,240,1011.8,72
Mons,50.4542,3.9563,2019-08-05T03:00,18.2,85,0.2,10.8,272,1011.7,91
Mons,50.4542,3.9563,2019-08-05T04:00,17.6,84,0.0,12.3,265,1011.8,96
Mons,50.4542,3.9563,2019-08-05T05:00,17.2,84,0.0,12.5,258,1011.9,96
Mons,50.4542,3.9563,2019-08-05T06:00,16.9,84,0.0,13.3,257,1012.2,76
Mons,50.4542,3.9563,2019-08-05T07:00,17.2,82,0.0,13.2,253,1012.4,45
Mons,50.4542,3.9563,2019-08-05T08:00,18.3,74,0.0,14.3,252,1012.5,46
Mons,50.4542,3.9563,2019-08-05T09:00,19.4,68,0.0,14.5,251,1012.6,61
Mons,50.4542,3.9563,2019-08-05T10:00,20.6,63,0.0,13.6,248,1012.6,29
Mons,50.4542,3.9563,2019-08-05T11:00,22.1,57,0.0,14.5,243,1012.5,75
Mons,50.4542,3.9563,2019-08-05T12:00,23.4,51,0.0,17.6,242,1012.3,82
Mons,50.4542,3.9563,2019-08-05T13:00,24.1,49,0.0,17.9,240,1012.2,100
Mons,50.4542,3.9563,2019-08-05T14:00,24.9,46,0.0,15.5,239,1011.7,100
Mons,50.4542,3.9563,2019-08-05T15:00,24.5,50,0.0,16.9,243,1011.6,100
Mons,50.4542,3.9563,2019-08-05T16:00,24.6,50,0.0,14.5,247,1011.4,96
Mons,50.4542,3.9563,2019-08-05T17:00,24.7,50,0.0,17.4,240,1011.2,98
Mons,50.4542,3.9563,2019-08-05T18:00,24.2,52,0.0,13.8,250,1010.9,99
Mons,50.4542,3.9563,2019-08-05T19:00,22.8,64,0.0,11.9,295,1011.1,97
Mons,50.4542,3.9563,2019-08-05T20:00,20.5,76,0.0,5.8,270,1011.2,99
Mons,50.4542,3.9563,2019-08-05T21:00,20.3,75,0.0,10.0,249,1011.8,99
Mons,50.4542,3.9563,2019-08-05T22:00,19.8,78,0.1,10.1,264,1011.7,97
Mons,50.4542,3.9563,2019-08-05T23:00,19.2,81,0.1,11.6,263,1012.0,96
Mons,50.4542,3.9563,2019-08-06T00:00,18.4,80,0.2,12.4,262,1012.0,78
Mons,50.4542,3.9563,2019-08-06T01:00,17.8,77,0.4,12.1,258,1012.2,98
Mons,50.4542,3.9563,2019-08-06T02:00,17.2,75,0.1,10.8,255,1012.5,94
Mons,50.4542,3.9563,2019-08-06T03:00,17.0,75,0.0,9.2,249,1012.3,100
Mons,50.4542,3.9563,2019-08-06T04:00,17.1,75,0.0,8.8,235,1012.1,91
Mons,50.4542,3.9563,2019-08-06T05:00,16.3,78,0.0,8.3,236,1012.2,98
Mons,50.4542,3.9563,2019-08-06T06:00,15.6,82,0.0,8.9,227,1012.2,96
Mons,50.4542,3.9563,2019-08-06T07:00,16.7,79,0.0,9.9,226,1012.3,81
Mons,50.4542,3.9563,2019-08-06T08:00,18.1,67,0.0,11.0,238,1012.2,100
Mons,50.4542,3.9563,2019-08-06T09:00,19.3,58,0.0,11.9,235,1012.1,99
Mons,50.4542,3.9563,2019-08-06T10:00,19.8,58,0.0,12.5,229,1012.0,99
Mons,50.4542,3.9563,2019-08-06T11:00,20.6,58,0.0,12.5,221,1011.8,100
Mons,50.4542,3.9563,2019-08-06T12:00,22.0,54,0.0,17.4,230,1011.4,100
Mons,50.4542,3.9563,2019-08-06T13:00,21.6,62,0.0,11.3,217,1011.1,100
Mons,50.4542,3.9563,2019-08-06T14:00,22.4,59,0.0,12.9,234,1010.7,100
Mons,50.4542,3.9563,2019-08-06T15:00,21.6,63,0.0,9.5,241,1010.2,100
Mons,50.4542,3.9563,2019-08-06T16:00,21.7,63,0.0,10.2,228,1009.6,100
Mons,50.4542,3.9563,2019-08-06T17:00,20.5,75,0.8,14.4,202,1009.6,99
Mons,50.4542,3.9563,2019-08-06T18:00,19.3,85,0.8,10.5,188,1008.7,94
Mons,50.4542,3.9563,2019-08-06T19:00,19.0,88,0.0,10.5,211,1008.5,79
Mons,50.4542,3.9563,2019-08-06T20:00,18.6,89,0.0,11.6,234,1008.5,94
Mons,50.4542,3.9563,2019-08-06T21:00,18.0,88,0.1,11.9,241,1008.9,93
Mons,50.4542,3.9563,2019-08-06T22:00,17.7,88,0.0,11.8,243,1009.2,97
Mons,50.4542,3.9563,2019-08-06T23:00,17.4,88,0.0,8.7,225,1008.9,98
Mons,50.4542,3.9563,2019-08-07T00:00,16.5,91,0.0,8.8,215,1008.9,99
Mons,50.4542,3.9563,2019-08-07T01:00,16.4,87,0.0,8.5,234,1009.0,100
Mons,50.4542,3.9563,2019-08-07T02:00,15.9,90,0.0,9.5,209,1008.7,90
Mons,50.4542,3.9563,2019-08-07T03:00,15.8,91,0.0,10.8,201,1008.3,97
Mons,50.4542,3.9563,2019-08-07T04:00,15.7,93,0.0,11.1,205,1008.2,97
Mons,50.4542,3.9563,2019-08-07T05:00,15.8,92,0.0,11.3,217,1008.1,98
Mons,50.4542,3.9563,2019-08-07T06:00,16.0,90,0.0,12.2,225,1008.3,98
Mons,50.4542,3.9563,2019-08-07T07:00,17.0,85,0.0,12.7,225,1008.5,52
Mons,50.4542,3.9563,2019-08-07T08:00,18.2,79,0.0,13.4,239,1008.7,60
Mons,50.4542,3.9563,2019-08-07T09:00,19.5,69,0.0,15.7,250,1008.4,99
Mons,50.4542,3.9563,2019-08-07T10:00,20.4,65,0.0,16.6,252,1008.5,93
Mons,50.4542,3.9563,2019-08-07T11:00,21.1,61,0.0,16.6,252,1008.6,91
Mons,50.4542,3.9563,2019-08-07T12:00,21.8,61,0.0,16.8,247,1008.4,93
Mons,50.4542,3.9563,2019-08-07T13:00,21.1,61,0.0,17.7,243,1008.6,79
Mons,50.4542,3.9563,2019-08-07T14:00,22.2,54,0.0,20.8,244,1008.6,45
Mons,50.4542,3.9563,2019-08-07T15:00,22.4,53,0.0,19.9,250,1008.6,41
Mons,50.4542,3.9563,2019-08-07T16:00,22.5,51,0.0,18.3,254,1008.3,41
Mons,50.4542,3.9563,2019-08-07T17:00,22.2,51,0.0,18.3,260,1008.6,40
Mons,50.4542,3.9563,2019-08-07T18:00,21.8,52,0.0,16.7,264,1008.8,31
Mons,50.4542,3.9563,2019-08-07T19:00,21.0,55,0.0,14.5,264,1009.1,13
Mons,50.4542,3.9563,2019-08-07T20:00,19.4,58,0.0,12.6,257,1009.6,16
Mons,50.4542,3.9563,2019-08-07T21:00,17.8,64,0.0,9.4,247,1010.2,9
Mons,50.4542,3.9563,2019-08-07T22:00,16.8,70,0.0,10.3,234,1010.7,4
Mons,50.4542,3.9563,2019-08-07T23:00,16.0,74,0.0,11.1,234,1011.0,0
Mons,50.4542,3.9563,2019-08-08T00:00,15.2,79,0.0,10.4,226,1011.1,0
Mons,50.4542,3.9563,2019-08-08T01:00,15.6,80,0.0,11.5,226,1011.6,0
Mons,50.4542,3.9563,2019-08-08T02:00,14.9,83,0.0,10.5,218,1011.3,84
Mons,50.4542,3.9563,2019-08-08T03:00,14.4,85,0.0,11.4,215,1011.2,90
Mons,50.4542,3.9563,2019-08-08T04:00,14.6,84,0.0,11.5,219,1011.3,92
Mons,50.4542,3.9563,2019-08-08T05:00,14.9,83,0.0,11.2,222,1011.5,50
Mons,50.4542,3.9563,2019-08-08T06:00,14.9,84,0.0,10.5,229,1011.4,28
Mons,50.4542,3.9563,2019-08-08T07:00,16.4,79,0.0,10.7,228,1011.7,60
Mons,50.4542,3.9563,2019-08-08T08:00,18.0,71,0.0,12.5,231,1012.2,96
Mons,50.4542,3.9563,2019-08-08T09:00,18.4,65,0.1,14.4,248,1012.7,98
Mons,50.4542,3.9563,2019-08-08T10:00,18.0,70,0.1,10.5,266,1012.9,79
Mons,50.4542,3.9563,2019-08-08T11:00,19.0,69,0.0,6.5,251,1012.9,51
Mons,50.4542,3.9563,2019-08-08T12:00,20.8,65,0.0,7.7,233,1012.8,88
Mons,50.4542,3.9563,2019-08-08T13:00,19.0,76,0.0,2.5,225,1012.9,44
Mons,50.4542,3.9563,2019-08-08T14:00,21.5,65,0.0,5.2,245,1012.9,88
Mons,50.4542,3.9563,2019-08-08T15:00,22.2,63,0.0,9.1,252,1012.5,79
Mons,50.4542,3.9563,2019-08-08T16:00,22.8,60,0.0,4.8,297,1011.9,99
Mons,50.4542,3.9563,2019-08-08T17:00,22.6,61,0.0,4.8,333,1011.9,89
Mons,50.4542,3.9563,2019-08-08T18:00,22.8,61,0.0,4.6,39,1011.4,43
Mons,50.4542,3.9563,2019-08-08T19:00,22.3,65,0.0,4.7,58,1011.3,33
Mons,50.4542,3.9563,2019-08-08T20:00,20.7,70,0.0,7.8,77,1011.2,100
Mons,50.4542,3.9563,2019-08-08T21:00,21.0,67,0.0,11.9,95,1010.9,57
Mons,50.4542,3.9563,2019-08-08T22:00,20.5,68,0.0,14.6,110,1010.7,71
Mons,50.4542,3.9563,2019-08-08T23:00,20.1,68,0.0,15.3,117,1010.4,28
Mons,50.4542,3.9563,2019-08-09T00:00,19.5,69,0.0,14.7,121,1010.1,45
Mons,50.4542,3.9563,2019-08-09T01:00,19.4,74,0.0,13.8,123,1009.3,76
Mons,50.4542,3.9563,2019-08-09T02:00,20.0,69,0.0,13.7,135,1009.2,97
Mons,50.4542,3.9563,2019-08-09T03:00,20.8,67,0.1,12.7,135,1008.3,100
Mons,50.4542,3.9563,2019-08-09T04:00,21.5,65,0.0,14.2,144,1007.6,100
Mons,50.4542,3.9563,2019-08-09T05:00,21.8,65,0.0,17.4,153,1006.9,100
Mons,50.4542,3.9563,2019-08-09T06:00,22.3,63,0.0,21.0,168,1006.3,96
Mons,50.4542,3.9563,2019-08-09T07:00,23.0,60,0.0,23.7,167,1005.9,94
Mons,50.4542,3.9563,2019-08-09T08:00,24.3,55,0.0,24.3,173,1005.7,92
Mons,50.4542,3.9563,2019-08-09T09:00,24.5,60,0.5,22.1,187,1006.0,88
Mons,50.4542,3.9563,2019-08-09T10:00,24.9,62,0.1,22.0,195,1006.3,94
Mons,50.4542,3.9563,2019-08-09T11:00,25.2,63,0.0,18.2,198,1006.6,100
Mons,50.4542,3.9563,2019-08-09T12:00,24.7,69,0.3,12.6,182,1006.1,100
Mons,50.4542,3.9563,2019-08-09T13:00,23.4,83,0.0,12.9,203,1006.4,98
Mons,50.4542,3.9563,2019-08-09T14:00,25.0,70,0.1,15.8,221,1006.6,98
Mons,50.4542,3.9563,2019-08-09T15:00,24.6,73,0.3,12.9,216,1006.5,100
Mons,50.4542,3.9563,2019-08-09T16:00,21.9,90,1.4,13.8,208,1006.3,100
Mons,50.4542,3.9563,2019-08-09T17:00,21.8,91,0.8,15.2,176,1005.4,91
Mons,50.4542,3.9563,2019-08-09T18:00,22.3,85,0.0,20.6,205,1005.6,94
Mons,50.4542,3.9563,2019-08-09T19:00,21.8,81,0.0,21.0,202,1005.5,100
Mons,50.4542,3.9563,2019-08-09T20:00,20.5,78,0.0,17.9,208,1006.3,96
Mons,50.4542,3.9563,2019-08-09T21:00,19.5,79,0.0,18.8,200,1007.1,96
Mons,50.4542,3.9563,2019-08-09T22:00,19.6,79,0.0,23.7,202,1007.1,94
Mons,50.4542,3.9563,2019-08-09T23:00,19.8,78,0.0,24.8,199,1006.8,100
Mons,50.4542,3.9563,2019-08-10T00:00,19.9,77,0.0,25.7,200,1006.9,100
Mons,50.4542,3.9563,2019-08-10T01:00,20.2,71,0.0,26.5,201,1007.1,96
Mons,50.4542,3.9563,2019-08-10T02:00,19.9,68,0.0,28.6,203,1007.2,8
Mons,50.4542,3.9563,2019-08-10T03:00,19.6,68,0.0,29.8,207,1007.4,31
Mons,50.4542,3.9563,2019-08-10T04:00,19.3,68,0.0,30.8,209,1007.4,50
Mons,50.4542,3.9563,2019-08-10T05:00,18.9,68,0.0,31.3,213,1007.8,36
Mons,50.4542,3.9563,2019-08-10T06:00,18.5,70,0.0,31.5,218,1008.4,42
Mons,50.4542,3.9563,2019-08-10T07:00,18.5,71,0.0,30.9,221,1008.9,42
Mons,50.4542,3.9563,2019-08-10T08:00,19.0,70,0.0,34.1,223,1009.6,68
Mons,50.4542,3.9563,2019-08-10T09:00,19.5,67,0.0,36.2,227,1010.2,94
Mons,50.4542,3.9563,2019-08-10T10:00,20.1,64,0.0,35.1,227,1010.7,97
Mons,50.4542,3.9563,2019-08-10T11:00,21.1,59,0.0,35.7,227,1011.0,97
Mons,50.4542,3.9563,2019-08-10T12:00,21.1,56,0.0,35.7,228,1011.4,99
Mons,50.4542,3.9563,2019-08-10T13:00,22.2,51,0.0,34.5,231,1011.9,41
Mons,50.4542,3.9563,2019-08-10T14:00,22.7,50,0.0,34.9,233,1012.2,30
Mons,50.4542,3.9563,2019-08-10T15:00,23.1,46,0.0,32.4,235,1012.4,81
Mons,50.4542,3.9563,2019-08-10T16:00,23.0,45,0.0,29.8,235,1012.5,92
Mons,50.4542,3.9563,2019-08-10T17:00,22.6,48,0.0,24.8,237,1012.7,82
Mons,50.4542,3.9563,2019-08-10T18:00,22.2,49,0.0,22.2,241,1012.9,61
Mons,50.4542,3.9563,2019-08-10T19:00,21.2,52,0.0,16.4,255,1013.4,52
Mons,50.4542,3.9563,2019-08-10T20:00,19.7,56,0.0,14.7,259,1014.2,51
Mons,50.4542,3.9563,2019-08-10T21:00,19.0,57,0.0,14.5,243,1014.7,59
Mons,50.4542,3.9563,2019-08-10T22:00,18.2,61,0.0,11.3,248,1014.9,47
Mons,50.4542,3.9563,2019-08-10T23:00,17.5,64,0.0,13.4,250,1015.5,60
Mons,50.4542,3.9563,2019-08-11T00:00,17.1,68,0.0,14.2,243,1015.7,48
Mons,50.4542,3.9563,2019-08-11T01:00,17.6,70,0.0,13.4,243,1015.9,50
Mons,50.4542,3.9563,2019-08-11T02:00,16.1,78,0.0,11.2,228,1015.8,53
Mons,50.4542,3.9563,2019-08-11T03:00,15.4,82,0.0,10.5,218,1016.0,91
Mons,50.4542,3.9563,2019-08-11T04:00,15.4,81,0.0,11.4,208,1015.7,87
Mons,50.4542,3.9563,2019-08-11T05:00,15.1,82,0.0,10.4,214,1015.7,100
Mons,50.4542,3.9563,2019-08-11T06:00,15.1,81,0.0,10.9,207,1015.7,97
Mons,50.4542,3.9563,2019-08-11T07:00,15.9,81,0.0,12.1,192,1015.4,92
Mons,50.4542,3.9563,2019-08-11T08:00,16.9,74,0.0,13.7,207,1015.6,13
Mons,50.4542,3.9563,2019-08-11T09:00,18.2,66,0.0,15.6,220,1015.5,99
Mons,50.4542,3.9563,2019-08-11T10:00,18.9,62,0.0,15.3,223,1015.2,100
Mons,50.4542,3.9563,2019-08-11T11:00,19.1,60,0.0,16.3,225,1015.4,100
Mons,50.4542,3.9563,2019-08-11T12:00,19.6,56,0.0,15.5,216,1014.9,100
Mons,50.4542,3.9563,2019-08-11T13:00,20.0,59,0.0,18.6,226,1015.2,100
Mons,50.4542,3.9563,2019-08-11T14:00,20.6,55,0.0,20.1,226,1015.0,100
Mons,50.4542,3.9563,2019-08-11T15:00,19.9,55,0.0,18.8,225,1014.5,97
Mons,50.4542,3.9563,2019-08-11T16:00,20.3,54,0.0,18.1,227,1014.0,91
Mons,50.4542,3.9563,2019-08-11T17:00,20.5,52,0.0,17.9,230,1014.1,96
Mons,50.4542,3.9563,2019-08-11T18:00,20.1,53,0.0,15.5,239,1014.1,85
Mons,50.4542,3.9563,2019-08-11T19:00,19.4,57,0.0,12.7,241,1014.5,31
Mons,50.4542,3.9563,2019-08-11T20:00,17.8,63,0.0,9.4,220,1014.9,36
Mons,50.4542,3.9563,2019-08-11T21:00,16.6,71,0.0,11.0,191,1015.3,33
Mons,50.4542,3.9563,2019-08-11T22:00,16.0,75,0.0,13.7,194,1015.4,21
Mons,50.4542,3.9563,2019-08-11T23:00,15.8,77,0.0,13.4,204,1015.5,21
Mons,50.4542,3.9563,2019-08-12T00:00,15.2,79,0.0,12.1,207,1015.5,3
Mons,50.4542,3.9563,2019-08-12T01:00,14.7,77,0.0,9.7,202,1015.7,0
Mons,50.4542,3.9563,2019-08-12T02:00,14.1,81,0.0,8.9,207,1015.6,17
Mons,50.4542,3.9563,2019-08-12T03:00,13.6,84,0.0,8.1,212,1015.3,16
Mons,50.4542,3.9563,2019-08-12T04:00,13.2,87,0.0,8.4,200,1015.4,7
Mons,50.4542,3.9563,2019-08-12T05:00,12.8,89,0.0,7.9,196,1015.5,18
Mons,50.4542,3.9563,2019-08-12T06:00,12.9,89,0.0,7.5,197,1015.3,11
Mons,50.4542,3.9563,2019-08-12T07:00,14.4,84,0.0,8.8,199,1015.2,13
Mons,50.4542,3.9563,2019-08-12T08:00,16.2,77,0.0,9.3,208,1015.4,13
Mons,50.4542,3.9563,2019-08-12T09:00,17.8,71,0.0,11.0,232,1015.5,27
Mons,50.4542,3.9563,2019-08-12T10:00,18.6,61,0.0,12.4,244,1015.5,34
Mons,50.4542,3.9563,2019-08-12T11:00,19.4,58,0.0,12.2,236,1015.5,43
Mons,50.4542,3.9563,2019-08-12T12:00,19.9,57,0.0,13.2,241,1015.2,41
Mons,50.4542,3.9563,2019-08-12T13:00,20.4,62,0.0,14.1,199,1014.2,53
Mons,50.4542,3.9563,2019-08-12T14:00,18.5,73,1.3,16.6,252,1015.2,90
Mons,50.4542,3.9563,2019-08-12T15:00,17.0,80,1.7,11.2,274,1015.4,93
Mons,50.4542,3.9563,2019-08-12T16:00,17.2,75,0.1,12.6,211,1014.9,95
Mons,50.4542,3.9563,2019-08-12T17:00,17.4,74,0.0,11.6,210,1014.9,82
Mons,50.4542,3.9563,2019-08-12T18:00,17.4,72,0.5,14.2,246,1015.0,76
Mons,50.4542,3.9563,2019-08-12T19:00,15.9,83,1.2,10.5,239,1015.3,66
Mons,50.4542,3.9563,2019-08-12T20:00,15.3,84,0.0,10.2,222,1015.5,69
Mons,50.4542,3.9563,2019-08-12T21:00,14.4,88,0.0,11.7,227,1016.1,21
Mons,50.4542,3.9563,2019-08-12T22:00,13.9,89,0.0,12.7,235,1016.4,28
Mons,50.4542,3.9563,2019-08-12T23:00,13.4,90,0.0,13.2,235,1016.6,22
Mons,50.4542,3.9563,2019-08-13T00:00,13.1,92,0.0,14.0,235,1016.8,35
Mons,50.4542,3.9563,2019-08-13T01:00,13.1,92,0.0,10.0,255,1017.9,94
Mons,50.4542,3.9563,2019-08-13T02:00,12.7,94,0.0,12.4,240,1017.7,22
Mons,50.4542,3.9563,2019-08-13T03:00,12.2,95,0.0,12.4,244,1017.8,18
Mons,50.4542,3.9563,2019-08-13T04:00,12.1,95,0.0,10.8,244,1018.1,5
Mons,50.4542,3.9563,2019-08-13T05:00,11.8,96,0.0,9.9,237,1018.2,0
Mons,50.4542,3.9563,2019-08-13T06:00,11.6,95,0.0,9.4,230,1018.4,0
Mons,50.4542,3.9563,2019-08-13T07:00,12.7,90,0.0,12.7,225,1018.7,2
Mons,50.4542,3.9563,2019-08-13T08:00,14.2,84,0.0,14.5,235,1019.2,6
Mons,50.4542,3.9563,2019-08-13T09:00,15.7,76,0.0,16.3,239,1019.1,17
Mons,50.4542,3.9563,2019-08-13T10:00,16.9,67,0.0,19.6,244,1019.1,24
Mons,50.4542,3.9563,2019-08-13T11:00,16.7,69,0.2,22.2,245,1019.2,91
Mons,50.4542,3.9563,2019-08-13T12:00,17.2,68,0.1,21.1,245,1019.0,98
Mons,50.4542,3.9563,2019-08-13T13:00,17.6,63,0.2,20.8,260,1019.0,87
Mons,50.4542,3.9563,2019-08-13T14:00,15.6,72,0.5,19.2,264,1019.4,100
Mons,50.4542,3.9563,2019-08-13T15:00,15.4,76,0.6,15.1,252,1019.0,93
Mons,50.4542,3.9563,2019-08-13T16:00,15.8,71,0.1,16.5,250,1018.9,40
Mons,50.4542,3.9563,2019-08-13T17:00,17.0,59,0.0,17.4,257,1018.7,44
Mons,50.4542,3.9563,2019-08-13T18:00,16.8,61,0.0,13.9,249,1018.5,33
Mons,50.4542,3.9563,2019-08-13T19:00,16.0,67,0.0,10.9,236,1018.5,36
Mons,50.4542,3.9563,2019-08-13T20:00,14.6,77,0.0,10.2,222,1018.9,30
Mons,50.4542,3.9563,2019-08-13T21:00,13.8,83,0.0,11.4,215,1019.3,26
Mons,50.4542,3.9563,2019-08-13T22:00,13.3,84,0.0,10.7,220,1019.3,20
Mons,50.4542,3.9563,2019-08-13T23:00,12.7,87,0.0,9.4,220,1019.3,12
Mons,50.4542,3.9563,2019-08-14T00:00,12.1,91,0.0,9.5,217,1019.2,38
Mons,50.4542,3.9563,2019-08-14T01:00,12.1,93,0.0,9.9,226,1019.5,6
Mons,50.4542,3.9563,2019-08-14T02:00,11.6,94,0.0,8.3,214,1019.2,0
Mons,50.4542,3.9563,2019-08-14T03:00,11.4,95,0.0,9.2,211,1019.2,37
Mons,50.4542,3.9563,2019-08-14T04:00,11.2,95,0.0,8.0,207,1018.8,24
Mons,50.4542,3.9563,2019-08-14T05:00,11.1,95,0.0,8.9,207,1018.8,8
Mons,50.4542,3.9563,2019-08-14T06:00,11.3,95,0.0,8.7,210,1018.9,2
Mons,50.4542,3.9563,2019-08-14T07:00,12.9,92,0.0,9.2,206,1018.8,8
Mons,50.4542,3.9563,2019-08-14T08:00,14.8,86,0.0,9.2,201,1018.6,1
Mons,50.4542,3.9563,2019-08-14T09:00,16.6,76,0.0,10.8,206,1018.6,3
Mons,50.4542,3.9563,2019-08-14T10:00,18.0,66,0.0,12.5,213,1018.3,47
Mons,50.4542,3.9563,2019-08-14T11:00,19.1,58,0.0,15.1,220,1018.1,61
Mons,50.4542,3.9563,2019-08-14T12:00,20.0,56,0.0,15.3,219,1017.4,100
Mons,50.4542,3.9563,2019-08-14T13:00,19.3,61,0.0,13.1,201,1017.4,70
Mons,50.4542,3.9563,2019-08-14T14:00,20.4,56,0.0,16.6,207,1016.8,95
Mons,50.4542,3.9563,2019-08-14T15:00,18.4,71,0.3,12.8,191,1016.3,87
Mons,50.4542,3.9563,2019-08-14T16:00,19.1,69,0.1,10.7,166,1015.4,69
Mons,50.4542,3.9563,2019-08-14T17:00,20.2,62,0.0,12.0,189,1014.5,74
Mons,50.4542,3.9563,2019-08-14T18:00,20.4,63,0.0,10.7,220,1013.7,100
Mons,50.4542,3.9563,2019-08-14T19:00,19.9,61,0.0,12.8,212,1013.0,98
Mons,50.4542,3.9563,2019-08-14T20:00,18.0,72,0.5,11.7,227,1013.0,100
Mons,50.4542,3.9563,2019-08-14T21:00,16.9,86,0.9,12.1,210,1013.1,100
Mons,50.4542,3.9563,2019-08-14T22:00,16.7,86,0.9,13.9,190,1012.5,100
Mons,50.4542,3.9563,2019-08-14T23:00,16.5,87,0.1,16.0,189,1012.0,100
Mons,50.4542,3.9563,2019-08-15T00:00,16.5,85,0.0,19.1,200,1011.6,100
Mons,50.4542,3.9563,2019-08-15T01:00,16.3,87,1.1,16.1,204,1011.6,100
Mons,50.4542,3.9563,2019-08-15T02:00,16.1,89,0.2,18.4,211,1011.2,100
Mons,50.4542,3.9563,2019-08-15T03:00,16.5,87,0.0,19.7,218,1010.6,100
Mons,50.4542,3.9563,2019-08-15T04:00,16.0,90,0.0,18.2,219,1010.2,100
Mons,50.4542,3.9563,2019-08-15T05:00,16.0,91,0.0,18.1,223,1010.3,100
Mons,50.4542,3.9563,2019-08-15T06:00,16.1,90,0.1,20.2,229,1010.3,100
Mons,50.4542,3.9563,2019-08-15T07:00,16.3,91,0.3,23.0,235,1010.4,99
Mons,50.4542,3.9563,2019-08-15T08:00,16.5,90,0.2,23.9,239,1010.7,100
Mons,50.4542,3.9563,2019-08-15T09:00,17.1,88,0.1,22.2,243,1011.0,35
Mons,50.4542,3.9563,2019-08-15T10:00,18.5,78,0.3,24.8,257,1011.1,37
Mons,50.4542,3.9563,2019-08-15T11:00,19.1,73,0.1,24.9,256,1011.6,54
Mons,50.4542,3.9563,2019-08-15T12:00,19.8,70,0.1,24.4,254,1011.7,38
Mons,50.4542,3.9563,2019-08-15T13:00,19.4,72,0.4,27.6,248,1012.4,49
Mons,50.4542,3.9563,2019-08-15T14:00,19.6,65,0.2,26.1,259,1012.9,36
Mons,50.4542,3.9563,2019-08-15T15:00,20.4,62,0.1,25.8,263,1013.5,45
Mons,50.4542,3.9563,2019-08-15T16:00,20.2,59,0.1,24.9,272,1013.7,48
Mons,50.4542,3.9563,2019-08-15T17:00,20.0,60,0.1,22.1,277,1014.4,54
Mons,50.4542,3.9563,2019-08-15T18:00,18.8,69,0.1,18.7,270,1014.8,48
Mons,50.4542,3.9563,2019-08-15T19:00,18.0,72,0.0,16.9,271,1015.4,63
Mons,50.4542,3.9563,2019-08-15T20:00,17.3,75,0.1,13.0,268,1016.2,63
Mons,50.4542,3.9563,2019-08-15T21:00,16.3,80,0.6,11.4,257,1016.8,50
Mons,50.4542,3.9563,2019-08-15T22:00,15.9,87,0.1,12.8,248,1017.2,90
Mons,50.4542,3.9563,2019-08-15T23:00,15.1,90,0.0,10.5,243,1017.5,76
Mons,50.4542,3.9563,2019-08-16T00:00,14.8,91,0.0,10.7,222,1017.5,4
Mons,50.4542,3.9563,2019-08-16T01:00,14.3,92,0.0,12.1,233,1018.0,12
Mons,50.4542,3.9563,2019-08-16T02:00,13.9,93,0.0,11.8,232,1018.4,45
Mons,50.4542,3.9563,2019-08-16T03:00,13.6,95,0.0,11.9,235,1018.4,100
Mons,50.4542,3.9563,2019-08-16T04:00,13.4,96,0.0,9.9,224,1018.1,96
Mons,50.4542,3.9563,2019-08-16T05:00,13.2,96,0.0,8.8,215,1018.1,94
Mons,50.4542,3.9563,2019-08-16T06:00,13.2,96,0.0,9.3,208,1018.0,89
Mons,50.4542,3.9563,2019-08-16T07:00,14.2,93,0.0,12.1,207,1018.0,93
Mons,50.4542,3.9563,2019-08-16T08:00,15.9,87,0.0,14.8,219,1017.8,100
Mons,50.4542,3.9563,2019-08-16T09:00,17.1,79,0.0,16.8,225,1017.8,98
Mons,50.4542,3.9563,2019-08-16T10:00,18.0,73,0.0,17.3,223,1017.6,97
Mons,50.4542,3.9563,2019-08-16T11:00,19.4,65,0.0,18.9,220,1016.8,100
Mons,50.4542,3.9563,2019-08-16T12:00,20.4,59,0.0,17.8,225,1016.4,100
Mons,50.4542,3.9563,2019-08-16T13:00,21.2,57,0.0,20.0,218,1016.2,100
Mons,50.4542,3.9563,2019-08-16T14:00,21.4,56,0.0,20.2,215,1015.6,97
Mons,50.4542,3.9563,2019-08-16T15:00,21.5,54,0.0,18.4,206,1014.6,99
Mons,50.4542,3.9563,2019-08-16T16:00,22.2,51,0.0,20.6,199,1013.8,92
Mons,50.4542,3.9563,2019-08-16T17:00,22.1,53,0.0,17.4,207,1013.1,100
Mons,50.4542,3.9563,2019-08-16T18:00,21.8,55,0.0,15.3,210,1012.5,100
Mons,50.4542,3.9563,2019-08-16T19:00,20.5,59,0.0,13.3,213,1011.8,100
Mons,50.4542,3.9563,2019-08-16T20:00,20.3,55,0.0,16.8,190,1011.6,100
Mons,50.4542,3.9563,2019-08-16T21:00,19.5,60,0.2,16.8,189,1011.4,100
Mons,50.4542,3.9563,2019-08-16T22:00,18.5,67,0.1,12.3,187,1011.0,100
Mons,50.4542,3.9563,2019-08-16T23:00,18.3,68,0.0,13.1,188,1010.4,100
Mons,50.4542,3.9563,2019-08-17T00:00,18.0,71,0.2,14.0,203,1009.8,100
Mons,50.4542,3.9563,2019-08-17T01:00,17.8,76,0.0,13.9,205,1009.6,97
Mons,50.4542,3.9563,2019-08-17T02:00,18.4,71,0.0,19.6,206,1009.2,100
Mons,50.4542,3.9563,2019-08-17T03:00,18.1,72,0.7,23.1,211,1008.7,87
Mons,50.4542,3.9563,2019-08-17T04:00,17.8,75,0.0,23.0,212,1008.4,88
Mons,50.4542,3.9563,2019-08-17T05:00,17.8,75,0.0,22.8,211,1008.6,100
Mons,50.4542,3.9563,2019-08-17T06:00,17.5,76,0.1,21.7,209,1008.5,100
Mons,50.4542,3.9563,2019-08-17T07:00,17.1,81,0.7,22.2,207,1008.5,100
Mons,50.4542,3.9563,2019-08-17T08:00,17.0,86,0.8,22.4,204,1008.6,100
Mons,50.4542,3.9563,2019-08-17T09:00,17.8,86,0.4,22.9,204,1008.4,100
Mons,50.4542,3.9563,2019-08-17T10:00,18.1,87,0.5,22.4,206,1008.5,100
Mons,50.4542,3.9563,2019-08-17T11:00,18.9,84,0.1,24.0,208,1008.8,100
Mons,50.4542,3.9563,2019-08-17T12:00,19.6,84,0.4,20.8,206,1008.5,100
Mons,50.4542,3.9563,2019-08-17T13:00,18.7,89,0.4,23.7,200,1008.4,100
Mons,50.4542,3.9563,2019-08-17T14:00,19.4,87,0.0,23.1,203,1008.3,100
Mons,50.4542,3.9563,2019-08-17T15:00,20.5,80,0.1,28.7,213,1008.1,100
Mons,50.4542,3.9563,2019-08-17T16:00,20.6,81,0.2,29.3,217,1008.3,100
Mons,50.4542,3.9563,2019-08-17T17:00,19.8,87,0.3,24.9,219,1008.4,100
Mons,50.4542,3.9563,2019-08-17T18:00,19.0,93,0.6,17.2,217,1008.2,100
Mons,50.4542,3.9563,2019-08-17T19:00,19.2,92,0.1,14.5,215,1007.7,100
Mons,50.4542,3.9563,2019-08-17T20:00,18.8,95,0.3,10.5,229,1007.7,100
Mons,50.4542,3.9563,2019-08-17T21:00,18.5,96,0.6,8.9,249,1007.9,100
Mons,50.4542,3.9563,2019-08-17T22:00,17.9,95,0.2,11.4,281,1007.8,100
Mons,50.4542,3.9563,2019-08-17T23:00,17.0,91,0.3,9.7,272,1008.0,100
Mons,50.4542,3.9563,2019-08-18T00:00,16.6,91,0.9,9.1,261,1008.0,100
Mons,50.4542,3.9563,2019-08-18T01:00,15.9,92,0.9,5.1,219,1008.1,100
Mons,50.4542,3.9563,2019-08-18T02:00,16.2,94,0.1,9.4,198,1008.1,100
Mons,50.4542,3.9563,2019-08-18T03:00,15.7,88,0.3,12.4,202,1007.6,100
Mons,50.4542,3.9563,2019-08-18T04:00,15.1,85,0.3,10.9,186,1006.9,99
Mons,50.4542,3.9563,2019-08-18T05:00,14.5,89,0.6,10.5,164,1006.1,100
Mons,50.4542,3.9563,2019-08-18T06:00,14.6,90,1.4,7.9,164,1005.4,100
Mons,50.4542,3.9563,2019-08-18T07:00,14.8,91,1.4,11.0,128,1004.4,100
Mons,50.4542,3.9563,2019-08-18T08:00,15.6,91,1.5,3.3,131,1003.5,100
Mons,50.4542,3.9563,2019-08-18T09:00,16.4,91,2.9,7.8,304,1003.1,100
Mons,50.4542,3.9563,2019-08-18T10:00,15.2,93,3.9,8.0,350,1003.9,100
Mons,50.4542,3.9563,2019-08-18T11:00,16.6,89,0.4,12.2,268,1005.2,100
Mons,50.4542,3.9563,2019-08-18T12:00,17.8,80,0.0,15.5,257,1005.8,100
Mons,50.4542,3.9563,2019-08-18T13:00,17.6,85,0.0,17.6,255,1006.9,100
Mons,50.4542,3.9563,2019-08-18T14:00,18.8,76,0.1,21.8,261,1007.7,100
Mons,50.4542,3.9563,2019-08-18T15:00,18.7,76,0.1,17.7,257,1008.3,98
Mons,50.4542,3.9563,2019-08-18T16:00,20.0,63,0.0,20.9,251,1008.7,100
Mons,50.4542,3.9563,2019-08-18T17:00,20.1,62,0.0,22.1,251,1008.9,79
Mons,50.4542,3.9563,2019-08-18T18:00,19.0,66,0.0,20.3,253,1009.4,22
Mons,50.4542,3.9563,2019-08-18T19:00,17.9,65,0.0,17.5,261,1010.0,84
Mons,50.4542,3.9563,2019-08-18T20:00,16.0,68,0.0,12.0,261,1010.3,100
Mons,50.4542,3.9563,2019-08-18T21:00,15.3,74,0.0,12.1,247,1011.5,98
Mons,50.4542,3.9563,2019-08-18T22:00,14.9,78,0.0,11.4,246,1011.6,100
Mons,50.4542,3.9563,2019-08-18T23:00,13.7,85,0.0,9.3,234,1012.3,0
Mons,50.4542,3.9563,2019-08-19T00:00,13.0,90,0.0,9.4,223,1012.8,4
Mons,50.4542,3.9563,2019-08-19T01:00,13.9,85,0.0,13.1,233,1013.5,9
Mons,50.4542,3.9563,2019-08-19T02:00,13.6,86,0.0,13.3,218,1014.0,16
Mons,50.4542,3.9563,2019-08-19T03:00,13.4,85,0.0,14.6,218,1014.1,25
Mons,50.4542,3.9563,2019-08-19T04:00,13.4,83,0.0,15.8,223,1014.3,12
Mons,50.4542,3.9563,2019-08-19T05:00,13.4,83,0.0,16.8,222,1014.9,14
Mons,50.4542,3.9563,2019-08-19T06:00,13.4,85,0.0,16.6,221,1015.2,19
Mons,50.4542,3.9563,2019-08-19T07:00,14.3,83,0.0,17.1,222,1015.6,24
Mons,50.4542,3.9563,2019-08-19T08:00,15.5,80,0.0,16.8,223,1015.8,24
Mons,50.4542,3.9563,2019-08-19T09:00,16.6,76,0.0,17.7,232,1015.9,24
Mons,50.4542,3.9563,2019-08-19T10:00,17.9,68,0.0,20.0,240,1016.4,20
Mons,50.4542,3.9563,2019-08-19T11:00,18.7,61,0.0,20.8,244,1016.8,28
Mons,50.4542,3.9563,2019-08-19T12:00,19.2,58,0.0,20.0,247,1016.9,32
Mons,50.4542,3.9563,2019-08-19T13:00,19.6,56,0.0,21.2,238,1017.4,25
Mons,50.4542,3.9563,2019-08-19T14:00,19.5,57,0.0,22.2,243,1017.8,49
Mons,50.4542,3.9563,2019-08-19T15:00,19.5,55,0.0,21.1,243,1017.9,45
Mons,50.4542,3.9563,2019-08-19T16:00,19.5,54,0.0,21.7,246,1018.0,49
Mons,50.4542,3.9563,2019-08-19T17:00,18.9,59,0.1,19.8,251,1018.3,51
Mons,50.4542,3.9563,2019-08-19T18:00,18.5,62,0.0,15.4,254,1018.4,41
Mons,50.4542,3.9563,2019-08-19T19:00,17.5,65,0.0,14.6,260,1018.9,26
Mons,50.4542,3.9563,2019-08-19T20:00,16.2,68,0.0,12.5,258,1019.1,52
Mons,50.4542,3.9563,2019-08-19T21:00,14.9,72,0.0,11.4,252,1019.7,25
Mons,50.4542,3.9563,2019-08-19T22:00,13.8,77,0.0,9.8,242,1020.0,22
Mons,50.4542,3.9563,2019-08-19T23:00,12.9,81,0.0,9.7,225,1020.5,15
Mons,50.4542,3.9563,2019-08-20T00:00,12.5,83,0.0,10.5,221,1020.9,0
Mons,50.4542,3.9563,2019-08-20T01:00,12.6,86,0.0,10.2,219,1021.1,31
Mons,50.4542,3.9563,2019-08-20T02:00,12.2,89,0.0,9.9,224,1021.4,3
Mons,50.4542,3.9563,2019-08-20T03:00,11.9,91,0.0,8.2,229,1021.2,4
Mons,50.4542,3.9563,2019-08-20T04:00,11.6,92,0.0,7.9,227,1021.3,29
Mons,50.4542,3.9563,2019-08-20T05:00,11.6,93,0.0,8.5,216,1021.4,81
Mons,50.4542,3.9563,2019-08-20T06:00,11.9,92,0.0,9.2,222,1021.8,52
Mons,50.4542,3.9563,2019-08-20T07:00,13.4,88,0.0,12.7,223,1022.5,20
Mons,50.4542,3.9563,2019-08-20T08:00,15.2,84,0.0,12.1,247,1022.7,15
Mons,50.4542,3.9563,2019-08-20T09:00,16.6,79,0.0,13.4,250,1022.7,9
Mons,50.4542,3.9563,2019-08-20T10:00,17.9,68,0.0,16.2,258,1022.9,22
Mons,50.4542,3.9563,2019-08-20T11:00,18.6,59,0.0,17.0,264,1023.2,20
Mons,50.4542,3.9563,2019-08-20T12:00,19.2,54,0.0,17.4,263,1023.2,31
Mons,50.4542,3.9563,2019-08-20T13:00,19.5,55,0.0,15.9,264,1023.4,32
Mons,50.4542,3.9563,2019-08-20T14:00,20.0,52,0.0,15.8,258,1023.7,31
Mons,50.4542,3.9563,2019-08-20T15:00,20.2,50,0.0,15.6,262,1023.7,19
Mons,50.4542,3.9563,2019-08-20T16:00,20.5,48,0.0,15.2,266,1023.9,79
Mons,50.4542,3.9563,2019-08-20T17:00,19.2,55,0.0,14.2,291,1024.4,59
Mons,50.4542,3.9563,2019-08-20T18:00,18.2,62,0.0,13.0,298,1024.9,44
Mons,50.4542,3.9563,2019-08-20T19:00,17.3,68,0.0,6.9,276,1025.2,27
Mons,50.4542,3.9563,2019-08-20T20:00,15.1,76,0.0,6.8,273,1025.9,12
Mons,50.4542,3.9563,2019-08-20T21:00,14.1,79,0.0,7.3,279,1026.4,10
Mons,50.4542,3.9563,2019-08-20T22:00,12.9,83,0.0,7.2,264,1026.9,2
Mons,50.4542,3.9563,2019-08-20T23:00,11.8,87,0.0,6.9,261,1027.3,0
Mons,50.4542,3.9563,2019-08-21T00:00,10.6,90,0.0,7.4,256,1027.5,1
Mons,50.4542,3.9563,2019-08-21T01:00,10.2,89,0.0,7.8,236,1028.0,6
Mons,50.4542,3.9563,2019-08-21T02:00,9.6,91,0.0,6.3,211,1027.9,4
Mons,50.4542,3.9563,2019-08-21T03:00,9.1,93,0.0,6.7,216,1028.0,0
Mons,50.4542,3.9563,2019-08-21T04:00,8.6,95,0.0,6.3,204,1028.0,0
Mons,50.4542,3.9563,2019-08-21T05:00,8.2,96,0.0,5.9,194,1028.1,0
Mons,50.4542,3.9563,2019-08-21T06:00,8.1,97,0.0,4.3,180,1028.2,0
Mons,50.4542,3.9563,2019-08-21T07:00,10.5,92,0.0,4.7,157,1028.5,0
Mons,50.4542,3.9563,2019-08-21T08:00,13.6,84,0.0,2.4,153,1028.9,0
Mons,50.4542,3.9563,2019-08-21T09:00,15.8,75,0.0,2.2,189,1028.9,0
Mons,50.4542,3.9563,2019-08-21T10:00,17.4,66,0.0,2.1,211,1028.9,89
Mons,50.4542,3.9563,2019-08-21T11:00,18.6,55,0.0,0.8,207,1028.7,92
Mons,50.4542,3.9563,2019-08-21T12:00,19.4,51,0.0,1.8,11,1028.4,81
Mons,50.4542,3.9563,2019-08-21T13:00,20.1,48,0.0,2.3,108,1027.7,97
Mons,50.4542,3.9563,2019-08-21T14:00,21.0,47,0.0,3.1,126,1027.2,98
Mons,50.4542,3.9563,2019-08-21T15:00,21.3,46,0.0,2.3,141,1027.1,98
Mons,50.4542,3.9563,2019-08-21T16:00,21.4,46,0.0,1.1,72,1026.7,97
Mons,50.4542,3.9563,2019-08-21T17:00,21.4,47,0.0,3.0,76,1026.3,50
Mons,50.4542,3.9563,2019-08-21T18:00,21.2,49,0.0,2.5,82,1025.9,0
Mons,50.4542,3.9563,2019-08-21T19:00,19.2,74,0.0,4.9,343,1025.9,0
Mons,50.4542,3.9563,2019-08-21T20:00,16.2,76,0.0,8.2,15,1026.0,0
Mons,50.4542,3.9563,2019-08-21T21:00,14.7,83,0.0,9.3,54,1026.1,0
Mons,50.4542,3.9563,2019-08-21T22:00,13.6,87,0.0,8.9,104,1026.1,0
Mons,50.4542,3.9563,2019-08-21T23:00,12.6,91,0.0,7.7,131,1026.3,0
Mons,50.4542,3.9563,2019-08-22T00:00,12.1,91,0.0,6.4,137,1026.3,0
Mons,50.4542,3.9563,2019-08-22T01:00,11.8,93,0.0,5.4,143,1025.9,0
Mons,50.4542,3.9563,2019-08-22T02:00,10.7,95,0.0,5.6,153,1025.5,0
Mons,50.4542,3.9563,2019-08-22T03:00,10.6,96,0.0,5.4,160,1025.3,0
Mons,50.4542,3.9563,2019-08-22T04:00,10.6,95,0.0,5.4,160,1025.1,0
Mons,50.4542,3.9563,2019-08-22T05:00,10.4,95,0.0,5.4,172,1025.2,12
Mons,50.4542,3.9563,2019-08-22T06:00,10.1,95,0.0,6.3,204,1025.2,2
Mons,50.4542,3.9563,2019-08-22T07:00,12.7,88,0.0,6.6,229,1025.6,2
Mons,50.4542,3.9563,2019-08-22T08:00,15.2,79,0.0,3.6,225,1025.8,4
Mons,50.4542,3.9563,2019-08-22T09:00,17.2,72,0.0,4.8,257,1026.3,3
Mons,50.4542,3.9563,2019-08-22T10:00,18.9,64,0.0,5.4,274,1026.3,20
Mons,50.4542,3.9563,2019-08-22T11:00,20.2,59,0.0,5.8,266,1026.3,52
Mons,50.4542,3.9563,2019-08-22T12:00,21.2,58,0.0,6.6,257,1026.1,44
Mons,50.4542,3.9563,2019-08-22T13:00,22.1,51,0.0,5.5,259,1026.0,75
Mons,50.4542,3.9563,2019-08-22T14:00,22.8,49,0.0,6.3,257,1025.8,68
Mons,50.4542,3.9563,2019-08-22T15:00,23.0,48,0.0,6.9,264,1025.3,0
Mons,50.4542,3.9563,2019-08-22T16:00,23.0,48,0.0,6.8,267,1025.1,0
Mons,50.4542,3.9563,2019-08-22T17:00,22.7,48,0.0,6.8,273,1025.1,0
Mons,50.4542,3.9563,2019-08-22T18:00,22.2,54,0.0,5.0,270,1024.8,0
Mons,50.4542,3.9563,2019-08-22T19:00,20.0,75,0.0,7.0,282,1025.0,0
Mons,50.4542,3.9563,2019-08-22T20:00,17.0,73,0.0,7.9,294,1025.5,0
Mons,50.4542,3.9563,2019-08-22T21:00,15.7,75,0.0,7.0,305,1026.2,0
Mons,50.4542,3.9563,2019-08-22T22:00,13.9,80,0.0,9.4,293,1026.2,0
Mons,50.4542,3.9563,2019-08-22T23:00,13.2,82,0.0,9.7,297,1026.4,0
Mons,50.4542,3.9563,2019-08-23T00:00,14.9,72,0.0,5.4,290,1026.4,0
Mons,50.4542,3.9563,2019-08-23T01:00,13.9,78,0.0,2.0,135,1026.5,0
Mons,50.4542,3.9563,2019-08-23T02:00,14.4,76,0.0,2.0,135,1026.4,0
Mons,50.4542,3.9563,2019-08-23T03:00,11.6,87,0.0,3.8,139,1026.1,0
Mons,50.4542,3.9563,2019-08-23T04:00,11.1,90,0.0,5.4,138,1025.9,0
Mons,50.4542,3.9563,2019-08-23T05:00,11.1,89,0.0,5.4,138,1025.9,0
Mons,50.4542,3.9563,2019-08-23T06:00,12.6,85,0.0,2.4,117,1026.0,0
Mons,50.4542,3.9563,2019-08-23T07:00,12.7,88,0.0,2.5,90,1025.8,8
Mons,50.4542,3.9563,2019-08-23T08:00,15.4,83,0.0,2.6,74,1025.9,89
Mons,50.4542,3.9563,2019-08-23T09:00,18.3,74,0.0,2.5,45,1025.9,89
Mons,50.4542,3.9563,2019-08-23T10:00,20.5,64,0.0,4.7,32,1025.6,82
Mons,50.4542,3.9563,2019-08-23T11:00,22.1,58,0.0,6.6,45,1025.6,58
Mons,50.4542,3.9563,2019-08-23T12:00,23.4,55,0.0,6.7,54,1025.2,45
Mons,50.4542,3.9563,2019-08-23T13:00,24.6,51,0.0,7.4,61,1024.7,90
Mons,50.4542,3.9563,2019-08-23T14:00,25.4,49,0.0,6.8,58,1024.3,94
Mons,50.4542,3.9563,2019-08-23T15:00,25.8,49,0.0,7.2,53,1023.7,96
Mons,50.4542,3.9563,2019-08-23T16:00,25.8,49,0.0,8.4,47,1023.2,94
Mons,50.4542,3.9563,2019-08-23T17:00,25.4,51,0.0,10.4,44,1023.0,95
Mons,50.4542,3.9563,2019-08-23T18:00,24.4,58,0.0,9.4,43,1022.6,96
Mons,50.4542,3.9563,2019-08-23T19:00,22.4,64,0.0,9.0,53,1022.2,81
Mons,50.4542,3.9563,2019-08-23T20:00,20.3,67,0.0,9.3,62,1022.3,15
Mons,50.4542,3.9563,2019-08-23T21:00,19.0,70,0.0,9.0,74,1022.2,0
Mons,50.4542,3.9563,2019-08-23T22:00,18.1,73,0.0,8.7,85,1022.0,6
Mons,50.4542,3.9563,2019-08-23T23:00,17.5,74,0.0,8.4,97,1021.9,0
Mons,50.4542,3.9563,2019-08-24T00:00,16.8,75,0.0,8.4,110,1021.8,0
Mons,50.4542,3.9563,2019-08-24T01:00,15.4,81,0.0,7.6,98,1021.8,21
Mons,50.4542,3.9563,2019-08-24T02:00,14.6,86,0.0,8.4,110,1021.4,42
Mons,50.4542,3.9563,2019-08-24T03:00,14.1,90,0.0,8.4,110,1021.0,5
Mons,50.4542,3.9563,2019-08-24T04:00,13.9,89,0.0,8.4,115,1021.0,0
Mons,50.4542,3.9563,2019-08-24T05:00,13.6,88,0.0,8.4,121,1020.7,0
Mons,50.4542,3.9563,2019-08-24T06:00,13.6,83,0.0,8.5,126,1020.5,0
Mons,50.4542,3.9563,2019-08-24T07:00,15.8,74,0.0,9.4,130,1020.5,0
Mons,50.4542,3.9563,2019-08-24T08:00,18.8,67,0.0,8.2,131,1020.5,0
Mons,50.4542,3.9563,2019-08-24T09:00,21.6,61,0.0,5.9,137,1020.6,0
Mons,50.4542,3.9563,2019-08-24T10:00,24.0,57,0.0,4.4,145,1020.5,0
Mons,50.4542,3.9563,2019-08-24T11:00,25.8,52,0.0,3.9,146,1020.5,0
Mons,50.4542,3.9563,2019-08-24T12:00,27.0,45,0.0,3.8,131,1020.0,19
Mons,50.4542,3.9563,2019-08-24T13:00,27.5,39,0.0,8.1,122,1019.6,56
Mons,50.4542,3.9563,2019-08-24T14:00,27.9,39,0.0,7.0,125,1019.4,77
Mons,50.4542,3.9563,2019-08-24T15:00,28.1,41,0.0,5.7,125,1018.9,38
Mons,50.4542,3.9563,2019-08-24T16:00,28.2,42,0.0,4.2,121,1018.4,57
Mons,50.4542,3.9563,2019-08-24T17:00,28.1,44,0.0,3.4,108,1018.2,34
Mons,50.4542,3.9563,2019-08-24T18:00,27.9,48,0.0,2.6,56,1018.1,17
Mons,50.4542,3.9563,2019-08-24T19:00,24.8,68,0.0,6.1,360,1017.7,3
Mons,50.4542,3.9563,2019-08-24T20:00,21.1,74,0.0,9.8,24,1017.8,7
Mons,50.4542,3.9563,2019-08-24T21:00,19.8,81,0.0,9.0,74,1018.0,58
Mons,50.4542,3.9563,2019-08-24T22:00,18.5,86,0.0,8.6,123,1018.0,97
Mons,50.4542,3.9563,2019-08-24T23:00,18.1,86,0.0,6.1,118,1017.9,94
Mons,50.4542,3.9563,2019-08-25T00:00,16.4,92,0.0,6.2,126,1017.9,96
Mons,50.4542,3.9563,2019-08-25T01:00,17.5,87,0.0,2.4,117,1017.9,99
Mons,50.4542,3.9563,2019-08-25T02:00,17.4,84,0.0,2.3,141,1017.8,88
Mons,50.4542,3.9563,2019-08-25T03:00,16.8,86,0.0,4.0,153,1017.8,80
Mons,50.4542,3.9563,2019-08-25T04:00,15.6,92,0.0,4.4,145,1017.7,83
Mons,50.4542,3.9563,2019-08-25T05:00,14.9,94,0.0,6.9,137,1017.8,86
Mons,50.4542,3.9563,2019-08-25T06:00,15.2,91,0.0,7.9,137,1017.6,74
Mons,50.4542,3.9563,2019-08-25T07:00,16.6,85,0.0,9.2,138,1017.9,1
Mons,50.4542,3.9563,2019-08-25T08:00,19.6,73,0.0,6.9,141,1018.4,6
Mons,50.4542,3.9563,2019-08-25T09:00,22.6,67,0.0,3.8,139,1018.8,17
Mons,50.4542,3.9563,2019-08-25T10:00,25.1,60,0.0,1.1,162,1018.9,35
Mons,50.4542,3.9563,2019-08-25T11:00,26.9,53,0.0,0.0,270,1018.9,67
Mons,50.4542,3.9563,2019-08-25T12:00,28.0,48,0.0,1.8,53,1018.7,60
Mons,50.4542,3.9563,2019-08-25T13:00,28.4,47,0.0,6.3,121,1018.5,55
Mons,50.4542,3.9563,2019-08-25T14:00,29.0,43,0.0,6.1,152,1018.5,48
Mons,50.4542,3.9563,2019-08-25T15:00,29.2,40,0.0,4.7,176,1018.2,52
Mons,50.4542,3.9563,2019-08-25T16:00,29.2,39,0.0,3.5,204,1018.1,33
Mons,50.4542,3.9563,2019-08-25T17:00,29.0,39,0.0,2.3,231,1018.1,14
Mons,50.4542,3.9563,2019-08-25T18:00,28.8,42,0.0,1.9,292,1018.1,1
Mons,50.4542,3.9563,2019-08-25T19:00,26.2,57,0.0,5.5,337,1018.1,0
Mons,50.4542,3.9563,2019-08-25T20:00,25.0,56,0.0,5.8,30,1018.4,3
Mons,50.4542,3.9563,2019-08-25T21:00,20.9,76,0.0,8.6,75,1019.0,6
Mons,50.4542,3.9563,2019-08-25T22:00,20.0,78,0.0,7.1,105,1019.1,0
Mons,50.4542,3.9563,2019-08-25T23:00,18.8,79,0.0,7.4,119,1019.2,0
Mons,50.4542,3.9563,2019-08-26T00:00,17.6,80,0.0,8.2,128,1019.2,0
Mons,50.4542,3.9563,2019-08-26T01:00,17.1,76,0.0,6.9,133,1019.0,0
Mons,50.4542,3.9563,2019-08-26T02:00,15.6,80,0.0,7.4,129,1018.9,0
Mons,50.4542,3.9563,2019-08-26T03:00,15.2,81,0.0,6.1,130,1018.5,0
Mons,50.4542,3.9563,2019-08-26T04:00,14.8,82,0.0,5.4,132,1018.3,0
Mons,50.4542,3.9563,2019-08-26T05:00,14.4,84,0.0,5.6,135,1018.5,0
Mons,50.4542,3.9563,2019-08-26T06:00,13.9,87,0.0,5.6,135,1018.3,0
Mons,50.4542,3.9563,2019-08-26T07:00,16.4,81,0.0,7.4,141,1018.4,0
Mons,50.4542,3.9563,2019-08-26T08:00,20.0,71,0.0,5.4,143,1018.5,0
Mons,50.4542,3.9563,2019-08-26T09:00,23.5,64,0.0,1.3,124,1018.6,0
Mons,50.4542,3.9563,2019-08-26T10:00,26.1,54,0.0,2.2,9,1018.6,0
Mons,50.4542,3.9563,2019-08-26T11:00,27.9,48,0.0,4.3,5,1018.7,0
Mons,50.4542,3.9563,2019-08-26T12:00,29.0,43,0.0,4.7,9,1018.1,0
Mons,50.4542,3.9563,2019-08-26T13:00,29.3,44,0.0,8.5,54,1018.0,3
Mons,50.4542,3.9563,2019-08-26T14:00,29.6,43,0.0,7.3,79,1017.7,9
Mons,50.4542,3.9563,2019-08-26T15:00,29.8,43,0.0,5.8,83,1016.9,4
Mons,50.4542,3.9563,2019-08-26T16:00,29.8,43,0.0,5.2,65,1016.5,2
Mons,50.4542,3.9563,2019-08-26T17:00,29.5,45,0.0,5.4,53,1016.2,2
Mons,50.4542,3.9563,2019-08-26T18:00,28.8,54,0.0,3.8,41,1016.0,2
Mons,50.4542,3.9563,2019-08-26T19:00,25.9,66,0.0,6.7,36,1015.7,1
Mons,50.4542,3.9563,2019-08-26T20:00,23.5,68,0.0,7.4,61,1016.0,1
Mons,50.4542,3.9563,2019-08-26T21:00,22.0,73,0.0,7.3,79,1016.3,0
Mons,50.4542,3.9563,2019-08-26T22:00,20.6,78,0.0,8.3,92,1016.1,0
Mons,50.4542,3.9563,2019-08-26T23:00,20.0,80,0.0,6.1,118,1016.3,0
Mons,50.4542,3.9563,2019-08-27T00:00,19.5,82,0.0,7.4,133,1016.1,0
Mons,50.4542,3.9563,2019-08-27T01:00,20.4,78,0.0,5.4,110,1016.1,0
Mons,50.4542,3.9563,2019-08-27T02:00,18.1,89,0.0,6.6,103,1015.7,0
Mons,50.4542,3.9563,2019-08-27T03:00,17.9,90,0.0,6.5,84,1015.4,0
Mons,50.4542,3.9563,2019-08-27T04:00,17.7,91,0.0,6.6,103,1015.3,0
Mons,50.4542,3.9563,2019-08-27T05:00,17.9,91,0.0,6.9,133,1015.2,2
Mons,50.4542,3.9563,2019-08-27T06:00,17.8,92,0.0,6.9,129,1015.1,9
Mons,50.4542,3.9563,2019-08-27T07:00,19.5,87,0.0,8.2,128,1015.1,10
Mons,50.4542,3.9563,2019-08-27T08:00,22.2,73,0.0,7.2,143,1015.3,0
Mons,50.4542,3.9563,2019-08-27T09:00,24.8,62,0.0,5.8,158,1015.3,0
Mons,50.4542,3.9563,2019-08-27T10:00,27.1,55,0.0,3.7,169,1015.2,0
Mons,50.4542,3.9563,2019-08-27T11:00,29.1,49,0.0,2.5,172,1015.1,0
Mons,50.4542,3.9563,2019-08-27T12:00,30.6,42,0.0,2.5,180,1014.6,0
Mons,50.4542,3.9563,2019-08-27T13:00,30.8,38,0.0,4.7,176,1014.6,28
Mons,50.4542,3.9563,2019-08-27T14:00,31.5,33,0.0,9.1,187,1014.0,61
Mons,50.4542,3.9563,2019-08-27T15:00,31.4,33,0.0,12.8,191,1013.6,62
Mons,50.4542,3.9563,2019-08-27T16:00,31.1,34,0.0,11.9,194,1013.4,90
Mons,50.4542,3.9563,2019-08-27T17:00,30.2,41,0.0,9.1,189,1013.2,85
Mons,50.4542,3.9563,2019-08-27T18:00,28.9,51,0.0,6.2,173,1013.3,79
Mons,50.4542,3.9563,2019-08-27T19:00,26.5,56,0.0,6.8,177,1013.2,91
Mons,50.4542,3.9563,2019-08-27T20:00,24.1,59,0.0,7.0,159,1013.3,67
Mons,50.4542,3.9563,2019-08-27T21:00,22.6,64,0.0,8.0,144,1013.4,88
Mons,50.4542,3.9563,2019-08-27T22:00,22.7,61,0.0,9.6,146,1013.4,59
Mons,50.4542,3.9563,2019-08-27T23:00,22.5,59,0.0,9.9,170,1013.5,26
Mons,50.4542,3.9563,2019-08-28T00:00,22.0,59,0.0,9.4,198,1013.7,7
Mons,50.4542,3.9563,2019-08-28T01:00,21.1,61,0.0,6.8,180,1013.7,5
Mons,50.4542,3.9563,2019-08-28T02:00,19.4,70,0.0,7.6,225,1013.6,99
Mons,50.4542,3.9563,2019-08-28T03:00,20.6,67,0.0,9.2,228,1013.8,96
Mons,50.4542,3.9563,2019-08-28T04:00,20.0,73,0.0,9.2,225,1014.0,67
Mons,50.4542,3.9563,2019-08-28T05:00,19.5,75,0.0,8.5,234,1014.3,62
Mons,50.4542,3.9563,2019-08-28T06:00,18.5,79,0.0,4.9,197,1014.2,56
Mons,50.4542,3.9563,2019-08-28T07:00,20.1,72,0.0,7.7,221,1014.5,76
Mons,50.4542,3.9563,2019-08-28T08:00,21.6,68,0.0,10.2,228,1014.7,33
Mons,50.4542,3.9563,2019-08-28T09:00,23.3,62,0.0,11.2,230,1014.8,94
Mons,50.4542,3.9563,2019-08-28T10:00,24.5,59,0.0,10.7,237,1014.9,98
Mons,50.4542,3.9563,2019-08-28T11:00,25.4,58,0.0,10.5,243,1015.2,98
Mons,50.4542,3.9563,2019-08-28T12:00,25.9,58,0.0,9.6,250,1015.0,95
Mons,50.4542,3.9563,2019-08-28T13:00,27.2,54,0.0,9.2,222,1015.0,96
Mons,50.4542,3.9563,2019-08-28T14:00,27.9,50,0.0,10.7,230,1014.6,96
Mons,50.4542,3.9563,2019-08-28T15:00,28.2,47,0.0,12.6,233,1014.1,97
Mons,50.4542,3.9563,2019-08-28T16:00,27.5,47,0.0,17.7,246,1014.1,98
Mons,50.4542,3.9563,2019-08-28T17:00,26.1,58,0.0,11.3,261,1014.4,98
Mons,50.4542,3.9563,2019-08-28T18:00,25.5,63,0.0,9.7,266,1014.4,98
Mons,50.4542,3.9563,2019-08-28T19:00,24.2,68,0.0,10.2,288,1014.7,99
Mons,50.4542,3.9563,2019-08-28T20:00,21.6,76,0.3,16.9,297,1015.7,100
Mons,50.4542,3.9563,2019-08-28T21:00,20.0,81,0.1,10.1,297,1016.2,79
Mons,50.4542,3.9563,2019-08-28T22:00,19.5,82,0.4,1.8,127,1016.2,64
Mons,50.4542,3.9563,2019-08-28T23:00,18.8,92,4.6,4.0,153,1016.7,91
Mons,50.4542,3.9563,2019-08-29T00:00,18.6,94,1.4,3.2,153,1017.1,100
Mons,50.4542,3.9563,2019-08-29T01:00,18.3,90,1.0,7.2,288,1017.3,93
Mons,50.4542,3.9563,2019-08-29T02:00,17.9,93,0.0,4.3,275,1017.3,36
Mons,50.4542,3.9563,2019-08-29T03:00,17.3,94,0.0,4.7,279,1017.4,49
Mons,50.4542,3.9563,2019-08-29T04:00,17.4,94,0.0,5.8,277,1017.4,71
Mons,50.4542,3.9563,2019-08-29T05:00,17.0,95,0.0,4.0,260,1017.7,95
Mons,50.4542,3.9563,2019-08-29T06:00,17.5,92,0.0,4.6,231,1017.9,100
Mons,50.4542,3.9563,2019-08-29T07:00,18.0,90,0.0,7.2,233,1018.5,100
Mons,50.4542,3.9563,2019-08-29T08:00,18.5,85,0.0,8.4,239,1019.1,100
Mons,50.4542,3.9563,2019-08-29T09:00,18.9,82,0.0,12.3,263,1019.3,100
Mons,50.4542,3.9563,2019-08-29T10:00,18.6,80,0.1,12.7,263,1020.2,100
Mons,50.4542,3.9563,2019-08-29T11:00,18.9,74,0.0,12.7,255,1020.6,100
Mons,50.4542,3.9563,2019-08-29T12:00,19.7,67,0.0,13.1,249,1020.6,91
Mons,50.4542,3.9563,2019-08-29T13:00,20.0,64,0.0,14.8,244,1021.5,67
Mons,50.4542,3.9563,2019-08-29T14:00,21.6,57,0.0,15.9,252,1021.3,85
Mons,50.4542,3.9563,2019-08-29T15:00,21.3,56,0.0,14.8,256,1021.0,30
Mons,50.4542,3.9563,2019-08-29T16:00,21.5,52,0.0,11.8,250,1020.9,4
Mons,50.4542,3.9563,2019-08-29T17:00,21.4,52,0.0,9.3,257,1020.9,12
Mons,50.4542,3.9563,2019-08-29T18:00,20.9,55,0.0,7.2,264,1021.1,5
Mons,50.4542,3.9563,2019-08-29T19:00,18.8,69,0.0,5.3,242,1021.4,5
Mons,50.4542,3.9563,2019-08-29T20:00,17.0,70,0.0,7.6,251,1021.8,8
Mons,50.4542,3.9563,2019-08-29T21:00,16.5,69,0.0,10.8,272,1022.4,6
Mons,50.4542,3.9563,2019-08-29T22:00,15.2,73,0.0,8.2,285,1022.6,0
Mons,50.4542,3.9563,2019-08-29T23:00,13.4,83,0.0,6.1,270,1023.0,0
Mons,50.4542,3.9563,2019-08-30T00:00,12.7,85,0.0,5.9,259,1023.1,0
Mons,50.4542,3.9563,2019-08-30T01:00,12.1,89,0.0,5.6,243,1023.4,0
Mons,50.4542,3.9563,2019-08-30T02:00,10.9,91,0.0,7.6,265,1023.4,0
Mons,50.4542,3.9563,2019-08-30T03:00,10.2,93,0.0,8.3,252,1023.6,0
Mons,50.4542,3.9563,2019-08-30T04:00,9.9,93,0.0,6.4,218,1023.6,14
Mons,50.4542,3.9563,2019-08-30T05:00,9.8,94,0.0,6.6,229,1023.6,1
Mons,50.4542,3.9563,2019-08-30T06:00,9.8,95,0.0,6.1,230,1023.8,0
Mons,50.4542,3.9563,2019-08-30T07:00,11.8,91,0.0,8.8,258,1024.1,22
Mons,50.4542,3.9563,2019-08-30T08:00,14.2,84,0.0,4.7,247,1024.2,28
Mons,50.4542,3.9563,2019-08-30T09:00,16.4,79,0.0,4.7,261,1024.3,69
Mons,50.4542,3.9563,2019-08-30T10:00,17.9,73,0.0,4.7,266,1024.3,75
Mons,50.4542,3.9563,2019-08-30T11:00,19.2,66,0.0,5.0,249,1024.3,34
Mons,50.4542,3.9563,2019-08-30T12:00,20.2,63,0.0,4.9,234,1023.8,44
Mons,50.4542,3.9563,2019-08-30T13:00,21.3,50,0.0,4.5,241,1023.5,59
Mons,50.4542,3.9563,2019-08-30T14:00,22.2,45,0.0,5.1,225,1022.8,21
Mons,50.4542,3.9563,2019-08-30T15:00,22.6,43,0.0,5.4,250,1022.3,79
Mons,50.4542,3.9563,2019-08-30T16:00,22.7,41,0.0,4.5,256,1021.8,87
Mons,50.4542,3.9563,2019-08-30T17:00,22.3,43,0.0,4.1,285,1021.3,79
Mons,50.4542,3.9563,2019-08-30T18:00,21.8,47,0.0,2.8,310,1020.9,76
Mons,50.4542,3.9563,2019-08-30T19:00,21.0,49,0.0,1.1,162,1020.8,82
Mons,50.4542,3.9563,2019-08-30T20:00,19.9,51,0.0,1.8,169,1021.0,0
Mons,50.4542,3.9563,2019-08-30T21:00,19.2,52,0.0,0.5,135,1020.7,0
Mons,50.4542,3.9563,2019-08-30T22:00,14.8,72,0.0,6.0,123,1020.6,0
Mons,50.4542,3.9563,2019-08-30T23:00,14.4,75,0.0,6.6,131,1020.2,0
Mons,50.4542,3.9563,2019-08-31T00:00,13.2,81,0.0,6.6,139,1019.7,6
Mons,50.4542,3.9563,2019-08-31T01:00,13.4,79,0.0,7.1,135,1019.3,0
Mons,50.4542,3.9563,2019-08-31T02:00,12.2,84,0.0,7.1,131,1018.3,0
Mons,50.4542,3.9563,2019-08-31T03:00,11.6,89,0.0,6.6,139,1017.6,0
Mons,50.4542,3.9563,2019-08-31T04:00,11.4,91,0.0,7.5,145,1016.9,1
Mons,50.4542,3.9563,2019-08-31T05:00,11.2,91,0.0,6.3,149,1016.1,11
Mons,50.4542,3.9563,2019-08-31T06:00,10.6,92,0.0,5.2,155,1015.6,0
Mons,50.4542,3.9563,2019-08-31T07:00,12.8,84,0.0,6.8,148,1015.5,13
Mons,50.4542,3.9563,2019-08-31T08:00,17.6,67,0.0,9.1,146,1015.3,13
Mons,50.4542,3.9563,2019-08-31T09:00,21.4,57,0.0,6.8,148,1014.6,25
Mons,50.4542,3.9563,2019-08-31T10:00,23.9,49,0.0,8.3,146,1014.1,30
Mons,50.4542,3.9563,2019-08-31T11:00,25.6,43,0.0,8.9,137,1013.1,30
Mons,50.4542,3.9563,2019-08-31T12:00,27.1,42,0.0,8.9,137,1012.0,24
Mons,50.4542,3.9563,2019-08-31T13:00,27.5,47,0.0,13.6,158,1011.0,8
Mons,50.4542,3.9563,2019-08-31T14:00,29.1,45,0.0,14.0,168,1009.9,28
Mons,50.4542,3.9563,2019-08-31T15:00,29.2,45,0.0,18.2,207,1008.7,72
Mons,50.4542,3.9563,2019-08-31T16:00,28.8,46,0.1,15.4,237,1008.0,63
Mons,50.4542,3.9563,2019-08-31T17:00,26.9,56,0.0,16.7,277,1008.5,83
Mons,50.4542,3.9563,2019-08-31T18:00,25.5,55,0.0,21.2,280,1009.3,77
Mons,50.4542,3.9563,2019-08-31T19:00,21.5,64,0.0,24.6,281,1010.8,83
Mons,50.4542,3.9563,2019-08-31T20:00,19.0,66,0.0,16.6,283,1011.4,45
Mons,50.4542,3.9563,2019-08-31T21:00,17.1,70,0.0,15.3,279,1012.1,98
Mons,50.4542,3.9563,2019-08-31T22:00,16.6,73,0.0,13.0,272,1012.3,99
Mons,50.4542,3.9563,2019-08-31T23:00,16.2,77,0.0,11.6,263,1012.8,95
Mons,50.4542,3.9563,2019-09-01T00:00,15.6,83,0.0,10.2,247,1012.8,42
Mons,50.4542,3.9563,2019-09-01T01:00,14.8,88,0.0,9.9,237,1013.5,56
Mons,50.4542,3.9563,2019-09-01T02:00,15.0,88,0.0,11.3,239,1013.7,100
Mons,50.4542,3.9563,2019-09-01T03:00,16.1,83,0.0,12.8,259,1013.6,99
Mons,50.4542,3.9563,2019-09-01T04:00,15.7,83,0.0,11.9,265,1013.8,98
Mons,50.4542,3.9563,2019-09-01T05:00,14.5,87,0.0,10.2,262,1014.0,100
Mons,50.4542,3.9563,2019-09-01T06:00,14.1,87,0.0,8.8,261,1014.1,100
Mons,50.4542,3.9563,2019-09-01T07:00,14.4,86,0.0,8.6,255,1014.6,99
Mons,50.4542,3.9563,2019-09-01T08:00,15.3,81,0.0,8.0,260,1015.2,100
Mons,50.4542,3.9563,2019-09-01T09:00,15.9,78,0.0,8.6,270,1016.0,100
Mons,50.4542,3.9563,2019-09-01T10:00,16.4,76,0.0,9.1,277,1016.4,97
Mons,50.4542,3.9563,2019-09-01T11:00,18.0,63,0.0,9.2,281,1016.8,92
Mons,50.4542,3.9563,2019-09-01T12:00,19.0,53,0.0,11.1,283,1016.7,54
Mons,50.4542,3.9563,2019-09-01T13:00,19.3,50,0.0,10.7,290,1017.3,34
Mons,50.4542,3.9563,2019-09-01T14:00,19.9,46,0.0,11.9,284,1017.3,60
Mons,50.4542,3.9563,2019-09-01T15:00,19.8,45,0.0,12.1,287,1017.2,58
Mons,50.4542,3.9563,2019-09-01T16:00,19.5,46,0.0,12.2,294,1017.2,66
Mons,50.4542,3.9563,2019-09-01T17:00,19.2,47,0.0,9.4,310,1017.4,71
Mons,50.4542,3.9563,2019-09-01T18:00,18.8,49,0.0,8.9,320,1017.7,66
Mons,50.4542,3.9563,2019-09-01T19:00,17.4,56,0.0,11.9,335,1018.2,41
Mons,50.4542,3.9563,2019-09-01T20:00,15.9,61,0.0,7.6,329,1019.2,29
Mons,50.4542,3.9563,2019-09-01T21:00,14.4,68,0.0,6.1,320,1020.1,19
Mons,50.4542,3.9563,2019-09-01T22:00,13.1,75,0.0,6.6,319,1020.5,25
Mons,50.4542,3.9563,2019-09-01T23:00,12.2,81,0.0,8.6,303,1021.1,14
Hasselt,50.9307,5.3375,2019-08-01T00:00,15.4,78,0.0,10.1,197,1017.2,43
Hasselt,50.9307,5.3375,2019-08-01T01:00,16.1,76,0.0,10.1,197,1017.3,74
Hasselt,50.9307,5.3375,2019-08-01T02:00,16.0,75,0.0,11.4,208,1017.7,90
Hasselt,50.9307,5.3375,2019-08-01T03:00,15.9,76,0.0,11.3,211,1017.4,86
Hasselt,50.9307,5.3375,2019-08-01T04:00,15.6,77,0.0,10.6,208,1017.0,41
Hasselt,50.9307,5.3375,2019-08-01T05:00,15.4,79,0.0,10.0,201,1017.1,85
Hasselt,50.9307,5.3375,2019-08-01T06:00,16.5,74,0.0,10.9,207,1017.0,100
Hasselt,50.9307,5.3375,2019-08-01T07:00,17.3,72,0.0,11.5,224,1017.0,82
Hasselt,50.9307,5.3375,2019-08-01T08:00,18.5,71,0.0,13.6,233,1017.2,23
Hasselt,50.9307,5.3375,2019-08-01T09:00,19.8,68,0.0,17.4,240,1017.0,64
Hasselt,50.9307,5.3375,2019-08-01T10:00,20.5,66,0.0,16.4,241,1017.1,40
Hasselt,50.9307,5.3375,2019-08-01T11:00,21.3,65,0.0,15.1,245,1017.1,33
Hasselt,50.9307,5.3375,2019-08-01T12:00,22.5,62,0.0,14.6,250,1016.7,28
Hasselt,50.9307,5.3375,2019-08-01T13:00,23.0,56,0.0,15.5,252,1016.7,36
Hasselt,50.9307,5.3375,2019-08-01T14:00,23.0,53,0.0,15.3,251,1016.8,44
Hasselt,50.9307,5.3375,2019-08-01T15:00,23.1,52,0.0,15.5,257,1016.5,40
Hasselt,50.9307,5.3375,2019-08-01T16:00,23.4,50,0.0,14.8,264,1016.2,51
Hasselt,50.9307,5.3375,2019-08-01T17:00,22.5,53,0.1,13.9,280,1016.3,66
Hasselt,50.9307,5.3375,2019-08-01T18:00,21.5,61,0.0,9.8,306,1016.3,62
Hasselt,50.9307,5.3375,2019-08-01T19:00,21.0,66,0.0,6.7,306,1016.2,40
Hasselt,50.9307,5.3375,2019-08-01T20:00,19.4,81,0.0,5.9,281,1016.4,39
Hasselt,50.9307,5.3375,2019-08-01T21:00,18.2,82,0.0,5.9,259,1016.7,36
Hasselt,50.9307,5.3375,2019-08-01T22:00,18.0,82,0.0,5.8,274,1016.7,63
Hasselt,50.9307,5.3375,2019-08-01T23:00,17.2,84,0.0,7.7,311,1016.7,65
Hasselt,50.9307,5.3375,2019-08-02T00:00,15.8,92,0.0,6.4,317,1016.6,80
Hasselt,50.9307,5.3375,2019-08-02T01:00,15.4,94,0.0,6.0,303,1016.6,89
Hasselt,50.9307,5.3375,2019-08-02T02:00,14.4,96,0.0,7.6,295,1016.5,68
Hasselt,50.9307,5.3375,2019-08-02T03:00,13.9,96,0.0,6.8,267,1016.4,3
Hasselt,50.9307,5.3375,2019-08-02T04:00,13.9,96,0.0,4.5,241,1016.4,10
Hasselt,50.9307,5.3375,2019-08-02T05:00,13.9,96,0.0,5.7,235,1016.3,22
Hasselt,50.9307,5.3375,2019-08-02T06:00,14.8,94,0.0,8.2,241,1016.1,12
Hasselt,50.9307,5.3375,2019-08-02T07:00,16.5,87,0.0,6.7,254,1016.1,12
Hasselt,50.9307,5.3375,2019-08-02T08:00,18.4,81,0.0,7.6,265,1016.1,4
Hasselt,50.9307,5.3375,2019-08-02T09:00,20.2,70,0.0,13.3,270,1015.8,21
Hasselt,50.9307,5.3375,2019-08-02T10:00,21.1,64,0.1,14.8,269,1015.8,25
Hasselt,50.9307,5.3375,2019-08-02T11:00,21.9,59,0.1,17.4,276,1015.8,40
Hasselt,50.9307,5.3375,2019-08-02T12:00,21.9,61,0.2,17.3,272,1015.4,46
Hasselt,50.9307,5.3375,2019-08-02T13:00,23.0,62,0.1,19.1,259,1015.6,51
Hasselt,50.9307,5.3375,2019-08-02T14:00,19.9,80,1.4,19.6,277,1015.8,45
Hasselt,50.9307,5.3375,2019-08-02T15:00,21.9,76,0.0,20.4,278,1015.2,98
Hasselt,50.9307,5.3375,2019-08-02T16:00,19.9,80,0.4,23.9,281,1015.3,69
Hasselt,50.9307,5.3375,2019-08-02T17:00,20.2,72,0.1,22.7,288,1015.0,42
Hasselt,50.9307,5.3375,2019-08-02T18:00,20.1,72,0.1,22.9,300,1015.0,36
Hasselt,50.9307,5.3375,2019-08-02T19:00,19.5,75,0.1,20.8,307,1015.0,36
Hasselt,50.9307,5.3375,2019-08-02T20:00,18.7,79,0.1,18.2,308,1015.5,52
Hasselt,50.9307,5.3375,2019-08-02T21:00,18.1,83,0.1,15.8,313,1016.0,66
Hasselt,50.9307,5.3375,2019-08-02T22:00,17.6,86,0.0,14.8,309,1016.1,43
Hasselt,50.9307,5.3375,2019-08-02T23:00,17.2,89,0.1,14.5,318,1016.3,51
Hasselt,50.9307,5.3375,2019-08-03T00:00,17.0,90,0.0,13.5,318,1016.5,33
Hasselt,50.9307,5.3375,2019-08-03T01:00,16.2,94,0.0,11.3,323,1017.1,45
Hasselt,50.9307,5.3375,2019-08-03T02:00,16.1,95,0.0,9.3,324,1016.9,73
Hasselt,50.9307,5.3375,2019-08-03T03:00,15.9,96,0.0,9.8,324,1016.9,79
Hasselt,50.9307,5.3375,2019-08-03T04:00,15.9,97,0.0,10.5,329,1016.9,97
Hasselt,50.9307,5.3375,2019-08-03T05:00,15.8,97,0.0,10.1,333,1017.3,36
Hasselt,50.9307,5.3375,2019-08-03T06:00,15.6,95,0.0,9.4,337,1017.5,8
Hasselt,50.9307,5.3375,2019-08-03T07:00,16.2,89,0.0,10.0,345,1017.8,29
Hasselt,50.9307,5.3375,2019-08-03T08:00,17.4,80,0.0,10.2,350,1018.1,54
Hasselt,50.9307,5.3375,2019-08-03T09:00,19.0,71,0.0,8.7,355,1018.2,93
Hasselt,50.9307,5.3375,2019-08-03T10:00,19.8,69,0.1,10.4,346,1018.3,100
Hasselt,50.9307,5.3375,2019-08-03T11:00,20.1,66,0.0,8.0,342,1018.6,74
Hasselt,50.9307,5.3375,2019-08-03T12:00,21.5,60,0.1,9.1,326,1018.3,100
Hasselt,50.9307,5.3375,2019-08-03T13:00,19.4,72,0.0,10.8,330,1019.4,100
Hasselt,50.9307,5.3375,2019-08-03T14:00,19.6,71,0.0,8.9,339,1019.3,100
Hasselt,50.9307,5.3375,2019-08-03T15:00,20.6,65,0.0,9.2,339,1019.0,100
Hasselt,50.9307,5.3375,2019-08-03T16:00,21.5,59,0.0,8.7,355,1018.6,64
Hasselt,50.9307,5.3375,2019-08-03T17:00,21.6,58,0.0,11.2,6,1018.1,100
Hasselt,50.9307,5.3375,2019-08-03T18:00,21.5,62,0.0,9.8,8,1018.0,96
Hasselt,50.9307,5.3375,2019-08-03T19:00,21.0,63,0.0,5.2,348,1017.9,93
Hasselt,50.9307,5.3375,2019-08-03T20:00,19.6,75,0.0,5.1,352,1017.9,98
Hasselt,50.9307,5.3375,2019-08-03T21:00,19.5,70,0.0,5.4,20,1017.9,94
Hasselt,50.9307,5.3375,2019-08-03T22:00,18.8,74,0.0,6.6,41,1018.0,96
Hasselt,50.9307,5.3375,2019-08-03T23:00,17.8,80,0.0,6.0,57,1017.9,96
Hasselt,50.9307,5.3375,2019-08-04T00:00,16.6,87,0.0,5.5,67,1017.8,88
Hasselt,50.9307,5.3375,2019-08-04T01:00,15.6,92,0.0,5.4,86,1017.7,94
Hasselt,50.9307,5.3375,2019-08-04T02:00,14.7,95,0.0,5.0,111,1017.6,87
Hasselt,50.9307,5.3375,2019-08-04T03:00,14.6,96,0.0,5.2,102,1017.3,62
Hasselt,50.9307,5.3375,2019-08-04T04:00,13.9,96,0.0,6.1,118,1017.3,15
Hasselt,50.9307,5.3375,2019-08-04T05:00,13.3,97,0.0,7.5,125,1017.4,3
Hasselt,50.9307,5.3375,2019-08-04T06:00,14.6,95,0.0,5.5,101,1017.4,7
Hasselt,50.9307,5.3375,2019-08-04T07:00,16.5,87,0.0,5.8,112,1017.1,56
Hasselt,50.9307,5.3375,2019-08-04T08:00,18.7,77,0.0,6.2,111,1017.0,27
Hasselt,50.9307,5.3375,2019-08-04T09:00,20.8,67,0.0,7.5,107,1016.6,10
Hasselt,50.9307,5.3375,2019-08-04T10:00,22.4,59,0.0,7.1,114,1016.3,11
Hasselt,50.9307,5.3375,2019-08-04T11:00,23.6,55,0.0,5.9,133,1015.8,76
Hasselt,50.9307,5.3375,2019-08-04T12:00,24.6,53,0.0,4.6,141,1015.3,98
Hasselt,50.9307,5.3375,2019-08-04T13:00,25.7,48,0.0,5.9,169,1015.2,98
Hasselt,50.9307,5.3375,2019-08-04T14:00,26.3,46,0.0,5.1,176,1014.4,97
Hasselt,50.9307,5.3375,2019-08-04T15:00,26.5,45,0.0,5.1,188,1014.1,100
Hasselt,50.9307,5.3375,2019-08-04T16:00,26.8,45,0.0,5.8,187,1013.7,99
Hasselt,50.9307,5.3375,2019-08-04T17:00,26.7,46,0.0,5.1,176,1013.1,100
Hasselt,50.9307,5.3375,2019-08-04T18:00,26.2,49,0.0,3.8,139,1012.8,100
Hasselt,50.9307,5.3375,2019-08-04T19:00,24.7,59,0.0,4.8,117,1012.4,99
Hasselt,50.9307,5.3375,2019-08-04T20:00,23.4,58,0.0,7.6,109,1012.1,100
Hasselt,50.9307,5.3375,2019-08-04T21:00,22.4,60,0.0,8.1,122,1012.3,100
Hasselt,50.9307,5.3375,2019-08-04T22:00,22.5,60,0.0,11.1,119,1012.0,100
Hasselt,50.9307,5.3375,2019-08-04T23:00,22.0,64,0.0,10.3,126,1011.8,100
Hasselt,50.9307,5.3375,2019-08-05T00:00,21.2,68,0.0,6.6,131,1011.2,100
Hasselt,50.9307,5.3375,2019-08-05T01:00,19.4,84,0.0,6.8,155,1011.1,100
Hasselt,50.9307,5.3375,2019-08-05T02:00,19.8,79,0.0,8.1,193,1011.0,93
Hasselt,50.9307,5.3375,2019-08-05T03:00,20.4,73,0.0,9.5,209,1010.6,92
Hasselt,50.9307,5.3375,2019-08-05T04:00,20.8,68,0.0,14.5,226,1010.8,92
Hasselt,50.9307,5.3375,2019-08-05T05:00,19.2,77,0.5,11.2,237,1010.9,97
Hasselt,50.9307,5.3375,2019-08-05T06:00,18.6,85,0.1,7.7,208,1011.0,96
Hasselt,50.9307,5.3375,2019-08-05T07:00,19.4,83,0.0,11.5,238,1011.2,50
Hasselt,50.9307,5.3375,2019-08-05T08:00,19.5,78,0.0,13.9,253,1011.3,41
Hasselt,50.9307,5.3375,2019-08-05T09:00,20.4,66,0.0,14.8,252,1011.5,82
Hasselt,50.9307,5.3375,2019-08-05T10:00,21.5,59,0.0,15.2,248,1011.7,59
Hasselt,50.9307,5.3375,2019-08-05T11:00,22.8,54,0.0,15.8,249,1011.7,52
Hasselt,50.9307,5.3375,2019-08-05T12:00,23.9,50,0.0,15.9,252,1011.5,79
Hasselt,50.9307,5.3375,2019-08-05T13:00,24.5,49,0.0,14.9,250,1011.5,60
Hasselt,50.9307,5.3375,2019-08-05T14:00,25.0,47,0.0,16.6,246,1011.5,98
Hasselt,50.9307,5.3375,2019-08-05T15:00,24.9,47,0.0,16.9,243,1011.3,98
Hasselt,50.9307,5.3375,2019-08-05T16:00,25.9,42,0.0,17.9,240,1011.0,99
Hasselt,50.9307,5.3375,2019-08-05T17:00,25.2,46,0.0,17.3,249,1010.8,100
Hasselt,50.9307,5.3375,2019-08-05T18:00,24.5,50,0.0,14.5,251,1010.6,99
Hasselt,50.9307,5.3375,2019-08-05T19:00,23.7,55,0.0,9.8,242,1010.6,100
Hasselt,50.9307,5.3375,2019-08-05T20:00,22.5,60,0.0,6.6,241,1010.5,97
Hasselt,50.9307,5.3375,2019-08-05T21:00,20.8,67,0.0,5.8,274,1011.0,97
Hasselt,50.9307,5.3375,2019-08-05T22:00,19.6,73,0.0,5.5,281,1011.1,93
Hasselt,50.9307,5.3375,2019-08-05T23:00,19.0,77,0.0,5.8,248,1011.4,91
Hasselt,50.9307,5.3375,2019-08-06T00:00,19.1,78,0.0,8.1,238,1011.2,71
Hasselt,50.9307,5.3375,2019-08-06T01:00,18.9,81,0.1,10.0,255,1011.1,66
Hasselt,50.9307,5.3375,2019-08-06T02:00,19.0,83,0.0,11.7,252,1011.3,94
Hasselt,50.9307,5.3375,2019-08-06T03:00,18.5,81,0.1,12.9,257,1011.6,96
Hasselt,50.9307,5.3375,2019-08-06T04:00,17.5,78,0.3,10.8,240,1011.7,96
Hasselt,50.9307,5.3375,2019-08-06T05:00,16.9,74,0.1,12.0,226,1011.6,88
Hasselt,50.9307,5.3375,2019-08-06T06:00,16.5,75,0.0,12.7,225,1011.6,98
Hasselt,50.9307,5.3375,2019-08-06T07:00,17.2,72,0.0,12.8,230,1011.8,96
Hasselt,50.9307,5.3375,2019-08-06T08:00,18.2,66,0.0,13.9,233,1011.9,90
Hasselt,50.9307,5.3375,2019-08-06T09:00,19.7,56,0.0,13.5,236,1012.0,100
Hasselt,50.9307,5.3375,2019-08-06T10:00,20.8,50,0.0,13.3,232,1011.8,100
Hasselt,50.9307,5.3375,2019-08-06T11:00,21.1,49,0.0,13.8,229,1011.6,99
Hasselt,50.9307,5.3375,2019-08-06T12:00,21.9,46,0.0,14.5,226,1011.2,100
Hasselt,50.9307,5.3375,2019-08-06T13:00,22.5,50,0.0,13.4,243,1011.1,100
Hasselt,50.9307,5.3375,2019-08-06T14:00,24.0,47,0.0,15.1,242,1010.4,99
Hasselt,50.9307,5.3375,2019-08-06T15:00,24.0,49,0.0,15.9,237,1009.8,100
Hasselt,50.9307,5.3375,2019-08-06T16:00,23.4,53,0.0,13.2,235,1009.3,100
Hasselt,50.9307,5.3375,2019-08-06T17:00,23.2,54,0.0,13.0,231,1009.0,100
Hasselt,50.9307,5.3375,2019-08-06T18:00,21.4,68,0.2,11.9,205,1008.9,100
Hasselt,50.9307,5.3375,2019-08-06T19:00,19.9,82,0.2,11.2,182,1008.2,98
Hasselt,50.9307,5.3375,2019-08-06T20:00,19.2,87,0.0,8.8,189,1008.1,66
Hasselt,50.9307,5.3375,2019-08-06T21:00,18.8,88,0.0,11.4,204,1008.4,97
Hasselt,50.9307,5.3375,2019-08-06T22:00,18.2,90,0.0,12.0,219,1008.6,92
Hasselt,50.9307,5.3375,2019-08-06T23:00,17.8,91,0.0,11.5,226,1008.6,87
Hasselt,50.9307,5.3375,2019-08-07T00:00,17.5,93,0.0,10.4,224,1008.2,99
Hasselt,50.9307,5.3375,2019-08-07T01:00,18.0,85,0.0,12.0,249,1008.5,99
Hasselt,50.9307,5.3375,2019-08-07T02:00,17.3,84,0.0,8.9,230,1008.1,97
Hasselt,50.9307,5.3375,2019-08-07T03:00,16.5,88,0.0,9.8,216,1008.1,94
Hasselt,50.9307,5.3375,2019-08-07T04:00,15.9,89,0.0,9.5,217,1007.9,100
Hasselt,50.9307,5.3375,2019-08-07T05:00,15.8,90,0.0,9.6,214,1007.8,98
Hasselt,50.9307,5.3375,2019-08-07T06:00,16.2,90,0.0,11.3,207,1007.7,97
Hasselt,50.9307,5.3375,2019-08-07T07:00,17.5,85,0.0,12.8,218,1008.0,96
Hasselt,50.9307,5.3375,2019-08-07T08:00,18.6,78,0.0,15.6,236,1008.2,96
Hasselt,50.9307,5.3375,2019-08-07T09:00,20.1,66,0.0,16.5,250,1008.0,100
Hasselt,50.9307,5.3375,2019-08-07T10:00,21.1,57,0.0,17.9,251,1007.9,100
Hasselt,50.9307,5.3375,2019-08-07T11:00,21.6,54,0.2,19.4,248,1008.0,98
Hasselt,50.9307,5.3375,2019-08-07T12:00,22.6,51,0.1,18.5,246,1007.7,94
Hasselt,50.9307,5.3375,2019-08-07T13:00,22.8,53,0.1,18.0,250,1007.7,89
Hasselt,50.9307,5.3375,2019-08-07T14:00,23.0,52,0.2,20.3,253,1007.6,77
Hasselt,50.9307,5.3375,2019-08-07T15:00,23.0,50,0.0,20.3,250,1007.8,50
Hasselt,50.9307,5.3375,2019-08-07T16:00,23.1,49,0.0,18.3,254,1007.8,44
Hasselt,50.9307,5.3375,2019-08-07T17:00,22.9,47,0.0,17.7,253,1007.9,36
Hasselt,50.9307,5.3375,2019-08-07T18:00,22.5,49,0.0,16.2,249,1008.1,33
Hasselt,50.9307,5.3375,2019-08-07T19:00,21.8,53,0.0,10.8,240,1008.1,26
Hasselt,50.9307,5.3375,2019-08-07T20:00,20.1,58,0.0,8.9,230,1008.6,19
Hasselt,50.9307,5.3375,2019-08-07T21:00,19.2,61,0.0,11.8,230,1009.3,14
Hasselt,50.9307,5.3375,2019-08-07T22:00,18.5,61,0.0,13.0,246,1009.8,5
Hasselt,50.9307,5.3375,2019-08-07T23:00,17.5,65,0.0,12.3,238,1010.1,1
Hasselt,50.9307,5.3375,2019-08-08T00:00,16.5,69,0.0,12.2,227,1010.4,0
Hasselt,50.9307,5.3375,2019-08-08T01:00,16.7,69,0.0,13.0,236,1010.6,0
Hasselt,50.9307,5.3375,2019-08-08T02:00,16.1,72,0.0,13.8,227,1010.8,1
Hasselt,50.9307,5.3375,2019-08-08T03:00,15.6,76,0.0,12.6,217,1010.5,8
Hasselt,50.9307,5.3375,2019-08-08T04:00,15.1,79,0.0,13.3,221,1010.6,68
Hasselt,50.9307,5.3375,2019-08-08T05:00,15.1,79,0.0,13.2,227,1011.0,0
Hasselt,50.9307,5.3375,2019-08-08T06:00,15.1,79,0.0,13.0,228,1011.0,31
Hasselt,50.9307,5.3375,2019-08-08T07:00,16.8,74,0.0,12.8,232,1011.3,5
Hasselt,50.9307,5.3375,2019-08-08T08:00,18.5,67,0.0,15.0,240,1011.6,93
Hasselt,50.9307,5.3375,2019-08-08T09:00,20.0,59,0.0,16.4,244,1011.9,44
Hasselt,50.9307,5.3375,2019-08-08T10:00,21.2,53,0.0,17.4,243,1012.1,58
Hasselt,50.9307,5.3375,2019-08-08T11:00,22.1,49,0.0,17.8,238,1012.3,48
Hasselt,50.9307,5.3375,2019-08-08T12:00,22.7,47,0.0,16.7,237,1012.3,77
Hasselt,50.9307,5.3375,2019-08-08T13:00,19.6,67,0.0,16.3,227,1012.9,100
Hasselt,50.9307,5.3375,2019-08-08T14:00,20.2,67,0.0,13.5,228,1013.0,50
Hasselt,50.9307,5.3375,2019-08-08T15:00,21.9,61,0.0,13.2,241,1012.6,64
Hasselt,50.9307,5.3375,2019-08-08T16:00,23.2,55,0.1,14.2,254,1012.1,89
Hasselt,50.9307,5.3375,2019-08-08T17:00,23.3,54,0.1,13.0,242,1012.1,57
Hasselt,50.9307,5.3375,2019-08-08T18:00,23.2,54,0.0,11.9,241,1012.1,61
Hasselt,50.9307,5.3375,2019-08-08T19:00,22.6,66,0.0,2.0,225,1011.5,34
Hasselt,50.9307,5.3375,2019-08-08T20:00,22.3,58,0.0,1.6,153,1011.7,24
Hasselt,50.9307,5.3375,2019-08-08T21:00,19.1,75,0.0,4.3,138,1011.9,36
Hasselt,50.9307,5.3375,2019-08-08T22:00,18.8,77,0.0,9.4,130,1011.7,11
Hasselt,50.9307,5.3375,2019-08-08T23:00,18.4,79,0.0,9.8,126,1011.4,39
Hasselt,50.9307,5.3375,2019-08-09T00:00,18.4,78,0.0,9.7,121,1011.4,96
Hasselt,50.9307,5.3375,2019-08-09T01:00,19.1,77,0.0,11.2,105,1010.7,94
Hasselt,50.9307,5.3375,2019-08-09T02:00,19.1,80,0.0,11.4,114,1010.5,100
Hasselt,50.9307,5.3375,2019-08-09T03:00,18.9,81,0.0,12.2,124,1009.8,86
Hasselt,50.9307,5.3375,2019-08-09T04:00,18.0,81,0.0,10.0,139,1009.4,100
Hasselt,50.9307,5.3375,2019-08-09T05:00,19.0,73,0.2,11.6,144,1009.0,100
Hasselt,50.9307,5.3375,2019-08-09T06:00,19.9,73,0.0,11.5,129,1007.8,100
Hasselt,50.9307,5.3375,2019-08-09T07:00,21.1,68,0.0,14.3,135,1007.4,97
Hasselt,50.9307,5.3375,2019-08-09T08:00,22.4,63,0.0,12.5,136,1007.0,98
Hasselt,50.9307,5.3375,2019-08-09T09:00,23.3,59,0.0,10.9,172,1006.9,99
Hasselt,50.9307,5.3375,2019-08-09T10:00,24.5,56,0.0,12.1,163,1006.6,99
Hasselt,50.9307,5.3375,2019-08-09T11:00,26.3,53,0.0,21.7,204,1006.6,100
Hasselt,50.9307,5.3375,2019-08-09T12:00,26.0,55,0.0,20.2,202,1006.7,100
Hasselt,50.9307,5.3375,2019-08-09T13:00,23.2,85,0.0,8.4,239,1007.2,98
Hasselt,50.9307,5.3375,2019-08-09T14:00,24.9,74,0.3,12.0,229,1006.8,69
Hasselt,50.9307,5.3375,2019-08-09T15:00,25.8,68,0.2,14.8,209,1006.3,94
Hasselt,50.9307,5.3375,2019-08-09T16:00,25.0,71,0.8,16.2,217,1006.5,100
Hasselt,50.9307,5.3375,2019-08-09T17:00,23.2,89,2.0,7.3,189,1006.1,87
Hasselt,50.9307,5.3375,2019-08-09T18:00,22.5,90,2.4,10.2,172,1005.7,100
Hasselt,50.9307,5.3375,2019-08-09T19:00,21.5,92,1.7,17.0,184,1005.9,100
Hasselt,50.9307,5.3375,2019-08-09T20:00,21.5,88,0.4,15.0,204,1005.8,100
Hasselt,50.9307,5.3375,2019-08-09T21:00,20.8,82,0.0,17.2,217,1006.6,99
Hasselt,50.9307,5.3375,2019-08-09T22:00,19.8,82,0.0,18.8,223,1006.9,98
Hasselt,50.9307,5.3375,2019-08-09T23:00,19.1,82,0.0,20.4,212,1007.4,35
Hasselt,50.9307,5.3375,2019-08-10T00:00,18.9,83,0.0,19.5,203,1007.2,100
Hasselt,50.9307,5.3375,2019-08-10T01:00,19.9,79,0.0,21.7,204,1007.1,100
Hasselt,50.9307,5.3375,2019-08-10T02:00,19.9,77,0.0,23.6,211,1007.1,25
Hasselt,50.9307,5.3375,2019-08-10T03:00,19.8,72,0.0,25.6,212,1007.3,38
Hasselt,50.9307,5.3375,2019-08-10T04:00,19.6,70,0.0,26.1,210,1007.6,41
Hasselt,50.9307,5.3375,2019-08-10T05:00,19.5,68,0.0,26.0,211,1007.7,69
Hasselt,50.9307,5.3375,2019-08-10T06:00,19.2,68,0.0,26.6,216,1008.1,10
Hasselt,50.9307,5.3375,2019-08-10T07:00,19.6,68,0.0,28.1,221,1008.7,24
Hasselt,50.9307,5.3375,2019-08-10T08:00,20.0,67,0.1,29.8,223,1009.2,75
Hasselt,50.9307,5.3375,2019-08-10T09:00,20.4,64,0.1,33.5,231,1009.7,88
Hasselt,50.9307,5.3375,2019-08-10T10:00,20.9,61,0.1,34.0,234,1010.2,96
Hasselt,50.9307,5.3375,2019-08-10T11:00,21.8,57,0.0,32.2,230,1010.5,98
Hasselt,50.9307,5.3375,2019-08-10T12:00,22.2,54,0.0,31.9,230,1010.9,98
Hasselt,50.9307,5.3375,2019-08-10T13:00,23.0,50,0.0,32.5,231,1011.3,100
Hasselt,50.9307,5.3375,2019-08-10T14:00,23.4,47,0.0,33.3,232,1011.6,34
Hasselt,50.9307,5.3375,2019-08-10T15:00,23.8,44,0.0,34.0,237,1011.8,43
Hasselt,50.9307,5.3375,2019-08-10T16:00,24.0,43,0.0,32.6,237,1011.9,43
Hasselt,50.9307,5.3375,2019-08-10T17:00,23.8,43,0.0,28.6,236,1012.3,84
Hasselt,50.9307,5.3375,2019-08-10T18:00,23.2,45,0.0,24.3,238,1012.4,65
Hasselt,50.9307,5.3375,2019-08-10T19:00,22.5,46,0.0,20.5,239,1012.8,43
Hasselt,50.9307,5.3375,2019-08-10T20:00,21.4,49,0.0,15.1,237,1013.5,38
Hasselt,50.9307,5.3375,2019-08-10T21:00,20.0,54,0.0,13.2,244,1014.1,63
Hasselt,50.9307,5.3375,2019-08-10T22:00,19.7,53,0.0,13.5,245,1014.4,34
Hasselt,50.9307,5.3375,2019-08-10T23:00,18.9,56,0.0,11.6,244,1014.8,85
Hasselt,50.9307,5.3375,2019-08-11T00:00,18.5,59,0.0,12.7,241,1015.1,73
Hasselt,50.9307,5.3375,2019-08-11T01:00,18.2,67,0.0,13.0,242,1015.6,66
Hasselt,50.9307,5.3375,2019-08-11T02:00,17.9,68,0.0,12.3,232,1015.3,11
Hasselt,50.9307,5.3375,2019-08-11T03:00,16.5,74,0.0,12.0,229,1015.4,12
Hasselt,50.9307,5.3375,2019-08-11T04:00,15.7,79,0.0,11.2,220,1015.3,12
Hasselt,50.9307,5.3375,2019-08-11T05:00,15.2,81,0.0,11.6,216,1015.6,18
Hasselt,50.9307,5.3375,2019-08-11T06:00,15.1,82,0.0,10.5,207,1015.6,19
Hasselt,50.9307,5.3375,2019-08-11T07:00,16.5,78,0.0,10.6,198,1015.6,39
Hasselt,50.9307,5.3375,2019-08-11T08:00,18.2,70,0.0,12.8,212,1015.5,59
Hasselt,50.9307,5.3375,2019-08-11T09:00,19.6,64,0.0,16.5,216,1015.2,32
Hasselt,50.9307,5.3375,2019-08-11T10:00,20.5,59,0.1,18.6,216,1015.0,99
Hasselt,50.9307,5.3375,2019-08-11T11:00,20.9,54,0.0,16.8,222,1014.8,100
Hasselt,50.9307,5.3375,2019-08-11T12:00,20.4,50,0.0,16.3,223,1014.9,100
Hasselt,50.9307,5.3375,2019-08-11T13:00,21.0,54,0.0,18.3,225,1014.8,100
Hasselt,50.9307,5.3375,2019-08-11T14:00,20.6,54,0.0,18.3,227,1014.7,100
Hasselt,50.9307,5.3375,2019-08-11T15:00,21.0,51,0.0,19.1,227,1014.4,100
Hasselt,50.9307,5.3375,2019-08-11T16:00,20.7,51,0.0,18.1,226,1014.0,100
Hasselt,50.9307,5.3375,2019-08-11T17:00,20.4,52,0.0,16.6,222,1014.0,97
Hasselt,50.9307,5.3375,2019-08-11T18:00,20.0,55,0.0,15.0,210,1014.0,90
Hasselt,50.9307,5.3375,2019-08-11T19:00,19.4,59,0.0,13.9,205,1014.2,48
Hasselt,50.9307,5.3375,2019-08-11T20:00,18.1,63,0.0,13.7,203,1014.5,20
Hasselt,50.9307,5.3375,2019-08-11T21:00,17.1,68,0.0,15.3,207,1015.1,26
Hasselt,50.9307,5.3375,2019-08-11T22:00,16.8,69,0.0,16.2,212,1015.1,20
Hasselt,50.9307,5.3375,2019-08-11T23:00,16.1,72,0.0,14.6,213,1015.2,17
Hasselt,50.9307,5.3375,2019-08-12T00:00,15.6,76,0.0,13.4,211,1015.2,11
Hasselt,50.9307,5.3375,2019-08-12T01:00,15.7,71,0.0,13.1,217,1015.2,8
Hasselt,50.9307,5.3375,2019-08-12T02:00,14.9,75,0.0,11.7,223,1015.5,2
Hasselt,50.9307,5.3375,2019-08-12T03:00,14.4,78,0.0,10.3,216,1015.0,10
Hasselt,50.9307,5.3375,2019-08-12T04:00,14.1,80,0.0,11.3,207,1015.3,9
Hasselt,50.9307,5.3375,2019-08-12T05:00,14.1,81,0.0,11.4,208,1015.4,10
Hasselt,50.9307,5.3375,2019-08-12T06:00,14.2,82,0.0,10.8,210,1015.2,18
Hasselt,50.9307,5.3375,2019-08-12T07:00,15.6,78,0.0,9.5,217,1014.9,20
Hasselt,50.9307,5.3375,2019-08-12T08:00,17.0,72,0.0,10.7,213,1015.2,12
Hasselt,50.9307,5.3375,2019-08-12T09:00,18.5,68,0.0,11.2,228,1015.2,8
Hasselt,50.9307,5.3375,2019-08-12T10:00,19.8,63,0.0,12.0,237,1015.2,21
Hasselt,50.9307,5.3375,2019-08-12T11:00,20.7,60,0.0,12.9,240,1015.2,31
Hasselt,50.9307,5.3375,2019-08-12T12:00,21.3,55,0.0,13.8,250,1014.8,40
Hasselt,50.9307,5.3375,2019-08-12T13:00,21.1,56,0.0,12.6,207,1014.0,79
Hasselt,50.9307,5.3375,2019-08-12T14:00,21.5,50,0.2,17.1,224,1014.2,87
Hasselt,50.9307,5.3375,2019-08-12T15:00,19.2,70,0.8,13.0,236,1014.9,96
Hasselt,50.9307,5.3375,2019-08-12T16:00,17.4,78,1.5,12.7,235,1014.8,96
Hasselt,50.9307,5.3375,2019-08-12T17:00,18.5,72,0.0,11.2,225,1014.7,90
Hasselt,50.9307,5.3375,2019-08-12T18:00,17.1,78,0.5,9.4,230,1014.7,77
Hasselt,50.9307,5.3375,2019-08-12T19:00,17.2,77,0.0,8.7,218,1014.6,93
Hasselt,50.9307,5.3375,2019-08-12T20:00,15.6,84,0.5,9.9,226,1015.1,70
Hasselt,50.9307,5.3375,2019-08-12T21:00,14.9,89,0.0,8.7,210,1015.4,69
Hasselt,50.9307,5.3375,2019-08-12T22:00,14.6,88,0.0,11.7,227,1015.6,41
Hasselt,50.9307,5.3375,2019-08-12T23:00,14.1,89,0.0,12.3,230,1015.7,33
Hasselt,50.9307,5.3375,2019-08-13T00:00,13.9,89,0.0,13.2,227,1015.8,26
Hasselt,50.9307,5.3375,2019-08-13T01:00,14.2,83,0.0,15.3,240,1016.3,21
Hasselt,50.9307,5.3375,2019-08-13T02:00,13.4,87,0.2,15.5,252,1016.5,85
Hasselt,50.9307,5.3375,2019-08-13T03:00,12.8,92,0.5,16.4,255,1016.7,99
Hasselt,50.9307,5.3375,2019-08-13T04:00,12.9,93,0.0,14.2,246,1017.0,29
Hasselt,50.9307,5.3375,2019-08-13T05:00,12.4,95,0.0,12.6,239,1017.3,22
Hasselt,50.9307,5.3375,2019-08-13T06:00,12.1,95,0.0,11.7,236,1017.6,3
Hasselt,50.9307,5.3375,2019-08-13T07:00,13.1,91,0.0,12.1,233,1017.8,1
Hasselt,50.9307,5.3375,2019-08-13T08:00,14.6,86,0.0,13.2,235,1018.2,2
Hasselt,50.9307,5.3375,2019-08-13T09:00,16.2,76,0.0,14.0,235,1018.4,14
Hasselt,50.9307,5.3375,2019-08-13T10:00,17.5,65,0.0,15.4,237,1018.2,19
Hasselt,50.9307,5.3375,2019-08-13T11:00,18.5,55,0.0,19.3,246,1018.1,36
Hasselt,50.9307,5.3375,2019-08-13T12:00,18.9,50,0.0,20.0,247,1017.9,38
Hasselt,50.9307,5.3375,2019-08-13T13:00,18.2,57,0.1,20.5,242,1018.3,99
Hasselt,50.9307,5.3375,2019-08-13T14:00,18.7,52,0.1,20.9,259,1018.1,99
Hasselt,50.9307,5.3375,2019-08-13T15:00,17.0,65,0.4,19.3,246,1018.3,99
Hasselt,50.9307,5.3375,2019-08-13T16:00,16.5,70,0.2,15.9,237,1018.3,96
Hasselt,50.9307,5.3375,2019-08-13T17:00,16.1,72,0.1,15.7,238,1018.4,93
Hasselt,50.9307,5.3375,2019-08-13T18:00,16.1,73,0.1,14.7,234,1018.2,47
Hasselt,50.9307,5.3375,2019-08-13T19:00,15.5,78,0.8,11.7,227,1018.2,45
Hasselt,50.9307,5.3375,2019-08-13T20:00,14.6,80,0.0,8.5,216,1018.4,24
Hasselt,50.9307,5.3375,2019-08-13T21:00,13.6,83,0.0,8.8,215,1018.8,16
Hasselt,50.9307,5.3375,2019-08-13T22:00,12.8,86,0.0,7.9,219,1019.0,16
Hasselt,50.9307,5.3375,2019-08-13T23:00,12.2,88,0.0,7.7,217,1018.9,12
Hasselt,50.9307,5.3375,2019-08-14T00:00,11.9,90,0.0,8.8,215,1018.7,3
Hasselt,50.9307,5.3375,2019-08-14T01:00,11.6,87,0.0,6.9,227,1019.1,2
Hasselt,50.9307,5.3375,2019-08-14T02:00,11.2,92,0.0,7.5,215,1019.1,16
Hasselt,50.9307,5.3375,2019-08-14T03:00,11.0,94,0.0,7.4,209,1018.9,4
Hasselt,50.9307,5.3375,2019-08-14T04:00,10.9,95,0.0,7.7,208,1018.7,20
Hasselt,50.9307,5.3375,2019-08-14T05:00,10.6,95,0.0,7.8,202,1018.8,2
Hasselt,50.9307,5.3375,2019-08-14T06:00,10.8,95,0.0,8.0,198,1018.9,0
Hasselt,50.9307,5.3375,2019-08-14T07:00,12.5,90,0.0,9.0,203,1018.9,0
Hasselt,50.9307,5.3375,2019-08-14T08:00,14.6,82,0.0,9.0,209,1018.8,0
Hasselt,50.9307,5.3375,2019-08-14T09:00,16.5,75,0.0,9.7,207,1018.7,0
Hasselt,50.9307,5.3375,2019-08-14T10:00,18.2,62,0.1,12.5,219,1018.2,33
Hasselt,50.9307,5.3375,2019-08-14T11:00,19.0,57,0.1,13.0,219,1018.0,39
Hasselt,50.9307,5.3375,2019-08-14T12:00,20.0,54,0.1,13.6,220,1017.5,43
Hasselt,50.9307,5.3375,2019-08-14T13:00,20.5,53,0.0,14.2,207,1017.5,57
Hasselt,50.9307,5.3375,2019-08-14T14:00,21.5,47,0.0,15.9,208,1016.9,82
Hasselt,50.9307,5.3375,2019-08-14T15:00,21.4,45,0.0,13.8,213,1016.3,99
Hasselt,50.9307,5.3375,2019-08-14T16:00,19.8,56,0.2,12.1,240,1016.0,90
Hasselt,50.9307,5.3375,2019-08-14T17:00,18.5,68,0.2,8.4,227,1015.6,84
Hasselt,50.9307,5.3375,2019-08-14T18:00,18.6,67,0.0,7.2,183,1014.9,99
Hasselt,50.9307,5.3375,2019-08-14T19:00,18.0,74,0.0,7.9,133,1014.2,69
Hasselt,50.9307,5.3375,2019-08-14T20:00,16.8,79,0.2,9.9,123,1013.6,100
Hasselt,50.9307,5.3375,2019-08-14T21:00,16.7,81,0.4,12.5,123,1013.2,96
Hasselt,50.9307,5.3375,2019-08-14T22:00,16.5,84,0.5,11.4,162,1012.9,100
Hasselt,50.9307,5.3375,2019-08-14T23:00,16.5,88,0.8,13.8,187,1012.3,100
Hasselt,50.9307,5.3375,2019-08-15T00:00,16.4,89,0.5,15.3,189,1011.7,100
Hasselt,50.9307,5.3375,2019-08-15T01:00,16.4,84,0.1,14.8,203,1011.5,100
Hasselt,50.9307,5.3375,2019-08-15T02:00,16.6,83,0.0,15.9,213,1010.8,100
Hasselt,50.9307,5.3375,2019-08-15T03:00,16.5,83,0.0,16.4,213,1010.3,100
Hasselt,50.9307,5.3375,2019-08-15T04:00,16.6,84,0.0,18.4,215,1009.7,100
Hasselt,50.9307,5.3375,2019-08-15T05:00,16.5,86,0.0,18.1,221,1009.5,100
Hasselt,50.9307,5.3375,2019-08-15T06:00,16.3,88,0.0,18.4,220,1009.6,100
Hasselt,50.9307,5.3375,2019-08-15T07:00,16.7,87,0.0,18.4,222,1009.6,98
Hasselt,50.9307,5.3375,2019-08-15T08:00,17.7,82,0.0,23.2,228,1009.5,86
Hasselt,50.9307,5.3375,2019-08-15T09:00,18.5,79,0.1,22.5,238,1009.8,59
Hasselt,50.9307,5.3375,2019-08-15T10:00,18.6,78,0.2,25.2,251,1009.8,54
Hasselt,50.9307,5.3375,2019-08-15T11:00,19.6,71,0.3,23.7,253,1010.2,36
Hasselt,50.9307,5.3375,2019-08-15T12:00,20.8,64,0.3,23.3,257,1010.2,25
Hasselt,50.9307,5.3375,2019-08-15T13:00,21.2,62,0.1,23.1,255,1010.8,64
Hasselt,50.9307,5.3375,2019-08-15T14:00,21.2,60,0.1,24.0,261,1011.4,99
Hasselt,50.9307,5.3375,2019-08-15T15:00,20.4,63,0.1,22.5,263,1012.0,90
Hasselt,50.9307,5.3375,2019-08-15T16:00,20.5,62,0.1,21.4,263,1012.4,55
Hasselt,50.9307,5.3375,2019-08-15T17:00,19.3,70,0.3,21.3,273,1013.3,52
Hasselt,50.9307,5.3375,2019-08-15T18:00,19.1,69,0.1,18.4,272,1013.5,57
Hasselt,50.9307,5.3375,2019-08-15T19:00,18.5,71,0.0,15.8,269,1014.0,40
Hasselt,50.9307,5.3375,2019-08-15T20:00,17.5,74,0.0,12.8,259,1015.0,39
Hasselt,50.9307,5.3375,2019-08-15T21:00,16.7,78,0.0,10.0,255,1015.7,60
Hasselt,50.9307,5.3375,2019-08-15T22:00,16.2,80,0.0,7.1,255,1016.2,60
Hasselt,50.9307,5.3375,2019-08-15T23:00,16.1,80,0.0,7.8,236,1016.5,25
Hasselt,50.9307,5.3375,2019-08-16T00:00,14.6,89,0.2,6.2,277,1017.1,76
Hasselt,50.9307,5.3375,2019-08-16T01:00,14.9,87,0.0,9.3,234,1017.1,31
Hasselt,50.9307,5.3375,2019-08-16T02:00,14.1,93,0.0,9.7,225,1017.3,7
Hasselt,50.9307,5.3375,2019-08-16T03:00,13.8,94,0.0,10.6,235,1017.5,63
Hasselt,50.9307,5.3375,2019-08-16T04:00,13.4,95,0.0,9.4,230,1017.7,100
Hasselt,50.9307,5.3375,2019-08-16T05:00,13.2,96,0.0,9.2,219,1017.7,98
Hasselt,50.9307,5.3375,2019-08-16T06:00,13.2,96,0.0,9.4,223,1017.6,98
Hasselt,50.9307,5.3375,2019-08-16T07:00,14.6,90,0.0,9.2,206,1017.6,68
Hasselt,50.9307,5.3375,2019-08-16T08:00,16.2,84,0.0,10.6,208,1017.5,100
Hasselt,50.9307,5.3375,2019-08-16T09:00,17.9,77,0.0,12.7,215,1017.3,97
Hasselt,50.9307,5.3375,2019-08-16T10:00,19.4,68,0.0,15.3,223,1017.1,92
Hasselt,50.9307,5.3375,2019-08-16T11:00,20.5,61,0.0,19.4,227,1016.6,99
Hasselt,50.9307,5.3375,2019-08-16T12:00,20.5,59,0.0,19.9,228,1016.4,96
Hasselt,50.9307,5.3375,2019-08-16T13:00,20.5,61,0.0,17.7,218,1016.3,99
Hasselt,50.9307,5.3375,2019-08-16T14:00,21.1,57,0.0,19.5,218,1015.9,100
Hasselt,50.9307,5.3375,2019-08-16T15:00,21.7,53,0.0,16.4,218,1015.1,100
Hasselt,50.9307,5.3375,2019-08-16T16:00,21.8,54,0.0,20.1,213,1014.3,100
Hasselt,50.9307,5.3375,2019-08-16T17:00,21.9,53,0.0,16.9,207,1013.7,86
Hasselt,50.9307,5.3375,2019-08-16T18:00,21.6,55,0.0,16.1,209,1013.1,100
Hasselt,50.9307,5.3375,2019-08-16T19:00,20.7,58,0.0,11.5,176,1012.4,100
Hasselt,50.9307,5.3375,2019-08-16T20:00,19.8,61,0.0,10.2,157,1011.7,100
Hasselt,50.9307,5.3375,2019-08-16T21:00,19.2,63,0.0,10.9,171,1011.9,100
Hasselt,50.9307,5.3375,2019-08-16T22:00,19.1,63,0.2,15.0,190,1011.4,100
Hasselt,50.9307,5.3375,2019-08-16T23:00,18.4,68,0.1,15.9,186,1011.0,100
Hasselt,50.9307,5.3375,2019-08-17T00:00,18.0,73,0.1,14.3,170,1009.9,100
Hasselt,50.9307,5.3375,2019-08-17T01:00,17.4,83,0.4,10.8,180,1009.6,99
Hasselt,50.9307,5.3375,2019-08-17T02:00,17.6,81,0.0,9.0,196,1009.2,96
Hasselt,50.9307,5.3375,2019-08-17T03:00,17.8,78,0.0,13.1,201,1008.4,100
Hasselt,50.9307,5.3375,2019-08-17T04:00,18.1,75,0.0,19.1,216,1008.2,75
Hasselt,50.9307,5.3375,2019-08-17T05:00,17.9,74,0.0,17.9,214,1008.3,100
Hasselt,50.9307,5.3375,2019-08-17T06:00,18.1,73,0.0,19.5,218,1008.4,100
Hasselt,50.9307,5.3375,2019-08-17T07:00,18.4,68,0.0,20.2,215,1008.2,100
Hasselt,50.9307,5.3375,2019-08-17T08:00,18.6,69,0.0,20.5,214,1008.4,100
Hasselt,50.9307,5.3375,2019-08-17T09:00,18.8,72,0.0,19.3,209,1008.3,100
Hasselt,50.9307,5.3375,2019-08-17T10:00,18.9,76,0.1,19.7,211,1008.4,100
Hasselt,50.9307,5.3375,2019-08-17T11:00,19.4,78,0.3,17.4,214,1008.7,100
Hasselt,50.9307,5.3375,2019-08-17T12:00,20.5,74,0.0,24.2,221,1008.4,100
Hasselt,50.9307,5.3375,2019-08-17T13:00,20.8,72,0.1,24.3,209,1008.5,100
Hasselt,50.9307,5.3375,2019-08-17T14:00,20.2,76,0.1,22.3,203,1008.5,100
Hasselt,50.9307,5.3375,2019-08-17T15:00,20.7,77,0.1,23.1,201,1008.0,100
Hasselt,50.9307,5.3375,2019-08-17T16:00,21.6,73,0.1,25.3,216,1008.1,100
Hasselt,50.9307,5.3375,2019-08-17T17:00,21.0,78,0.3,21.7,212,1008.1,100
Hasselt,50.9307,5.3375,2019-08-17T18:00,20.1,84,0.1,20.0,214,1008.1,100
Hasselt,50.9307,5.3375,2019-08-17T19:00,19.8,85,0.1,17.6,211,1007.7,100
Hasselt,50.9307,5.3375,2019-08-17T20:00,19.3,87,0.1,15.3,210,1007.5,100
Hasselt,50.9307,5.3375,2019-08-17T21:00,19.1,88,0.2,14.3,208,1007.6,100
Hasselt,50.9307,5.3375,2019-08-17T22:00,18.9,90,0.3,12.7,209,1007.4,100
Hasselt,50.9307,5.3375,2019-08-17T23:00,18.8,92,0.4,10.2,222,1007.4,100
Hasselt,50.9307,5.3375,2019-08-18T00:00,18.3,96,1.3,8.6,272,1007.5,100
Hasselt,50.9307,5.3375,2019-08-18T01:00,17.1,91,1.3,12.8,260,1007.9,100
Hasselt,50.9307,5.3375,2019-08-18T02:00,16.2,91,1.8,9.2,239,1007.9,100
Hasselt,50.9307,5.3375,2019-08-18T03:00,15.9,90,0.6,9.9,226,1007.8,100
Hasselt,50.9307,5.3375,2019-08-18T04:00,15.8,86,0.1,9.3,216,1007.1,100
Hasselt,50.9307,5.3375,2019-08-18T05:00,15.4,90,0.1,9.0,178,1006.7,90
Hasselt,50.9307,5.3375,2019-08-18T06:00,15.1,88,0.0,12.3,185,1005.9,100
Hasselt,50.9307,5.3375,2019-08-18T07:00,14.4,87,0.3,10.1,184,1005.5,100
Hasselt,50.9307,5.3375,2019-08-18T08:00,14.4,90,0.6,9.6,146,1004.9,100
Hasselt,50.9307,5.3375,2019-08-18T09:00,15.1,90,2.3,4.3,42,1004.0,100
Hasselt,50.9307,5.3375,2019-08-18T10:00,15.5,92,1.5,11.8,31,1003.3,100
Hasselt,50.9307,5.3375,2019-08-18T11:00,14.9,92,2.6,17.3,348,1004.0,100
Hasselt,50.9307,5.3375,2019-08-18T12:00,15.6,89,1.1,4.6,309,1005.2,100
Hasselt,50.9307,5.3375,2019-08-18T13:00,17.2,86,0.1,7.4,241,1006.0,100
Hasselt,50.9307,5.3375,2019-08-18T14:00,18.3,83,0.2,13.4,243,1006.5,100
Hasselt,50.9307,5.3375,2019-08-18T15:00,18.9,81,0.2,19.2,257,1007.2,100
Hasselt,50.9307,5.3375,2019-08-18T16:00,19.0,80,0.2,17.0,253,1008.0,100
Hasselt,50.9307,5.3375,2019-08-18T17:00,19.9,73,0.2,17.9,248,1008.3,98
Hasselt,50.9307,5.3375,2019-08-18T18:00,19.4,73,0.1,15.6,244,1008.5,98
Hasselt,50.9307,5.3375,2019-08-18T19:00,18.7,72,0.0,13.8,229,1008.8,68
Hasselt,50.9307,5.3375,2019-08-18T20:00,17.9,70,0.0,16.7,251,1009.4,98
Hasselt,50.9307,5.3375,2019-08-18T21:00,16.9,67,0.0,17.1,252,1010.7,100
Hasselt,50.9307,5.3375,2019-08-18T22:00,15.9,66,0.0,14.2,249,1011.1,94
Hasselt,50.9307,5.3375,2019-08-18T23:00,14.9,71,0.0,12.3,230,1011.6,100
Hasselt,50.9307,5.3375,2019-08-19T00:00,14.1,76,0.0,13.0,222,1012.2,1
Hasselt,50.9307,5.3375,2019-08-19T01:00,13.9,76,0.0,14.8,229,1012.9,1
Hasselt,50.9307,5.3375,2019-08-19T02:00,13.6,80,0.0,15.0,224,1013.4,3
Hasselt,50.9307,5.3375,2019-08-19T03:00,13.6,82,0.0,15.8,225,1013.3,8
Hasselt,50.9307,5.3375,2019-08-19T04:00,13.6,84,0.0,16.1,222,1013.6,11
Hasselt,50.9307,5.3375,2019-08-19T05:00,13.7,83,0.0,17.3,222,1014.2,12
Hasselt,50.9307,5.3375,2019-08-19T06:00,13.7,83,0.0,16.8,223,1014.6,8
Hasselt,50.9307,5.3375,2019-08-19T07:00,14.6,81,0.0,16.3,225,1015.1,17
Hasselt,50.9307,5.3375,2019-08-19T08:00,15.9,76,0.0,17.3,225,1015.2,30
Hasselt,50.9307,5.3375,2019-08-19T09:00,17.2,72,0.0,18.8,234,1015.3,29
Hasselt,50.9307,5.3375,2019-08-19T10:00,18.4,66,0.0,20.5,242,1015.8,22
Hasselt,50.9307,5.3375,2019-08-19T11:00,19.3,59,0.0,21.1,245,1016.1,17
Hasselt,50.9307,5.3375,2019-08-19T12:00,20.1,54,0.0,20.8,244,1016.2,21
Hasselt,50.9307,5.3375,2019-08-19T13:00,20.2,53,0.0,20.2,239,1016.8,31
Hasselt,50.9307,5.3375,2019-08-19T14:00,20.5,51,0.0,19.7,239,1017.1,44
Hasselt,50.9307,5.3375,2019-08-19T15:00,20.5,51,0.0,19.7,242,1017.3,45
Hasselt,50.9307,5.3375,2019-08-19T16:00,20.4,51,0.0,20.4,244,1017.4,48
Hasselt,50.9307,5.3375,2019-08-19T17:00,19.5,57,0.0,18.8,244,1017.8,38
Hasselt,50.9307,5.3375,2019-08-19T18:00,19.1,59,0.0,15.6,244,1017.9,35
Hasselt,50.9307,5.3375,2019-08-19T19:00,18.2,61,0.0,14.5,243,1018.3,32
Hasselt,50.9307,5.3375,2019-08-19T20:00,17.1,64,0.0,12.5,237,1018.5,29
Hasselt,50.9307,5.3375,2019-08-19T21:00,16.4,67,0.0,12.3,230,1019.0,52
Hasselt,50.9307,5.3375,2019-08-19T22:00,15.0,74,0.0,10.7,220,1019.4,47
Hasselt,50.9307,5.3375,2019-08-19T23:00,14.1,77,0.0,12.0,219,1019.9,53
Hasselt,50.9307,5.3375,2019-08-20T00:00,13.6,77,0.0,12.5,219,1020.3,9
Hasselt,50.9307,5.3375,2019-08-20T01:00,13.4,80,0.0,11.2,220,1020.8,0
Hasselt,50.9307,5.3375,2019-08-20T02:00,12.9,81,0.0,11.2,222,1020.9,0
Hasselt,50.9307,5.3375,2019-08-20T03:00,12.4,83,0.0,10.2,222,1020.9,0
Hasselt,50.9307,5.3375,2019-08-20T04:00,11.9,87,0.0,8.7,218,1021.0,0
Hasselt,50.9307,5.3375,2019-08-20T05:00,11.4,91,0.0,8.4,211,1021.2,1
Hasselt,50.9307,5.3375,2019-08-20T06:00,11.4,92,0.0,8.7,210,1021.5,4
Hasselt,50.9307,5.3375,2019-08-20T07:00,13.1,87,0.0,10.0,218,1021.9,12
Hasselt,50.9307,5.3375,2019-08-20T08:00,15.1,82,0.0,9.7,231,1022.3,22
Hasselt,50.9307,5.3375,2019-08-20T09:00,16.8,77,0.0,11.2,230,1022.4,48
Hasselt,50.9307,5.3375,2019-08-20T10:00,18.2,70,0.0,12.9,247,1022.4,56
Hasselt,50.9307,5.3375,2019-08-20T11:00,19.3,59,0.1,16.2,258,1022.6,41
Hasselt,50.9307,5.3375,2019-08-20T12:00,19.9,53,0.0,16.9,259,1022.6,25
Hasselt,50.9307,5.3375,2019-08-20T13:00,20.4,53,0.0,15.7,254,1022.7,29
Hasselt,50.9307,5.3375,2019-08-20T14:00,20.8,51,0.0,15.5,252,1022.9,20
Hasselt,50.9307,5.3375,2019-08-20T15:00,20.9,48,0.0,15.6,263,1023.0,27
Hasselt,50.9307,5.3375,2019-08-20T16:00,20.6,48,0.0,15.1,270,1023.5,59
Hasselt,50.9307,5.3375,2019-08-20T17:00,19.6,53,0.0,14.5,284,1023.9,45
Hasselt,50.9307,5.3375,2019-08-20T18:00,18.9,59,0.0,10.3,295,1024.2,43
Hasselt,50.9307,5.3375,2019-08-20T19:00,17.7,65,0.0,7.3,281,1024.7,34
Hasselt,50.9307,5.3375,2019-08-20T20:00,16.2,70,0.0,7.6,289,1025.4,31
Hasselt,50.9307,5.3375,2019-08-20T21:00,15.2,74,0.0,7.2,297,1025.8,28
Hasselt,50.9307,5.3375,2019-08-20T22:00,14.1,80,0.0,5.8,300,1026.3,26
Hasselt,50.9307,5.3375,2019-08-20T23:00,12.9,86,0.0,8.2,285,1026.7,11
Hasselt,50.9307,5.3375,2019-08-21T00:00,12.1,88,0.0,7.6,275,1027.1,3
Hasselt,50.9307,5.3375,2019-08-21T01:00,12.3,91,0.0,6.4,232,1027.6,2
Hasselt,50.9307,5.3375,2019-08-21T02:00,11.9,92,0.0,6.2,234,1027.5,17
Hasselt,50.9307,5.3375,2019-08-21T03:00,10.9,94,0.0,6.9,227,1027.7,7
Hasselt,50.9307,5.3375,2019-08-21T04:00,10.2,95,0.0,6.4,218,1027.8,5
Hasselt,50.9307,5.3375,2019-08-21T05:00,9.4,96,0.0,6.0,197,1028.0,3
Hasselt,50.9307,5.3375,2019-08-21T06:00,9.4,97,0.0,5.1,188,1028.1,2
Hasselt,50.9307,5.3375,2019-08-21T07:00,11.8,90,0.0,4.0,175,1028.5,1
Hasselt,50.9307,5.3375,2019-08-21T08:00,14.6,82,0.0,1.5,194,1028.9,1
Hasselt,50.9307,5.3375,2019-08-21T09:00,17.0,73,0.0,1.3,214,1028.8,1
Hasselt,50.9307,5.3375,2019-08-21T10:00,18.8,63,0.0,0.0,270,1028.8,0
Hasselt,50.9307,5.3375,2019-08-21T11:00,19.9,55,0.0,0.7,180,1028.7,79
Hasselt,50.9307,5.3375,2019-08-21T12:00,20.6,51,0.0,1.1,180,1028.5,91
Hasselt,50.9307,5.3375,2019-08-21T13:00,21.0,48,0.0,2.2,171,1027.9,98
Hasselt,50.9307,5.3375,2019-08-21T14:00,21.6,47,0.0,1.5,104,1027.5,90
Hasselt,50.9307,5.3375,2019-08-21T15:00,22.0,45,0.0,3.3,103,1027.3,97
Hasselt,50.9307,5.3375,2019-08-21T16:00,22.1,44,0.0,4.1,128,1026.9,98
Hasselt,50.9307,5.3375,2019-08-21T17:00,21.9,46,0.0,5.1,141,1026.6,98
Hasselt,50.9307,5.3375,2019-08-21T18:00,21.2,54,0.0,3.7,151,1026.1,83
Hasselt,50.9307,5.3375,2019-08-21T19:00,19.8,69,0.0,4.6,108,1026.1,0
Hasselt,50.9307,5.3375,2019-08-21T20:00,16.2,72,0.0,9.3,77,1026.3,0
Hasselt,50.9307,5.3375,2019-08-21T21:00,16.1,69,0.0,7.3,81,1026.3,0
Hasselt,50.9307,5.3375,2019-08-21T22:00,15.0,75,0.0,6.9,96,1026.3,0
Hasselt,50.9307,5.3375,2019-08-21T23:00,14.2,82,0.0,7.0,111,1026.4,0
Hasselt,50.9307,5.3375,2019-08-22T00:00,13.9,84,0.0,7.4,119,1026.3,0
Hasselt,50.9307,5.3375,2019-08-22T01:00,13.2,88,0.0,6.1,118,1025.9,0
Hasselt,50.9307,5.3375,2019-08-22T02:00,12.0,92,0.0,5.6,130,1025.7,2
Hasselt,50.9307,5.3375,2019-08-22T03:00,11.4,93,0.0,6.1,152,1025.6,0
Hasselt,50.9307,5.3375,2019-08-22T04:00,11.2,91,0.0,5.8,158,1025.3,0
Hasselt,50.9307,5.3375,2019-08-22T05:00,10.9,90,0.0,5.9,166,1025.4,0
Hasselt,50.9307,5.3375,2019-08-22T06:00,11.2,87,0.0,6.1,177,1025.2,1
Hasselt,50.9307,5.3375,2019-08-22T07:00,13.8,78,0.0,7.3,189,1025.3,8
Hasselt,50.9307,5.3375,2019-08-22T08:00,16.5,70,0.0,6.1,208,1025.6,21
Hasselt,50.9307,5.3375,2019-08-22T09:00,18.8,65,0.0,7.4,231,1025.8,19
Hasselt,50.9307,5.3375,2019-08-22T10:00,20.6,61,0.0,7.7,242,1025.8,41
Hasselt,50.9307,5.3375,2019-08-22T11:00,22.0,57,0.0,7.6,251,1025.8,61
Hasselt,50.9307,5.3375,2019-08-22T12:00,22.9,54,0.0,8.2,255,1025.5,80
Hasselt,50.9307,5.3375,2019-08-22T13:00,24.0,48,0.0,9.6,250,1025.5,87
Hasselt,50.9307,5.3375,2019-08-22T14:00,24.1,47,0.0,9.7,248,1025.4,34
Hasselt,50.9307,5.3375,2019-08-22T15:00,24.1,46,0.0,9.6,250,1024.9,0
Hasselt,50.9307,5.3375,2019-08-22T16:00,24.1,44,0.0,9.2,249,1024.7,0
Hasselt,50.9307,5.3375,2019-08-22T17:00,23.8,45,0.0,8.7,253,1024.8,0
Hasselt,50.9307,5.3375,2019-08-22T18:00,22.9,51,0.0,5.8,270,1024.5,0
Hasselt,50.9307,5.3375,2019-08-22T19:00,20.2,70,0.0,7.3,281,1024.8,0
Hasselt,50.9307,5.3375,2019-08-22T20:00,17.5,71,0.0,9.8,287,1025.1,0
Hasselt,50.9307,5.3375,2019-08-22T21:00,16.2,76,0.0,9.4,302,1025.5,0
Hasselt,50.9307,5.3375,2019-08-22T22:00,14.8,83,0.0,9.7,321,1025.7,0
Hasselt,50.9307,5.3375,2019-08-22T23:00,14.1,87,0.0,8.4,353,1025.9,0
Hasselt,50.9307,5.3375,2019-08-23T00:00,13.5,90,0.0,7.3,70,1026.1,0
Hasselt,50.9307,5.3375,2019-08-23T01:00,15.1,81,0.0,2.3,231,1026.2,0
Hasselt,50.9307,5.3375,2019-08-23T02:00,12.5,94,0.0,4.8,312,1026.4,0
Hasselt,50.9307,5.3375,2019-08-23T03:00,11.6,96,0.0,7.0,12,1026.3,0
Hasselt,50.9307,5.3375,2019-08-23T04:00,12.1,95,0.0,5.1,82,1026.1,0
Hasselt,50.9307,5.3375,2019-08-23T05:00,10.8,98,0.0,6.9,118,1026.1,0
Hasselt,50.9307,5.3375,2019-08-23T06:00,11.4,97,0.0,4.8,132,1026.1,0
Hasselt,50.9307,5.3375,2019-08-23T07:00,13.5,91,0.0,5.5,122,1025.9,0
Hasselt,50.9307,5.3375,2019-08-23T08:00,16.2,81,0.0,2.5,98,1026.0,0
Hasselt,50.9307,5.3375,2019-08-23T09:00,18.8,72,0.0,2.3,72,1026.1,20
Hasselt,50.9307,5.3375,2019-08-23T10:00,21.1,64,0.0,3.9,56,1025.8,43
Hasselt,50.9307,5.3375,2019-08-23T11:00,23.1,55,0.0,5.5,58,1025.8,94
Hasselt,50.9307,5.3375,2019-08-23T12:00,24.4,51,0.0,5.7,55,1025.4,94
Hasselt,50.9307,5.3375,2019-08-23T13:00,26.0,44,0.0,5.0,69,1024.9,93
Hasselt,50.9307,5.3375,2019-08-23T14:00,26.5,42,0.0,5.8,60,1024.5,94
Hasselt,50.9307,5.3375,2019-08-23T15:00,26.8,40,0.0,7.0,55,1023.9,83
Hasselt,50.9307,5.3375,2019-08-23T16:00,26.8,40,0.0,8.0,54,1023.4,25
Hasselt,50.9307,5.3375,2019-08-23T17:00,26.4,42,0.0,8.4,59,1023.2,5
Hasselt,50.9307,5.3375,2019-08-23T18:00,25.5,50,0.0,6.2,54,1022.9,95
Hasselt,50.9307,5.3375,2019-08-23T19:00,22.6,61,0.0,6.4,52,1022.6,94
Hasselt,50.9307,5.3375,2019-08-23T20:00,20.3,64,0.0,7.7,62,1022.8,91
Hasselt,50.9307,5.3375,2019-08-23T21:00,19.8,66,0.0,9.6,56,1022.8,94
Hasselt,50.9307,5.3375,2019-08-23T22:00,19.4,68,0.0,11.8,67,1022.6,60
Hasselt,50.9307,5.3375,2019-08-23T23:00,18.5,70,0.0,10.4,76,1022.4,4
Hasselt,50.9307,5.3375,2019-08-24T00:00,17.1,75,0.0,8.0,82,1022.3,0
Hasselt,50.9307,5.3375,2019-08-24T01:00,15.8,81,0.0,6.9,84,1022.3,0
Hasselt,50.9307,5.3375,2019-08-24T02:00,14.8,86,0.0,6.5,90,1021.9,0
Hasselt,50.9307,5.3375,2019-08-24T03:00,14.1,90,0.0,6.2,111,1021.6,0
Hasselt,50.9307,5.3375,2019-08-24T04:00,12.9,93,0.0,8.1,111,1021.6,0
Hasselt,50.9307,5.3375,2019-08-24T05:00,12.4,95,0.0,7.0,111,1021.4,0
Hasselt,50.9307,5.3375,2019-08-24T06:00,12.6,95,0.0,4.8,117,1021.3,0
Hasselt,50.9307,5.3375,2019-08-24T07:00,14.6,86,0.0,5.6,117,1021.2,0
Hasselt,50.9307,5.3375,2019-08-24T08:00,17.5,76,0.0,4.0,100,1021.0,0
Hasselt,50.9307,5.3375,2019-08-24T09:00,20.8,65,0.0,3.8,107,1021.1,0
Hasselt,50.9307,5.3375,2019-08-24T10:00,23.7,56,0.0,3.1,111,1020.9,0
Hasselt,50.9307,5.3375,2019-08-24T11:00,26.1,48,0.0,2.9,120,1020.8,0
Hasselt,50.9307,5.3375,2019-08-24T12:00,27.5,41,0.0,4.6,135,1020.3,0
Hasselt,50.9307,5.3375,2019-08-24T13:00,28.6,39,0.0,8.3,146,1019.9,0
Hasselt,50.9307,5.3375,2019-08-24T14:00,28.9,38,0.0,8.4,149,1019.7,0
Hasselt,50.9307,5.3375,2019-08-24T15:00,29.0,38,0.0,7.2,143,1019.1,0
Hasselt,50.9307,5.3375,2019-08-24T16:00,29.1,38,0.0,5.9,133,1018.6,0
Hasselt,50.9307,5.3375,2019-08-24T17:00,29.0,40,0.0,4.8,132,1018.4,0
Hasselt,50.9307,5.3375,2019-08-24T18:00,28.9,39,0.0,4.5,119,1018.3,0
Hasselt,50.9307,5.3375,2019-08-24T19:00,24.4,64,0.0,8.6,92,1018.0,0
Hasselt,50.9307,5.3375,2019-08-24T20:00,22.4,54,0.0,8.0,95,1018.2,0
Hasselt,50.9307,5.3375,2019-08-24T21:00,21.8,53,0.0,10.0,103,1018.4,1
Hasselt,50.9307,5.3375,2019-08-24T22:00,20.5,58,0.0,8.8,109,1018.3,0
Hasselt,50.9307,5.3375,2019-08-24T23:00,19.4,62,0.0,8.2,119,1018.4,0
Hasselt,50.9307,5.3375,2019-08-25T00:00,18.2,68,0.0,7.4,133,1018.4,0
Hasselt,50.9307,5.3375,2019-08-25T01:00,17.0,77,0.0,6.5,146,1018.0,0
Hasselt,50.9307,5.3375,2019-08-25T02:00,15.6,83,0.0,7.9,150,1018.1,30
Hasselt,50.9307,5.3375,2019-08-25T03:00,14.8,85,0.0,7.7,143,1018.1,35
Hasselt,50.9307,5.3375,2019-08-25T04:00,14.4,85,0.0,6.2,126,1018.2,38
Hasselt,50.9307,5.3375,2019-08-25T05:00,14.6,81,0.0,5.7,125,1018.3,45
Hasselt,50.9307,5.3375,2019-08-25T06:00,14.1,83,0.0,6.1,140,1018.0,42
Hasselt,50.9307,5.3375,2019-08-25T07:00,15.8,78,0.0,7.6,155,1018.4,52
Hasselt,50.9307,5.3375,2019-08-25T08:00,19.0,68,0.0,4.0,170,1018.7,63
Hasselt,50.9307,5.3375,2019-08-25T09:00,22.4,61,0.0,1.8,169,1018.9,41
Hasselt,50.9307,5.3375,2019-08-25T10:00,25.4,53,0.0,1.6,153,1019.0,43
Hasselt,50.9307,5.3375,2019-08-25T11:00,27.5,43,0.0,2.3,141,1019.0,53
Hasselt,50.9307,5.3375,2019-08-25T12:00,28.8,39,0.0,2.8,140,1018.7,62
Hasselt,50.9307,5.3375,2019-08-25T13:00,29.0,35,0.0,4.0,180,1018.8,49
Hasselt,50.9307,5.3375,2019-08-25T14:00,29.5,33,0.0,3.8,221,1018.7,71
Hasselt,50.9307,5.3375,2019-08-25T15:00,29.8,31,0.0,4.2,250,1018.4,70
Hasselt,50.9307,5.3375,2019-08-25T16:00,29.9,32,0.0,3.6,264,1018.1,6
Hasselt,50.9307,5.3375,2019-08-25T17:00,29.8,32,0.0,2.1,301,1018.1,10
Hasselt,50.9307,5.3375,2019-08-25T18:00,29.5,31,0.0,2.2,351,1018.2,2
Hasselt,50.9307,5.3375,2019-08-25T19:00,28.0,38,0.0,3.4,302,1018.2,0
Hasselt,50.9307,5.3375,2019-08-25T20:00,26.4,42,0.0,3.6,264,1018.5,2
Hasselt,50.9307,5.3375,2019-08-25T21:00,25.2,45,0.0,4.3,95,1018.9,1
Hasselt,50.9307,5.3375,2019-08-25T22:00,20.8,66,0.0,9.9,100,1019.0,8
Hasselt,50.9307,5.3375,2019-08-25T23:00,20.2,71,0.0,9.7,94,1019.1,20
Hasselt,50.9307,5.3375,2019-08-26T00:00,18.8,82,0.0,9.6,77,1019.1,4
Hasselt,50.9307,5.3375,2019-08-26T01:00,19.9,74,0.0,7.2,127,1019.0,3
Hasselt,50.9307,5.3375,2019-08-26T02:00,21.0,68,0.0,4.0,80,1018.9,20
Hasselt,50.9307,5.3375,2019-08-26T03:00,19.6,73,0.0,4.0,27,1018.6,32
Hasselt,50.9307,5.3375,2019-08-26T04:00,17.0,84,0.0,6.4,43,1018.5,24
Hasselt,50.9307,5.3375,2019-08-26T05:00,16.8,85,0.0,6.1,87,1018.5,26
Hasselt,50.9307,5.3375,2019-08-26T06:00,16.9,86,0.0,4.7,113,1018.3,23
Hasselt,50.9307,5.3375,2019-08-26T07:00,18.5,83,0.0,4.2,121,1018.5,0
Hasselt,50.9307,5.3375,2019-08-26T08:00,21.0,74,0.0,2.0,135,1018.7,0
Hasselt,50.9307,5.3375,2019-08-26T09:00,23.5,66,0.0,0.5,135,1018.8,0
Hasselt,50.9307,5.3375,2019-08-26T10:00,25.8,59,0.0,1.3,304,1018.8,3
Hasselt,50.9307,5.3375,2019-08-26T11:00,27.9,53,0.0,3.5,294,1018.6,4
Hasselt,50.9307,5.3375,2019-08-26T12:00,29.3,48,0.0,4.0,297,1018.0,3
Hasselt,50.9307,5.3375,2019-08-26T13:00,29.9,51,0.0,3.1,21,1017.7,13
Hasselt,50.9307,5.3375,2019-08-26T14:00,30.7,48,0.0,2.4,63,1017.3,8
Hasselt,50.9307,5.3375,2019-08-26T15:00,31.0,44,0.0,2.7,113,1016.5,13
Hasselt,50.9307,5.3375,2019-08-26T16:00,31.0,43,0.0,3.3,174,1016.1,18
Hasselt,50.9307,5.3375,2019-08-26T17:00,30.2,47,0.0,5.5,157,1016.2,47
Hasselt,50.9307,5.3375,2019-08-26T18:00,29.2,56,0.0,3.9,158,1016.0,46
Hasselt,50.9307,5.3375,2019-08-26T19:00,26.8,71,0.0,6.2,159,1015.9,35
Hasselt,50.9307,5.3375,2019-08-26T20:00,25.2,69,0.0,7.1,156,1015.9,23
Hasselt,50.9307,5.3375,2019-08-26T21:00,24.0,74,0.0,5.6,40,1016.4,23
Hasselt,50.9307,5.3375,2019-08-26T22:00,22.6,79,0.0,8.9,58,1016.2,17
Hasselt,50.9307,5.3375,2019-08-26T23:00,21.5,83,0.0,8.4,97,1016.4,10
Hasselt,50.9307,5.3375,2019-08-27T00:00,21.4,83,0.0,6.6,99,1016.0,10
Hasselt,50.9307,5.3375,2019-08-27T01:00,23.6,70,0.0,3.8,73,1015.9,9
Hasselt,50.9307,5.3375,2019-08-27T02:00,20.6,85,0.0,5.6,165,1015.9,12
Hasselt,50.9307,5.3375,2019-08-27T03:00,21.3,81,0.0,4.8,207,1015.8,16
Hasselt,50.9307,5.3375,2019-08-27T04:00,19.4,91,0.0,4.4,305,1015.4,12
Hasselt,50.9307,5.3375,2019-08-27T05:00,18.9,92,0.0,2.9,90,1015.2,6
Hasselt,50.9307,5.3375,2019-08-27T06:00,18.6,95,0.0,9.0,92,1015.3,0
Hasselt,50.9307,5.3375,2019-08-27T07:00,20.4,88,0.0,8.9,117,1015.3,1
Hasselt,50.9307,5.3375,2019-08-27T08:00,23.0,77,0.0,5.4,127,1015.5,1
Hasselt,50.9307,5.3375,2019-08-27T09:00,25.4,66,0.0,4.9,163,1015.7,2
Hasselt,50.9307,5.3375,2019-08-27T10:00,27.9,55,0.0,4.7,113,1015.7,6
Hasselt,50.9307,5.3375,2019-08-27T11:00,29.9,46,0.0,5.0,111,1015.4,5
Hasselt,50.9307,5.3375,2019-08-27T12:00,31.1,41,0.0,4.8,117,1014.9,4
Hasselt,50.9307,5.3375,2019-08-27T13:00,31.3,38,0.0,5.4,132,1014.8,31
Hasselt,50.9307,5.3375,2019-08-27T14:00,31.8,36,0.0,4.8,138,1014.1,27
Hasselt,50.9307,5.3375,2019-08-27T15:00,32.0,33,0.0,5.2,168,1013.5,13
Hasselt,50.9307,5.3375,2019-08-27T16:00,32.0,31,0.0,6.7,216,1013.2,35
Hasselt,50.9307,5.3375,2019-08-27T17:00,31.4,34,0.0,6.0,237,1013.0,67
Hasselt,50.9307,5.3375,2019-08-27T18:00,30.0,48,0.0,4.5,256,1013.2,32
Hasselt,50.9307,5.3375,2019-08-27T19:00,29.7,39,0.0,6.0,287,1013.1,81
Hasselt,50.9307,5.3375,2019-08-27T20:00,28.1,40,0.0,3.9,68,1013.5,95
Hasselt,50.9307,5.3375,2019-08-27T21:00,24.4,57,0.0,7.4,113,1013.6,95
Hasselt,50.9307,5.3375,2019-08-27T22:00,22.9,66,0.0,8.2,165,1013.6,87
Hasselt,50.9307,5.3375,2019-08-27T23:00,21.5,71,0.0,6.5,186,1013.6,99
Hasselt,50.9307,5.3375,2019-08-28T00:00,20.7,75,0.0,6.6,167,1013.5,99
Hasselt,50.9307,5.3375,2019-08-28T01:00,21.8,60,0.0,7.2,186,1013.4,98
Hasselt,50.9307,5.3375,2019-08-28T02:00,19.8,69,0.0,9.0,182,1013.3,13
Hasselt,50.9307,5.3375,2019-08-28T03:00,18.8,73,0.0,9.4,212,1013.1,40
Hasselt,50.9307,5.3375,2019-08-28T04:00,19.2,68,0.0,7.4,194,1013.1,62
Hasselt,50.9307,5.3375,2019-08-28T05:00,19.5,67,0.0,7.6,205,1013.4,9
Hasselt,50.9307,5.3375,2019-08-28T06:00,19.6,64,0.0,9.2,228,1013.7,28
Hasselt,50.9307,5.3375,2019-08-28T07:00,20.7,66,0.0,9.0,233,1014.1,25
Hasselt,50.9307,5.3375,2019-08-28T08:00,22.4,64,0.0,7.5,215,1014.1,38
Hasselt,50.9307,5.3375,2019-08-28T09:00,24.0,58,0.0,8.9,220,1014.1,43
Hasselt,50.9307,5.3375,2019-08-28T10:00,25.6,52,0.0,11.8,230,1014.4,49
Hasselt,50.9307,5.3375,2019-08-28T11:00,27.4,46,0.0,10.0,240,1014.6,96
Hasselt,50.9307,5.3375,2019-08-28T12:00,28.5,44,0.0,9.7,248,1014.2,97
Hasselt,50.9307,5.3375,2019-08-28T13:00,28.3,48,0.0,12.3,238,1014.7,98
Hasselt,50.9307,5.3375,2019-08-28T14:00,28.8,46,0.0,12.1,243,1014.1,97
Hasselt,50.9307,5.3375,2019-08-28T15:00,28.9,45,0.0,11.8,247,1013.7,98
Hasselt,50.9307,5.3375,2019-08-28T16:00,28.7,45,0.1,10.4,268,1013.9,98
Hasselt,50.9307,5.3375,2019-08-28T17:00,28.0,45,0.0,8.9,256,1014.1,99
Hasselt,50.9307,5.3375,2019-08-28T18:00,26.9,51,0.0,6.6,248,1014.1,98
Hasselt,50.9307,5.3375,2019-08-28T19:00,25.5,56,0.0,5.7,198,1014.2,99
Hasselt,50.9307,5.3375,2019-08-28T20:00,24.6,57,0.0,7.7,191,1014.6,99
Hasselt,50.9307,5.3375,2019-08-28T21:00,23.7,61,0.0,7.1,210,1014.7,99
Hasselt,50.9307,5.3375,2019-08-28T22:00,23.0,66,0.0,12.0,279,1015.2,93
Hasselt,50.9307,5.3375,2019-08-28T23:00,20.6,85,0.0,11.9,331,1015.9,75
Hasselt,50.9307,5.3375,2019-08-29T00:00,19.9,90,0.3,7.6,301,1016.5,81
Hasselt,50.9307,5.3375,2019-08-29T01:00,19.4,91,1.2,5.9,317,1016.6,100
Hasselt,50.9307,5.3375,2019-08-29T02:00,19.0,90,0.6,7.8,304,1017.1,58
Hasselt,50.9307,5.3375,2019-08-29T03:00,19.2,87,0.5,3.4,18,1016.8,42
Hasselt,50.9307,5.3375,2019-08-29T04:00,18.0,94,0.0,4.2,250,1016.7,30
Hasselt,50.9307,5.3375,2019-08-29T05:00,18.0,95,0.0,8.3,252,1017.2,34
Hasselt,50.9307,5.3375,2019-08-29T06:00,17.9,93,0.0,7.7,259,1017.5,44
Hasselt,50.9307,5.3375,2019-08-29T07:00,18.5,88,0.0,8.8,258,1018.0,45
Hasselt,50.9307,5.3375,2019-08-29T08:00,19.2,80,0.0,8.4,263,1018.5,45
Hasselt,50.9307,5.3375,2019-08-29T09:00,20.0,72,0.0,8.7,277,1018.8,69
Hasselt,50.9307,5.3375,2019-08-29T10:00,21.0,63,0.0,8.3,275,1019.5,91
Hasselt,50.9307,5.3375,2019-08-29T11:00,22.0,62,0.0,9.6,257,1019.7,90
Hasselt,50.9307,5.3375,2019-08-29T12:00,22.8,62,0.0,11.3,248,1019.5,100
Hasselt,50.9307,5.3375,2019-08-29T13:00,21.0,69,0.0,10.9,262,1020.8,98
Hasselt,50.9307,5.3375,2019-08-29T14:00,20.6,73,0.1,12.7,263,1020.9,98
Hasselt,50.9307,5.3375,2019-08-29T15:00,21.6,65,0.0,12.7,263,1020.5,76
Hasselt,50.9307,5.3375,2019-08-29T16:00,22.0,61,0.0,14.3,260,1020.4,32
Hasselt,50.9307,5.3375,2019-08-29T17:00,22.1,59,0.0,14.5,263,1020.5,31
Hasselt,50.9307,5.3375,2019-08-29T18:00,21.3,57,0.0,12.6,268,1020.6,11
Hasselt,50.9307,5.3375,2019-08-29T19:00,19.8,62,0.0,7.2,267,1021.1,5
Hasselt,50.9307,5.3375,2019-08-29T20:00,17.6,71,0.0,6.4,313,1021.5,3
Hasselt,50.9307,5.3375,2019-08-29T21:00,16.6,80,0.0,6.5,354,1022.0,1
Hasselt,50.9307,5.3375,2019-08-29T22:00,15.4,88,0.0,5.9,14,1022.0,1
Hasselt,50.9307,5.3375,2019-08-29T23:00,14.4,93,0.0,7.5,17,1022.4,1
Hasselt,50.9307,5.3375,2019-08-30T00:00,15.3,89,0.0,4.4,9,1022.6,1
Hasselt,50.9307,5.3375,2019-08-30T01:00,13.4,94,0.0,3.7,259,1023.0,0
Hasselt,50.9307,5.3375,2019-08-30T02:00,12.6,95,0.0,3.3,229,1022.9,0
Hasselt,50.9307,5.3375,2019-08-30T03:00,11.6,97,0.0,5.0,240,1023.0,0
Hasselt,50.9307,5.3375,2019-08-30T04:00,11.1,98,0.0,6.9,261,1023.0,0
Hasselt,50.9307,5.3375,2019-08-30T05:00,11.1,98,0.0,6.2,263,1023.2,0
Hasselt,50.9307,5.3375,2019-08-30T06:00,10.4,99,0.0,7.4,256,1023.6,0
Hasselt,50.9307,5.3375,2019-08-30T07:00,12.6,93,0.0,5.2,245,1023.6,0
Hasselt,50.9307,5.3375,2019-08-30T08:00,14.8,83,0.0,6.1,273,1024.0,4
Hasselt,50.9307,5.3375,2019-08-30T09:00,16.9,72,0.0,5.4,266,1024.1,20
Hasselt,50.9307,5.3375,2019-08-30T10:00,18.6,64,0.0,5.6,243,1024.2,80
Hasselt,50.9307,5.3375,2019-08-30T11:00,20.0,57,0.0,6.1,220,1024.1,78
Hasselt,50.9307,5.3375,2019-08-30T12:00,21.2,50,0.0,7.4,227,1023.5,48
Hasselt,50.9307,5.3375,2019-08-30T13:00,22.5,47,0.0,6.5,236,1023.3,48
Hasselt,50.9307,5.3375,2019-08-30T14:00,23.1,44,0.0,6.4,227,1022.7,23
Hasselt,50.9307,5.3375,2019-08-30T15:00,23.5,42,0.0,5.6,225,1022.1,29
Hasselt,50.9307,5.3375,2019-08-30T16:00,23.7,42,0.0,5.5,247,1021.7,11
Hasselt,50.9307,5.3375,2019-08-30T17:00,23.5,43,0.0,3.9,248,1021.2,1
Hasselt,50.9307,5.3375,2019-08-30T18:00,23.1,46,0.0,2.7,247,1020.8,0
Hasselt,50.9307,5.3375,2019-08-30T19:00,22.4,48,0.0,3.1,216,1020.6,0
Hasselt,50.9307,5.3375,2019-08-30T20:00,21.1,52,0.0,3.6,233,1020.8,1
Hasselt,50.9307,5.3375,2019-08-30T21:00,19.9,56,0.0,4.3,318,1020.6,36
Hasselt,50.9307,5.3375,2019-08-30T22:00,18.9,61,0.0,3.1,36,1020.8,22
Hasselt,50.9307,5.3375,2019-08-30T23:00,18.1,64,0.0,4.0,333,1020.3,0
Hasselt,50.9307,5.3375,2019-08-31T00:00,17.2,68,0.0,3.4,18,1019.8,7
Hasselt,50.9307,5.3375,2019-08-31T01:00,13.9,81,0.0,4.7,176,1019.3,9
Hasselt,50.9307,5.3375,2019-08-31T02:00,12.5,87,0.0,5.8,150,1018.6,0
Hasselt,50.9307,5.3375,2019-08-31T03:00,11.9,90,0.0,6.4,142,1017.8,0
Hasselt,50.9307,5.3375,2019-08-31T04:00,11.7,92,0.0,6.4,142,1016.9,0
Hasselt,50.9307,5.3375,2019-08-31T05:00,11.1,95,0.0,7.2,162,1016.4,0
Hasselt,50.9307,5.3375,2019-08-31T06:00,10.6,96,0.0,7.8,167,1016.0,0
Hasselt,50.9307,5.3375,2019-08-31T07:00,13.2,89,0.0,6.6,167,1015.8,0
Hasselt,50.9307,5.3375,2019-08-31T08:00,16.5,76,0.0,5.9,166,1015.7,0
Hasselt,50.9307,5.3375,2019-08-31T09:00,20.3,61,0.0,5.4,180,1015.1,37
Hasselt,50.9307,5.3375,2019-08-31T10:00,23.7,48,0.0,5.4,188,1014.8,61
Hasselt,50.9307,5.3375,2019-08-31T11:00,25.7,41,0.0,4.7,203,1013.8,76
Hasselt,50.9307,5.3375,2019-08-31T12:00,27.2,38,0.0,2.3,231,1012.7,65
Hasselt,50.9307,5.3375,2019-08-31T13:00,28.6,44,0.0,7.3,169,1011.7,32
Hasselt,50.9307,5.3375,2019-08-31T14:00,29.5,44,0.0,7.7,169,1010.8,29
Hasselt,50.9307,5.3375,2019-08-31T15:00,30.6,36,0.0,16.0,194,1009.3,39
Hasselt,50.9307,5.3375,2019-08-31T16:00,30.0,38,0.0,18.5,188,1008.3,47
Hasselt,50.9307,5.3375,2019-08-31T17:00,29.6,39,0.0,17.4,186,1007.8,55
Hasselt,50.9307,5.3375,2019-08-31T18:00,28.4,43,0.0,15.3,207,1007.7,54
Hasselt,50.9307,5.3375,2019-08-31T19:00,25.8,57,0.2,13.3,257,1008.1,93
Hasselt,50.9307,5.3375,2019-08-31T20:00,23.8,63,0.0,21.8,301,1009.3,84
Hasselt,50.9307,5.3375,2019-08-31T21:00,20.5,66,0.0,17.7,294,1010.5,67
Hasselt,50.9307,5.3375,2019-08-31T22:00,19.0,71,0.0,15.2,292,1010.7,61
Hasselt,50.9307,5.3375,2019-08-31T23:00,17.8,70,0.0,14.0,271,1011.7,99
Hasselt,50.9307,5.3375,2019-09-01T00:00,17.1,73,0.0,12.7,263,1012.0,97
Hasselt,50.9307,5.3375,2019-09-01T01:00,16.4,80,0.0,12.8,248,1012.5,59
Hasselt,50.9307,5.3375,2019-09-01T02:00,15.9,85,0.0,13.0,246,1012.7,71
Hasselt,50.9307,5.3375,2019-09-01T03:00,16.0,84,0.0,13.0,242,1012.6,100
Hasselt,50.9307,5.3375,2019-09-01T04:00,16.1,83,0.0,12.6,239,1012.6,100
Hasselt,50.9307,5.3375,2019-09-01T05:00,16.5,83,0.0,11.4,246,1012.7,100
Hasselt,50.9307,5.3375,2019-09-01T06:00,16.4,84,0.0,11.5,268,1012.9,100
Hasselt,50.9307,5.3375,2019-09-01T07:00,16.3,84,0.0,12.1,293,1013.5,100
Hasselt,50.9307,5.3375,2019-09-01T08:00,16.5,81,0.0,10.8,296,1014.3,100
Hasselt,50.9307,5.3375,2019-09-01T09:00,17.0,77,0.0,9.7,297,1015.1,100
Hasselt,50.9307,5.3375,2019-09-01T10:00,17.9,70,0.1,10.3,306,1015.4,100
Hasselt,50.9307,5.3375,2019-09-01T11:00,18.3,65,0.0,11.1,306,1015.9,100
Hasselt,50.9307,5.3375,2019-09-01T12:00,18.5,60,0.0,12.2,298,1016.0,100
Hasselt,50.9307,5.3375,2019-09-01T13:00,19.0,58,0.0,12.9,288,1016.6,51
Hasselt,50.9307,5.3375,2019-09-01T14:00,20.0,49,0.1,12.2,289,1016.6,39
Hasselt,50.9307,5.3375,2019-09-01T15:00,20.5,45,0.0,13.4,290,1016.5,44
Hasselt,50.9307,5.3375,2019-09-01T16:00,20.1,44,0.0,14.4,292,1016.5,59
Hasselt,50.9307,5.3375,2019-09-01T17:00,19.6,45,0.0,14.8,299,1016.8,66
Hasselt,50.9307,5.3375,2019-09-01T18:00,18.7,49,0.0,14.3,313,1017.3,53
Hasselt,50.9307,5.3375,2019-09-01T19:00,17.4,54,0.0,12.0,319,1017.8,40
Hasselt,50.9307,5.3375,2019-09-01T20:00,16.0,59,0.0,7.1,315,1018.7,40
Hasselt,50.9307,5.3375,2019-09-01T21:00,14.9,65,0.0,5.7,305,1019.4,30
Hasselt,50.9307,5.3375,2019-09-01T22:00,14.0,69,0.0,6.3,301,1019.9,21
Hasselt,50.9307,5.3375,2019-09-01T23:00,13.2,73,0.0,6.0,295,1020.4,25
Arlon,49.6835,5.8167,2019-08-01T00:00,14.0,75,0.0,5.5,247,1018.8,7
Arlon,49.6835,5.8167,2019-08-01T01:00,12.6,85,0.0,8.0,190,1018.9,15
Arlon,49.6835,5.8167,2019-08-01T02:00,13.9,78,0.0,6.1,220,1019.2,73
Arlon,49.6835,5.8167,2019-08-01T03:00,14.4,74,0.0,7.4,219,1019.0,45
Arlon,49.6835,5.8167,2019-08-01T04:00,14.1,73,0.0,8.7,218,1018.8,10
Arlon,49.6835,5.8167,2019-08-01T05:00,13.2,75,0.0,7.9,227,1018.8,14
Arlon,49.6835,5.8167,2019-08-01T06:00,13.6,74,0.0,8.0,243,1018.7,11
Arlon,49.6835,5.8167,2019-08-01T07:00,15.5,66,0.0,7.2,243,1018.6,15
Arlon,49.6835,5.8167,2019-08-01T08:00,17.5,58,0.0,8.0,243,1018.8,16
Arlon,49.6835,5.8167,2019-08-01T09:00,19.5,50,0.0,9.7,239,1018.4,24
Arlon,49.6835,5.8167,2019-08-01T10:00,21.0,44,0.0,12.2,242,1018.3,31
Arlon,49.6835,5.8167,2019-08-01T11:00,21.8,42,0.0,13.5,236,1018.2,32
Arlon,49.6835,5.8167,2019-08-01T12:00,22.6,41,0.0,13.8,237,1017.8,30
Arlon,49.6835,5.8167,2019-08-01T13:00,23.0,42,0.0,11.8,247,1017.6,100
Arlon,49.6835,5.8167,2019-08-01T14:00,23.0,41,0.0,10.7,256,1017.5,94
Arlon,49.6835,5.8167,2019-08-01T15:00,23.8,37,0.0,11.2,264,1016.9,100
Arlon,49.6835,5.8167,2019-08-01T16:00,23.7,37,0.0,9.4,270,1016.3,100
Arlon,49.6835,5.8167,2019-08-01T17:00,23.8,37,0.0,7.6,273,1016.1,98
Arlon,49.6835,5.8167,2019-08-01T18:00,23.3,38,0.0,5.2,282,1015.8,99
Arlon,49.6835,5.8167,2019-08-01T19:00,22.8,44,0.0,2.6,236,1015.7,99
Arlon,49.6835,5.8167,2019-08-01T20:00,20.8,49,0.0,5.1,356,1016.1,98
Arlon,49.6835,5.8167,2019-08-01T21:00,19.5,58,0.0,13.2,17,1016.8,91
Arlon,49.6835,5.8167,2019-08-01T22:00,17.9,67,0.0,9.5,37,1016.7,78
Arlon,49.6835,5.8167,2019-08-01T23:00,16.9,73,0.0,8.7,42,1016.8,71
Arlon,49.6835,5.8167,2019-08-02T00:00,16.0,78,0.0,7.9,24,1016.9,87
Arlon,49.6835,5.8167,2019-08-02T01:00,16.0,78,0.0,7.1,24,1016.8,95
Arlon,49.6835,5.8167,2019-08-02T02:00,15.6,80,0.0,5.0,21,1016.3,99
Arlon,49.6835,5.8167,2019-08-02T03:00,15.6,80,0.0,5.4,4,1016.1,99
Arlon,49.6835,5.8167,2019-08-02T04:00,15.8,78,0.0,4.1,345,1016.0,99
Arlon,49.6835,5.8167,2019-08-02T05:00,16.1,77,0.0,5.5,328,1016.1,100
Arlon,49.6835,5.8167,2019-08-02T06:00,16.5,74,0.0,6.4,333,1016.0,98
Arlon,49.6835,5.8167,2019-08-02T07:00,17.6,70,0.0,5.7,342,1016.1,65
Arlon,49.6835,5.8167,2019-08-02T08:00,19.6,64,0.0,5.5,349,1016.1,7
Arlon,49.6835,5.8167,2019-08-02T09:00,21.2,52,0.0,5.8,300,1015.9,46
Arlon,49.6835,5.8167,2019-08-02T10:00,22.5,44,0.0,12.0,286,1015.9,8
Arlon,49.6835,5.8167,2019-08-02T11:00,23.2,39,0.0,13.4,290,1015.9,21
Arlon,49.6835,5.8167,2019-08-02T12:00,23.9,37,0.0,13.2,296,1015.5,14
Arlon,49.6835,5.8167,2019-08-02T13:00,24.6,34,0.0,14.2,300,1015.5,49
Arlon,49.6835,5.8167,2019-08-02T14:00,23.9,38,0.0,18.1,305,1015.6,55
Arlon,49.6835,5.8167,2019-08-02T15:00,23.3,42,0.1,17.4,304,1015.5,57
Arlon,49.6835,5.8167,2019-08-02T16:00,23.0,45,0.4,18.3,302,1015.2,49
Arlon,49.6835,5.8167,2019-08-02T17:00,22.4,48,0.4,19.2,310,1015.3,43
Arlon,49.6835,5.8167,2019-08-02T18:00,21.3,56,0.0,17.8,315,1015.5,35
Arlon,49.6835,5.8167,2019-08-02T19:00,20.4,61,0.0,16.3,311,1015.6,28
Arlon,49.6835,5.8167,2019-08-02T20:00,19.0,66,0.0,14.3,313,1016.1,19
Arlon,49.6835,5.8167,2019-08-02T21:00,17.8,73,0.0,12.6,307,1016.6,19
Arlon,49.6835,5.8167,2019-08-02T22:00,16.9,78,0.0,12.6,307,1016.7,5
Arlon,49.6835,5.8167,2019-08-02T23:00,15.9,84,0.0,12.3,302,1016.7,2
Arlon,49.6835,5.8167,2019-08-03T00:00,15.1,89,0.0,11.1,299,1016.9,2
Arlon,49.6835,5.8167,2019-08-03T01:00,14.8,93,0.0,7.4,309,1017.1,6
Arlon,49.6835,5.8167,2019-08-03T02:00,14.7,93,0.0,7.0,325,1016.9,100
Arlon,49.6835,5.8167,2019-08-03T03:00,15.1,90,0.0,6.8,328,1016.7,100
Arlon,49.6835,5.8167,2019-08-03T04:00,15.4,88,0.0,7.9,330,1016.6,85
Arlon,49.6835,5.8167,2019-08-03T05:00,14.8,92,0.0,6.9,321,1016.9,75
Arlon,49.6835,5.8167,2019-08-03T06:00,15.1,90,0.0,7.2,307,1017.1,100
Arlon,49.6835,5.8167,2019-08-03T07:00,16.5,81,0.0,11.0,341,1017.3,93
Arlon,49.6835,5.8167,2019-08-03T08:00,18.0,71,0.0,11.9,355,1017.6,55
Arlon,49.6835,5.8167,2019-08-03T09:00,19.0,65,0.0,10.9,354,1017.7,92
Arlon,49.6835,5.8167,2019-08-03T10:00,20.4,57,0.0,10.1,358,1017.6,89
Arlon,49.6835,5.8167,2019-08-03T11:00,21.5,50,0.0,10.1,354,1017.7,65
Arlon,49.6835,5.8167,2019-08-03T12:00,22.6,45,0.0,10.7,348,1017.4,77
Arlon,49.6835,5.8167,2019-08-03T13:00,23.0,43,0.0,11.4,349,1017.8,91
Arlon,49.6835,5.8167,2019-08-03T14:00,22.7,46,0.0,11.9,358,1017.7,62
Arlon,49.6835,5.8167,2019-08-03T15:00,23.2,44,0.0,9.7,2,1017.4,99
Arlon,49.6835,5.8167,2019-08-03T16:00,23.5,41,0.0,10.1,358,1017.0,99
Arlon,49.6835,5.8167,2019-08-03T17:00,23.0,47,0.0,13.7,5,1017.0,100
Arlon,49.6835,5.8167,2019-08-03T18:00,22.0,50,0.0,13.1,9,1017.1,100
Arlon,49.6835,5.8167,2019-08-03T19:00,20.8,58,0.0,15.2,5,1017.2,99
Arlon,49.6835,5.8167,2019-08-03T20:00,19.4,65,0.0,12.2,19,1017.5,96
Arlon,49.6835,5.8167,2019-08-03T21:00,18.5,69,0.0,11.8,27,1017.7,97
Arlon,49.6835,5.8167,2019-08-03T22:00,17.5,75,0.0,11.9,35,1017.9,97
Arlon,49.6835,5.8167,2019-08-03T23:00,16.6,79,0.0,12.3,40,1017.9,94
Arlon,49.6835,5.8167,2019-08-04T00:00,15.9,82,0.0,11.0,49,1017.8,76
Arlon,49.6835,5.8167,2019-08-04T01:00,16.0,82,0.0,12.0,57,1017.7,84
Arlon,49.6835,5.8167,2019-08-04T02:00,15.1,86,0.0,10.9,63,1017.5,20
Arlon,49.6835,5.8167,2019-08-04T03:00,14.3,90,0.0,9.5,61,1017.5,8
Arlon,49.6835,5.8167,2019-08-04T04:00,13.8,93,0.0,9.1,56,1017.4,7
Arlon,49.6835,5.8167,2019-08-04T05:00,13.4,94,0.0,8.3,56,1017.4,4
Arlon,49.6835,5.8167,2019-08-04T06:00,13.7,92,0.0,9.3,54,1017.4,8
Arlon,49.6835,5.8167,2019-08-04T07:00,15.6,82,0.0,8.4,65,1017.3,34
Arlon,49.6835,5.8167,2019-08-04T08:00,18.0,72,0.0,8.8,81,1017.3,35
Arlon,49.6835,5.8167,2019-08-04T09:00,20.1,64,0.0,8.6,105,1016.9,36
Arlon,49.6835,5.8167,2019-08-04T10:00,22.1,58,0.0,7.7,127,1016.5,13
Arlon,49.6835,5.8167,2019-08-04T11:00,23.8,50,0.0,7.9,150,1016.1,24
Arlon,49.6835,5.8167,2019-08-04T12:00,25.2,43,0.0,8.0,190,1015.5,94
Arlon,49.6835,5.8167,2019-08-04T13:00,26.1,40,0.0,7.9,180,1015.3,96
Arlon,49.6835,5.8167,2019-08-04T14:00,26.9,36,0.0,8.6,178,1014.5,92
Arlon,49.6835,5.8167,2019-08-04T15:00,27.4,34,0.0,9.0,185,1014.2,98
Arlon,49.6835,5.8167,2019-08-04T16:00,27.5,34,0.0,9.0,182,1013.7,100
Arlon,49.6835,5.8167,2019-08-04T17:00,27.3,34,0.0,8.6,182,1013.2,99
Arlon,49.6835,5.8167,2019-08-04T18:00,26.8,35,0.0,7.4,166,1012.9,100
Arlon,49.6835,5.8167,2019-08-04T19:00,25.4,44,0.0,6.4,133,1012.6,99
Arlon,49.6835,5.8167,2019-08-04T20:00,23.5,52,0.0,8.4,110,1012.7,100
Arlon,49.6835,5.8167,2019-08-04T21:00,22.3,54,0.0,8.7,120,1013.1,100
Arlon,49.6835,5.8167,2019-08-04T22:00,21.1,55,0.0,7.4,133,1013.0,100
Arlon,49.6835,5.8167,2019-08-04T23:00,21.1,53,0.0,8.1,148,1012.8,99
Arlon,49.6835,5.8167,2019-08-05T00:00,21.2,49,0.0,8.0,170,1012.6,100
Arlon,49.6835,5.8167,2019-08-05T01:00,20.8,52,0.0,9.3,234,1012.9,85
Arlon,49.6835,5.8167,2019-08-05T02:00,20.7,53,0.0,6.6,292,1012.7,100
Arlon,49.6835,5.8167,2019-08-05T03:00,20.0,58,0.0,5.8,263,1012.5,94
Arlon,49.6835,5.8167,2019-08-05T04:00,19.8,62,0.0,5.1,315,1012.5,96
Arlon,49.6835,5.8167,2019-08-05T05:00,18.8,69,0.0,5.1,352,1012.1,92
Arlon,49.6835,5.8167,2019-08-05T06:00,18.6,72,0.0,5.8,112,1012.0,99
Arlon,49.6835,5.8167,2019-08-05T07:00,19.4,68,0.0,11.0,139,1012.2,96
Arlon,49.6835,5.8167,2019-08-05T08:00,20.9,59,0.0,11.2,201,1012.4,95
Arlon,49.6835,5.8167,2019-08-05T09:00,20.9,62,0.0,14.6,254,1012.6,89
Arlon,49.6835,5.8167,2019-08-05T10:00,22.5,56,0.0,17.7,268,1012.7,60
Arlon,49.6835,5.8167,2019-08-05T11:00,23.4,48,0.0,18.8,267,1012.8,64
Arlon,49.6835,5.8167,2019-08-05T12:00,24.3,43,0.0,19.6,263,1012.7,40
Arlon,49.6835,5.8167,2019-08-05T13:00,24.2,39,0.0,19.2,264,1012.8,68
Arlon,49.6835,5.8167,2019-08-05T14:00,24.2,39,0.0,19.6,256,1012.6,89
Arlon,49.6835,5.8167,2019-08-05T15:00,24.8,40,0.0,20.3,257,1012.4,96
Arlon,49.6835,5.8167,2019-08-05T16:00,24.5,44,0.0,19.4,255,1012.5,98
Arlon,49.6835,5.8167,2019-08-05T17:00,25.5,39,0.0,16.2,258,1011.8,98
Arlon,49.6835,5.8167,2019-08-05T18:00,24.6,43,0.0,18.2,278,1011.7,100
Arlon,49.6835,5.8167,2019-08-05T19:00,23.9,45,0.0,10.8,274,1011.8,99
Arlon,49.6835,5.8167,2019-08-05T20:00,22.8,48,0.0,7.4,247,1011.7,94
Arlon,49.6835,5.8167,2019-08-05T21:00,20.9,55,0.0,6.8,273,1012.2,79
Arlon,49.6835,5.8167,2019-08-05T22:00,19.4,62,0.0,5.9,281,1012.4,66
Arlon,49.6835,5.8167,2019-08-05T23:00,18.6,69,0.0,6.5,264,1012.5,92
Arlon,49.6835,5.8167,2019-08-06T00:00,17.9,74,0.0,6.9,261,1012.2,93
Arlon,49.6835,5.8167,2019-08-06T01:00,18.0,70,0.0,6.7,286,1012.2,54
Arlon,49.6835,5.8167,2019-08-06T02:00,17.2,74,0.0,6.8,267,1012.9,35
Arlon,49.6835,5.8167,2019-08-06T03:00,16.5,80,0.0,5.4,250,1012.8,74
Arlon,49.6835,5.8167,2019-08-06T04:00,16.6,81,0.0,4.7,238,1012.7,61
Arlon,49.6835,5.8167,2019-08-06T05:00,16.6,83,0.0,5.2,254,1012.7,97
Arlon,49.6835,5.8167,2019-08-06T06:00,16.6,85,0.0,5.8,270,1012.5,92
Arlon,49.6835,5.8167,2019-08-06T07:00,17.8,82,0.0,6.0,245,1012.6,78
Arlon,49.6835,5.8167,2019-08-06T08:00,19.1,77,0.1,9.1,263,1012.8,65
Arlon,49.6835,5.8167,2019-08-06T09:00,19.5,74,0.2,9.8,264,1013.1,100
Arlon,49.6835,5.8167,2019-08-06T10:00,18.8,76,0.7,8.7,253,1013.2,100
Arlon,49.6835,5.8167,2019-08-06T11:00,17.5,88,2.1,7.0,249,1013.1,100
Arlon,49.6835,5.8167,2019-08-06T12:00,17.2,89,2.5,5.5,247,1012.9,100
Arlon,49.6835,5.8167,2019-08-06T13:00,20.5,78,0.4,8.4,205,1012.2,100
Arlon,49.6835,5.8167,2019-08-06T14:00,22.4,66,0.0,9.3,216,1011.6,99
Arlon,49.6835,5.8167,2019-08-06T15:00,22.8,63,0.0,9.4,230,1011.0,100
Arlon,49.6835,5.8167,2019-08-06T16:00,22.7,62,0.1,12.2,225,1010.3,100
Arlon,49.6835,5.8167,2019-08-06T17:00,21.9,66,0.4,9.3,254,1010.1,100
Arlon,49.6835,5.8167,2019-08-06T18:00,20.6,77,0.9,10.5,264,1010.0,100
Arlon,49.6835,5.8167,2019-08-06T19:00,19.0,90,2.8,7.9,240,1009.8,100
Arlon,49.6835,5.8167,2019-08-06T20:00,18.4,92,4.8,9.3,216,1009.7,93
Arlon,49.6835,5.8167,2019-08-06T21:00,18.0,93,0.5,9.3,216,1009.8,96
Arlon,49.6835,5.8167,2019-08-06T22:00,17.6,94,0.0,11.1,241,1009.9,84
Arlon,49.6835,5.8167,2019-08-06T23:00,17.3,96,0.0,11.4,246,1010.0,99
Arlon,49.6835,5.8167,2019-08-07T00:00,17.0,96,0.1,11.9,241,1010.0,100
Arlon,49.6835,5.8167,2019-08-07T01:00,17.0,98,1.0,9.2,249,1010.3,100
Arlon,49.6835,5.8167,2019-08-07T02:00,16.7,99,0.8,8.7,225,1010.0,100
Arlon,49.6835,5.8167,2019-08-07T03:00,16.6,99,0.1,6.9,223,1009.8,100
Arlon,49.6835,5.8167,2019-08-07T04:00,16.7,99,0.2,6.6,229,1009.2,100
Arlon,49.6835,5.8167,2019-08-07T05:00,16.4,99,2.7,8.7,246,1009.2,100
Arlon,49.6835,5.8167,2019-08-07T06:00,16.3,98,1.4,8.7,253,1009.1,100
Arlon,49.6835,5.8167,2019-08-07T07:00,16.5,97,0.1,8.0,262,1009.3,99
Arlon,49.6835,5.8167,2019-08-07T08:00,17.2,88,0.0,9.4,274,1009.5,100
Arlon,49.6835,5.8167,2019-08-07T09:00,18.4,76,0.0,9.4,266,1009.4,100
Arlon,49.6835,5.8167,2019-08-07T10:00,19.0,71,0.0,9.0,268,1009.4,100
Arlon,49.6835,5.8167,2019-08-07T11:00,19.8,66,0.0,9.7,272,1009.5,99
Arlon,49.6835,5.8167,2019-08-07T12:00,20.5,62,0.1,10.1,264,1009.3,100
Arlon,49.6835,5.8167,2019-08-07T13:00,18.9,69,0.1,7.4,247,1009.8,98
Arlon,49.6835,5.8167,2019-08-07T14:00,19.7,66,0.0,10.3,241,1009.8,74
Arlon,49.6835,5.8167,2019-08-07T15:00,20.9,60,0.1,12.7,245,1009.7,83
Arlon,49.6835,5.8167,2019-08-07T16:00,20.8,60,0.1,12.0,237,1009.4,47
Arlon,49.6835,5.8167,2019-08-07T17:00,21.0,57,0.2,13.7,252,1009.6,46
Arlon,49.6835,5.8167,2019-08-07T18:00,19.6,66,0.1,13.4,256,1010.0,46
Arlon,49.6835,5.8167,2019-08-07T19:00,19.1,71,0.1,10.3,234,1010.1,37
Arlon,49.6835,5.8167,2019-08-07T20:00,18.1,74,0.0,10.5,239,1010.6,53
Arlon,49.6835,5.8167,2019-08-07T21:00,17.2,78,0.0,8.7,246,1011.2,43
Arlon,49.6835,5.8167,2019-08-07T22:00,16.4,83,0.0,8.8,235,1011.6,37
Arlon,49.6835,5.8167,2019-08-07T23:00,15.5,88,0.0,6.6,257,1011.9,14
Arlon,49.6835,5.8167,2019-08-08T00:00,14.2,93,0.0,5.3,242,1012.1,12
Arlon,49.6835,5.8167,2019-08-08T01:00,15.2,88,0.0,6.8,273,1012.5,6
Arlon,49.6835,5.8167,2019-08-08T02:00,14.1,93,0.0,5.8,270,1012.6,32
Arlon,49.6835,5.8167,2019-08-08T03:00,14.9,88,0.0,3.6,315,1012.4,82
Arlon,49.6835,5.8167,2019-08-08T04:00,14.1,91,0.0,5.1,231,1012.4,88
Arlon,49.6835,5.8167,2019-08-08T05:00,12.9,95,0.0,6.6,221,1012.7,39
Arlon,49.6835,5.8167,2019-08-08T06:00,13.2,95,0.0,6.4,207,1012.4,67
Arlon,49.6835,5.8167,2019-08-08T07:00,16.0,84,0.0,5.3,242,1012.5,86
Arlon,49.6835,5.8167,2019-08-08T08:00,18.6,74,0.0,6.9,219,1012.9,81
Arlon,49.6835,5.8167,2019-08-08T09:00,20.4,66,0.0,11.0,212,1012.9,90
Arlon,49.6835,5.8167,2019-08-08T10:00,21.7,54,0.0,14.0,228,1013.0,23
Arlon,49.6835,5.8167,2019-08-08T11:00,22.7,47,0.0,15.0,240,1013.1,38
Arlon,49.6835,5.8167,2019-08-08T12:00,23.5,43,0.0,13.9,239,1013.0,59
Arlon,49.6835,5.8167,2019-08-08T13:00,23.9,43,0.0,14.0,228,1012.8,12
Arlon,49.6835,5.8167,2019-08-08T14:00,24.4,42,0.0,13.5,241,1012.9,11
Arlon,49.6835,5.8167,2019-08-08T15:00,24.9,40,0.0,12.4,240,1012.3,84
Arlon,49.6835,5.8167,2019-08-08T16:00,25.2,38,0.0,10.8,233,1011.9,99
Arlon,49.6835,5.8167,2019-08-08T17:00,24.9,39,0.0,11.1,234,1011.9,99
Arlon,49.6835,5.8167,2019-08-08T18:00,23.5,51,0.0,11.5,229,1012.2,37
Arlon,49.6835,5.8167,2019-08-08T19:00,22.4,60,0.0,5.0,201,1011.8,35
Arlon,49.6835,5.8167,2019-08-08T20:00,19.4,69,0.0,7.6,177,1011.9,3
Arlon,49.6835,5.8167,2019-08-08T21:00,19.0,66,0.0,7.4,166,1012.3,15
Arlon,49.6835,5.8167,2019-08-08T22:00,17.2,73,0.0,9.5,127,1012.1,5
Arlon,49.6835,5.8167,2019-08-08T23:00,16.6,74,0.0,6.2,83,1012.1,3
Arlon,49.6835,5.8167,2019-08-09T00:00,16.8,75,0.0,8.3,92,1012.0,7
Arlon,49.6835,5.8167,2019-08-09T01:00,17.0,78,0.0,8.0,85,1011.6,33
Arlon,49.6835,5.8167,2019-08-09T02:00,17.0,79,0.0,5.4,86,1011.7,82
Arlon,49.6835,5.8167,2019-08-09T03:00,17.5,78,0.0,6.6,81,1011.3,95
Arlon,49.6835,5.8167,2019-08-09T04:00,17.4,80,0.0,6.8,93,1010.9,100
Arlon,49.6835,5.8167,2019-08-09T05:00,17.6,79,0.0,8.4,97,1010.3,100
Arlon,49.6835,5.8167,2019-08-09T06:00,17.9,78,0.0,11.3,107,1009.7,98
Arlon,49.6835,5.8167,2019-08-09T07:00,18.9,75,0.0,12.1,113,1009.5,76
Arlon,49.6835,5.8167,2019-08-09T08:00,20.9,68,0.0,12.6,127,1009.2,89
Arlon,49.6835,5.8167,2019-08-09T09:00,23.0,61,0.0,16.7,161,1009.2,80
Arlon,49.6835,5.8167,2019-08-09T10:00,24.1,59,0.0,14.2,159,1009.0,99
Arlon,49.6835,5.8167,2019-08-09T11:00,24.4,57,0.1,14.1,176,1009.0,100
Arlon,49.6835,5.8167,2019-08-09T12:00,24.8,60,0.0,17.3,201,1009.2,99
Arlon,49.6835,5.8167,2019-08-09T13:00,24.6,70,0.0,9.1,189,1008.4,92
Arlon,49.6835,5.8167,2019-08-09T14:00,26.8,64,0.0,9.4,178,1007.8,88
Arlon,49.6835,5.8167,2019-08-09T15:00,27.4,62,0.1,8.0,185,1007.2,100
Arlon,49.6835,5.8167,2019-08-09T16:00,25.0,77,4.5,8.3,180,1007.0,100
Arlon,49.6835,5.8167,2019-08-09T17:00,23.0,90,8.4,7.4,141,1007.1,100
Arlon,49.6835,5.8167,2019-08-09T18:00,23.0,91,0.5,8.2,151,1006.3,99
Arlon,49.6835,5.8167,2019-08-09T19:00,21.1,93,2.3,44.4,230,1007.1,100
Arlon,49.6835,5.8167,2019-08-09T20:00,19.7,82,0.9,23.7,256,1008.6,95
Arlon,49.6835,5.8167,2019-08-09T21:00,18.5,82,0.0,20.9,249,1009.4,99
Arlon,49.6835,5.8167,2019-08-09T22:00,18.4,85,0.0,17.7,241,1010.2,92
Arlon,49.6835,5.8167,2019-08-09T23:00,17.8,88,0.0,18.4,244,1010.6,92
Arlon,49.6835,5.8167,2019-08-10T00:00,17.7,91,0.0,16.7,233,1011.0,99
Arlon,49.6835,5.8167,2019-08-10T01:00,18.6,89,0.0,18.4,208,1010.5,96
Arlon,49.6835,5.8167,2019-08-10T02:00,18.5,90,0.0,22.4,206,1010.9,27
Arlon,49.6835,5.8167,2019-08-10T03:00,17.9,89,0.0,23.0,215,1011.3,21
Arlon,49.6835,5.8167,2019-08-10T04:00,17.4,89,0.1,26.5,222,1011.6,20
Arlon,49.6835,5.8167,2019-08-10T05:00,16.9,85,0.0,25.5,222,1012.0,87
Arlon,49.6835,5.8167,2019-08-10T06:00,16.6,84,0.0,25.3,220,1012.2,47
Arlon,49.6835,5.8167,2019-08-10T07:00,17.2,81,0.0,27.2,223,1012.6,40
Arlon,49.6835,5.8167,2019-08-10T08:00,18.0,75,0.0,29.5,225,1013.0,60
Arlon,49.6835,5.8167,2019-08-10T09:00,18.6,71,0.2,34.0,231,1013.5,83
Arlon,49.6835,5.8167,2019-08-10T10:00,19.3,64,0.1,34.8,231,1013.9,67
Arlon,49.6835,5.8167,2019-08-10T11:00,20.2,60,0.2,34.3,234,1014.1,67
Arlon,49.6835,5.8167,2019-08-10T12:00,20.8,57,0.0,31.8,235,1014.3,54
Arlon,49.6835,5.8167,2019-08-10T13:00,21.5,55,0.0,31.0,237,1014.8,58
Arlon,49.6835,5.8167,2019-08-10T14:00,21.6,53,0.0,29.8,240,1015.2,43
Arlon,49.6835,5.8167,2019-08-10T15:00,21.9,52,0.0,28.9,239,1015.2,51
Arlon,49.6835,5.8167,2019-08-10T16:00,21.9,50,0.0,28.3,236,1015.1,59
Arlon,49.6835,5.8167,2019-08-10T17:00,21.8,50,0.0,28.0,238,1015.4,49
Arlon,49.6835,5.8167,2019-08-10T18:00,20.9,56,0.0,19.7,252,1015.5,40
Arlon,49.6835,5.8167,2019-08-10T19:00,20.2,60,0.0,15.5,252,1015.7,19
Arlon,49.6835,5.8167,2019-08-10T20:00,19.2,59,0.0,14.2,246,1016.3,6
Arlon,49.6835,5.8167,2019-08-10T21:00,17.8,63,0.0,10.2,231,1016.5,16
Arlon,49.6835,5.8167,2019-08-10T22:00,17.0,66,0.0,10.0,218,1016.6,10
Arlon,49.6835,5.8167,2019-08-10T23:00,16.5,66,0.0,11.0,221,1016.8,4
Arlon,49.6835,5.8167,2019-08-11T00:00,15.9,67,0.0,12.0,237,1017.1,10
Arlon,49.6835,5.8167,2019-08-11T01:00,16.2,65,0.0,10.2,247,1017.2,13
Arlon,49.6835,5.8167,2019-08-11T02:00,14.9,70,0.0,6.9,242,1017.1,49
Arlon,49.6835,5.8167,2019-08-11T03:00,14.1,74,0.0,6.3,239,1017.2,29
Arlon,49.6835,5.8167,2019-08-11T04:00,13.9,75,0.0,7.2,217,1017.1,18
Arlon,49.6835,5.8167,2019-08-11T05:00,13.6,77,0.0,8.7,218,1017.3,26
Arlon,49.6835,5.8167,2019-08-11T06:00,13.4,79,0.0,9.4,220,1017.3,85
Arlon,49.6835,5.8167,2019-08-11T07:00,14.8,75,0.0,9.6,214,1017.3,77
Arlon,49.6835,5.8167,2019-08-11T08:00,16.5,67,0.0,10.0,218,1017.2,79
Arlon,49.6835,5.8167,2019-08-11T09:00,17.7,62,0.0,10.9,224,1016.9,90
Arlon,49.6835,5.8167,2019-08-11T10:00,18.5,55,0.0,11.5,229,1016.5,99
Arlon,49.6835,5.8167,2019-08-11T11:00,18.2,54,0.0,10.9,236,1016.4,86
Arlon,49.6835,5.8167,2019-08-11T12:00,18.9,51,0.0,9.7,243,1015.9,99
Arlon,49.6835,5.8167,2019-08-11T13:00,17.7,64,0.0,12.0,249,1016.3,100
Arlon,49.6835,5.8167,2019-08-11T14:00,18.4,59,0.0,12.1,258,1016.0,100
Arlon,49.6835,5.8167,2019-08-11T15:00,17.6,62,0.0,12.4,253,1016.2,100
Arlon,49.6835,5.8167,2019-08-11T16:00,17.0,68,0.6,9.0,241,1016.0,98
Arlon,49.6835,5.8167,2019-08-11T17:00,16.5,76,0.5,9.2,225,1016.1,86
Arlon,49.6835,5.8167,2019-08-11T18:00,16.3,78,0.0,8.2,221,1015.6,100
Arlon,49.6835,5.8167,2019-08-11T19:00,15.8,82,0.0,9.4,238,1015.6,100
Arlon,49.6835,5.8167,2019-08-11T20:00,15.4,86,0.0,11.4,235,1016.4,99
Arlon,49.6835,5.8167,2019-08-11T21:00,14.9,88,0.0,11.9,235,1017.2,86
Arlon,49.6835,5.8167,2019-08-11T22:00,14.6,91,0.0,10.5,229,1017.3,57
Arlon,49.6835,5.8167,2019-08-11T23:00,13.7,95,0.0,10.2,222,1017.4,28
Arlon,49.6835,5.8167,2019-08-12T00:00,13.2,95,0.0,10.9,226,1017.5,27
Arlon,49.6835,5.8167,2019-08-12T01:00,13.1,94,0.0,12.7,227,1017.9,11
Arlon,49.6835,5.8167,2019-08-12T02:00,12.8,93,0.0,12.0,229,1017.8,24
Arlon,49.6835,5.8167,2019-08-12T03:00,12.5,91,0.0,12.2,223,1017.5,44
Arlon,49.6835,5.8167,2019-08-12T04:00,12.2,92,0.0,9.2,225,1017.4,52
Arlon,49.6835,5.8167,2019-08-12T05:00,12.0,93,0.0,7.5,235,1017.3,19
Arlon,49.6835,5.8167,2019-08-12T06:00,11.9,94,0.0,6.3,239,1017.0,43
Arlon,49.6835,5.8167,2019-08-12T07:00,13.4,88,0.0,7.4,223,1016.8,31
Arlon,49.6835,5.8167,2019-08-12T08:00,15.0,82,0.0,9.4,223,1016.8,38
Arlon,49.6835,5.8167,2019-08-12T09:00,16.2,77,0.0,11.3,217,1016.9,44
Arlon,49.6835,5.8167,2019-08-12T10:00,17.4,72,0.0,12.2,214,1016.7,38
Arlon,49.6835,5.8167,2019-08-12T11:00,18.5,67,0.1,12.8,220,1016.4,37
Arlon,49.6835,5.8167,2019-08-12T12:00,19.5,64,0.1,12.8,220,1015.8,31
Arlon,49.6835,5.8167,2019-08-12T13:00,16.5,80,0.1,8.7,204,1016.1,52
Arlon,49.6835,5.8167,2019-08-12T14:00,19.1,73,0.1,12.6,207,1015.8,52
Arlon,49.6835,5.8167,2019-08-12T15:00,18.5,66,0.9,21.8,219,1015.8,78
Arlon,49.6835,5.8167,2019-08-12T16:00,16.8,79,0.5,13.1,249,1015.8,75
Arlon,49.6835,5.8167,2019-08-12T17:00,17.0,78,0.5,11.5,226,1015.8,67
Arlon,49.6835,5.8167,2019-08-12T18:00,16.6,78,0.4,11.0,229,1016.0,56
Arlon,49.6835,5.8167,2019-08-12T19:00,15.2,86,0.8,9.0,241,1016.3,62
Arlon,49.6835,5.8167,2019-08-12T20:00,13.9,90,0.2,9.6,236,1016.9,37
Arlon,49.6835,5.8167,2019-08-12T21:00,13.1,94,0.0,7.0,235,1017.3,23
Arlon,49.6835,5.8167,2019-08-12T22:00,12.9,96,0.0,8.3,214,1017.3,11
Arlon,49.6835,5.8167,2019-08-12T23:00,12.6,95,0.0,11.5,224,1017.4,13
Arlon,49.6835,5.8167,2019-08-13T00:00,12.4,94,0.0,12.5,237,1017.7,21
Arlon,49.6835,5.8167,2019-08-13T01:00,12.6,91,0.0,13.8,250,1018.2,32
Arlon,49.6835,5.8167,2019-08-13T02:00,11.9,93,0.0,13.1,254,1018.4,12
Arlon,49.6835,5.8167,2019-08-13T03:00,11.4,95,0.0,13.8,255,1018.6,14
Arlon,49.6835,5.8167,2019-08-13T04:00,11.1,95,0.0,13.7,256,1018.9,92
Arlon,49.6835,5.8167,2019-08-13T05:00,10.9,97,0.0,12.5,258,1019.2,99
Arlon,49.6835,5.8167,2019-08-13T06:00,11.2,96,0.0,13.3,257,1019.5,90
Arlon,49.6835,5.8167,2019-08-13T07:00,11.6,95,0.0,15.2,263,1019.8,73
Arlon,49.6835,5.8167,2019-08-13T08:00,12.3,89,0.0,15.8,269,1020.3,86
Arlon,49.6835,5.8167,2019-08-13T09:00,13.6,79,0.0,15.6,262,1020.5,42
Arlon,49.6835,5.8167,2019-08-13T10:00,15.1,68,0.0,16.8,260,1020.3,31
Arlon,49.6835,5.8167,2019-08-13T11:00,16.1,59,0.0,17.7,258,1020.1,61
Arlon,49.6835,5.8167,2019-08-13T12:00,16.9,53,0.1,19.0,260,1019.9,92
Arlon,49.6835,5.8167,2019-08-13T13:00,17.1,52,0.0,16.5,250,1020.0,80
Arlon,49.6835,5.8167,2019-08-13T14:00,17.8,49,0.0,17.2,254,1019.5,82
Arlon,49.6835,5.8167,2019-08-13T15:00,18.3,45,0.0,18.5,257,1019.0,37
Arlon,49.6835,5.8167,2019-08-13T16:00,17.5,49,0.0,20.7,262,1019.1,74
Arlon,49.6835,5.8167,2019-08-13T17:00,16.7,54,0.0,20.5,272,1019.2,75
Arlon,49.6835,5.8167,2019-08-13T18:00,15.6,64,0.0,16.4,279,1019.4,83
Arlon,49.6835,5.8167,2019-08-13T19:00,14.8,70,0.0,12.6,272,1019.4,74
Arlon,49.6835,5.8167,2019-08-13T20:00,13.6,77,0.0,10.4,268,1019.7,69
Arlon,49.6835,5.8167,2019-08-13T21:00,13.1,78,0.0,10.8,266,1020.1,74
Arlon,49.6835,5.8167,2019-08-13T22:00,12.6,75,0.0,10.1,272,1020.3,42
Arlon,49.6835,5.8167,2019-08-13T23:00,11.9,77,0.0,6.8,270,1020.3,33
Arlon,49.6835,5.8167,2019-08-14T00:00,10.6,85,0.0,6.2,260,1020.3,14
Arlon,49.6835,5.8167,2019-08-14T01:00,11.4,95,0.0,4.9,253,1020.3,24
Arlon,49.6835,5.8167,2019-08-14T02:00,11.4,95,0.0,5.4,266,1020.3,68
Arlon,49.6835,5.8167,2019-08-14T03:00,11.5,95,0.0,5.1,274,1020.1,36
Arlon,49.6835,5.8167,2019-08-14T04:00,10.0,97,0.0,6.4,286,1019.6,40
Arlon,49.6835,5.8167,2019-08-14T05:00,9.7,97,0.0,6.5,273,1019.6,42
Arlon,49.6835,5.8167,2019-08-14T06:00,10.1,98,0.0,4.0,280,1019.8,32
Arlon,49.6835,5.8167,2019-08-14T07:00,12.2,90,0.0,3.4,212,1019.9,85
Arlon,49.6835,5.8167,2019-08-14T08:00,13.8,80,0.0,6.6,209,1020.0,80
Arlon,49.6835,5.8167,2019-08-14T09:00,15.1,72,0.1,9.9,226,1020.0,97
Arlon,49.6835,5.8167,2019-08-14T10:00,16.2,66,0.2,13.2,227,1019.4,52
Arlon,49.6835,5.8167,2019-08-14T11:00,17.0,64,0.6,14.5,224,1019.3,48
Arlon,49.6835,5.8167,2019-08-14T12:00,17.9,59,0.1,12.7,225,1018.9,46
Arlon,49.6835,5.8167,2019-08-14T13:00,18.6,57,0.0,11.3,239,1018.8,46
Arlon,49.6835,5.8167,2019-08-14T14:00,19.2,55,0.1,12.8,220,1018.4,65
Arlon,49.6835,5.8167,2019-08-14T15:00,19.5,54,0.0,14.1,220,1017.8,100
Arlon,49.6835,5.8167,2019-08-14T16:00,20.1,51,0.0,13.5,224,1016.9,96
Arlon,49.6835,5.8167,2019-08-14T17:00,20.2,49,0.0,14.5,215,1016.4,92
Arlon,49.6835,5.8167,2019-08-14T18:00,19.8,53,0.0,12.5,198,1015.6,49
Arlon,49.6835,5.8167,2019-08-14T19:00,18.9,59,0.0,9.0,196,1015.1,34
Arlon,49.6835,5.8167,2019-08-14T20:00,16.8,67,0.0,7.2,186,1014.9,52
Arlon,49.6835,5.8167,2019-08-14T21:00,16.8,66,0.0,10.1,174,1014.9,82
Arlon,49.6835,5.8167,2019-08-14T22:00,16.1,70,0.4,11.0,169,1014.7,93
Arlon,49.6835,5.8167,2019-08-14T23:00,15.6,75,0.5,14.3,198,1014.8,78
Arlon,49.6835,5.8167,2019-08-15T00:00,15.4,77,0.0,13.3,193,1014.3,100
Arlon,49.6835,5.8167,2019-08-15T01:00,17.2,64,0.0,15.3,246,1014.1,100
Arlon,49.6835,5.8167,2019-08-15T02:00,16.2,73,0.1,14.1,232,1013.5,100
Arlon,49.6835,5.8167,2019-08-15T03:00,15.8,78,0.0,16.3,229,1013.1,100
Arlon,49.6835,5.8167,2019-08-15T04:00,15.6,82,0.1,16.8,227,1012.4,100
Arlon,49.6835,5.8167,2019-08-15T05:00,15.4,86,0.0,15.1,218,1012.0,100
Arlon,49.6835,5.8167,2019-08-15T06:00,15.4,88,0.2,17.3,223,1012.1,100
Arlon,49.6835,5.8167,2019-08-15T07:00,15.2,93,0.4,18.6,234,1012.3,100
Arlon,49.6835,5.8167,2019-08-15T08:00,15.5,93,0.3,20.3,247,1012.4,100
Arlon,49.6835,5.8167,2019-08-15T09:00,15.7,92,0.4,20.9,249,1012.7,62
Arlon,49.6835,5.8167,2019-08-15T10:00,16.8,86,0.2,22.9,254,1012.6,52
Arlon,49.6835,5.8167,2019-08-15T11:00,17.7,82,0.2,23.5,255,1012.9,45
Arlon,49.6835,5.8167,2019-08-15T12:00,18.1,71,0.3,25.6,259,1013.1,65
Arlon,49.6835,5.8167,2019-08-15T13:00,18.4,70,0.9,26.2,257,1013.6,43
Arlon,49.6835,5.8167,2019-08-15T14:00,19.1,64,0.1,25.5,262,1013.9,52
Arlon,49.6835,5.8167,2019-08-15T15:00,18.4,68,0.3,26.5,262,1014.4,95
Arlon,49.6835,5.8167,2019-08-15T16:00,18.3,71,0.0,22.4,259,1014.6,93
Arlon,49.6835,5.8167,2019-08-15T17:00,18.1,73,0.0,22.0,265,1015.1,71
Arlon,49.6835,5.8167,2019-08-15T18:00,17.7,71,0.2,23.8,272,1015.4,59
Arlon,49.6835,5.8167,2019-08-15T19:00,17.0,72,0.1,18.4,266,1015.8,33
Arlon,49.6835,5.8167,2019-08-15T20:00,16.1,74,0.0,15.8,271,1016.7,30
Arlon,49.6835,5.8167,2019-08-15T21:00,15.4,77,0.0,14.1,274,1017.5,36
Arlon,49.6835,5.8167,2019-08-15T22:00,14.6,81,0.0,11.7,279,1017.9,30
Arlon,49.6835,5.8167,2019-08-15T23:00,13.9,86,0.0,10.5,266,1018.4,35
Arlon,49.6835,5.8167,2019-08-16T00:00,13.5,87,0.0,10.2,260,1018.8,26
Arlon,49.6835,5.8167,2019-08-16T01:00,13.4,86,0.0,8.9,256,1019.2,20
Arlon,49.6835,5.8167,2019-08-16T02:00,12.0,92,0.0,8.0,252,1019.5,2
Arlon,49.6835,5.8167,2019-08-16T03:00,11.3,94,0.0,8.9,249,1019.2,1
Arlon,49.6835,5.8167,2019-08-16T04:00,11.1,94,0.0,10.5,254,1019.4,1
Arlon,49.6835,5.8167,2019-08-16T05:00,10.8,95,0.0,9.2,249,1019.7,100
Arlon,49.6835,5.8167,2019-08-16T06:00,10.6,97,0.0,8.1,249,1019.6,95
Arlon,49.6835,5.8167,2019-08-16T07:00,12.1,92,0.0,7.9,240,1019.8,61
Arlon,49.6835,5.8167,2019-08-16T08:00,13.9,86,0.0,7.7,229,1019.7,83
Arlon,49.6835,5.8167,2019-08-16T09:00,15.8,78,0.0,10.5,229,1019.3,100
Arlon,49.6835,5.8167,2019-08-16T10:00,17.2,68,0.0,13.8,231,1018.9,99
Arlon,49.6835,5.8167,2019-08-16T11:00,18.5,60,0.0,16.2,238,1018.5,100
Arlon,49.6835,5.8167,2019-08-16T12:00,19.1,54,0.0,15.1,242,1018.0,100
Arlon,49.6835,5.8167,2019-08-16T13:00,19.5,56,0.0,12.8,232,1018.1,100
Arlon,49.6835,5.8167,2019-08-16T14:00,20.4,52,0.0,13.7,225,1017.2,100
Arlon,49.6835,5.8167,2019-08-16T15:00,20.8,51,0.0,15.3,223,1016.6,88
Arlon,49.6835,5.8167,2019-08-16T16:00,20.8,49,0.0,14.5,215,1015.8,100
Arlon,49.6835,5.8167,2019-08-16T17:00,20.9,49,0.0,14.0,222,1015.3,72
Arlon,49.6835,5.8167,2019-08-16T18:00,21.0,49,0.0,10.2,222,1014.3,91
Arlon,49.6835,5.8167,2019-08-16T19:00,19.4,58,0.0,7.1,204,1013.9,100
Arlon,49.6835,5.8167,2019-08-16T20:00,18.1,62,0.0,7.6,199,1013.6,100
Arlon,49.6835,5.8167,2019-08-16T21:00,17.3,66,0.0,6.2,201,1013.9,100
Arlon,49.6835,5.8167,2019-08-16T22:00,17.2,67,0.0,5.7,162,1013.3,100
Arlon,49.6835,5.8167,2019-08-16T23:00,17.8,63,0.0,9.5,171,1012.9,100
Arlon,49.6835,5.8167,2019-08-17T00:00,18.1,60,0.0,12.7,173,1012.3,100
Arlon,49.6835,5.8167,2019-08-17T01:00,18.4,62,0.0,12.4,197,1011.8,100
Arlon,49.6835,5.8167,2019-08-17T02:00,18.0,64,0.0,13.4,204,1011.7,100
Arlon,49.6835,5.8167,2019-08-17T03:00,17.9,64,0.0,15.5,211,1011.3,99
Arlon,49.6835,5.8167,2019-08-17T04:00,17.8,64,0.0,15.1,220,1011.2,100
Arlon,49.6835,5.8167,2019-08-17T05:00,17.6,65,0.0,16.2,212,1011.0,100
Arlon,49.6835,5.8167,2019-08-17T06:00,17.8,65,0.0,20.9,225,1011.1,100
Arlon,49.6835,5.8167,2019-08-17T07:00,17.0,74,0.1,18.8,227,1011.4,100
Arlon,49.6835,5.8167,2019-08-17T08:00,16.5,82,0.8,19.1,221,1011.6,100
Arlon,49.6835,5.8167,2019-08-17T09:00,16.1,88,0.4,20.0,219,1011.4,99
Arlon,49.6835,5.8167,2019-08-17T10:00,17.5,80,0.0,24.2,222,1011.6,97
Arlon,49.6835,5.8167,2019-08-17T11:00,18.1,74,0.0,25.7,227,1011.8,100
Arlon,49.6835,5.8167,2019-08-17T12:00,18.3,76,0.3,26.2,226,1011.8,100
Arlon,49.6835,5.8167,2019-08-17T13:00,17.9,81,0.7,25.4,215,1011.9,100
Arlon,49.6835,5.8167,2019-08-17T14:00,18.0,85,0.6,18.4,215,1011.7,100
Arlon,49.6835,5.8167,2019-08-17T15:00,17.5,91,0.9,20.6,209,1011.5,100
Arlon,49.6835,5.8167,2019-08-17T16:00,17.0,92,0.9,20.5,208,1011.4,100
Arlon,49.6835,5.8167,2019-08-17T17:00,16.5,93,0.8,20.7,211,1011.3,100
Arlon,49.6835,5.8167,2019-08-17T18:00,16.2,94,0.6,18.0,213,1011.1,100
Arlon,49.6835,5.8167,2019-08-17T19:00,16.4,94,0.9,17.0,212,1010.7,100
Arlon,49.6835,5.8167,2019-08-17T20:00,16.2,94,0.4,14.1,212,1010.4,100
Arlon,49.6835,5.8167,2019-08-17T21:00,16.2,94,0.2,11.9,205,1010.2,100
Arlon,49.6835,5.8167,2019-08-17T22:00,16.2,94,1.0,11.4,193,1009.7,100
Arlon,49.6835,5.8167,2019-08-17T23:00,16.5,94,1.6,11.2,195,1009.4,100
Arlon,49.6835,5.8167,2019-08-18T00:00,16.6,96,2.0,12.2,204,1009.0,100
Arlon,49.6835,5.8167,2019-08-18T01:00,16.2,97,2.5,10.6,215,1009.4,100
Arlon,49.6835,5.8167,2019-08-18T02:00,16.4,98,0.3,12.0,226,1009.1,100
Arlon,49.6835,5.8167,2019-08-18T03:00,16.6,99,0.4,11.7,225,1008.7,100
Arlon,49.6835,5.8167,2019-08-18T04:00,16.7,99,0.1,11.3,233,1008.5,100
Arlon,49.6835,5.8167,2019-08-18T05:00,16.6,99,1.1,6.7,216,1008.1,100
Arlon,49.6835,5.8167,2019-08-18T06:00,16.9,99,1.7,10.4,178,1007.6,100
Arlon,49.6835,5.8167,2019-08-18T07:00,17.8,96,0.3,22.3,198,1007.1,100
Arlon,49.6835,5.8167,2019-08-18T08:00,18.9,91,0.1,25.3,204,1006.6,100
Arlon,49.6835,5.8167,2019-08-18T09:00,19.6,90,0.0,26.6,210,1006.5,99
Arlon,49.6835,5.8167,2019-08-18T10:00,20.6,85,0.0,27.9,219,1006.3,82
Arlon,49.6835,5.8167,2019-08-18T11:00,22.0,76,0.0,31.4,221,1006.6,85
Arlon,49.6835,5.8167,2019-08-18T12:00,22.6,73,0.1,33.3,225,1006.8,96
Arlon,49.6835,5.8167,2019-08-18T13:00,20.0,85,1.3,34.4,233,1007.9,100
Arlon,49.6835,5.8167,2019-08-18T14:00,20.9,89,0.8,22.3,236,1008.0,99
Arlon,49.6835,5.8167,2019-08-18T15:00,19.8,89,1.4,31.1,246,1008.7,99
Arlon,49.6835,5.8167,2019-08-18T16:00,19.1,86,0.5,23.0,260,1009.5,100
Arlon,49.6835,5.8167,2019-08-18T17:00,18.6,83,0.1,19.4,271,1010.0,100
Arlon,49.6835,5.8167,2019-08-18T18:00,17.6,84,0.0,14.8,271,1010.4,100
Arlon,49.6835,5.8167,2019-08-18T19:00,16.9,87,0.0,10.1,268,1010.7,100
Arlon,49.6835,5.8167,2019-08-18T20:00,15.6,94,0.0,7.1,240,1011.3,99
Arlon,49.6835,5.8167,2019-08-18T21:00,15.6,93,0.0,8.4,239,1012.3,100
Arlon,49.6835,5.8167,2019-08-18T22:00,15.1,95,0.0,5.9,227,1012.7,100
Arlon,49.6835,5.8167,2019-08-18T23:00,14.9,97,0.2,3.3,257,1013.1,99
Arlon,49.6835,5.8167,2019-08-19T00:00,14.7,97,1.2,5.9,284,1013.6,100
Arlon,49.6835,5.8167,2019-08-19T01:00,14.8,94,0.6,5.8,240,1014.7,62
Arlon,49.6835,5.8167,2019-08-19T02:00,13.6,94,0.0,8.0,278,1014.8,83
Arlon,49.6835,5.8167,2019-08-19T03:00,13.1,89,0.0,7.2,273,1015.2,13
Arlon,49.6835,5.8167,2019-08-19T04:00,11.5,93,0.0,6.4,232,1015.5,12
Arlon,49.6835,5.8167,2019-08-19T05:00,11.4,97,0.0,6.0,237,1016.0,10
Arlon,49.6835,5.8167,2019-08-19T06:00,11.7,97,0.0,6.8,252,1016.5,25
Arlon,49.6835,5.8167,2019-08-19T07:00,13.2,93,0.0,8.6,248,1017.1,42
Arlon,49.6835,5.8167,2019-08-19T08:00,14.9,79,0.0,8.3,272,1017.1,90
Arlon,49.6835,5.8167,2019-08-19T09:00,15.8,71,0.0,10.5,264,1017.1,36
Arlon,49.6835,5.8167,2019-08-19T10:00,17.0,67,0.0,11.8,258,1017.7,36
Arlon,49.6835,5.8167,2019-08-19T11:00,18.0,63,0.0,12.3,255,1017.9,12
Arlon,49.6835,5.8167,2019-08-19T12:00,19.0,58,0.0,14.5,251,1017.9,18
Arlon,49.6835,5.8167,2019-08-19T13:00,19.2,56,0.0,16.9,250,1018.5,19
Arlon,49.6835,5.8167,2019-08-19T14:00,19.8,52,0.0,17.8,256,1018.5,31
Arlon,49.6835,5.8167,2019-08-19T15:00,19.9,50,0.0,18.8,258,1018.6,14
Arlon,49.6835,5.8167,2019-08-19T16:00,19.8,50,0.0,18.2,262,1018.7,78
Arlon,49.6835,5.8167,2019-08-19T17:00,19.3,50,0.0,16.9,270,1018.8,95
Arlon,49.6835,5.8167,2019-08-19T18:00,18.5,55,0.0,14.3,282,1018.9,88
Arlon,49.6835,5.8167,2019-08-19T19:00,17.0,64,0.0,9.8,287,1019.4,55
Arlon,49.6835,5.8167,2019-08-19T20:00,14.9,72,0.0,6.8,270,1019.8,22
Arlon,49.6835,5.8167,2019-08-19T21:00,13.0,83,0.0,8.2,247,1020.5,35
Arlon,49.6835,5.8167,2019-08-19T22:00,12.4,85,0.0,7.9,227,1020.7,19
Arlon,49.6835,5.8167,2019-08-19T23:00,12.0,87,0.0,7.6,267,1021.1,18
Arlon,49.6835,5.8167,2019-08-20T00:00,11.4,88,0.0,4.6,315,1021.3,26
Arlon,49.6835,5.8167,2019-08-20T01:00,11.8,85,0.0,7.0,305,1021.8,87
Arlon,49.6835,5.8167,2019-08-20T02:00,12.8,79,0.0,6.0,303,1021.9,73
Arlon,49.6835,5.8167,2019-08-20T03:00,10.2,90,0.0,8.3,2,1021.7,84
Arlon,49.6835,5.8167,2019-08-20T04:00,9.5,93,0.0,8.0,27,1021.8,93
Arlon,49.6835,5.8167,2019-08-20T05:00,10.3,93,0.0,4.1,15,1022.0,82
Arlon,49.6835,5.8167,2019-08-20T06:00,9.9,93,0.0,3.3,347,1022.3,41
Arlon,49.6835,5.8167,2019-08-20T07:00,11.6,87,0.0,2.6,304,1022.9,100
Arlon,49.6835,5.8167,2019-08-20T08:00,14.4,73,0.0,2.5,315,1023.2,100
Arlon,49.6835,5.8167,2019-08-20T09:00,16.3,59,0.0,3.6,307,1023.1,100
Arlon,49.6835,5.8167,2019-08-20T10:00,17.2,53,0.0,7.5,305,1023.2,100
Arlon,49.6835,5.8167,2019-08-20T11:00,18.2,51,0.0,8.2,293,1023.7,100
Arlon,49.6835,5.8167,2019-08-20T12:00,19.0,50,0.0,10.0,283,1023.4,100
Arlon,49.6835,5.8167,2019-08-20T13:00,18.5,54,0.0,12.1,280,1023.8,94
Arlon,49.6835,5.8167,2019-08-20T14:00,18.7,52,0.0,13.4,284,1023.9,100
Arlon,49.6835,5.8167,2019-08-20T15:00,18.7,52,0.0,13.3,268,1024.5,99
Arlon,49.6835,5.8167,2019-08-20T16:00,18.7,51,0.0,12.6,267,1024.3,100
Arlon,49.6835,5.8167,2019-08-20T17:00,18.2,54,0.0,12.3,265,1024.7,88
Arlon,49.6835,5.8167,2019-08-20T18:00,17.8,59,0.0,11.2,264,1025.0,25
Arlon,49.6835,5.8167,2019-08-20T19:00,16.5,66,0.0,8.6,255,1025.4,17
Arlon,49.6835,5.8167,2019-08-20T20:00,14.4,75,0.0,6.6,261,1025.9,16
Arlon,49.6835,5.8167,2019-08-20T21:00,12.6,84,0.0,6.3,294,1026.2,12
Arlon,49.6835,5.8167,2019-08-20T22:00,11.8,88,0.0,4.7,328,1026.6,10
Arlon,49.6835,5.8167,2019-08-20T23:00,10.8,91,0.0,4.5,331,1027.0,31
Arlon,49.6835,5.8167,2019-08-21T00:00,11.8,82,0.0,8.7,336,1027.5,32
Arlon,49.6835,5.8167,2019-08-21T01:00,10.6,90,0.0,5.7,342,1027.6,31
Arlon,49.6835,5.8167,2019-08-21T02:00,11.1,87,0.0,6.5,341,1027.8,27
Arlon,49.6835,5.8167,2019-08-21T03:00,11.1,88,0.0,5.8,356,1027.7,12
Arlon,49.6835,5.8167,2019-08-21T04:00,9.9,93,0.0,4.7,360,1027.7,22
Arlon,49.6835,5.8167,2019-08-21T05:00,9.6,94,0.0,4.7,9,1027.9,47
Arlon,49.6835,5.8167,2019-08-21T06:00,10.1,92,0.0,4.1,45,1028.0,32
Arlon,49.6835,5.8167,2019-08-21T07:00,11.9,85,0.0,6.2,83,1028.4,30
Arlon,49.6835,5.8167,2019-08-21T08:00,13.9,79,0.0,3.9,68,1028.7,32
Arlon,49.6835,5.8167,2019-08-21T09:00,16.2,71,0.0,3.2,90,1028.6,27
Arlon,49.6835,5.8167,2019-08-21T10:00,18.5,59,0.0,2.6,124,1028.5,0
Arlon,49.6835,5.8167,2019-08-21T11:00,19.5,51,0.0,2.1,211,1028.3,38
Arlon,49.6835,5.8167,2019-08-21T12:00,20.2,47,0.0,1.0,225,1028.2,27
Arlon,49.6835,5.8167,2019-08-21T13:00,20.7,47,0.0,4.7,86,1027.5,46
Arlon,49.6835,5.8167,2019-08-21T14:00,20.9,44,0.0,6.7,74,1027.0,98
Arlon,49.6835,5.8167,2019-08-21T15:00,21.1,43,0.0,7.0,69,1026.9,98
Arlon,49.6835,5.8167,2019-08-21T16:00,21.1,42,0.0,6.8,72,1026.3,96
Arlon,49.6835,5.8167,2019-08-21T17:00,21.0,43,0.0,7.4,67,1026.1,97
Arlon,49.6835,5.8167,2019-08-21T18:00,20.2,51,0.0,5.7,55,1025.8,97
Arlon,49.6835,5.8167,2019-08-21T19:00,18.4,60,0.0,6.1,40,1025.7,98
Arlon,49.6835,5.8167,2019-08-21T20:00,16.4,63,0.0,7.1,49,1025.9,92
Arlon,49.6835,5.8167,2019-08-21T21:00,15.3,66,0.0,7.7,62,1026.0,26
Arlon,49.6835,5.8167,2019-08-21T22:00,14.6,66,0.0,8.7,73,1026.0,2
Arlon,49.6835,5.8167,2019-08-21T23:00,13.8,70,0.0,7.6,93,1026.3,1
Arlon,49.6835,5.8167,2019-08-22T00:00,12.0,80,0.0,9.7,90,1026.5,0
Arlon,49.6835,5.8167,2019-08-22T01:00,12.1,81,0.0,6.4,52,1026.2,0
Arlon,49.6835,5.8167,2019-08-22T02:00,11.9,81,0.0,6.4,47,1026.0,0
Arlon,49.6835,5.8167,2019-08-22T03:00,11.2,85,0.0,7.4,43,1026.1,0
Arlon,49.6835,5.8167,2019-08-22T04:00,10.8,86,0.0,7.4,39,1026.0,0
Arlon,49.6835,5.8167,2019-08-22T05:00,10.4,86,0.0,7.6,31,1025.8,0
Arlon,49.6835,5.8167,2019-08-22T06:00,10.4,85,0.0,8.1,32,1025.8,0
Arlon,49.6835,5.8167,2019-08-22T07:00,12.4,77,0.0,9.7,51,1026.0,0
Arlon,49.6835,5.8167,2019-08-22T08:00,15.2,68,0.0,8.1,58,1026.2,0
Arlon,49.6835,5.8167,2019-08-22T09:00,17.9,60,0.0,6.9,62,1026.5,0
Arlon,49.6835,5.8167,2019-08-22T10:00,19.9,55,0.0,6.8,72,1026.2,0
Arlon,49.6835,5.8167,2019-08-22T11:00,21.1,50,0.0,8.4,97,1026.1,0
Arlon,49.6835,5.8167,2019-08-22T12:00,21.9,48,0.0,6.6,99,1025.7,30
Arlon,49.6835,5.8167,2019-08-22T13:00,22.5,44,0.0,3.9,68,1025.7,32
Arlon,49.6835,5.8167,2019-08-22T14:00,23.1,43,0.0,3.9,56,1025.5,30
Arlon,49.6835,5.8167,2019-08-22T15:00,23.5,41,0.0,4.0,63,1024.9,84
Arlon,49.6835,5.8167,2019-08-22T16:00,23.6,41,0.0,3.9,56,1024.7,94
Arlon,49.6835,5.8167,2019-08-22T17:00,23.4,42,0.0,4.7,58,1024.6,95
Arlon,49.6835,5.8167,2019-08-22T18:00,22.7,49,0.0,4.0,63,1024.1,95
Arlon,49.6835,5.8167,2019-08-22T19:00,20.3,66,0.0,7.1,60,1024.5,88
Arlon,49.6835,5.8167,2019-08-22T20:00,19.8,56,0.0,6.5,56,1025.0,59
Arlon,49.6835,5.8167,2019-08-22T21:00,16.6,69,0.0,7.2,37,1025.4,21
Arlon,49.6835,5.8167,2019-08-22T22:00,15.4,72,0.0,5.6,15,1025.4,0
Arlon,49.6835,5.8167,2019-08-22T23:00,14.6,75,0.0,7.2,6,1025.6,0
Arlon,49.6835,5.8167,2019-08-23T00:00,14.1,78,0.0,8.4,10,1025.7,0
Arlon,49.6835,5.8167,2019-08-23T01:00,14.2,80,0.0,9.3,28,1025.8,0
Arlon,49.6835,5.8167,2019-08-23T02:00,13.5,83,0.0,8.0,36,1025.9,0
Arlon,49.6835,5.8167,2019-08-23T03:00,13.0,86,0.0,8.1,32,1025.8,0
Arlon,49.6835,5.8167,2019-08-23T04:00,12.6,87,0.0,8.1,32,1025.7,0
Arlon,49.6835,5.8167,2019-08-23T05:00,12.4,86,0.0,8.0,36,1025.6,0
Arlon,49.6835,5.8167,2019-08-23T06:00,12.3,86,0.0,8.7,45,1025.7,0
Arlon,49.6835,5.8167,2019-08-23T07:00,14.2,78,0.0,10.5,52,1025.5,0
Arlon,49.6835,5.8167,2019-08-23T08:00,16.9,68,0.0,8.8,55,1025.7,0
Arlon,49.6835,5.8167,2019-08-23T09:00,19.4,61,0.0,8.5,62,1025.8,0
Arlon,49.6835,5.8167,2019-08-23T10:00,21.6,54,0.0,9.1,72,1025.4,0
Arlon,49.6835,5.8167,2019-08-23T11:00,23.2,46,0.0,10.8,86,1025.2,0
Arlon,49.6835,5.8167,2019-08-23T12:00,24.1,42,0.0,11.5,86,1024.6,0
Arlon,49.6835,5.8167,2019-08-23T13:00,25.0,40,0.0,10.5,82,1024.4,0
Arlon,49.6835,5.8167,2019-08-23T14:00,25.5,40,0.0,10.9,84,1024.0,0
Arlon,49.6835,5.8167,2019-08-23T15:00,25.8,39,0.0,11.6,83,1023.3,44
Arlon,49.6835,5.8167,2019-08-23T16:00,25.8,39,0.0,12.1,80,1022.8,82
Arlon,49.6835,5.8167,2019-08-23T17:00,25.5,38,0.0,12.2,76,1022.6,82
Arlon,49.6835,5.8167,2019-08-23T18:00,24.6,43,0.0,8.9,76,1022.4,0
Arlon,49.6835,5.8167,2019-08-23T19:00,22.0,53,0.0,7.2,63,1022.2,0
Arlon,49.6835,5.8167,2019-08-23T20:00,19.9,57,0.0,8.9,58,1022.4,0
Arlon,49.6835,5.8167,2019-08-23T21:00,19.0,56,0.0,9.7,68,1022.4,0
Arlon,49.6835,5.8167,2019-08-23T22:00,17.9,58,0.0,8.9,69,1022.4,0
Arlon,49.6835,5.8167,2019-08-23T23:00,16.5,65,0.0,9.0,61,1022.3,0
Arlon,49.6835,5.8167,2019-08-24T00:00,15.4,70,0.0,8.3,56,1022.1,1
Arlon,49.6835,5.8167,2019-08-24T01:00,14.9,71,0.0,7.6,45,1022.0,1
Arlon,49.6835,5.8167,2019-08-24T02:00,14.1,73,0.0,6.6,41,1021.9,0
Arlon,49.6835,5.8167,2019-08-24T03:00,13.6,73,0.0,7.2,37,1021.6,1
Arlon,49.6835,5.8167,2019-08-24T04:00,13.2,74,0.0,7.0,35,1021.6,0
Arlon,49.6835,5.8167,2019-08-24T05:00,12.9,76,0.0,7.1,41,1021.7,0
Arlon,49.6835,5.8167,2019-08-24T06:00,13.0,76,0.0,8.4,40,1021.6,8
Arlon,49.6835,5.8167,2019-08-24T07:00,15.1,70,0.0,10.5,41,1021.5,5
Arlon,49.6835,5.8167,2019-08-24T08:00,18.0,62,0.0,9.3,54,1021.4,7
Arlon,49.6835,5.8167,2019-08-24T09:00,20.7,57,0.0,9.1,72,1021.5,19
Arlon,49.6835,5.8167,2019-08-24T10:00,23.0,54,0.0,10.1,84,1021.1,0
Arlon,49.6835,5.8167,2019-08-24T11:00,24.3,51,0.0,12.3,93,1020.9,0
Arlon,49.6835,5.8167,2019-08-24T12:00,25.2,48,0.0,12.7,98,1020.4,0
Arlon,49.6835,5.8167,2019-08-24T13:00,25.9,47,0.0,10.0,105,1020.2,0
Arlon,49.6835,5.8167,2019-08-24T14:00,26.5,44,0.0,10.0,103,1019.9,0
Arlon,49.6835,5.8167,2019-08-24T15:00,27.0,40,0.0,10.1,96,1019.2,0
Arlon,49.6835,5.8167,2019-08-24T16:00,27.0,38,0.0,11.3,97,1018.8,0
Arlon,49.6835,5.8167,2019-08-24T17:00,26.6,38,0.0,11.3,97,1018.8,0
Arlon,49.6835,5.8167,2019-08-24T18:00,25.6,44,0.0,7.6,90,1018.6,0
Arlon,49.6835,5.8167,2019-08-24T19:00,22.2,60,0.0,7.8,68,1018.4,0
Arlon,49.6835,5.8167,2019-08-24T20:00,20.4,56,0.0,7.4,61,1018.6,0
Arlon,49.6835,5.8167,2019-08-24T21:00,19.3,57,0.0,7.9,66,1018.8,0
Arlon,49.6835,5.8167,2019-08-24T22:00,17.8,61,0.0,7.2,63,1018.6,0
Arlon,49.6835,5.8167,2019-08-24T23:00,17.2,64,0.0,7.6,65,1018.7,0
Arlon,49.6835,5.8167,2019-08-25T00:00,16.6,67,0.0,6.7,54,1018.8,0
Arlon,49.6835,5.8167,2019-08-25T01:00,16.6,68,0.0,6.9,43,1018.9,0
Arlon,49.6835,5.8167,2019-08-25T02:00,16.0,70,0.0,6.7,54,1018.9,25
Arlon,49.6835,5.8167,2019-08-25T03:00,15.0,75,0.0,5.9,52,1018.8,19
Arlon,49.6835,5.8167,2019-08-25T04:00,14.9,74,0.0,5.4,37,1018.7,11
Arlon,49.6835,5.8167,2019-08-25T05:00,14.7,75,0.0,5.9,43,1018.9,28
Arlon,49.6835,5.8167,2019-08-25T06:00,14.6,75,0.0,6.6,49,1018.7,47
Arlon,49.6835,5.8167,2019-08-25T07:00,16.6,70,0.0,8.7,48,1019.1,53
Arlon,49.6835,5.8167,2019-08-25T08:00,19.6,63,0.0,6.0,57,1019.3,44
Arlon,49.6835,5.8167,2019-08-25T09:00,22.6,57,0.0,4.2,70,1019.5,42
Arlon,49.6835,5.8167,2019-08-25T10:00,25.0,51,0.0,3.1,111,1019.7,64
Arlon,49.6835,5.8167,2019-08-25T11:00,26.4,46,0.0,2.5,180,1019.6,57
Arlon,49.6835,5.8167,2019-08-25T12:00,27.2,44,0.0,1.5,256,1019.2,69
Arlon,49.6835,5.8167,2019-08-25T13:00,27.1,37,0.0,2.3,72,1019.1,69
Arlon,49.6835,5.8167,2019-08-25T14:00,27.8,35,0.0,1.8,79,1019.0,79
Arlon,49.6835,5.8167,2019-08-25T15:00,28.1,34,0.0,1.0,45,1018.5,80
Arlon,49.6835,5.8167,2019-08-25T16:00,28.2,32,0.0,1.6,27,1018.2,76
Arlon,49.6835,5.8167,2019-08-25T17:00,28.3,31,0.0,2.5,360,1018.2,70
Arlon,49.6835,5.8167,2019-08-25T18:00,28.2,29,0.0,3.2,27,1018.2,38
Arlon,49.6835,5.8167,2019-08-25T19:00,27.3,33,0.0,4.0,80,1018.3,1
Arlon,49.6835,5.8167,2019-08-25T20:00,22.0,49,0.0,9.1,34,1018.6,1
Arlon,49.6835,5.8167,2019-08-25T21:00,22.1,51,0.0,10.5,22,1019.3,17
Arlon,49.6835,5.8167,2019-08-25T22:00,21.5,57,0.0,11.5,32,1019.3,1
Arlon,49.6835,5.8167,2019-08-25T23:00,20.5,63,0.0,9.4,32,1019.3,0
Arlon,49.6835,5.8167,2019-08-26T00:00,19.5,71,0.0,8.1,32,1019.2,0
Arlon,49.6835,5.8167,2019-08-26T01:00,19.6,72,0.0,9.7,42,1019.1,0
Arlon,49.6835,5.8167,2019-08-26T02:00,18.5,79,0.0,7.4,43,1019.1,0
Arlon,49.6835,5.8167,2019-08-26T03:00,17.6,84,0.0,6.4,38,1018.8,0
Arlon,49.6835,5.8167,2019-08-26T04:00,17.4,85,0.0,6.9,39,1018.7,4
Arlon,49.6835,5.8167,2019-08-26T05:00,16.9,87,0.0,7.0,35,1018.7,1
Arlon,49.6835,5.8167,2019-08-26T06:00,16.5,89,0.0,6.9,28,1018.6,0
Arlon,49.6835,5.8167,2019-08-26T07:00,18.8,80,0.0,8.1,32,1018.8,0
Arlon,49.6835,5.8167,2019-08-26T08:00,21.8,69,0.0,6.6,61,1019.0,0
Arlon,49.6835,5.8167,2019-08-26T09:00,24.1,62,0.0,7.0,78,1019.2,0
Arlon,49.6835,5.8167,2019-08-26T10:00,26.4,53,0.0,7.2,84,1019.0,0
Arlon,49.6835,5.8167,2019-08-26T11:00,27.9,45,0.0,6.8,90,1018.8,0
Arlon,49.6835,5.8167,2019-08-26T12:00,28.8,39,0.0,6.3,103,1018.3,0
Arlon,49.6835,5.8167,2019-08-26T13:00,29.0,38,0.0,5.8,90,1018.0,3
Arlon,49.6835,5.8167,2019-08-26T14:00,29.4,37,0.0,5.4,98,1017.6,6
Arlon,49.6835,5.8167,2019-08-26T15:00,29.5,36,0.0,5.2,102,1016.8,4
Arlon,49.6835,5.8167,2019-08-26T16:00,29.5,35,0.0,5.4,98,1016.4,2
Arlon,49.6835,5.8167,2019-08-26T17:00,29.1,36,0.0,5.2,115,1016.2,4
Arlon,49.6835,5.8167,2019-08-26T18:00,28.1,45,0.0,3.5,114,1016.3,9
Arlon,49.6835,5.8167,2019-08-26T19:00,25.2,61,0.0,7.8,124,1016.1,9
Arlon,49.6835,5.8167,2019-08-26T20:00,23.9,57,0.0,8.1,122,1016.3,10
Arlon,49.6835,5.8167,2019-08-26T21:00,22.0,63,0.0,7.3,57,1016.7,18
Arlon,49.6835,5.8167,2019-08-26T22:00,22.1,63,0.0,7.7,53,1016.7,18
Arlon,49.6835,5.8167,2019-08-26T23:00,21.3,69,0.0,6.9,51,1017.0,11
Arlon,49.6835,5.8167,2019-08-27T00:00,20.5,74,0.0,6.9,47,1016.7,18
Arlon,49.6835,5.8167,2019-08-27T01:00,19.0,80,0.0,6.6,22,1016.6,11
Arlon,49.6835,5.8167,2019-08-27T02:00,19.6,76,0.0,6.7,36,1016.4,7
Arlon,49.6835,5.8167,2019-08-27T03:00,19.3,78,0.0,8.9,69,1016.5,6
Arlon,49.6835,5.8167,2019-08-27T04:00,17.5,89,0.0,7.2,63,1016.3,5
Arlon,49.6835,5.8167,2019-08-27T05:00,16.6,91,0.0,6.6,29,1016.2,5
Arlon,49.6835,5.8167,2019-08-27T06:00,16.6,91,0.0,4.8,27,1016.3,3
Arlon,49.6835,5.8167,2019-08-27T07:00,19.0,83,0.0,4.8,27,1016.3,2
Arlon,49.6835,5.8167,2019-08-27T08:00,22.0,72,0.0,2.5,45,1016.5,1
Arlon,49.6835,5.8167,2019-08-27T09:00,24.8,61,0.0,1.9,112,1016.6,0
Arlon,49.6835,5.8167,2019-08-27T10:00,27.2,49,0.0,2.3,108,1016.5,1
Arlon,49.6835,5.8167,2019-08-27T11:00,28.6,41,0.0,3.8,107,1016.2,0
Arlon,49.6835,5.8167,2019-08-27T12:00,29.4,37,0.0,5.9,104,1015.7,31
Arlon,49.6835,5.8167,2019-08-27T13:00,29.5,38,0.0,5.9,128,1015.6,43
Arlon,49.6835,5.8167,2019-08-27T14:00,29.8,36,0.0,5.9,142,1015.0,28
Arlon,49.6835,5.8167,2019-08-27T15:00,29.5,35,0.0,7.1,156,1014.8,67
Arlon,49.6835,5.8167,2019-08-27T16:00,29.1,35,0.0,6.7,164,1014.7,81
Arlon,49.6835,5.8167,2019-08-27T17:00,28.9,37,0.0,4.0,185,1014.3,88
Arlon,49.6835,5.8167,2019-08-27T18:00,28.3,42,0.0,3.1,225,1014.3,98
Arlon,49.6835,5.8167,2019-08-27T19:00,25.7,56,0.0,6.3,294,1014.3,97
Arlon,49.6835,5.8167,2019-08-27T20:00,24.6,51,0.0,5.4,318,1014.6,98
Arlon,49.6835,5.8167,2019-08-27T21:00,26.2,43,0.0,2.2,9,1014.9,100
Arlon,49.6835,5.8167,2019-08-27T22:00,23.4,56,0.0,5.8,60,1014.9,100
Arlon,49.6835,5.8167,2019-08-27T23:00,22.8,59,0.0,6.6,81,1014.9,100
Arlon,49.6835,5.8167,2019-08-28T00:00,21.4,64,0.0,7.2,87,1015.0,92
Arlon,49.6835,5.8167,2019-08-28T01:00,22.6,49,0.0,8.5,242,1015.2,33
Arlon,49.6835,5.8167,2019-08-28T02:00,22.9,48,0.0,13.7,272,1015.4,95
Arlon,49.6835,5.8167,2019-08-28T03:00,22.5,49,0.0,11.3,279,1015.2,100
Arlon,49.6835,5.8167,2019-08-28T04:00,22.2,52,0.0,10.8,291,1015.0,99
Arlon,49.6835,5.8167,2019-08-28T05:00,22.2,55,0.0,9.1,263,1015.1,94
Arlon,49.6835,5.8167,2019-08-28T06:00,21.8,57,0.0,10.6,260,1015.6,98
Arlon,49.6835,5.8167,2019-08-28T07:00,21.6,62,0.0,10.8,270,1015.9,93
Arlon,49.6835,5.8167,2019-08-28T08:00,22.0,63,0.0,8.0,234,1016.1,91
Arlon,49.6835,5.8167,2019-08-28T09:00,22.1,63,0.0,7.3,213,1016.3,60
Arlon,49.6835,5.8167,2019-08-28T10:00,23.4,58,0.0,7.7,229,1016.3,89
Arlon,49.6835,5.8167,2019-08-28T11:00,25.4,50,0.0,5.1,225,1016.3,95
Arlon,49.6835,5.8167,2019-08-28T12:00,26.2,48,0.0,9.3,193,1015.9,94
Arlon,49.6835,5.8167,2019-08-28T13:00,28.2,41,0.0,12.1,247,1015.6,94
Arlon,49.6835,5.8167,2019-08-28T14:00,28.0,42,0.0,10.0,229,1015.3,85
Arlon,49.6835,5.8167,2019-08-28T15:00,28.0,40,0.0,12.8,238,1014.9,98
Arlon,49.6835,5.8167,2019-08-28T16:00,27.5,41,0.0,11.9,245,1014.9,99
Arlon,49.6835,5.8167,2019-08-28T17:00,26.8,45,0.0,8.8,251,1015.1,99
Arlon,49.6835,5.8167,2019-08-28T18:00,26.4,49,0.0,4.0,270,1015.0,99
Arlon,49.6835,5.8167,2019-08-28T19:00,24.1,57,0.0,5.2,254,1015.4,99
Arlon,49.6835,5.8167,2019-08-28T20:00,23.0,62,0.0,6.4,313,1015.8,95
Arlon,49.6835,5.8167,2019-08-28T21:00,23.6,56,0.0,3.4,328,1015.8,97
Arlon,49.6835,5.8167,2019-08-28T22:00,23.0,59,0.0,4.6,231,1016.0,97
Arlon,49.6835,5.8167,2019-08-28T23:00,22.5,60,0.0,5.8,187,1016.2,98
Arlon,49.6835,5.8167,2019-08-29T00:00,20.0,72,0.0,7.1,246,1016.2,47
Arlon,49.6835,5.8167,2019-08-29T01:00,20.5,71,0.0,12.1,307,1016.3,18
Arlon,49.6835,5.8167,2019-08-29T02:00,19.9,76,0.0,7.7,349,1016.5,12
Arlon,49.6835,5.8167,2019-08-29T03:00,17.6,90,0.0,8.0,10,1016.7,16
Arlon,49.6835,5.8167,2019-08-29T04:00,18.1,88,0.0,3.7,11,1016.5,34
Arlon,49.6835,5.8167,2019-08-29T05:00,17.2,94,0.0,4.6,315,1017.2,22
Arlon,49.6835,5.8167,2019-08-29T06:00,16.6,96,0.0,2.6,344,1017.5,29
Arlon,49.6835,5.8167,2019-08-29T07:00,18.0,92,0.0,2.9,300,1018.0,36
Arlon,49.6835,5.8167,2019-08-29T08:00,20.2,81,0.0,4.7,212,1018.6,25
Arlon,49.6835,5.8167,2019-08-29T09:00,21.9,75,0.0,8.9,238,1018.8,19
Arlon,49.6835,5.8167,2019-08-29T10:00,23.0,68,0.0,14.1,251,1019.4,17
Arlon,49.6835,5.8167,2019-08-29T11:00,23.9,63,0.0,16.7,251,1019.4,20
Arlon,49.6835,5.8167,2019-08-29T12:00,24.1,60,0.4,18.3,250,1019.4,53
Arlon,49.6835,5.8167,2019-08-29T13:00,24.4,56,0.0,14.8,270,1020.4,31
Arlon,49.6835,5.8167,2019-08-29T14:00,24.2,55,0.0,15.8,271,1020.4,17
Arlon,49.6835,5.8167,2019-08-29T15:00,24.3,52,0.0,15.1,271,1020.0,18
Arlon,49.6835,5.8167,2019-08-29T16:00,24.0,49,0.0,13.8,276,1020.0,10
Arlon,49.6835,5.8167,2019-08-29T17:00,23.8,48,0.0,11.2,272,1020.2,23
Arlon,49.6835,5.8167,2019-08-29T18:00,23.2,49,0.0,10.2,278,1020.3,19
Arlon,49.6835,5.8167,2019-08-29T19:00,21.6,57,0.0,9.6,304,1020.8,16
Arlon,49.6835,5.8167,2019-08-29T20:00,19.5,72,0.0,9.3,332,1021.3,9
Arlon,49.6835,5.8167,2019-08-29T21:00,18.4,77,0.0,8.2,331,1021.7,7
Arlon,49.6835,5.8167,2019-08-29T22:00,17.5,79,0.0,7.5,343,1022.1,14
Arlon,49.6835,5.8167,2019-08-29T23:00,16.8,78,0.0,7.8,347,1022.6,22
Arlon,49.6835,5.8167,2019-08-30T00:00,16.1,79,0.0,6.2,10,1022.7,26
Arlon,49.6835,5.8167,2019-08-30T01:00,14.1,92,0.0,6.6,347,1023.1,20
Arlon,49.6835,5.8167,2019-08-30T02:00,13.8,92,0.0,6.2,350,1022.9,0
Arlon,49.6835,5.8167,2019-08-30T03:00,13.0,93,0.0,6.0,343,1022.8,0
Arlon,49.6835,5.8167,2019-08-30T04:00,12.3,93,0.0,6.0,343,1022.9,0
Arlon,49.6835,5.8167,2019-08-30T05:00,11.8,92,0.0,6.0,343,1023.1,0
Arlon,49.6835,5.8167,2019-08-30T06:00,11.1,92,0.0,5.4,340,1023.3,0
Arlon,49.6835,5.8167,2019-08-30T07:00,12.9,82,0.0,7.3,340,1023.5,0
Arlon,49.6835,5.8167,2019-08-30T08:00,16.4,68,0.0,4.1,345,1023.6,0
Arlon,49.6835,5.8167,2019-08-30T09:00,18.9,54,0.0,5.0,339,1023.6,0
Arlon,49.6835,5.8167,2019-08-30T10:00,20.6,43,0.0,5.4,318,1023.8,0
Arlon,49.6835,5.8167,2019-08-30T11:00,22.0,35,0.0,4.6,309,1023.8,0
Arlon,49.6835,5.8167,2019-08-30T12:00,23.1,31,0.0,4.5,284,1023.3,0
Arlon,49.6835,5.8167,2019-08-30T13:00,23.8,34,0.0,2.9,240,1022.8,0
Arlon,49.6835,5.8167,2019-08-30T14:00,24.7,32,0.0,4.3,246,1022.3,0
Arlon,49.6835,5.8167,2019-08-30T15:00,25.0,30,0.0,5.4,262,1021.6,0
Arlon,49.6835,5.8167,2019-08-30T16:00,25.2,29,0.0,4.7,266,1021.1,0
Arlon,49.6835,5.8167,2019-08-30T17:00,25.0,29,0.0,3.6,264,1020.6,0
Arlon,49.6835,5.8167,2019-08-30T18:00,24.5,35,0.0,2.6,254,1020.3,0
Arlon,49.6835,5.8167,2019-08-30T19:00,21.0,52,0.0,7.2,243,1020.3,0
Arlon,49.6835,5.8167,2019-08-30T20:00,18.9,52,0.0,8.3,270,1020.6,0
Arlon,49.6835,5.8167,2019-08-30T21:00,17.5,57,0.0,7.1,311,1020.4,0
Arlon,49.6835,5.8167,2019-08-30T22:00,16.6,60,0.0,5.5,337,1020.5,0
Arlon,49.6835,5.8167,2019-08-30T23:00,15.6,69,0.0,5.8,353,1020.0,0
Arlon,49.6835,5.8167,2019-08-31T00:00,15.1,75,0.0,5.1,8,1019.5,0
Arlon,49.6835,5.8167,2019-08-31T01:00,15.0,78,0.0,4.0,10,1019.3,6
Arlon,49.6835,5.8167,2019-08-31T02:00,15.2,75,0.0,5.7,35,1018.6,10
Arlon,49.6835,5.8167,2019-08-31T03:00,15.1,74,0.0,8.7,52,1018.1,2
Arlon,49.6835,5.8167,2019-08-31T04:00,14.6,73,0.0,6.1,50,1017.5,0
Arlon,49.6835,5.8167,2019-08-31T05:00,14.4,71,0.0,6.8,58,1017.0,0
Arlon,49.6835,5.8167,2019-08-31T06:00,14.2,70,0.0,6.6,41,1016.4,0
Arlon,49.6835,5.8167,2019-08-31T07:00,16.2,65,0.0,8.8,35,1016.4,0
Arlon,49.6835,5.8167,2019-08-31T08:00,19.5,57,0.0,7.7,79,1016.2,0
Arlon,49.6835,5.8167,2019-08-31T09:00,22.6,54,0.0,10.0,105,1015.5,0
Arlon,49.6835,5.8167,2019-08-31T10:00,25.0,54,0.0,11.9,125,1015.0,0
Arlon,49.6835,5.8167,2019-08-31T11:00,26.8,51,0.0,13.5,146,1014.1,0
Arlon,49.6835,5.8167,2019-08-31T12:00,28.0,48,0.0,14.6,170,1013.2,2
Arlon,49.6835,5.8167,2019-08-31T13:00,29.3,36,0.0,17.0,176,1012.9,1
Arlon,49.6835,5.8167,2019-08-31T14:00,29.4,34,0.0,17.3,180,1012.0,31
Arlon,49.6835,5.8167,2019-08-31T15:00,29.6,33,0.0,18.8,200,1011.0,40
Arlon,49.6835,5.8167,2019-08-31T16:00,29.5,34,0.0,19.4,202,1010.1,39
Arlon,49.6835,5.8167,2019-08-31T17:00,28.1,41,0.0,19.2,218,1010.1,42
Arlon,49.6835,5.8167,2019-08-31T18:00,27.3,47,0.0,13.8,208,1010.0,51
Arlon,49.6835,5.8167,2019-08-31T19:00,26.0,49,0.0,9.2,219,1009.9,59
Arlon,49.6835,5.8167,2019-08-31T20:00,24.5,50,0.0,8.6,237,1010.1,62
Arlon,49.6835,5.8167,2019-08-31T21:00,23.5,52,0.0,7.7,259,1010.2,64
Arlon,49.6835,5.8167,2019-08-31T22:00,22.4,58,0.0,15.1,327,1010.4,77
Arlon,49.6835,5.8167,2019-08-31T23:00,19.6,70,0.0,17.0,324,1011.3,31
Arlon,49.6835,5.8167,2019-09-01T00:00,17.9,68,0.0,14.8,313,1012.1,69
Arlon,49.6835,5.8167,2019-09-01T01:00,16.7,61,0.0,12.0,327,1012.9,96
Arlon,49.6835,5.8167,2019-09-01T02:00,15.3,71,0.0,9.0,299,1013.5,20
Arlon,49.6835,5.8167,2019-09-01T03:00,14.5,82,0.0,10.1,287,1013.6,36
Arlon,49.6835,5.8167,2019-09-01T04:00,14.2,83,0.0,11.6,286,1013.7,77
Arlon,49.6835,5.8167,2019-09-01T05:00,14.5,80,0.0,13.1,278,1014.1,98
Arlon,49.6835,5.8167,2019-09-01T06:00,14.4,82,0.0,12.2,272,1014.2,100
Arlon,49.6835,5.8167,2019-09-01T07:00,14.8,82,0.0,15.3,278,1014.6,100
Arlon,49.6835,5.8167,2019-09-01T08:00,15.8,76,0.0,15.9,288,1015.2,100
Arlon,49.6835,5.8167,2019-09-01T09:00,16.2,71,0.0,13.5,286,1015.8,100
Arlon,49.6835,5.8167,2019-09-01T10:00,16.2,70,0.0,12.1,287,1016.0,100
Arlon,49.6835,5.8167,2019-09-01T11:00,16.8,67,0.0,11.6,286,1016.5,99
Arlon,49.6835,5.8167,2019-09-01T12:00,18.2,59,0.0,11.7,281,1016.4,100
Arlon,49.6835,5.8167,2019-09-01T13:00,19.1,56,0.0,12.6,275,1016.7,100
Arlon,49.6835,5.8167,2019-09-01T14:00,19.5,52,0.0,12.8,280,1016.5,92
Arlon,49.6835,5.8167,2019-09-01T15:00,19.6,50,0.0,14.0,293,1016.5,74
Arlon,49.6835,5.8167,2019-09-01T16:00,19.6,49,0.0,14.0,305,1016.4,24
Arlon,49.6835,5.8167,2019-09-01T17:00,19.4,46,0.0,14.8,313,1016.4,35
Arlon,49.6835,5.8167,2019-09-01T18:00,18.5,43,0.0,15.0,316,1016.9,22
Arlon,49.6835,5.8167,2019-09-01T19:00,17.5,46,0.0,12.6,323,1017.4,45
Arlon,49.6835,5.8167,2019-09-01T20:00,16.5,51,0.0,9.7,321,1018.5,35
Arlon,49.6835,5.8167,2019-09-01T21:00,15.6,55,0.0,8.4,317,1019.3,30
Arlon,49.6835,5.8167,2019-09-01T22:00,14.9,57,0.0,9.0,337,1019.6,24
Arlon,49.6835,5.8167,2019-09-01T23:00,13.8,61,0.0,6.9,351,1020.1,30
Kortrijk,50.8279,3.2649,2019-08-01T00:00,15.9,82,0.0,13.2,223,1016.7,26
Kortrijk,50.8279,3.2649,2019-08-01T01:00,15.9,85,0.0,12.3,218,1016.8,50
Kortrijk,50.8279,3.2649,2019-08-01T02:00,15.8,87,0.0,12.1,217,1017.0,66
Kortrijk,50.8279,3.2649,2019-08-01T03:00,16.0,88,0.0,12.8,218,1016.7,100
Kortrijk,50.8279,3.2649,2019-08-01T04:00,16.4,89,0.5,13.5,222,1016.5,85
Kortrijk,50.8279,3.2649,2019-08-01T05:00,16.3,92,0.0,13.8,229,1016.6,98
Kortrijk,50.8279,3.2649,2019-08-01T06:00,16.6,92,0.0,13.9,233,1016.6,100
Kortrijk,50.8279,3.2649,2019-08-01T07:00,17.2,89,0.0,14.3,236,1016.6,34
Kortrijk,50.8279,3.2649,2019-08-01T08:00,18.2,83,0.0,14.8,247,1016.8,14
Kortrijk,50.8279,3.2649,2019-08-01T09:00,19.5,74,0.0,14.4,248,1016.8,32
Kortrijk,50.8279,3.2649,2019-08-01T10:00,20.5,68,0.0,14.1,251,1016.9,46
Kortrijk,50.8279,3.2649,2019-08-01T11:00,21.2,63,0.2,14.8,256,1017.0,47
Kortrijk,50.8279,3.2649,2019-08-01T12:00,21.8,61,0.4,13.7,267,1016.9,43
Kortrijk,50.8279,3.2649,2019-08-01T13:00,22.5,55,0.4,11.9,265,1017.1,86
Kortrijk,50.8279,3.2649,2019-08-01T14:00,22.6,54,0.1,12.3,277,1017.1,27
Kortrijk,50.8279,3.2649,2019-08-01T15:00,23.0,52,0.0,13.1,291,1016.7,69
Kortrijk,50.8279,3.2649,2019-08-01T16:00,22.5,57,0.1,13.6,310,1016.5,97
Kortrijk,50.8279,3.2649,2019-08-01T17:00,21.5,65,0.1,13.3,327,1016.6,98
Kortrijk,50.8279,3.2649,2019-08-01T18:00,21.1,64,0.0,10.7,327,1016.5,94
Kortrijk,50.8279,3.2649,2019-08-01T19:00,20.8,64,0.0,8.7,315,1016.5,88
Kortrijk,50.8279,3.2649,2019-08-01T20:00,19.1,73,0.0,5.1,309,1016.9,5
Kortrijk,50.8279,3.2649,2019-08-01T21:00,16.9,85,0.0,7.4,321,1017.1,11
Kortrijk,50.8279,3.2649,2019-08-01T22:00,15.9,89,0.0,6.6,347,1017.1,37
Kortrijk,50.8279,3.2649,2019-08-01T23:00,15.7,90,0.0,6.6,347,1017.1,72
Kortrijk,50.8279,3.2649,2019-08-02T00:00,14.9,92,0.0,7.1,315,1017.0,44
Kortrijk,50.8279,3.2649,2019-08-02T01:00,15.1,91,0.0,6.1,273,1017.2,42
Kortrijk,50.8279,3.2649,2019-08-02T02:00,14.5,92,0.0,6.5,273,1017.0,4
Kortrijk,50.8279,3.2649,2019-08-02T03:00,14.1,92,0.0,6.4,286,1016.9,7
Kortrijk,50.8279,3.2649,2019-08-02T04:00,14.0,92,0.0,5.8,277,1016.9,17
Kortrijk,50.8279,3.2649,2019-08-02T05:00,13.9,94,0.0,5.8,274,1016.9,9
Kortrijk,50.8279,3.2649,2019-08-02T06:00,14.4,96,0.0,6.1,267,1016.6,1
Kortrijk,50.8279,3.2649,2019-08-02T07:00,16.5,91,0.0,6.2,291,1016.7,18
Kortrijk,50.8279,3.2649,2019-08-02T08:00,18.5,83,0.0,11.2,312,1016.9,46
Kortrijk,50.8279,3.2649,2019-08-02T09:00,19.8,75,0.1,12.5,303,1016.9,30
Kortrijk,50.8279,3.2649,2019-08-02T10:00,20.2,71,0.2,14.9,307,1017.0,22
Kortrijk,50.8279,3.2649,2019-08-02T11:00,21.0,64,0.1,17.0,306,1017.3,21
Kortrijk,50.8279,3.2649,2019-08-02T12:00,21.4,61,0.0,19.5,309,1017.1,32
Kortrijk,50.8279,3.2649,2019-08-02T13:00,20.4,78,0.3,18.6,328,1017.9,51
Kortrijk,50.8279,3.2649,2019-08-02T14:00,21.1,75,0.1,17.5,328,1017.8,80
Kortrijk,50.8279,3.2649,2019-08-02T15:00,21.5,72,0.0,17.8,324,1017.7,52
Kortrijk,50.8279,3.2649,2019-08-02T16:00,21.2,70,0.2,19.9,328,1017.6,37
Kortrijk,50.8279,3.2649,2019-08-02T17:00,20.6,70,0.1,20.6,335,1017.5,24
Kortrijk,50.8279,3.2649,2019-08-02T18:00,20.3,69,0.0,18.9,339,1017.6,13
Kortrijk,50.8279,3.2649,2019-08-02T19:00,19.4,75,0.0,16.7,341,1017.6,19
Kortrijk,50.8279,3.2649,2019-08-02T20:00,18.3,82,0.0,13.2,338,1017.9,30
Kortrijk,50.8279,3.2649,2019-08-02T21:00,17.2,89,0.0,11.9,335,1018.3,27
Kortrijk,50.8279,3.2649,2019-08-02T22:00,16.9,92,0.0,10.8,330,1018.5,27
Kortrijk,50.8279,3.2649,2019-08-02T23:00,16.5,93,0.0,9.7,333,1018.5,38
Kortrijk,50.8279,3.2649,2019-08-03T00:00,16.0,95,0.0,8.7,330,1018.5,41
Kortrijk,50.8279,3.2649,2019-08-03T01:00,16.5,90,0.0,8.4,335,1018.5,83
Kortrijk,50.8279,3.2649,2019-08-03T02:00,16.1,92,0.0,8.7,330,1018.5,32
Kortrijk,50.8279,3.2649,2019-08-03T03:00,15.9,94,0.0,8.4,335,1018.5,84
Kortrijk,50.8279,3.2649,2019-08-03T04:00,15.9,94,0.0,7.6,335,1018.4,85
Kortrijk,50.8279,3.2649,2019-08-03T05:00,16.0,93,0.0,7.2,333,1018.6,52
Kortrijk,50.8279,3.2649,2019-08-03T06:00,15.9,93,0.0,6.8,335,1018.8,24
Kortrijk,50.8279,3.2649,2019-08-03T07:00,17.1,87,0.0,4.7,337,1019.0,22
Kortrijk,50.8279,3.2649,2019-08-03T08:00,18.5,78,0.0,7.3,20,1018.9,32
Kortrijk,50.8279,3.2649,2019-08-03T09:00,19.7,69,0.0,9.7,27,1018.8,68
Kortrijk,50.8279,3.2649,2019-08-03T10:00,20.8,64,0.1,7.2,18,1018.8,100
Kortrijk,50.8279,3.2649,2019-08-03T11:00,21.2,64,0.1,5.0,360,1019.1,98
Kortrijk,50.8279,3.2649,2019-08-03T12:00,21.0,66,0.3,7.3,11,1019.1,100
Kortrijk,50.8279,3.2649,2019-08-03T13:00,21.0,68,0.1,7.5,17,1019.4,100
Kortrijk,50.8279,3.2649,2019-08-03T14:00,21.2,68,0.1,8.2,38,1019.3,99
Kortrijk,50.8279,3.2649,2019-08-03T15:00,21.4,67,0.1,8.9,47,1019.1,98
Kortrijk,50.8279,3.2649,2019-08-03T16:00,21.7,65,0.1,8.7,52,1018.7,99
Kortrijk,50.8279,3.2649,2019-08-03T17:00,21.8,64,0.0,8.4,50,1018.4,100
Kortrijk,50.8279,3.2649,2019-08-03T18:00,21.0,67,0.0,9.4,40,1018.2,100
Kortrijk,50.8279,3.2649,2019-08-03T19:00,20.2,70,0.0,9.0,29,1018.1,100
Kortrijk,50.8279,3.2649,2019-08-03T20:00,19.2,73,0.0,7.2,27,1018.1,99
Kortrijk,50.8279,3.2649,2019-08-03T21:00,18.4,77,0.0,7.9,30,1017.9,98
Kortrijk,50.8279,3.2649,2019-08-03T22:00,17.5,81,0.0,7.7,41,1017.9,98
Kortrijk,50.8279,3.2649,2019-08-03T23:00,17.0,81,0.0,7.9,66,1017.7,95
Kortrijk,50.8279,3.2649,2019-08-04T00:00,16.2,85,0.0,6.9,81,1017.6,66
Kortrijk,50.8279,3.2649,2019-08-04T01:00,16.0,87,0.0,7.1,75,1017.4,11
Kortrijk,50.8279,3.2649,2019-08-04T02:00,14.8,93,0.0,5.4,94,1017.3,20
Kortrijk,50.8279,3.2649,2019-08-04T03:00,14.7,94,0.0,5.6,105,1017.2,37
Kortrijk,50.8279,3.2649,2019-08-04T04:00,14.9,94,0.0,5.6,105,1016.9,69
Kortrijk,50.8279,3.2649,2019-08-04T05:00,14.9,95,0.0,5.4,110,1016.9,76
Kortrijk,50.8279,3.2649,2019-08-04T06:00,15.1,93,0.0,6.3,103,1016.6,25
Kortrijk,50.8279,3.2649,2019-08-04T07:00,17.0,86,0.0,6.5,109,1016.3,13
Kortrijk,50.8279,3.2649,2019-08-04T08:00,19.1,77,0.0,7.3,123,1016.2,17
Kortrijk,50.8279,3.2649,2019-08-04T09:00,21.0,69,0.0,7.6,121,1015.8,94
Kortrijk,50.8279,3.2649,2019-08-04T10:00,22.5,62,0.0,6.4,133,1015.5,99
Kortrijk,50.8279,3.2649,2019-08-04T11:00,23.6,57,0.0,7.1,150,1015.0,93
Kortrijk,50.8279,3.2649,2019-08-04T12:00,24.5,54,0.0,7.6,175,1014.7,97
Kortrijk,50.8279,3.2649,2019-08-04T13:00,25.3,52,0.0,8.2,165,1014.7,100
Kortrijk,50.8279,3.2649,2019-08-04T14:00,26.0,50,0.0,8.6,178,1014.2,100
Kortrijk,50.8279,3.2649,2019-08-04T15:00,25.6,50,0.0,9.1,187,1013.9,100
Kortrijk,50.8279,3.2649,2019-08-04T16:00,25.5,51,0.0,6.5,183,1013.5,100
Kortrijk,50.8279,3.2649,2019-08-04T17:00,25.5,50,0.0,5.7,162,1012.9,100
Kortrijk,50.8279,3.2649,2019-08-04T18:00,25.2,53,0.0,4.4,171,1012.6,100
Kortrijk,50.8279,3.2649,2019-08-04T19:00,23.9,63,0.0,4.1,195,1012.1,100
Kortrijk,50.8279,3.2649,2019-08-04T20:00,22.2,74,0.0,6.4,196,1011.9,100
Kortrijk,50.8279,3.2649,2019-08-04T21:00,21.1,75,0.0,7.1,131,1011.8,100
Kortrijk,50.8279,3.2649,2019-08-04T22:00,20.7,73,0.0,6.2,144,1011.6,100
Kortrijk,50.8279,3.2649,2019-08-04T23:00,20.7,67,0.0,7.1,150,1011.6,100
Kortrijk,50.8279,3.2649,2019-08-05T00:00,20.5,67,0.0,5.5,113,1011.3,99
Kortrijk,50.8279,3.2649,2019-08-05T01:00,19.7,73,0.0,10.9,262,1011.6,92
Kortrijk,50.8279,3.2649,2019-08-05T02:00,18.6,78,0.0,11.2,264,1011.5,94
Kortrijk,50.8279,3.2649,2019-08-05T03:00,17.9,79,0.0,12.3,263,1011.5,98
Kortrijk,50.8279,3.2649,2019-08-05T04:00,17.6,80,0.0,12.8,259,1011.5,96
Kortrijk,50.8279,3.2649,2019-08-05T05:00,16.7,84,0.0,13.1,254,1011.6,55
Kortrijk,50.8279,3.2649,2019-08-05T06:00,16.1,87,0.0,11.9,245,1011.7,34
Kortrijk,50.8279,3.2649,2019-08-05T07:00,17.0,83,0.0,11.8,243,1011.8,59
Kortrijk,50.8279,3.2649,2019-08-05T08:00,18.2,76,0.0,13.2,244,1011.8,30
Kortrijk,50.8279,3.2649,2019-08-05T09:00,19.9,69,0.0,15.4,249,1012.0,34
Kortrijk,50.8279,3.2649,2019-08-05T10:00,21.0,65,0.0,15.0,246,1011.9,46
Kortrijk,50.8279,3.2649,2019-08-05T11:00,22.8,56,0.0,18.6,238,1011.7,71
Kortrijk,50.8279,3.2649,2019-08-05T12:00,23.5,52,0.0,21.2,235,1011.5,96
Kortrijk,50.8279,3.2649,2019-08-05T13:00,24.6,48,0.0,18.9,235,1011.2,100
Kortrijk,50.8279,3.2649,2019-08-05T14:00,24.0,52,0.0,19.4,230,1011.1,100
Kortrijk,50.8279,3.2649,2019-08-05T15:00,24.0,53,0.0,19.3,233,1011.0,100
Kortrijk,50.8279,3.2649,2019-08-05T16:00,22.5,63,0.0,19.2,264,1011.3,98
Kortrijk,50.8279,3.2649,2019-08-05T17:00,21.9,68,0.1,14.1,257,1011.1,100
Kortrijk,50.8279,3.2649,2019-08-05T18:00,22.1,67,0.0,14.9,238,1010.8,77
Kortrijk,50.8279,3.2649,2019-08-05T19:00,22.0,67,0.0,13.4,243,1010.7,99
Kortrijk,50.8279,3.2649,2019-08-05T20:00,21.0,72,0.0,16.9,246,1010.8,98
Kortrijk,50.8279,3.2649,2019-08-05T21:00,19.6,77,0.1,16.5,238,1011.4,65
Kortrijk,50.8279,3.2649,2019-08-05T22:00,18.3,76,0.0,14.7,242,1011.4,95
Kortrijk,50.8279,3.2649,2019-08-05T23:00,17.5,72,0.1,13.6,230,1011.7,72
Kortrijk,50.8279,3.2649,2019-08-06T00:00,16.8,74,0.0,12.8,232,1011.5,43
Kortrijk,50.8279,3.2649,2019-08-06T01:00,15.9,80,0.0,12.7,235,1011.8,99
Kortrijk,50.8279,3.2649,2019-08-06T02:00,15.4,84,0.0,11.5,231,1012.0,98
Kortrijk,50.8279,3.2649,2019-08-06T03:00,14.9,86,0.0,11.2,228,1011.7,96
Kortrijk,50.8279,3.2649,2019-08-06T04:00,14.6,87,0.0,10.9,226,1011.5,70
Kortrijk,50.8279,3.2649,2019-08-06T05:00,14.1,90,0.0,11.2,222,1011.6,90
Kortrijk,50.8279,3.2649,2019-08-06T06:00,14.4,87,0.0,11.2,228,1011.6,73
Kortrijk,50.8279,3.2649,2019-08-06T07:00,15.9,82,0.0,10.7,228,1011.6,57
Kortrijk,50.8279,3.2649,2019-08-06T08:00,17.5,78,0.0,12.2,227,1011.5,95
Kortrijk,50.8279,3.2649,2019-08-06T09:00,18.8,74,0.0,13.0,228,1011.3,98
Kortrijk,50.8279,3.2649,2019-08-06T10:00,20.0,65,0.0,15.8,229,1011.2,99
Kortrijk,50.8279,3.2649,2019-08-06T11:00,21.0,59,0.0,16.8,225,1011.0,99
Kortrijk,50.8279,3.2649,2019-08-06T12:00,21.6,55,0.0,17.1,226,1010.8,100
Kortrijk,50.8279,3.2649,2019-08-06T13:00,21.8,56,0.0,15.5,216,1010.6,100
Kortrijk,50.8279,3.2649,2019-08-06T14:00,22.2,54,0.0,17.3,228,1010.3,82
Kortrijk,50.8279,3.2649,2019-08-06T15:00,22.3,57,0.0,17.3,223,1009.7,100
Kortrijk,50.8279,3.2649,2019-08-06T16:00,22.1,61,0.0,12.8,220,1008.9,88
Kortrijk,50.8279,3.2649,2019-08-06T17:00,22.5,58,0.0,13.9,211,1008.3,100
Kortrijk,50.8279,3.2649,2019-08-06T18:00,22.4,59,0.2,14.0,226,1007.8,70
Kortrijk,50.8279,3.2649,2019-08-06T19:00,21.1,66,0.1,13.4,239,1007.7,40
Kortrijk,50.8279,3.2649,2019-08-06T20:00,19.9,70,0.0,10.9,253,1007.9,93
Kortrijk,50.8279,3.2649,2019-08-06T21:00,18.5,70,0.0,12.2,242,1008.4,80
Kortrijk,50.8279,3.2649,2019-08-06T22:00,17.6,73,0.0,11.6,234,1008.5,94
Kortrijk,50.8279,3.2649,2019-08-06T23:00,16.8,78,0.0,10.7,225,1008.2,100
Kortrijk,50.8279,3.2649,2019-08-07T00:00,16.6,80,0.0,12.3,220,1008.1,81
Kortrijk,50.8279,3.2649,2019-08-07T01:00,16.3,83,0.0,12.0,219,1008.1,89
Kortrijk,50.8279,3.2649,2019-08-07T02:00,16.1,86,0.0,14.1,212,1007.7,99
Kortrijk,50.8279,3.2649,2019-08-07T03:00,16.6,84,0.0,14.6,220,1007.6,83
Kortrijk,50.8279,3.2649,2019-08-07T04:00,16.7,84,0.0,15.3,227,1007.5,81
Kortrijk,50.8279,3.2649,2019-08-07T05:00,16.4,86,0.0,15.3,229,1007.4,23
Kortrijk,50.8279,3.2649,2019-08-07T06:00,15.9,88,0.0,14.6,230,1007.4,24
Kortrijk,50.8279,3.2649,2019-08-07T07:00,16.9,85,0.0,13.5,224,1007.7,31
Kortrijk,50.8279,3.2649,2019-08-07T08:00,18.0,80,0.0,18.9,235,1008.0,46
Kortrijk,50.8279,3.2649,2019-08-07T09:00,19.1,72,0.0,17.7,241,1007.7,30
Kortrijk,50.8279,3.2649,2019-08-07T10:00,20.3,64,0.0,17.4,248,1007.6,32
Kortrijk,50.8279,3.2649,2019-08-07T11:00,21.4,58,0.0,18.5,246,1007.7,21
Kortrijk,50.8279,3.2649,2019-08-07T12:00,22.0,54,0.0,19.0,245,1007.5,21
Kortrijk,50.8279,3.2649,2019-08-07T13:00,22.1,53,0.0,19.3,246,1007.8,18
Kortrijk,50.8279,3.2649,2019-08-07T14:00,22.6,49,0.0,20.2,248,1007.9,25
Kortrijk,50.8279,3.2649,2019-08-07T15:00,22.8,47,0.0,19.7,249,1007.9,21
Kortrijk,50.8279,3.2649,2019-08-07T16:00,22.8,47,0.0,19.8,254,1007.7,7
Kortrijk,50.8279,3.2649,2019-08-07T17:00,22.2,50,0.0,20.4,256,1008.0,5
Kortrijk,50.8279,3.2649,2019-08-07T18:00,21.5,53,0.0,18.9,256,1008.3,3
Kortrijk,50.8279,3.2649,2019-08-07T19:00,20.4,58,0.0,16.3,248,1008.6,1
Kortrijk,50.8279,3.2649,2019-08-07T20:00,19.0,63,0.0,15.5,245,1009.2,0
Kortrijk,50.8279,3.2649,2019-08-07T21:00,17.6,68,0.0,13.2,241,1009.6,0
Kortrijk,50.8279,3.2649,2019-08-07T22:00,16.7,74,0.0,12.5,231,1009.8,0
Kortrijk,50.8279,3.2649,2019-08-07T23:00,16.0,79,0.0,13.5,226,1010.1,0
Kortrijk,50.8279,3.2649,2019-08-08T00:00,15.6,82,0.0,13.8,227,1010.2,0
Kortrijk,50.8279,3.2649,2019-08-08T01:00,15.9,82,0.0,14.0,228,1010.5,0
Kortrijk,50.8279,3.2649,2019-08-08T02:00,15.2,87,0.0,13.0,222,1010.3,63
Kortrijk,50.8279,3.2649,2019-08-08T03:00,14.9,90,0.0,14.5,224,1010.5,90
Kortrijk,50.8279,3.2649,2019-08-08T04:00,14.9,90,0.0,14.3,227,1010.6,76
Kortrijk,50.8279,3.2649,2019-08-08T05:00,14.6,92,0.0,13.5,228,1010.8,91
Kortrijk,50.8279,3.2649,2019-08-08T06:00,14.8,91,0.0,12.0,226,1010.7,89
Kortrijk,50.8279,3.2649,2019-08-08T07:00,16.0,86,0.0,12.0,221,1011.1,9
Kortrijk,50.8279,3.2649,2019-08-08T08:00,17.9,78,0.0,12.7,235,1011.5,67
Kortrijk,50.8279,3.2649,2019-08-08T09:00,19.5,71,0.0,14.2,234,1011.8,89
Kortrijk,50.8279,3.2649,2019-08-08T10:00,20.6,62,0.0,13.0,236,1011.7,27
Kortrijk,50.8279,3.2649,2019-08-08T11:00,21.5,58,0.0,10.6,235,1011.8,60
Kortrijk,50.8279,3.2649,2019-08-08T12:00,22.5,55,0.0,10.6,235,1011.9,93
Kortrijk,50.8279,3.2649,2019-08-08T13:00,21.9,59,0.0,12.4,216,1012.2,85
Kortrijk,50.8279,3.2649,2019-08-08T14:00,22.2,59,0.0,10.3,209,1012.3,98
Kortrijk,50.8279,3.2649,2019-08-08T15:00,22.5,58,0.0,10.4,214,1012.0,100
Kortrijk,50.8279,3.2649,2019-08-08T16:00,22.9,58,0.0,9.5,209,1011.5,97
Kortrijk,50.8279,3.2649,2019-08-08T17:00,23.4,57,0.0,5.9,218,1011.4,37
Kortrijk,50.8279,3.2649,2019-08-08T18:00,23.2,59,0.0,3.3,193,1011.0,33
Kortrijk,50.8279,3.2649,2019-08-08T19:00,22.8,64,0.0,3.2,153,1010.9,15
Kortrijk,50.8279,3.2649,2019-08-08T20:00,20.8,71,0.0,6.3,103,1010.6,3
Kortrijk,50.8279,3.2649,2019-08-08T21:00,19.6,74,0.0,9.1,108,1010.4,82
Kortrijk,50.8279,3.2649,2019-08-08T22:00,19.6,73,0.0,10.3,115,1010.3,92
Kortrijk,50.8279,3.2649,2019-08-08T23:00,19.9,70,0.0,11.2,111,1010.1,80
Kortrijk,50.8279,3.2649,2019-08-09T00:00,20.2,68,0.0,13.6,112,1009.6,95
Kortrijk,50.8279,3.2649,2019-08-09T01:00,19.7,71,0.0,13.6,107,1008.9,100
Kortrijk,50.8279,3.2649,2019-08-09T02:00,19.8,73,0.1,12.9,103,1008.4,100
Kortrijk,50.8279,3.2649,2019-08-09T03:00,19.7,75,0.3,13.0,124,1007.9,100
Kortrijk,50.8279,3.2649,2019-08-09T04:00,19.7,76,0.0,10.7,135,1007.1,100
Kortrijk,50.8279,3.2649,2019-08-09T05:00,20.2,73,0.0,15.0,134,1005.6,100
Kortrijk,50.8279,3.2649,2019-08-09T06:00,20.7,72,0.0,13.9,155,1005.4,100
Kortrijk,50.8279,3.2649,2019-08-09T07:00,21.4,71,0.0,13.1,159,1005.0,95
Kortrijk,50.8279,3.2649,2019-08-09T08:00,21.6,78,1.1,14.9,195,1005.6,97
Kortrijk,50.8279,3.2649,2019-08-09T09:00,22.3,76,0.3,13.8,189,1005.2,100
Kortrijk,50.8279,3.2649,2019-08-09T10:00,22.4,79,0.7,14.0,198,1005.6,100
Kortrijk,50.8279,3.2649,2019-08-09T11:00,23.2,76,0.5,15.5,193,1005.5,100
Kortrijk,50.8279,3.2649,2019-08-09T12:00,22.4,85,0.8,14.4,193,1005.2,96
Kortrijk,50.8279,3.2649,2019-08-09T13:00,22.1,89,0.8,20.2,191,1005.5,97
Kortrijk,50.8279,3.2649,2019-08-09T14:00,24.4,62,0.0,19.5,205,1005.1,99
Kortrijk,50.8279,3.2649,2019-08-09T15:00,25.2,62,0.1,22.7,195,1004.8,100
Kortrijk,50.8279,3.2649,2019-08-09T16:00,23.0,76,0.2,21.3,183,1004.0,57
Kortrijk,50.8279,3.2649,2019-08-09T17:00,24.5,58,0.0,25.5,203,1004.3,17
Kortrijk,50.8279,3.2649,2019-08-09T18:00,24.0,58,0.0,20.4,206,1004.0,80
Kortrijk,50.8279,3.2649,2019-08-09T19:00,23.3,63,0.0,18.5,207,1004.1,69
Kortrijk,50.8279,3.2649,2019-08-09T20:00,22.2,67,0.0,19.4,190,1004.6,74
Kortrijk,50.8279,3.2649,2019-08-09T21:00,21.4,69,0.0,20.0,188,1005.1,36
Kortrijk,50.8279,3.2649,2019-08-09T22:00,21.0,73,0.0,22.6,188,1005.0,80
Kortrijk,50.8279,3.2649,2019-08-09T23:00,21.0,73,0.0,24.0,193,1004.8,91
Kortrijk,50.8279,3.2649,2019-08-10T00:00,20.6,70,0.0,24.7,203,1005.0,91
Kortrijk,50.8279,3.2649,2019-08-10T01:00,20.9,62,0.0,25.5,199,1005.1,16
Kortrijk,50.8279,3.2649,2019-08-10T02:00,20.5,60,0.0,27.9,202,1005.0,7
Kortrijk,50.8279,3.2649,2019-08-10T03:00,20.1,61,0.0,30.6,204,1005.2,20
Kortrijk,50.8279,3.2649,2019-08-10T04:00,19.5,64,0.0,31.1,208,1005.3,2
Kortrijk,50.8279,3.2649,2019-08-10T05:00,18.8,67,0.0,30.9,212,1005.8,87
Kortrijk,50.8279,3.2649,2019-08-10T06:00,18.6,68,0.0,29.3,214,1006.4,100
Kortrijk,50.8279,3.2649,2019-08-10T07:00,18.8,67,0.0,29.1,216,1007.1,100
Kortrijk,50.8279,3.2649,2019-08-10T08:00,18.9,67,0.0,27.9,218,1007.7,53
Kortrijk,50.8279,3.2649,2019-08-10T09:00,19.7,64,0.0,34.4,225,1008.2,59
Kortrijk,50.8279,3.2649,2019-08-10T10:00,20.4,60,0.0,34.4,226,1008.9,88
Kortrijk,50.8279,3.2649,2019-08-10T11:00,20.9,56,0.0,36.9,231,1009.3,55
Kortrijk,50.8279,3.2649,2019-08-10T12:00,21.5,54,0.0,34.9,232,1009.7,52
Kortrijk,50.8279,3.2649,2019-08-10T13:00,22.3,50,0.0,36.3,230,1010.3,51
Kortrijk,50.8279,3.2649,2019-08-10T14:00,22.9,47,0.0,35.8,231,1010.5,16
Kortrijk,50.8279,3.2649,2019-08-10T15:00,23.1,44,0.0,35.8,236,1010.8,38
Kortrijk,50.8279,3.2649,2019-08-10T16:00,22.5,46,0.0,34.0,238,1011.3,46
Kortrijk,50.8279,3.2649,2019-08-10T17:00,21.8,49,0.0,31.8,239,1011.8,49
Kortrijk,50.8279,3.2649,2019-08-10T18:00,21.2,54,0.0,26.5,239,1012.0,25
Kortrijk,50.8279,3.2649,2019-08-10T19:00,20.3,57,0.0,26.2,243,1012.5,24
Kortrijk,50.8279,3.2649,2019-08-10T20:00,19.0,64,0.0,22.7,250,1013.4,41
Kortrijk,50.8279,3.2649,2019-08-10T21:00,18.4,68,0.0,19.6,244,1013.8,40
Kortrijk,50.8279,3.2649,2019-08-10T22:00,17.9,70,0.0,18.6,238,1014.0,19
Kortrijk,50.8279,3.2649,2019-08-10T23:00,17.4,67,0.0,19.6,238,1014.4,4
Kortrijk,50.8279,3.2649,2019-08-11T00:00,17.0,66,0.0,19.7,235,1014.5,6
Kortrijk,50.8279,3.2649,2019-08-11T01:00,16.6,70,0.0,19.1,234,1014.8,70
Kortrijk,50.8279,3.2649,2019-08-11T02:00,16.0,74,0.0,18.3,227,1014.5,86
Kortrijk,50.8279,3.2649,2019-08-11T03:00,15.9,76,0.0,18.9,228,1014.7,97
Kortrijk,50.8279,3.2649,2019-08-11T04:00,15.9,78,0.0,17.8,225,1014.6,98
Kortrijk,50.8279,3.2649,2019-08-11T05:00,15.7,78,0.0,17.4,220,1014.6,91
Kortrijk,50.8279,3.2649,2019-08-11T06:00,15.4,79,0.0,16.6,214,1014.6,100
Kortrijk,50.8279,3.2649,2019-08-11T07:00,15.9,80,0.0,14.6,200,1014.4,89
Kortrijk,50.8279,3.2649,2019-08-11T08:00,17.0,75,0.0,17.1,205,1014.6,53
Kortrijk,50.8279,3.2649,2019-08-11T09:00,18.2,68,0.0,19.7,211,1014.4,100
Kortrijk,50.8279,3.2649,2019-08-11T10:00,18.8,64,0.0,19.2,218,1014.2,100
Kortrijk,50.8279,3.2649,2019-08-11T11:00,19.3,62,0.0,18.6,224,1014.3,100
Kortrijk,50.8279,3.2649,2019-08-11T12:00,19.9,59,0.0,18.7,230,1013.9,100
Kortrijk,50.8279,3.2649,2019-08-11T13:00,19.6,61,0.0,21.1,224,1014.3,100
Kortrijk,50.8279,3.2649,2019-08-11T14:00,19.5,61,0.0,19.9,224,1014.3,100
Kortrijk,50.8279,3.2649,2019-08-11T15:00,20.0,58,0.0,19.6,226,1013.8,100
Kortrijk,50.8279,3.2649,2019-08-11T16:00,19.6,60,0.0,18.5,233,1013.5,100
Kortrijk,50.8279,3.2649,2019-08-11T17:00,19.6,59,0.0,18.4,235,1013.6,97
Kortrijk,50.8279,3.2649,2019-08-11T18:00,19.1,62,0.0,15.0,235,1013.6,93
Kortrijk,50.8279,3.2649,2019-08-11T19:00,18.8,64,0.0,14.0,226,1014.0,20
Kortrijk,50.8279,3.2649,2019-08-11T20:00,17.9,66,0.0,13.0,224,1014.2,13
Kortrijk,50.8279,3.2649,2019-08-11T21:00,16.8,70,0.0,12.2,225,1014.5,9
Kortrijk,50.8279,3.2649,2019-08-11T22:00,15.9,76,0.0,11.7,225,1014.6,9
Kortrijk,50.8279,3.2649,2019-08-11T23:00,15.1,82,0.0,10.7,222,1014.8,7
Kortrijk,50.8279,3.2649,2019-08-12T00:00,14.7,86,0.0,11.0,218,1014.9,36
Kortrijk,50.8279,3.2649,2019-08-12T01:00,14.9,86,0.0,11.8,220,1015.0,7
Kortrijk,50.8279,3.2649,2019-08-12T02:00,14.5,88,0.0,12.7,223,1015.0,1
Kortrijk,50.8279,3.2649,2019-08-12T03:00,14.1,90,0.0,12.5,224,1014.5,5
Kortrijk,50.8279,3.2649,2019-08-12T04:00,13.8,92,0.0,11.7,223,1014.6,4
Kortrijk,50.8279,3.2649,2019-08-12T05:00,13.4,93,0.0,11.4,215,1014.7,2
Kortrijk,50.8279,3.2649,2019-08-12T06:00,13.2,94,0.0,10.4,214,1014.5,2
Kortrijk,50.8279,3.2649,2019-08-12T07:00,14.6,89,0.0,10.5,211,1014.4,2
Kortrijk,50.8279,3.2649,2019-08-12T08:00,16.2,82,0.0,11.7,225,1014.7,4
Kortrijk,50.8279,3.2649,2019-08-12T09:00,17.8,76,0.0,12.8,232,1015.0,33
Kortrijk,50.8279,3.2649,2019-08-12T10:00,18.8,70,0.1,13.1,233,1014.8,24
Kortrijk,50.8279,3.2649,2019-08-12T11:00,19.5,57,0.1,16.0,239,1014.8,21
Kortrijk,50.8279,3.2649,2019-08-12T12:00,20.0,55,0.1,15.9,245,1014.7,33
Kortrijk,50.8279,3.2649,2019-08-12T13:00,16.9,77,0.0,14.5,264,1014.8,63
Kortrijk,50.8279,3.2649,2019-08-12T14:00,18.6,67,0.0,8.9,223,1014.7,81
Kortrijk,50.8279,3.2649,2019-08-12T15:00,17.5,73,1.6,16.4,237,1014.8,97
Kortrijk,50.8279,3.2649,2019-08-12T16:00,17.6,74,0.4,9.4,270,1014.4,88
Kortrijk,50.8279,3.2649,2019-08-12T17:00,17.2,71,0.4,14.3,242,1014.5,93
Kortrijk,50.8279,3.2649,2019-08-12T18:00,17.0,72,0.1,15.8,258,1014.5,89
Kortrijk,50.8279,3.2649,2019-08-12T19:00,15.9,81,0.1,10.8,244,1014.6,76
Kortrijk,50.8279,3.2649,2019-08-12T20:00,15.0,85,0.0,9.7,239,1015.0,56
Kortrijk,50.8279,3.2649,2019-08-12T21:00,14.5,85,0.0,11.4,235,1015.5,30
Kortrijk,50.8279,3.2649,2019-08-12T22:00,14.0,88,0.1,12.4,262,1015.8,62
Kortrijk,50.8279,3.2649,2019-08-12T23:00,13.8,90,0.0,9.4,252,1016.0,36
Kortrijk,50.8279,3.2649,2019-08-13T00:00,13.2,93,0.2,11.6,265,1016.4,89
Kortrijk,50.8279,3.2649,2019-08-13T01:00,13.1,92,0.2,10.4,250,1017.3,94
Kortrijk,50.8279,3.2649,2019-08-13T02:00,12.6,94,0.0,7.8,257,1017.4,29
Kortrijk,50.8279,3.2649,2019-08-13T03:00,12.4,95,0.0,8.0,243,1017.4,14
Kortrijk,50.8279,3.2649,2019-08-13T04:00,12.1,95,0.0,8.4,239,1017.5,11
Kortrijk,50.8279,3.2649,2019-08-13T05:00,11.6,94,0.0,7.2,233,1017.5,10
Kortrijk,50.8279,3.2649,2019-08-13T06:00,11.6,94,0.0,9.2,222,1017.6,8
Kortrijk,50.8279,3.2649,2019-08-13T07:00,12.9,90,0.0,12.2,236,1017.9,1
Kortrijk,50.8279,3.2649,2019-08-13T08:00,14.4,85,0.0,12.6,233,1018.4,3
Kortrijk,50.8279,3.2649,2019-08-13T09:00,16.0,74,0.0,14.4,238,1018.3,44
Kortrijk,50.8279,3.2649,2019-08-13T10:00,17.4,70,0.1,17.4,232,1018.2,100
Kortrijk,50.8279,3.2649,2019-08-13T11:00,15.9,77,1.3,17.8,256,1018.5,100
Kortrijk,50.8279,3.2649,2019-08-13T12:00,16.2,73,0.2,17.9,248,1018.5,100
Kortrijk,50.8279,3.2649,2019-08-13T13:00,15.6,78,0.1,15.8,249,1018.7,98
Kortrijk,50.8279,3.2649,2019-08-13T14:00,16.1,71,0.1,17.5,238,1018.5,73
Kortrijk,50.8279,3.2649,2019-08-13T15:00,17.3,60,0.0,18.1,249,1018.1,43
Kortrijk,50.8279,3.2649,2019-08-13T16:00,17.8,54,0.0,17.0,257,1018.0,43
Kortrijk,50.8279,3.2649,2019-08-13T17:00,17.6,53,0.0,15.5,266,1018.1,45
Kortrijk,50.8279,3.2649,2019-08-13T18:00,16.9,64,0.1,13.1,261,1018.1,32
Kortrijk,50.8279,3.2649,2019-08-13T19:00,16.5,69,0.0,8.4,250,1018.1,27
Kortrijk,50.8279,3.2649,2019-08-13T20:00,14.9,76,0.0,6.5,236,1018.4,23
Kortrijk,50.8279,3.2649,2019-08-13T21:00,13.8,80,0.0,7.2,233,1018.7,16
Kortrijk,50.8279,3.2649,2019-08-13T22:00,13.1,81,0.0,7.6,225,1018.7,16
Kortrijk,50.8279,3.2649,2019-08-13T23:00,12.7,84,0.0,8.9,220,1018.7,19
Kortrijk,50.8279,3.2649,2019-08-14T00:00,12.3,88,0.0,10.8,217,1018.6,19
Kortrijk,50.8279,3.2649,2019-08-14T01:00,12.1,91,0.0,10.0,221,1018.8,13
Kortrijk,50.8279,3.2649,2019-08-14T02:00,11.4,94,0.0,9.3,216,1018.6,17
Kortrijk,50.8279,3.2649,2019-08-14T03:00,11.1,95,0.0,8.9,212,1018.4,60
Kortrijk,50.8279,3.2649,2019-08-14T04:00,10.9,96,0.0,9.2,201,1018.1,16
Kortrijk,50.8279,3.2649,2019-08-14T05:00,10.9,96,0.0,9.8,204,1018.2,1
Kortrijk,50.8279,3.2649,2019-08-14T06:00,11.1,96,0.0,9.5,205,1018.3,6
Kortrijk,50.8279,3.2649,2019-08-14T07:00,12.6,92,0.0,10.0,195,1017.9,3
Kortrijk,50.8279,3.2649,2019-08-14T08:00,14.7,85,0.0,10.6,198,1017.8,1
Kortrijk,50.8279,3.2649,2019-08-14T09:00,16.8,77,0.0,12.4,206,1017.8,38
Kortrijk,50.8279,3.2649,2019-08-14T10:00,18.4,71,0.0,14.0,209,1017.4,35
Kortrijk,50.8279,3.2649,2019-08-14T11:00,19.1,68,0.0,14.3,208,1017.2,100
Kortrijk,50.8279,3.2649,2019-08-14T12:00,19.3,64,0.0,14.7,216,1016.7,100
Kortrijk,50.8279,3.2649,2019-08-14T13:00,18.6,67,0.1,14.1,195,1016.6,99
Kortrijk,50.8279,3.2649,2019-08-14T14:00,19.3,63,0.2,13.6,197,1016.0,98
Kortrijk,50.8279,3.2649,2019-08-14T15:00,18.1,76,0.6,10.9,188,1015.4,94
Kortrijk,50.8279,3.2649,2019-08-14T16:00,18.8,72,0.1,13.4,188,1014.7,100
Kortrijk,50.8279,3.2649,2019-08-14T17:00,18.3,77,0.3,11.5,184,1014.0,97
Kortrijk,50.8279,3.2649,2019-08-14T18:00,18.1,80,0.2,11.6,175,1013.1,100
Kortrijk,50.8279,3.2649,2019-08-14T19:00,17.9,82,0.2,9.8,174,1012.4,99
Kortrijk,50.8279,3.2649,2019-08-14T20:00,17.2,85,0.3,13.2,197,1012.0,79
Kortrijk,50.8279,3.2649,2019-08-14T21:00,16.5,87,0.2,14.4,180,1011.8,80
Kortrijk,50.8279,3.2649,2019-08-14T22:00,16.5,88,0.7,16.9,192,1011.0,85
Kortrijk,50.8279,3.2649,2019-08-14T23:00,16.0,91,0.2,17.0,193,1010.6,100
Kortrijk,50.8279,3.2649,2019-08-15T00:00,16.1,89,0.8,18.7,199,1010.2,100
Kortrijk,50.8279,3.2649,2019-08-15T01:00,16.4,88,0.0,18.4,211,1010.2,100
Kortrijk,50.8279,3.2649,2019-08-15T02:00,16.4,89,0.0,18.1,211,1009.9,100
Kortrijk,50.8279,3.2649,2019-08-15T03:00,16.4,91,0.0,17.9,214,1009.3,100
Kortrijk,50.8279,3.2649,2019-08-15T04:00,16.4,92,0.0,17.1,215,1008.8,100
Kortrijk,50.8279,3.2649,2019-08-15T05:00,16.3,92,0.1,17.2,217,1008.8,100
Kortrijk,50.8279,3.2649,2019-08-15T06:00,16.5,92,0.0,17.8,228,1008.9,100
Kortrijk,50.8279,3.2649,2019-08-15T07:00,16.7,91,0.1,19.6,244,1009.2,59
Kortrijk,50.8279,3.2649,2019-08-15T08:00,17.5,87,0.1,20.7,250,1009.6,19
Kortrijk,50.8279,3.2649,2019-08-15T09:00,18.4,82,0.1,20.4,256,1010.1,18
Kortrijk,50.8279,3.2649,2019-08-15T10:00,19.2,75,0.1,20.0,262,1010.2,35
Kortrijk,50.8279,3.2649,2019-08-15T11:00,20.0,67,0.2,21.3,264,1010.6,91
Kortrijk,50.8279,3.2649,2019-08-15T12:00,20.1,66,0.3,23.4,268,1010.9,71
Kortrijk,50.8279,3.2649,2019-08-15T13:00,19.8,69,0.6,21.4,263,1011.8,37
Kortrijk,50.8279,3.2649,2019-08-15T14:00,20.5,64,0.1,21.3,274,1012.3,48
Kortrijk,50.8279,3.2649,2019-08-15T15:00,20.0,63,0.1,23.1,275,1013.0,51
Kortrijk,50.8279,3.2649,2019-08-15T16:00,20.0,61,0.0,22.5,276,1013.5,59
Kortrijk,50.8279,3.2649,2019-08-15T17:00,19.5,64,0.1,18.6,285,1014.1,53
Kortrijk,50.8279,3.2649,2019-08-15T18:00,19.3,67,0.1,13.7,275,1014.3,49
Kortrijk,50.8279,3.2649,2019-08-15T19:00,18.6,72,0.1,11.2,272,1014.9,55
Kortrijk,50.8279,3.2649,2019-08-15T20:00,17.5,79,0.1,9.2,244,1015.5,60
Kortrijk,50.8279,3.2649,2019-08-15T21:00,17.0,84,0.1,12.1,247,1016.1,99
Kortrijk,50.8279,3.2649,2019-08-15T22:00,16.3,85,0.0,12.9,243,1016.4,75
Kortrijk,50.8279,3.2649,2019-08-15T23:00,15.9,87,0.0,10.9,236,1016.5,0
Kortrijk,50.8279,3.2649,2019-08-16T00:00,14.6,92,0.0,9.7,231,1016.7,2
Kortrijk,50.8279,3.2649,2019-08-16T01:00,14.0,93,0.0,7.0,235,1017.4,21
Kortrijk,50.8279,3.2649,2019-08-16T02:00,13.8,94,0.0,8.5,234,1017.8,100
Kortrijk,50.8279,3.2649,2019-08-16T03:00,13.6,95,0.0,8.2,229,1017.5,98
Kortrijk,50.8279,3.2649,2019-08-16T04:00,13.7,95,0.0,9.5,233,1017.3,95
Kortrijk,50.8279,3.2649,2019-08-16T05:00,13.5,95,0.0,8.7,228,1017.3,93
Kortrijk,50.8279,3.2649,2019-08-16T06:00,13.6,96,0.0,9.2,219,1017.0,91
Kortrijk,50.8279,3.2649,2019-08-16T07:00,14.7,94,0.0,11.2,213,1017.0,99
Kortrijk,50.8279,3.2649,2019-08-16T08:00,16.5,87,0.0,13.8,219,1016.9,100
Kortrijk,50.8279,3.2649,2019-08-16T09:00,17.7,78,0.0,16.8,225,1016.7,100
Kortrijk,50.8279,3.2649,2019-08-16T10:00,19.0,71,0.0,18.8,223,1016.3,99
Kortrijk,50.8279,3.2649,2019-08-16T11:00,19.8,66,0.0,17.4,220,1015.8,99
Kortrijk,50.8279,3.2649,2019-08-16T12:00,21.0,58,0.0,20.4,228,1015.4,100
Kortrijk,50.8279,3.2649,2019-08-16T13:00,21.9,55,0.0,19.1,224,1015.1,99
Kortrijk,50.8279,3.2649,2019-08-16T14:00,21.5,58,0.0,20.1,204,1014.2,100
Kortrijk,50.8279,3.2649,2019-08-16T15:00,21.9,56,0.0,22.7,203,1013.5,100
Kortrijk,50.8279,3.2649,2019-08-16T16:00,21.7,55,0.0,20.5,208,1012.8,100
Kortrijk,50.8279,3.2649,2019-08-16T17:00,21.8,55,0.0,17.6,206,1012.2,100
Kortrijk,50.8279,3.2649,2019-08-16T18:00,21.4,57,0.0,14.2,201,1011.4,100
Kortrijk,50.8279,3.2649,2019-08-16T19:00,21.0,57,0.0,14.0,192,1010.6,100
Kortrijk,50.8279,3.2649,2019-08-16T20:00,19.3,66,0.4,12.0,226,1010.6,100
Kortrijk,50.8279,3.2649,2019-08-16T21:00,17.9,81,0.7,11.7,198,1010.3,100
Kortrijk,50.8279,3.2649,2019-08-16T22:00,17.1,87,0.3,15.8,201,1009.8,100
Kortrijk,50.8279,3.2649,2019-08-16T23:00,16.9,88,0.4,16.9,196,1009.2,100
Kortrijk,50.8279,3.2649,2019-08-17T00:00,16.6,88,0.7,18.8,197,1008.4,97
Kortrijk,50.8279,3.2649,2019-08-17T01:00,17.1,85,0.1,19.1,200,1008.2,94
Kortrijk,50.8279,3.2649,2019-08-17T02:00,17.3,81,0.0,20.8,206,1007.8,85
Kortrijk,50.8279,3.2649,2019-08-17T03:00,17.5,79,0.0,20.6,209,1007.2,99
Kortrijk,50.8279,3.2649,2019-08-17T04:00,17.5,79,0.0,21.6,210,1006.9,99
Kortrijk,50.8279,3.2649,2019-08-17T05:00,17.5,80,0.0,20.3,210,1007.1,99
Kortrijk,50.8279,3.2649,2019-08-17T06:00,17.3,83,0.2,18.5,207,1006.8,100
Kortrijk,50.8279,3.2649,2019-08-17T07:00,17.3,86,0.6,19.5,208,1006.8,100
Kortrijk,50.8279,3.2649,2019-08-17T08:00,17.5,89,0.6,20.0,208,1007.0,100
Kortrijk,50.8279,3.2649,2019-08-17T09:00,18.2,89,0.1,20.5,204,1006.9,100
Kortrijk,50.8279,3.2649,2019-08-17T10:00,18.9,88,0.0,16.6,204,1006.9,100
Kortrijk,50.8279,3.2649,2019-08-17T11:00,19.4,86,0.4,18.7,210,1007.2,100
Kortrijk,50.8279,3.2649,2019-08-17T12:00,19.2,90,1.0,20.7,230,1007.2,100
Kortrijk,50.8279,3.2649,2019-08-17T13:00,19.9,94,0.4,14.5,222,1006.9,95
Kortrijk,50.8279,3.2649,2019-08-17T14:00,19.8,88,0.6,13.6,238,1006.8,100
Kortrijk,50.8279,3.2649,2019-08-17T15:00,20.1,81,0.2,17.0,253,1007.3,100
Kortrijk,50.8279,3.2649,2019-08-17T16:00,19.4,80,0.2,16.6,240,1007.5,100
Kortrijk,50.8279,3.2649,2019-08-17T17:00,18.8,80,0.0,15.5,226,1007.5,100
Kortrijk,50.8279,3.2649,2019-08-17T18:00,18.7,80,0.0,14.5,224,1007.2,99
Kortrijk,50.8279,3.2649,2019-08-17T19:00,18.1,80,0.0,13.2,225,1007.3,100
Kortrijk,50.8279,3.2649,2019-08-17T20:00,17.4,79,0.0,12.7,235,1007.4,100
Kortrijk,50.8279,3.2649,2019-08-17T21:00,16.6,79,0.0,11.5,231,1007.6,100
Kortrijk,50.8279,3.2649,2019-08-17T22:00,16.3,81,0.0,10.7,230,1007.5,100
Kortrijk,50.8279,3.2649,2019-08-17T23:00,16.0,85,0.0,10.7,220,1007.4,100
Kortrijk,50.8279,3.2649,2019-08-18T00:00,15.8,88,0.2,9.6,214,1007.3,100
Kortrijk,50.8279,3.2649,2019-08-18T01:00,16.1,84,0.7,11.1,209,1007.5,100
Kortrijk,50.8279,3.2649,2019-08-18T02:00,16.0,87,0.4,12.2,208,1007.4,100
Kortrijk,50.8279,3.2649,2019-08-18T03:00,15.9,93,1.0,10.9,197,1006.4,100
Kortrijk,50.8279,3.2649,2019-08-18T04:00,15.8,94,0.7,12.4,190,1005.9,100
Kortrijk,50.8279,3.2649,2019-08-18T05:00,15.6,94,0.9,9.4,184,1005.1,100
Kortrijk,50.8279,3.2649,2019-08-18T06:00,15.3,93,1.3,11.2,178,1004.5,100
Kortrijk,50.8279,3.2649,2019-08-18T07:00,15.1,93,1.4,7.2,186,1004.4,100
Kortrijk,50.8279,3.2649,2019-08-18T08:00,15.2,94,1.3,7.4,166,1003.7,100
Kortrijk,50.8279,3.2649,2019-08-18T09:00,15.8,93,0.9,5.2,245,1003.8,100
Kortrijk,50.8279,3.2649,2019-08-18T10:00,16.6,85,0.1,8.0,260,1004.0,99
Kortrijk,50.8279,3.2649,2019-08-18T11:00,18.3,77,0.0,12.7,277,1004.5,100
Kortrijk,50.8279,3.2649,2019-08-18T12:00,19.5,71,0.1,14.8,270,1005.3,100
Kortrijk,50.8279,3.2649,2019-08-18T13:00,18.1,78,0.1,16.4,255,1006.3,80
Kortrijk,50.8279,3.2649,2019-08-18T14:00,18.0,78,0.2,16.4,255,1007.1,63
Kortrijk,50.8279,3.2649,2019-08-18T15:00,19.8,67,0.1,20.9,246,1007.3,59
Kortrijk,50.8279,3.2649,2019-08-18T16:00,20.1,64,0.1,23.5,245,1007.8,16
Kortrijk,50.8279,3.2649,2019-08-18T17:00,19.8,62,0.0,22.3,247,1008.2,25
Kortrijk,50.8279,3.2649,2019-08-18T18:00,18.8,60,0.0,21.7,243,1008.7,24
Kortrijk,50.8279,3.2649,2019-08-18T19:00,17.7,64,0.0,19.3,237,1009.1,16
Kortrijk,50.8279,3.2649,2019-08-18T20:00,16.4,66,0.0,18.1,239,1009.6,79
Kortrijk,50.8279,3.2649,2019-08-18T21:00,15.6,70,0.0,17.9,230,1010.5,4
Kortrijk,50.8279,3.2649,2019-08-18T22:00,14.9,73,0.0,17.9,236,1010.7,3
Kortrijk,50.8279,3.2649,2019-08-18T23:00,14.4,77,0.0,16.7,237,1011.2,5
Kortrijk,50.8279,3.2649,2019-08-19T00:00,14.1,82,0.0,16.1,231,1011.6,1
Kortrijk,50.8279,3.2649,2019-08-19T01:00,14.6,81,0.0,16.8,225,1012.3,7
Kortrijk,50.8279,3.2649,2019-08-19T02:00,14.5,82,0.0,16.9,220,1012.7,33
Kortrijk,50.8279,3.2649,2019-08-19T03:00,14.4,83,0.0,16.1,214,1012.9,28
Kortrijk,50.8279,3.2649,2019-08-19T04:00,14.1,83,0.0,17.1,215,1013.1,24
Kortrijk,50.8279,3.2649,2019-08-19T05:00,14.1,83,0.0,17.9,214,1013.5,42
Kortrijk,50.8279,3.2649,2019-08-19T06:00,14.3,82,0.0,18.1,215,1013.9,43
Kortrijk,50.8279,3.2649,2019-08-19T07:00,15.0,81,0.0,18.2,218,1014.3,27
Kortrijk,50.8279,3.2649,2019-08-19T08:00,16.0,79,0.0,18.0,217,1014.6,12
Kortrijk,50.8279,3.2649,2019-08-19T09:00,17.2,72,0.0,22.2,234,1014.8,25
Kortrijk,50.8279,3.2649,2019-08-19T10:00,18.0,67,0.0,22.9,237,1015.3,38
Kortrijk,50.8279,3.2649,2019-08-19T11:00,18.5,65,0.0,23.0,235,1015.9,41
Kortrijk,50.8279,3.2649,2019-08-19T12:00,18.6,65,0.1,24.5,240,1016.0,42
Kortrijk,50.8279,3.2649,2019-08-19T13:00,18.8,61,0.0,23.9,236,1016.6,38
Kortrijk,50.8279,3.2649,2019-08-19T14:00,19.3,57,0.0,23.3,238,1016.9,38
Kortrijk,50.8279,3.2649,2019-08-19T15:00,19.5,54,0.0,25.0,237,1017.0,47
Kortrijk,50.8279,3.2649,2019-08-19T16:00,19.2,57,0.0,22.6,239,1017.1,27
Kortrijk,50.8279,3.2649,2019-08-19T17:00,19.2,56,0.0,22.6,239,1017.4,16
Kortrijk,50.8279,3.2649,2019-08-19T18:00,18.6,57,0.0,20.3,240,1017.6,12
Kortrijk,50.8279,3.2649,2019-08-19T19:00,17.5,63,0.0,17.6,239,1018.2,12
Kortrijk,50.8279,3.2649,2019-08-19T20:00,16.0,66,0.0,15.0,235,1018.3,3
Kortrijk,50.8279,3.2649,2019-08-19T21:00,15.0,70,0.0,14.8,229,1018.8,4
Kortrijk,50.8279,3.2649,2019-08-19T22:00,14.3,76,0.0,15.0,228,1019.1,3
Kortrijk,50.8279,3.2649,2019-08-19T23:00,13.9,82,0.0,14.8,229,1019.5,1
Kortrijk,50.8279,3.2649,2019-08-20T00:00,13.4,87,0.0,13.2,225,1019.9,1
Kortrijk,50.8279,3.2649,2019-08-20T01:00,13.2,92,0.0,12.0,226,1020.4,5
Kortrijk,50.8279,3.2649,2019-08-20T02:00,12.8,94,0.0,11.5,221,1020.5,2
Kortrijk,50.8279,3.2649,2019-08-20T03:00,12.6,95,0.0,10.4,214,1020.5,18
Kortrijk,50.8279,3.2649,2019-08-20T04:00,12.6,95,0.0,10.5,211,1020.5,33
Kortrijk,50.8279,3.2649,2019-08-20T05:00,12.9,95,0.0,11.1,216,1020.5,30
Kortrijk,50.8279,3.2649,2019-08-20T06:00,13.0,94,0.0,12.8,218,1021.0,28
Kortrijk,50.8279,3.2649,2019-08-20T07:00,14.0,90,0.0,14.1,218,1021.5,27
Kortrijk,50.8279,3.2649,2019-08-20T08:00,15.4,83,0.0,13.7,225,1022.1,11
Kortrijk,50.8279,3.2649,2019-08-20T09:00,16.9,74,0.0,17.1,248,1022.0,20
Kortrijk,50.8279,3.2649,2019-08-20T10:00,18.0,65,0.0,17.2,250,1022.3,35
Kortrijk,50.8279,3.2649,2019-08-20T11:00,18.6,59,0.0,16.9,258,1022.8,27
Kortrijk,50.8279,3.2649,2019-08-20T12:00,19.0,56,0.0,16.3,262,1022.8,45
Kortrijk,50.8279,3.2649,2019-08-20T13:00,19.2,57,0.0,15.7,261,1023.2,52
Kortrijk,50.8279,3.2649,2019-08-20T14:00,19.3,55,0.1,15.7,259,1023.5,51
Kortrijk,50.8279,3.2649,2019-08-20T15:00,19.5,53,0.0,15.3,262,1023.7,39
Kortrijk,50.8279,3.2649,2019-08-20T16:00,19.5,52,0.0,15.2,265,1023.8,32
Kortrijk,50.8279,3.2649,2019-08-20T17:00,19.5,51,0.0,13.7,267,1024.2,42
Kortrijk,50.8279,3.2649,2019-08-20T18:00,18.8,54,0.0,11.6,275,1024.7,38
Kortrijk,50.8279,3.2649,2019-08-20T19:00,17.4,63,0.0,7.2,273,1025.1,16
Kortrijk,50.8279,3.2649,2019-08-20T20:00,15.1,71,0.0,7.0,249,1025.8,8
Kortrijk,50.8279,3.2649,2019-08-20T21:00,14.2,73,0.0,8.9,249,1026.3,11
Kortrijk,50.8279,3.2649,2019-08-20T22:00,13.2,80,0.0,7.3,250,1026.6,6
Kortrijk,50.8279,3.2649,2019-08-20T23:00,12.3,86,0.0,7.1,240,1026.9,2
Kortrijk,50.8279,3.2649,2019-08-21T00:00,11.8,90,0.0,7.1,240,1027.1,1
Kortrijk,50.8279,3.2649,2019-08-21T01:00,11.8,91,0.0,7.3,250,1027.5,0
Kortrijk,50.8279,3.2649,2019-08-21T02:00,10.5,94,0.0,6.4,243,1027.3,0
Kortrijk,50.8279,3.2649,2019-08-21T03:00,9.9,96,0.0,6.6,221,1027.5,0
Kortrijk,50.8279,3.2649,2019-08-21T04:00,9.6,97,0.0,5.2,196,1027.6,0
Kortrijk,50.8279,3.2649,2019-08-21T05:00,8.9,98,0.0,6.6,193,1027.7,0
Kortrijk,50.8279,3.2649,2019-08-21T06:00,9.1,98,0.0,5.2,192,1027.9,0
Kortrijk,50.8279,3.2649,2019-08-21T07:00,11.1,94,0.0,6.4,196,1028.1,0
Kortrijk,50.8279,3.2649,2019-08-21T08:00,13.7,87,0.0,4.7,189,1028.5,0
Kortrijk,50.8279,3.2649,2019-08-21T09:00,16.2,80,0.0,5.1,188,1028.6,86
Kortrijk,50.8279,3.2649,2019-08-21T10:00,18.4,68,0.0,5.5,191,1028.7,94
Kortrijk,50.8279,3.2649,2019-08-21T11:00,19.6,57,0.0,7.1,204,1028.5,97
Kortrijk,50.8279,3.2649,2019-08-21T12:00,20.4,52,0.0,6.4,196,1028.2,97
Kortrijk,50.8279,3.2649,2019-08-21T13:00,21.0,49,0.0,7.6,180,1027.7,98
Kortrijk,50.8279,3.2649,2019-08-21T14:00,21.5,47,0.0,5.2,196,1027.3,87
Kortrijk,50.8279,3.2649,2019-08-21T15:00,21.9,46,0.0,3.3,221,1027.2,85
Kortrijk,50.8279,3.2649,2019-08-21T16:00,22.0,45,0.0,1.1,198,1026.5,19
Kortrijk,50.8279,3.2649,2019-08-21T17:00,21.9,44,0.0,1.1,108,1026.2,0
Kortrijk,50.8279,3.2649,2019-08-21T18:00,21.5,43,0.0,1.3,146,1026.0,0
Kortrijk,50.8279,3.2649,2019-08-21T19:00,19.4,66,0.0,4.7,157,1025.9,0
Kortrijk,50.8279,3.2649,2019-08-21T20:00,15.9,70,0.0,9.1,171,1026.0,0
Kortrijk,50.8279,3.2649,2019-08-21T21:00,15.4,69,0.0,7.7,217,1026.2,0
Kortrijk,50.8279,3.2649,2019-08-21T22:00,13.4,82,0.0,4.9,287,1026.2,0
Kortrijk,50.8279,3.2649,2019-08-21T23:00,12.6,93,0.0,4.5,299,1026.3,0
Kortrijk,50.8279,3.2649,2019-08-22T00:00,11.9,98,0.0,4.4,305,1026.4,0
Kortrijk,50.8279,3.2649,2019-08-22T01:00,12.7,87,0.0,5.6,153,1025.8,0
Kortrijk,50.8279,3.2649,2019-08-22T02:00,10.4,93,0.0,8.2,165,1025.4,0
Kortrijk,50.8279,3.2649,2019-08-22T03:00,10.6,90,0.0,6.1,177,1025.2,21
Kortrijk,50.8279,3.2649,2019-08-22T04:00,10.6,90,0.0,6.1,225,1025.0,87
Kortrijk,50.8279,3.2649,2019-08-22T05:00,10.1,92,0.0,6.6,229,1025.1,90
Kortrijk,50.8279,3.2649,2019-08-22T06:00,10.4,93,0.0,6.0,213,1025.2,66
Kortrijk,50.8279,3.2649,2019-08-22T07:00,12.6,87,0.0,8.7,253,1025.6,47
Kortrijk,50.8279,3.2649,2019-08-22T08:00,15.3,79,0.0,7.6,278,1025.7,31
Kortrijk,50.8279,3.2649,2019-08-22T09:00,17.4,69,0.0,8.0,278,1026.0,72
Kortrijk,50.8279,3.2649,2019-08-22T10:00,18.8,60,0.0,8.3,268,1025.9,62
Kortrijk,50.8279,3.2649,2019-08-22T11:00,20.0,53,0.0,8.6,255,1026.0,46
Kortrijk,50.8279,3.2649,2019-08-22T12:00,21.0,48,0.0,9.2,244,1025.8,0
Kortrijk,50.8279,3.2649,2019-08-22T13:00,22.0,48,0.0,9.4,247,1025.9,0
Kortrijk,50.8279,3.2649,2019-08-22T14:00,22.3,46,0.0,9.7,248,1025.6,1
Kortrijk,50.8279,3.2649,2019-08-22T15:00,22.7,44,0.0,9.8,246,1025.2,0
Kortrijk,50.8279,3.2649,2019-08-22T16:00,22.6,44,0.0,10.9,253,1025.0,0
Kortrijk,50.8279,3.2649,2019-08-22T17:00,22.2,45,0.0,11.4,257,1025.1,0
Kortrijk,50.8279,3.2649,2019-08-22T18:00,21.3,48,0.0,9.5,259,1024.9,0
Kortrijk,50.8279,3.2649,2019-08-22T19:00,19.2,57,0.0,7.6,265,1025.3,0
Kortrijk,50.8279,3.2649,2019-08-22T20:00,16.4,65,0.0,7.1,255,1025.5,0
Kortrijk,50.8279,3.2649,2019-08-22T21:00,15.3,65,0.0,8.0,252,1026.0,0
Kortrijk,50.8279,3.2649,2019-08-22T22:00,14.1,69,0.0,7.0,249,1026.1,0
Kortrijk,50.8279,3.2649,2019-08-22T23:00,13.0,74,0.0,6.8,238,1026.2,0
Kortrijk,50.8279,3.2649,2019-08-23T00:00,12.2,79,0.0,7.0,235,1026.2,0
Kortrijk,50.8279,3.2649,2019-08-23T01:00,11.1,87,0.0,8.1,249,1026.3,0
Kortrijk,50.8279,3.2649,2019-08-23T02:00,9.9,91,0.0,9.2,239,1026.3,0
Kortrijk,50.8279,3.2649,2019-08-23T03:00,9.6,92,0.0,7.6,225,1026.1,0
Kortrijk,50.8279,3.2649,2019-08-23T04:00,9.2,93,0.0,8.1,225,1025.9,0
Kortrijk,50.8279,3.2649,2019-08-23T05:00,9.0,93,0.0,6.7,216,1025.9,4
Kortrijk,50.8279,3.2649,2019-08-23T06:00,8.8,94,0.0,5.5,191,1025.9,75
Kortrijk,50.8279,3.2649,2019-08-23T07:00,10.9,88,0.0,5.1,184,1025.8,97
Kortrijk,50.8279,3.2649,2019-08-23T08:00,14.0,78,0.0,2.3,198,1026.0,93
Kortrijk,50.8279,3.2649,2019-08-23T09:00,17.0,68,0.0,1.3,214,1026.1,47
Kortrijk,50.8279,3.2649,2019-08-23T10:00,19.2,56,0.0,1.5,166,1025.8,47
Kortrijk,50.8279,3.2649,2019-08-23T11:00,21.1,48,0.0,2.7,157,1025.8,70
Kortrijk,50.8279,3.2649,2019-08-23T12:00,22.6,45,0.0,3.0,166,1025.5,87
Kortrijk,50.8279,3.2649,2019-08-23T13:00,24.0,41,0.0,3.4,148,1025.1,94
Kortrijk,50.8279,3.2649,2019-08-23T14:00,24.8,41,0.0,2.0,135,1024.7,92
Kortrijk,50.8279,3.2649,2019-08-23T15:00,25.4,40,0.0,2.6,74,1024.1,95
Kortrijk,50.8279,3.2649,2019-08-23T16:00,25.4,42,0.0,4.1,52,1023.5,96
Kortrijk,50.8279,3.2649,2019-08-23T17:00,25.1,46,0.0,6.0,57,1023.2,59
Kortrijk,50.8279,3.2649,2019-08-23T18:00,24.3,55,0.0,4.9,73,1022.8,28
Kortrijk,50.8279,3.2649,2019-08-23T19:00,22.0,68,0.0,6.2,69,1022.4,1
Kortrijk,50.8279,3.2649,2019-08-23T20:00,19.8,69,0.0,7.7,62,1022.5,0
Kortrijk,50.8279,3.2649,2019-08-23T21:00,18.6,74,0.0,7.6,65,1022.5,0
Kortrijk,50.8279,3.2649,2019-08-23T22:00,18.2,75,0.0,9.4,58,1022.3,0
Kortrijk,50.8279,3.2649,2019-08-23T23:00,17.7,77,0.0,9.5,65,1022.2,0
Kortrijk,50.8279,3.2649,2019-08-24T00:00,17.0,80,0.0,9.1,72,1021.9,0
Kortrijk,50.8279,3.2649,2019-08-24T01:00,16.5,82,0.0,8.8,71,1022.0,0
Kortrijk,50.8279,3.2649,2019-08-24T02:00,15.4,87,0.0,7.4,76,1021.6,0
Kortrijk,50.8279,3.2649,2019-08-24T03:00,14.8,89,0.0,7.2,72,1021.1,0
Kortrijk,50.8279,3.2649,2019-08-24T04:00,14.2,90,0.0,6.9,84,1021.1,0
Kortrijk,50.8279,3.2649,2019-08-24T05:00,13.5,92,0.0,6.1,93,1020.9,0
Kortrijk,50.8279,3.2649,2019-08-24T06:00,12.8,93,0.0,5.9,101,1020.6,0
Kortrijk,50.8279,3.2649,2019-08-24T07:00,14.6,87,0.0,7.3,110,1020.6,0
Kortrijk,50.8279,3.2649,2019-08-24T08:00,17.4,76,0.0,5.0,120,1020.5,0
Kortrijk,50.8279,3.2649,2019-08-24T09:00,20.1,68,0.0,4.1,142,1020.6,9
Kortrijk,50.8279,3.2649,2019-08-24T10:00,22.8,60,0.0,3.9,146,1020.4,27
Kortrijk,50.8279,3.2649,2019-08-24T11:00,25.0,52,0.0,4.2,149,1020.4,39
Kortrijk,50.8279,3.2649,2019-08-24T12:00,26.8,47,0.0,5.0,150,1020.0,53
Kortrijk,50.8279,3.2649,2019-08-24T13:00,28.2,39,0.0,10.1,145,1019.5,82
Kortrijk,50.8279,3.2649,2019-08-24T14:00,28.4,37,0.0,10.0,142,1019.3,91
Kortrijk,50.8279,3.2649,2019-08-24T15:00,28.5,38,0.0,9.3,144,1018.8,87
Kortrijk,50.8279,3.2649,2019-08-24T16:00,28.5,39,0.0,8.0,144,1018.3,69
Kortrijk,50.8279,3.2649,2019-08-24T17:00,28.2,42,0.0,6.2,144,1018.1,73
Kortrijk,50.8279,3.2649,2019-08-24T18:00,26.9,50,0.0,5.2,146,1018.0,85
Kortrijk,50.8279,3.2649,2019-08-24T19:00,24.0,68,0.0,7.9,137,1017.7,89
Kortrijk,50.8279,3.2649,2019-08-24T20:00,21.6,64,0.0,8.5,118,1017.8,97
Kortrijk,50.8279,3.2649,2019-08-24T21:00,20.0,70,0.0,8.3,92,1018.0,97
Kortrijk,50.8279,3.2649,2019-08-24T22:00,18.6,75,0.0,9.1,81,1017.8,98
Kortrijk,50.8279,3.2649,2019-08-24T23:00,18.4,75,0.0,7.6,85,1017.9,99
Kortrijk,50.8279,3.2649,2019-08-25T00:00,17.9,78,0.0,7.3,81,1017.9,99
Kortrijk,50.8279,3.2649,2019-08-25T01:00,17.1,79,0.0,8.6,90,1017.9,96
Kortrijk,50.8279,3.2649,2019-08-25T02:00,16.5,81,0.0,7.9,90,1017.8,95
Kortrijk,50.8279,3.2649,2019-08-25T03:00,15.4,87,0.0,9.6,77,1017.7,95
Kortrijk,50.8279,3.2649,2019-08-25T04:00,15.3,88,0.0,9.7,94,1017.5,93
Kortrijk,50.8279,3.2649,2019-08-25T05:00,15.1,89,0.0,9.5,101,1017.6,84
Kortrijk,50.8279,3.2649,2019-08-25T06:00,16.8,81,0.0,6.2,126,1017.6,73
Kortrijk,50.8279,3.2649,2019-08-25T07:00,16.9,86,0.0,1.8,217,1018.0,53
Kortrijk,50.8279,3.2649,2019-08-25T08:00,19.7,76,0.0,1.1,270,1018.4,23
Kortrijk,50.8279,3.2649,2019-08-25T09:00,23.0,65,0.0,0.7,360,1018.7,5
Kortrijk,50.8279,3.2649,2019-08-25T10:00,25.8,55,0.0,1.6,63,1018.8,16
Kortrijk,50.8279,3.2649,2019-08-25T11:00,27.6,47,0.0,1.6,63,1018.8,12
Kortrijk,50.8279,3.2649,2019-08-25T12:00,28.6,43,0.0,1.3,56,1018.5,44
Kortrijk,50.8279,3.2649,2019-08-25T13:00,29.0,39,0.0,5.4,176,1018.5,0
Kortrijk,50.8279,3.2649,2019-08-25T14:00,29.4,40,0.0,4.7,189,1018.5,0
Kortrijk,50.8279,3.2649,2019-08-25T15:00,29.6,39,0.0,3.6,225,1018.3,0
Kortrijk,50.8279,3.2649,2019-08-25T16:00,29.5,40,0.0,2.9,270,1018.1,0
Kortrijk,50.8279,3.2649,2019-08-25T17:00,29.2,42,0.0,3.7,299,1018.1,0
Kortrijk,50.8279,3.2649,2019-08-25T18:00,27.9,48,0.0,6.8,335,1018.1,0
Kortrijk,50.8279,3.2649,2019-08-25T19:00,25.1,56,0.0,12.8,350,1018.3,1
Kortrijk,50.8279,3.2649,2019-08-25T20:00,23.2,58,0.0,10.8,21,1018.7,3
Kortrijk,50.8279,3.2649,2019-08-25T21:00,22.0,60,0.0,8.9,21,1019.1,3
Kortrijk,50.8279,3.2649,2019-08-25T22:00,21.1,62,0.0,8.9,32,1019.2,0
Kortrijk,50.8279,3.2649,2019-08-25T23:00,19.9,68,0.0,7.7,37,1019.3,0
Kortrijk,50.8279,3.2649,2019-08-26T00:00,18.6,75,0.0,6.4,47,1019.2,1
Kortrijk,50.8279,3.2649,2019-08-26T01:00,17.7,80,0.0,8.1,69,1019.1,0
Kortrijk,50.8279,3.2649,2019-08-26T02:00,16.4,85,0.0,8.8,99,1019.0,0
Kortrijk,50.8279,3.2649,2019-08-26T03:00,16.0,86,0.0,7.5,73,1018.6,0
Kortrijk,50.8279,3.2649,2019-08-26T04:00,15.4,89,0.0,6.8,58,1018.4,0
Kortrijk,50.8279,3.2649,2019-08-26T05:00,14.7,92,0.0,7.6,71,1018.4,0
Kortrijk,50.8279,3.2649,2019-08-26T06:00,14.4,93,0.0,7.2,96,1018.3,0
Kortrijk,50.8279,3.2649,2019-08-26T07:00,16.7,86,0.0,4.4,99,1018.3,0
Kortrijk,50.8279,3.2649,2019-08-26T08:00,19.8,77,0.0,2.3,108,1018.6,0
Kortrijk,50.8279,3.2649,2019-08-26T09:00,22.8,65,0.0,1.5,135,1018.8,0
Kortrijk,50.8279,3.2649,2019-08-26T10:00,25.3,56,0.0,0.8,207,1018.7,0
Kortrijk,50.8279,3.2649,2019-08-26T11:00,27.4,49,0.0,1.4,270,1018.8,0
Kortrijk,50.8279,3.2649,2019-08-26T12:00,28.6,45,0.0,1.8,323,1018.2,0
Kortrijk,50.8279,3.2649,2019-08-26T13:00,29.6,35,0.0,1.1,108,1018.0,0
Kortrijk,50.8279,3.2649,2019-08-26T14:00,30.2,37,0.0,2.7,113,1017.7,0
Kortrijk,50.8279,3.2649,2019-08-26T15:00,30.5,36,0.0,1.4,90,1016.9,0
Kortrijk,50.8279,3.2649,2019-08-26T16:00,30.5,37,0.0,1.1,360,1016.4,6
Kortrijk,50.8279,3.2649,2019-08-26T17:00,30.3,38,0.0,1.5,315,1016.2,2
Kortrijk,50.8279,3.2649,2019-08-26T18:00,30.0,40,0.0,4.4,325,1015.9,1
Kortrijk,50.8279,3.2649,2019-08-26T19:00,26.1,60,0.0,5.8,338,1015.8,3
Kortrijk,50.8279,3.2649,2019-08-26T20:00,24.2,66,0.0,9.4,356,1016.1,0
Kortrijk,50.8279,3.2649,2019-08-26T21:00,22.6,71,0.0,7.9,16,1016.4,0
Kortrijk,50.8279,3.2649,2019-08-26T22:00,20.9,79,0.0,7.8,22,1016.2,0
Kortrijk,50.8279,3.2649,2019-08-26T23:00,20.1,84,0.0,7.3,33,1016.3,0
Kortrijk,50.8279,3.2649,2019-08-27T00:00,19.4,88,0.0,7.9,66,1016.1,0
Kortrijk,50.8279,3.2649,2019-08-27T01:00,20.2,85,0.0,7.4,43,1016.2,0
Kortrijk,50.8279,3.2649,2019-08-27T02:00,19.5,89,0.0,6.2,54,1015.7,0
Kortrijk,50.8279,3.2649,2019-08-27T03:00,19.2,90,0.0,6.4,52,1015.5,0
Kortrijk,50.8279,3.2649,2019-08-27T04:00,18.0,93,0.0,9.0,61,1015.3,0
Kortrijk,50.8279,3.2649,2019-08-27T05:00,18.5,91,0.0,6.9,84,1015.1,0
Kortrijk,50.8279,3.2649,2019-08-27T06:00,17.4,94,0.0,7.3,110,1014.9,0
Kortrijk,50.8279,3.2649,2019-08-27T07:00,19.2,91,0.0,6.5,109,1015.0,0
Kortrijk,50.8279,3.2649,2019-08-27T08:00,22.0,82,0.0,4.1,128,1015.2,0
Kortrijk,50.8279,3.2649,2019-08-27T09:00,24.8,72,0.0,2.6,106,1015.1,0
Kortrijk,50.8279,3.2649,2019-08-27T10:00,27.5,63,0.0,3.6,84,1015.0,0
Kortrijk,50.8279,3.2649,2019-08-27T11:00,29.5,54,0.0,5.1,98,1014.8,0
Kortrijk,50.8279,3.2649,2019-08-27T12:00,31.0,45,0.0,5.6,117,1014.2,6
Kortrijk,50.8279,3.2649,2019-08-27T13:00,31.5,39,0.0,5.9,142,1014.2,44
Kortrijk,50.8279,3.2649,2019-08-27T14:00,31.4,37,0.0,7.6,188,1013.6,73
Kortrijk,50.8279,3.2649,2019-08-27T15:00,31.2,37,0.0,9.5,205,1013.3,84
Kortrijk,50.8279,3.2649,2019-08-27T16:00,30.9,37,0.0,9.7,195,1012.9,93
Kortrijk,50.8279,3.2649,2019-08-27T17:00,30.3,39,0.0,8.2,203,1012.7,76
Kortrijk,50.8279,3.2649,2019-08-27T18:00,28.2,67,0.0,5.7,252,1012.6,98
Kortrijk,50.8279,3.2649,2019-08-27T19:00,26.8,64,0.0,6.6,202,1012.6,91
Kortrijk,50.8279,3.2649,2019-08-27T20:00,24.0,63,0.0,7.4,113,1012.6,89
Kortrijk,50.8279,3.2649,2019-08-27T21:00,23.0,63,0.0,7.1,135,1012.8,74
Kortrijk,50.8279,3.2649,2019-08-27T22:00,23.1,58,0.0,8.6,178,1012.9,43
Kortrijk,50.8279,3.2649,2019-08-27T23:00,22.4,61,0.0,8.4,190,1013.0,3
Kortrijk,50.8279,3.2649,2019-08-28T00:00,21.6,65,0.0,8.9,201,1013.1,2
Kortrijk,50.8279,3.2649,2019-08-28T01:00,21.9,68,0.0,10.8,268,1013.2,1
Kortrijk,50.8279,3.2649,2019-08-28T02:00,21.0,70,0.0,9.7,274,1013.2,0
Kortrijk,50.8279,3.2649,2019-08-28T03:00,20.4,69,0.0,10.5,254,1013.3,0
Kortrijk,50.8279,3.2649,2019-08-28T04:00,19.5,70,0.0,9.8,246,1013.4,82
Kortrijk,50.8279,3.2649,2019-08-28T05:00,19.5,69,0.0,11.8,230,1013.7,100
Kortrijk,50.8279,3.2649,2019-08-28T06:00,19.9,69,0.0,9.4,252,1013.8,100
Kortrijk,50.8279,3.2649,2019-08-28T07:00,20.2,70,0.0,9.0,254,1014.0,98
Kortrijk,50.8279,3.2649,2019-08-28T08:00,20.7,71,0.0,9.5,245,1014.1,92
Kortrijk,50.8279,3.2649,2019-08-28T09:00,22.3,67,0.0,10.5,243,1014.2,100
Kortrijk,50.8279,3.2649,2019-08-28T10:00,23.6,63,0.0,10.9,253,1014.5,98
Kortrijk,50.8279,3.2649,2019-08-28T11:00,24.7,61,0.0,10.5,254,1014.8,98
Kortrijk,50.8279,3.2649,2019-08-28T12:00,25.2,59,0.0,9.7,255,1014.6,100
Kortrijk,50.8279,3.2649,2019-08-28T13:00,26.5,57,0.0,10.4,224,1014.5,100
Kortrijk,50.8279,3.2649,2019-08-28T14:00,27.0,54,0.0,11.2,225,1014.2,94
Kortrijk,50.8279,3.2649,2019-08-28T15:00,25.2,65,0.6,14.6,237,1014.3,100
Kortrijk,50.8279,3.2649,2019-08-28T16:00,24.9,64,0.0,12.6,273,1014.2,99
Kortrijk,50.8279,3.2649,2019-08-28T17:00,24.0,66,0.0,15.1,270,1014.5,97
Kortrijk,50.8279,3.2649,2019-08-28T18:00,22.0,72,0.1,15.1,267,1014.8,96
Kortrijk,50.8279,3.2649,2019-08-28T19:00,20.6,76,0.1,11.8,250,1015.1,53
Kortrijk,50.8279,3.2649,2019-08-28T20:00,19.8,77,0.0,10.4,256,1015.6,62
Kortrijk,50.8279,3.2649,2019-08-28T21:00,19.2,79,0.3,7.3,259,1015.7,63
Kortrijk,50.8279,3.2649,2019-08-28T22:00,18.8,83,0.3,7.6,245,1015.7,82
Kortrijk,50.8279,3.2649,2019-08-28T23:00,18.0,87,0.2,9.8,253,1016.4,100
Kortrijk,50.8279,3.2649,2019-08-29T00:00,17.9,88,0.0,9.2,249,1016.4,90
Kortrijk,50.8279,3.2649,2019-08-29T01:00,17.9,88,0.1,7.2,198,1016.9,100
Kortrijk,50.8279,3.2649,2019-08-29T02:00,17.7,92,0.1,6.2,234,1017.3,70
Kortrijk,50.8279,3.2649,2019-08-29T03:00,17.7,91,0.0,7.7,233,1017.2,81
Kortrijk,50.8279,3.2649,2019-08-29T04:00,17.5,92,0.0,7.2,217,1017.0,44
Kortrijk,50.8279,3.2649,2019-08-29T05:00,17.0,94,0.0,6.9,208,1017.3,35
Kortrijk,50.8279,3.2649,2019-08-29T06:00,17.0,93,0.0,9.5,209,1017.5,44
Kortrijk,50.8279,3.2649,2019-08-29T07:00,17.5,91,0.0,12.5,229,1018.0,64
Kortrijk,50.8279,3.2649,2019-08-29T08:00,17.9,82,0.0,15.3,236,1018.7,80
Kortrijk,50.8279,3.2649,2019-08-29T09:00,18.1,75,0.0,16.3,239,1019.0,84
Kortrijk,50.8279,3.2649,2019-08-29T10:00,19.5,65,0.0,17.8,252,1019.6,87
Kortrijk,50.8279,3.2649,2019-08-29T11:00,20.5,58,0.0,16.1,260,1019.9,86
Kortrijk,50.8279,3.2649,2019-08-29T12:00,20.9,55,0.0,14.8,266,1020.0,91
Kortrijk,50.8279,3.2649,2019-08-29T13:00,20.7,57,0.0,14.1,267,1021.1,77
Kortrijk,50.8279,3.2649,2019-08-29T14:00,21.1,55,0.0,12.2,270,1021.1,53
Kortrijk,50.8279,3.2649,2019-08-29T15:00,21.3,53,0.0,10.5,274,1020.9,12
Kortrijk,50.8279,3.2649,2019-08-29T16:00,21.7,49,0.0,9.7,266,1020.8,23
Kortrijk,50.8279,3.2649,2019-08-29T17:00,21.5,49,0.0,10.2,288,1020.9,6
Kortrijk,50.8279,3.2649,2019-08-29T18:00,20.0,61,0.0,11.3,329,1021.1,7
Kortrijk,50.8279,3.2649,2019-08-29T19:00,18.4,68,0.0,6.9,351,1021.5,15
Kortrijk,50.8279,3.2649,2019-08-29T20:00,16.1,78,0.0,5.5,349,1021.9,0
Kortrijk,50.8279,3.2649,2019-08-29T21:00,14.9,82,0.0,6.4,243,1022.4,0
Kortrijk,50.8279,3.2649,2019-08-29T22:00,14.6,76,0.0,8.4,250,1022.4,0
Kortrijk,50.8279,3.2649,2019-08-29T23:00,13.9,78,0.0,8.6,255,1022.8,0
Kortrijk,50.8279,3.2649,2019-08-30T00:00,13.2,83,0.0,8.4,245,1022.8,0
Kortrijk,50.8279,3.2649,2019-08-30T01:00,12.4,88,0.0,7.2,243,1023.2,0
Kortrijk,50.8279,3.2649,2019-08-30T02:00,11.8,92,0.0,7.1,229,1023.0,31
Kortrijk,50.8279,3.2649,2019-08-30T03:00,11.6,94,0.0,7.5,215,1023.0,45
Kortrijk,50.8279,3.2649,2019-08-30T04:00,11.4,95,0.0,7.9,210,1023.1,23
Kortrijk,50.8279,3.2649,2019-08-30T05:00,11.4,95,0.0,8.2,209,1023.2,31
Kortrijk,50.8279,3.2649,2019-08-30T06:00,11.5,95,0.0,8.3,214,1023.6,65
Kortrijk,50.8279,3.2649,2019-08-30T07:00,12.8,92,0.0,9.8,216,1023.6,78
Kortrijk,50.8279,3.2649,2019-08-30T08:00,15.0,85,0.0,8.2,221,1023.7,56
Kortrijk,50.8279,3.2649,2019-08-30T09:00,17.4,78,0.0,8.7,228,1023.7,73
Kortrijk,50.8279,3.2649,2019-08-30T10:00,19.0,68,0.0,9.0,233,1023.6,67
Kortrijk,50.8279,3.2649,2019-08-30T11:00,20.2,62,0.0,8.8,235,1023.7,87
Kortrijk,50.8279,3.2649,2019-08-30T12:00,21.1,59,0.0,8.7,225,1023.3,73
Kortrijk,50.8279,3.2649,2019-08-30T13:00,21.9,52,0.0,9.2,206,1023.1,55
Kortrijk,50.8279,3.2649,2019-08-30T14:00,22.5,49,0.0,9.5,217,1022.6,86
Kortrijk,50.8279,3.2649,2019-08-30T15:00,23.0,47,0.0,8.8,235,1022.0,92
Kortrijk,50.8279,3.2649,2019-08-30T16:00,22.9,48,0.0,6.0,245,1021.5,95
Kortrijk,50.8279,3.2649,2019-08-30T17:00,22.8,50,0.0,4.9,234,1020.9,74
Kortrijk,50.8279,3.2649,2019-08-30T18:00,22.5,56,0.0,3.4,238,1020.6,3
Kortrijk,50.8279,3.2649,2019-08-30T19:00,20.6,67,0.0,6.5,251,1020.4,1
Kortrijk,50.8279,3.2649,2019-08-30T20:00,18.2,70,0.0,7.3,303,1020.5,48
Kortrijk,50.8279,3.2649,2019-08-30T21:00,16.0,83,0.0,8.7,42,1020.3,87
Kortrijk,50.8279,3.2649,2019-08-30T22:00,14.8,87,0.0,8.6,92,1020.4,1
Kortrijk,50.8279,3.2649,2019-08-30T23:00,14.0,87,0.0,8.4,137,1019.9,6
Kortrijk,50.8279,3.2649,2019-08-31T00:00,14.4,81,0.0,6.6,167,1019.5,4
Kortrijk,50.8279,3.2649,2019-08-31T01:00,14.5,73,0.0,7.8,146,1018.8,0
Kortrijk,50.8279,3.2649,2019-08-31T02:00,13.6,76,0.0,7.4,151,1018.0,0
Kortrijk,50.8279,3.2649,2019-08-31T03:00,13.1,77,0.0,7.7,152,1017.3,1
Kortrijk,50.8279,3.2649,2019-08-31T04:00,13.1,75,0.0,8.7,150,1016.6,15
Kortrijk,50.8279,3.2649,2019-08-31T05:00,12.9,75,0.0,8.5,152,1015.9,11
Kortrijk,50.8279,3.2649,2019-08-31T06:00,12.7,77,0.0,8.5,152,1015.3,0
Kortrijk,50.8279,3.2649,2019-08-31T07:00,14.1,74,0.0,8.9,153,1015.0,2
Kortrijk,50.8279,3.2649,2019-08-31T08:00,17.3,65,0.0,8.6,158,1014.7,0
Kortrijk,50.8279,3.2649,2019-08-31T09:00,20.9,55,0.0,7.9,150,1013.9,0
Kortrijk,50.8279,3.2649,2019-08-31T10:00,23.4,48,0.0,11.5,148,1013.4,0
Kortrijk,50.8279,3.2649,2019-08-31T11:00,25.2,42,0.0,12.6,153,1012.5,23
Kortrijk,50.8279,3.2649,2019-08-31T12:00,26.9,39,0.0,12.3,159,1011.6,65
Kortrijk,50.8279,3.2649,2019-08-31T13:00,27.6,40,0.0,10.6,156,1010.6,75
Kortrijk,50.8279,3.2649,2019-08-31T14:00,28.0,44,0.0,14.5,161,1009.9,96
Kortrijk,50.8279,3.2649,2019-08-31T15:00,27.0,50,0.0,12.6,177,1009.1,88
Kortrijk,50.8279,3.2649,2019-08-31T16:00,27.2,50,0.0,11.5,212,1008.4,78
Kortrijk,50.8279,3.2649,2019-08-31T17:00,25.1,49,0.0,20.2,286,1009.0,88
Kortrijk,50.8279,3.2649,2019-08-31T18:00,21.6,63,0.0,22.3,271,1010.2,85
Kortrijk,50.8279,3.2649,2019-08-31T19:00,19.1,64,0.0,21.0,265,1010.9,93
Kortrijk,50.8279,3.2649,2019-08-31T20:00,17.6,71,0.0,17.0,266,1011.4,96
Kortrijk,50.8279,3.2649,2019-08-31T21:00,17.2,75,0.0,14.9,263,1011.6,95
Kortrijk,50.8279,3.2649,2019-08-31T22:00,16.8,80,0.0,13.5,254,1011.8,91
Kortrijk,50.8279,3.2649,2019-08-31T23:00,16.5,83,0.0,12.4,248,1012.2,95
Kortrijk,50.8279,3.2649,2019-09-01T00:00,17.0,81,0.0,12.9,257,1012.1,98
Kortrijk,50.8279,3.2649,2019-09-01T01:00,17.0,83,0.0,13.0,276,1012.9,85
Kortrijk,50.8279,3.2649,2019-09-01T02:00,16.2,82,0.0,12.3,273,1013.4,100
Kortrijk,50.8279,3.2649,2019-09-01T03:00,15.5,82,0.0,11.5,270,1013.4,99
Kortrijk,50.8279,3.2649,2019-09-01T04:00,15.1,82,0.0,10.0,283,1013.7,97
Kortrijk,50.8279,3.2649,2019-09-01T05:00,14.9,81,0.0,8.8,289,1013.8,100
Kortrijk,50.8279,3.2649,2019-09-01T06:00,14.9,80,0.0,7.9,294,1013.9,99
Kortrijk,50.8279,3.2649,2019-09-01T07:00,15.2,79,0.0,7.8,292,1014.5,98
Kortrijk,50.8279,3.2649,2019-09-01T08:00,16.2,74,0.0,8.5,298,1015.1,100
Kortrijk,50.8279,3.2649,2019-09-01T09:00,17.2,63,0.0,10.4,314,1015.8,85
Kortrijk,50.8279,3.2649,2019-09-01T10:00,18.3,55,0.0,9.6,304,1016.1,97
Kortrijk,50.8279,3.2649,2019-09-01T11:00,18.9,52,0.0,11.0,293,1016.7,40
Kortrijk,50.8279,3.2649,2019-09-01T12:00,19.2,50,0.1,11.9,284,1016.6,42
Kortrijk,50.8279,3.2649,2019-09-01T13:00,19.2,51,0.0,12.2,294,1017.4,49
Kortrijk,50.8279,3.2649,2019-09-01T14:00,19.4,50,0.0,12.2,294,1017.4,51
Kortrijk,50.8279,3.2649,2019-09-01T15:00,18.8,51,0.0,11.9,299,1017.6,65
Kortrijk,50.8279,3.2649,2019-09-01T16:00,18.5,51,0.0,12.5,303,1017.6,64
Kortrijk,50.8279,3.2649,2019-09-01T17:00,18.1,53,0.0,13.8,309,1017.9,39
Kortrijk,50.8279,3.2649,2019-09-01T18:00,17.6,54,0.0,13.0,312,1018.3,35
Kortrijk,50.8279,3.2649,2019-09-01T19:00,16.6,57,0.0,10.7,310,1018.6,37
Kortrijk,50.8279,3.2649,2019-09-01T20:00,15.6,63,0.0,8.9,310,1019.4,32
Kortrijk,50.8279,3.2649,2019-09-01T21:00,14.6,70,0.0,6.4,297,1020.0,15
Kortrijk,50.8279,3.2649,2019-09-01T22:00,13.9,73,0.0,6.9,279,1020.3,31
Kortrijk,50.8279,3.2649,2019-09-01T23:00,13.4,76,0.0,5.9,256,1020.8,29
Tournai,50.6058,3.3883,2019-08-01T00:00,15.6,80,0.0,10.5,218,1017.2,32
Tournai,50.6058,3.3883,2019-08-01T01:00,15.6,84,0.0,10.1,215,1017.2,76
Tournai,50.6058,3.3883,2019-08-01T02:00,15.7,83,0.0,11.7,214,1017.5,33
Tournai,50.6058,3.3883,2019-08-01T03:00,15.7,83,0.0,12.4,210,1017.3,32
Tournai,50.6058,3.3883,2019-08-01T04:00,15.5,85,0.0,12.8,212,1017.0,62
Tournai,50.6058,3.3883,2019-08-01T05:00,15.5,87,0.0,13.6,220,1017.1,59
Tournai,50.6058,3.3883,2019-08-01T06:00,15.6,90,0.0,13.0,228,1017.1,53
Tournai,50.6058,3.3883,2019-08-01T07:00,16.5,88,0.0,11.1,234,1017.0,90
Tournai,50.6058,3.3883,2019-08-01T08:00,18.1,80,0.0,15.3,255,1017.2,99
Tournai,50.6058,3.3883,2019-08-01T09:00,19.4,73,0.0,14.7,248,1017.2,77
Tournai,50.6058,3.3883,2019-08-01T10:00,20.2,70,0.1,13.5,241,1017.3,48
Tournai,50.6058,3.3883,2019-08-01T11:00,21.2,62,0.0,14.4,248,1017.2,24
Tournai,50.6058,3.3883,2019-08-01T12:00,22.5,54,0.0,14.3,258,1016.9,16
Tournai,50.6058,3.3883,2019-08-01T13:00,23.0,57,0.0,14.2,249,1017.0,31
Tournai,50.6058,3.3883,2019-08-01T14:00,22.6,59,0.4,13.7,267,1017.1,55
Tournai,50.6058,3.3883,2019-08-01T15:00,22.4,62,0.3,14.4,283,1017.0,100
Tournai,50.6058,3.3883,2019-08-01T16:00,22.0,60,0.0,13.2,281,1016.7,100
Tournai,50.6058,3.3883,2019-08-01T17:00,22.9,54,0.0,11.9,273,1016.5,96
Tournai,50.6058,3.3883,2019-08-01T18:00,22.7,52,0.0,10.6,298,1016.2,41
Tournai,50.6058,3.3883,2019-08-01T19:00,21.4,63,0.0,8.7,343,1016.4,19
Tournai,50.6058,3.3883,2019-08-01T20:00,19.6,73,0.0,8.4,7,1016.9,42
Tournai,50.6058,3.3883,2019-08-01T21:00,18.0,79,0.0,6.5,357,1017.0,14
Tournai,50.6058,3.3883,2019-08-01T22:00,16.6,84,0.0,5.9,349,1017.1,34
Tournai,50.6058,3.3883,2019-08-01T23:00,15.4,89,0.0,8.0,355,1017.2,47
Tournai,50.6058,3.3883,2019-08-02T00:00,14.9,91,0.0,6.2,353,1017.1,69
Tournai,50.6058,3.3883,2019-08-02T01:00,14.4,93,0.0,6.6,319,1017.2,83
Tournai,50.6058,3.3883,2019-08-02T02:00,13.9,95,0.0,6.2,291,1017.1,59
Tournai,50.6058,3.3883,2019-08-02T03:00,13.6,96,0.0,6.3,294,1016.9,3
Tournai,50.6058,3.3883,2019-08-02T04:00,13.1,96,0.0,6.5,276,1017.1,14
Tournai,50.6058,3.3883,2019-08-02T05:00,13.4,96,0.0,5.0,249,1017.1,12
Tournai,50.6058,3.3883,2019-08-02T06:00,13.9,95,0.0,7.0,258,1016.8,8
Tournai,50.6058,3.3883,2019-08-02T07:00,15.5,89,0.0,6.7,286,1016.8,8
Tournai,50.6058,3.3883,2019-08-02T08:00,17.5,85,0.0,7.2,307,1017.0,9
Tournai,50.6058,3.3883,2019-08-02T09:00,19.7,76,0.0,10.5,311,1016.9,21
Tournai,50.6058,3.3883,2019-08-02T10:00,20.9,68,0.0,12.7,305,1017.1,20
Tournai,50.6058,3.3883,2019-08-02T11:00,21.6,62,0.0,15.3,304,1017.2,31
Tournai,50.6058,3.3883,2019-08-02T12:00,22.0,59,0.1,17.8,313,1016.9,23
Tournai,50.6058,3.3883,2019-08-02T13:00,22.2,57,0.1,19.1,319,1017.4,10
Tournai,50.6058,3.3883,2019-08-02T14:00,21.1,69,0.3,20.0,332,1017.7,44
Tournai,50.6058,3.3883,2019-08-02T15:00,21.4,74,0.1,17.1,330,1017.6,31
Tournai,50.6058,3.3883,2019-08-02T16:00,21.6,70,0.1,17.7,327,1017.3,26
Tournai,50.6058,3.3883,2019-08-02T17:00,21.0,68,0.1,20.9,333,1017.2,24
Tournai,50.6058,3.3883,2019-08-02T18:00,20.5,68,0.0,19.9,338,1017.4,21
Tournai,50.6058,3.3883,2019-08-02T19:00,19.9,70,0.0,17.1,338,1017.4,7
Tournai,50.6058,3.3883,2019-08-02T20:00,18.7,77,0.0,13.2,338,1017.8,18
Tournai,50.6058,3.3883,2019-08-02T21:00,17.5,84,0.0,11.9,331,1018.1,28
Tournai,50.6058,3.3883,2019-08-02T22:00,16.8,89,0.0,11.7,326,1018.4,22
Tournai,50.6058,3.3883,2019-08-02T23:00,16.5,93,0.0,10.6,325,1018.4,20
Tournai,50.6058,3.3883,2019-08-03T00:00,16.0,96,0.0,9.3,324,1018.4,39
Tournai,50.6058,3.3883,2019-08-03T01:00,16.5,91,0.0,9.1,326,1018.5,44
Tournai,50.6058,3.3883,2019-08-03T02:00,16.2,92,0.0,8.6,327,1018.4,23
Tournai,50.6058,3.3883,2019-08-03T03:00,15.7,95,0.0,9.2,329,1018.4,30
Tournai,50.6058,3.3883,2019-08-03T04:00,15.3,96,0.0,8.4,329,1018.2,36
Tournai,50.6058,3.3883,2019-08-03T05:00,15.2,97,0.0,8.1,328,1018.5,34
Tournai,50.6058,3.3883,2019-08-03T06:00,15.6,95,0.0,7.8,326,1018.8,38
Tournai,50.6058,3.3883,2019-08-03T07:00,16.8,90,0.0,7.1,336,1018.9,33
Tournai,50.6058,3.3883,2019-08-03T08:00,18.0,82,0.0,10.0,13,1018.9,27
Tournai,50.6058,3.3883,2019-08-03T09:00,19.2,74,0.0,9.0,23,1018.9,35
Tournai,50.6058,3.3883,2019-08-03T10:00,20.1,68,0.0,7.6,19,1019.0,67
Tournai,50.6058,3.3883,2019-08-03T11:00,20.7,63,0.0,6.6,9,1019.2,96
Tournai,50.6058,3.3883,2019-08-03T12:00,21.5,62,0.0,7.6,8,1019.0,100
Tournai,50.6058,3.3883,2019-08-03T13:00,21.8,61,0.0,3.1,54,1019.2,100
Tournai,50.6058,3.3883,2019-08-03T14:00,21.8,62,0.3,3.7,61,1019.1,99
Tournai,50.6058,3.3883,2019-08-03T15:00,22.2,62,0.1,6.6,29,1018.8,100
Tournai,50.6058,3.3883,2019-08-03T16:00,22.0,62,0.1,8.7,42,1018.5,100
Tournai,50.6058,3.3883,2019-08-03T17:00,21.8,64,0.0,8.1,58,1018.2,100
Tournai,50.6058,3.3883,2019-08-03T18:00,21.7,64,0.0,5.5,58,1018.0,99
Tournai,50.6058,3.3883,2019-08-03T19:00,21.2,68,0.0,4.3,48,1017.9,99
Tournai,50.6058,3.3883,2019-08-03T20:00,20.0,76,0.0,3.9,34,1017.8,100
Tournai,50.6058,3.3883,2019-08-03T21:00,19.0,77,0.0,6.8,32,1017.8,98
Tournai,50.6058,3.3883,2019-08-03T22:00,17.9,82,0.0,7.6,45,1017.8,95
Tournai,50.6058,3.3883,2019-08-03T23:00,17.0,86,0.0,6.3,59,1017.6,95
Tournai,50.6058,3.3883,2019-08-04T00:00,16.5,87,0.0,5.7,72,1017.4,90
Tournai,50.6058,3.3883,2019-08-04T01:00,16.2,89,0.0,7.1,75,1017.2,1
Tournai,50.6058,3.3883,2019-08-04T02:00,15.1,93,0.0,5.4,82,1017.3,37
Tournai,50.6058,3.3883,2019-08-04T03:00,15.0,94,0.0,5.4,90,1017.1,55
Tournai,50.6058,3.3883,2019-08-04T04:00,15.0,94,0.0,6.1,87,1016.8,98
Tournai,50.6058,3.3883,2019-08-04T05:00,15.1,93,0.0,6.1,93,1016.8,72
Tournai,50.6058,3.3883,2019-08-04T06:00,15.1,93,0.0,7.4,104,1016.6,14
Tournai,50.6058,3.3883,2019-08-04T07:00,16.5,88,0.0,8.0,108,1016.3,12
Tournai,50.6058,3.3883,2019-08-04T08:00,18.4,81,0.0,7.2,117,1016.2,20
Tournai,50.6058,3.3883,2019-08-04T09:00,20.4,73,0.0,6.5,124,1015.9,94
Tournai,50.6058,3.3883,2019-08-04T10:00,22.1,65,0.0,6.1,135,1015.5,99
Tournai,50.6058,3.3883,2019-08-04T11:00,23.3,59,0.0,6.9,141,1015.1,97
Tournai,50.6058,3.3883,2019-08-04T12:00,24.4,55,0.0,6.9,171,1014.7,97
Tournai,50.6058,3.3883,2019-08-04T13:00,25.0,54,0.0,5.5,148,1014.8,100
Tournai,50.6058,3.3883,2019-08-04T14:00,25.6,52,0.0,5.4,176,1014.3,100
Tournai,50.6058,3.3883,2019-08-04T15:00,25.7,50,0.0,4.4,189,1013.9,100
Tournai,50.6058,3.3883,2019-08-04T16:00,25.7,50,0.0,3.3,174,1013.5,100
Tournai,50.6058,3.3883,2019-08-04T17:00,25.7,49,0.0,2.6,164,1012.8,99
Tournai,50.6058,3.3883,2019-08-04T18:00,25.5,51,0.0,3.1,135,1012.7,100
Tournai,50.6058,3.3883,2019-08-04T19:00,23.9,72,0.0,4.1,165,1012.2,100
Tournai,50.6058,3.3883,2019-08-04T20:00,22.3,66,0.0,5.4,127,1011.9,100
Tournai,50.6058,3.3883,2019-08-04T21:00,21.5,67,0.0,6.0,115,1011.8,100
Tournai,50.6058,3.3883,2019-08-04T22:00,20.2,74,0.0,6.8,115,1011.6,100
Tournai,50.6058,3.3883,2019-08-04T23:00,20.0,75,0.0,5.8,112,1011.6,100
Tournai,50.6058,3.3883,2019-08-05T00:00,20.5,69,0.0,7.7,118,1011.3,99
Tournai,50.6058,3.3883,2019-08-05T01:00,19.5,72,0.0,12.8,260,1012.0,90
Tournai,50.6058,3.3883,2019-08-05T02:00,18.8,76,0.0,12.8,281,1011.7,93
Tournai,50.6058,3.3883,2019-08-05T03:00,18.0,79,0.0,12.2,272,1011.8,98
Tournai,50.6058,3.3883,2019-08-05T04:00,17.8,81,0.0,13.0,265,1011.8,97
Tournai,50.6058,3.3883,2019-08-05T05:00,16.8,85,0.0,12.8,260,1012.0,89
Tournai,50.6058,3.3883,2019-08-05T06:00,16.5,85,0.0,12.3,255,1012.1,48
Tournai,50.6058,3.3883,2019-08-05T07:00,17.1,81,0.0,11.4,246,1012.2,49
Tournai,50.6058,3.3883,2019-08-05T08:00,18.3,74,0.0,12.9,247,1012.2,18
Tournai,50.6058,3.3883,2019-08-05T09:00,19.9,67,0.0,14.5,251,1012.4,15
Tournai,50.6058,3.3883,2019-08-05T10:00,21.4,61,0.0,14.5,251,1012.2,54
Tournai,50.6058,3.3883,2019-08-05T11:00,22.6,55,0.0,17.2,244,1012.1,87
Tournai,50.6058,3.3883,2019-08-05T12:00,23.8,49,0.0,20.7,239,1011.8,100
Tournai,50.6058,3.3883,2019-08-05T13:00,24.8,47,0.0,18.2,232,1011.5,100
Tournai,50.6058,3.3883,2019-08-05T14:00,24.3,51,0.0,18.5,233,1011.4,100
Tournai,50.6058,3.3883,2019-08-05T15:00,24.1,52,0.0,19.4,223,1011.4,100
Tournai,50.6058,3.3883,2019-08-05T16:00,24.5,52,0.0,17.7,250,1011.1,99
Tournai,50.6058,3.3883,2019-08-05T17:00,22.7,64,0.0,14.5,284,1011.2,98
Tournai,50.6058,3.3883,2019-08-05T18:00,22.7,64,0.0,15.2,265,1011.0,99
Tournai,50.6058,3.3883,2019-08-05T19:00,22.4,66,0.0,10.8,244,1011.0,98
Tournai,50.6058,3.3883,2019-08-05T20:00,21.5,70,0.0,13.5,245,1011.1,99
Tournai,50.6058,3.3883,2019-08-05T21:00,20.0,78,0.2,15.3,255,1011.8,97
Tournai,50.6058,3.3883,2019-08-05T22:00,18.9,79,0.0,14.3,258,1011.7,100
Tournai,50.6058,3.3883,2019-08-05T23:00,18.2,75,0.2,13.9,260,1012.1,98
Tournai,50.6058,3.3883,2019-08-06T00:00,17.4,74,0.0,10.7,237,1011.9,58
Tournai,50.6058,3.3883,2019-08-06T01:00,16.8,75,0.0,12.3,249,1012.1,97
Tournai,50.6058,3.3883,2019-08-06T02:00,16.3,79,0.0,10.6,246,1012.3,96
Tournai,50.6058,3.3883,2019-08-06T03:00,16.1,82,0.0,9.5,241,1012.2,94
Tournai,50.6058,3.3883,2019-08-06T04:00,15.1,87,0.0,9.2,225,1011.9,3
Tournai,50.6058,3.3883,2019-08-06T05:00,14.2,91,0.0,9.4,223,1012.0,91
Tournai,50.6058,3.3883,2019-08-06T06:00,14.4,90,0.0,9.7,225,1012.0,87
Tournai,50.6058,3.3883,2019-08-06T07:00,15.8,83,0.0,9.4,220,1012.0,87
Tournai,50.6058,3.3883,2019-08-06T08:00,17.5,74,0.0,10.4,224,1011.9,100
Tournai,50.6058,3.3883,2019-08-06T09:00,18.9,67,0.0,11.7,225,1011.8,99
Tournai,50.6058,3.3883,2019-08-06T10:00,19.8,63,0.0,12.1,217,1011.6,98
Tournai,50.6058,3.3883,2019-08-06T11:00,20.9,58,0.0,14.0,224,1011.4,100
Tournai,50.6058,3.3883,2019-08-06T12:00,21.6,54,0.0,17.3,227,1011.1,100
Tournai,50.6058,3.3883,2019-08-06T13:00,22.4,55,0.0,13.8,229,1010.7,100
Tournai,50.6058,3.3883,2019-08-06T14:00,22.1,58,0.0,13.0,226,1010.5,100
Tournai,50.6058,3.3883,2019-08-06T15:00,21.9,61,0.0,13.0,226,1010.0,99
Tournai,50.6058,3.3883,2019-08-06T16:00,22.4,59,0.0,11.8,218,1009.1,100
Tournai,50.6058,3.3883,2019-08-06T17:00,21.6,63,0.0,15.5,192,1008.8,76
Tournai,50.6058,3.3883,2019-08-06T18:00,21.0,69,0.0,16.6,202,1008.4,43
Tournai,50.6058,3.3883,2019-08-06T19:00,20.2,75,0.2,16.0,226,1008.3,71
Tournai,50.6058,3.3883,2019-08-06T20:00,19.5,77,0.2,12.3,238,1008.2,99
Tournai,50.6058,3.3883,2019-08-06T21:00,18.6,77,0.0,11.2,249,1008.7,99
Tournai,50.6058,3.3883,2019-08-06T22:00,18.1,76,0.0,10.2,238,1008.9,86
Tournai,50.6058,3.3883,2019-08-06T23:00,17.0,80,0.0,9.7,231,1008.6,99
Tournai,50.6058,3.3883,2019-08-07T00:00,16.5,83,0.0,11.7,225,1008.6,99
Tournai,50.6058,3.3883,2019-08-07T01:00,16.2,85,0.0,11.5,221,1008.7,98
Tournai,50.6058,3.3883,2019-08-07T02:00,16.4,85,0.0,11.8,211,1008.1,97
Tournai,50.6058,3.3883,2019-08-07T03:00,16.4,86,0.0,12.9,216,1008.0,99
Tournai,50.6058,3.3883,2019-08-07T04:00,16.8,84,0.0,13.6,233,1007.9,84
Tournai,50.6058,3.3883,2019-08-07T05:00,16.5,85,0.0,13.5,236,1007.9,57
Tournai,50.6058,3.3883,2019-08-07T06:00,16.0,87,0.0,13.3,229,1007.9,88
Tournai,50.6058,3.3883,2019-08-07T07:00,17.1,83,0.0,12.8,230,1008.2,32
Tournai,50.6058,3.3883,2019-08-07T08:00,18.3,77,0.0,18.1,247,1008.4,64
Tournai,50.6058,3.3883,2019-08-07T09:00,19.2,72,0.0,16.9,250,1008.1,61
Tournai,50.6058,3.3883,2019-08-07T10:00,20.5,66,0.0,16.6,246,1008.1,28
Tournai,50.6058,3.3883,2019-08-07T11:00,21.4,61,0.1,17.9,245,1008.2,88
Tournai,50.6058,3.3883,2019-08-07T12:00,21.9,58,0.1,18.5,243,1008.0,33
Tournai,50.6058,3.3883,2019-08-07T13:00,22.4,51,0.1,19.7,249,1008.2,35
Tournai,50.6058,3.3883,2019-08-07T14:00,22.6,49,0.0,21.1,253,1008.3,37
Tournai,50.6058,3.3883,2019-08-07T15:00,22.6,48,0.0,20.3,258,1008.3,35
Tournai,50.6058,3.3883,2019-08-07T16:00,22.6,48,0.0,19.8,258,1008.1,20
Tournai,50.6058,3.3883,2019-08-07T17:00,22.5,48,0.0,20.4,261,1008.4,8
Tournai,50.6058,3.3883,2019-08-07T18:00,21.7,50,0.0,19.2,264,1008.7,4
Tournai,50.6058,3.3883,2019-08-07T19:00,20.6,55,0.0,15.6,263,1009.0,2
Tournai,50.6058,3.3883,2019-08-07T20:00,19.1,61,0.0,14.5,263,1009.6,0
Tournai,50.6058,3.3883,2019-08-07T21:00,17.8,67,0.0,12.3,255,1010.0,0
Tournai,50.6058,3.3883,2019-08-07T22:00,16.7,73,0.0,11.0,238,1010.4,0
Tournai,50.6058,3.3883,2019-08-07T23:00,15.8,79,0.0,10.9,224,1010.7,0
Tournai,50.6058,3.3883,2019-08-08T00:00,15.3,83,0.0,11.7,225,1010.7,0
Tournai,50.6058,3.3883,2019-08-08T01:00,15.6,84,0.0,11.7,225,1011.1,0
Tournai,50.6058,3.3883,2019-08-08T02:00,14.9,89,0.0,11.3,217,1010.9,91
Tournai,50.6058,3.3883,2019-08-08T03:00,14.9,89,0.0,13.5,224,1011.0,50
Tournai,50.6058,3.3883,2019-08-08T04:00,14.8,89,0.0,12.5,229,1011.0,54
Tournai,50.6058,3.3883,2019-08-08T05:00,14.1,92,0.0,11.5,221,1011.3,10
Tournai,50.6058,3.3883,2019-08-08T06:00,14.1,92,0.0,11.2,222,1011.2,15
Tournai,50.6058,3.3883,2019-08-08T07:00,15.9,85,0.0,10.7,222,1011.5,37
Tournai,50.6058,3.3883,2019-08-08T08:00,17.7,77,0.0,11.7,225,1011.9,71
Tournai,50.6058,3.3883,2019-08-08T09:00,18.4,75,0.3,13.5,228,1012.4,92
Tournai,50.6058,3.3883,2019-08-08T10:00,18.6,74,0.5,10.4,236,1012.3,81
Tournai,50.6058,3.3883,2019-08-08T11:00,19.5,72,0.0,9.2,219,1012.3,100
Tournai,50.6058,3.3883,2019-08-08T12:00,21.6,64,0.0,11.8,232,1012.3,81
Tournai,50.6058,3.3883,2019-08-08T13:00,19.5,75,0.3,6.4,227,1012.7,64
Tournai,50.6058,3.3883,2019-08-08T14:00,21.2,67,0.0,8.8,235,1012.8,100
Tournai,50.6058,3.3883,2019-08-08T15:00,22.3,63,0.0,8.5,216,1012.2,100
Tournai,50.6058,3.3883,2019-08-08T16:00,22.9,61,0.0,3.4,212,1011.7,98
Tournai,50.6058,3.3883,2019-08-08T17:00,23.3,59,0.0,0.5,225,1011.5,91
Tournai,50.6058,3.3883,2019-08-08T18:00,23.2,60,0.0,4.2,110,1011.1,53
Tournai,50.6058,3.3883,2019-08-08T19:00,22.5,65,0.0,5.4,94,1011.0,31
Tournai,50.6058,3.3883,2019-08-08T20:00,21.0,71,0.0,9.0,90,1010.6,68
Tournai,50.6058,3.3883,2019-08-08T21:00,19.9,74,0.0,11.5,94,1010.4,85
Tournai,50.6058,3.3883,2019-08-08T22:00,20.0,71,0.0,11.7,101,1010.3,68
Tournai,50.6058,3.3883,2019-08-08T23:00,19.9,71,0.0,12.4,100,1010.0,75
Tournai,50.6058,3.3883,2019-08-09T00:00,19.7,72,0.0,13.7,108,1009.6,99
Tournai,50.6058,3.3883,2019-08-09T01:00,19.1,75,0.1,13.2,101,1008.8,97
Tournai,50.6058,3.3883,2019-08-09T02:00,19.5,73,0.0,13.0,109,1008.3,94
Tournai,50.6058,3.3883,2019-08-09T03:00,20.0,74,0.2,12.6,121,1007.7,100
Tournai,50.6058,3.3883,2019-08-09T04:00,20.6,71,0.0,11.5,136,1006.9,100
Tournai,50.6058,3.3883,2019-08-09T05:00,21.0,70,0.0,14.7,152,1006.0,100
Tournai,50.6058,3.3883,2019-08-09T06:00,21.2,70,0.0,14.9,160,1005.5,88
Tournai,50.6058,3.3883,2019-08-09T07:00,22.0,69,0.0,16.5,164,1005.2,96
Tournai,50.6058,3.3883,2019-08-09T08:00,23.0,66,0.0,14.6,190,1005.6,96
Tournai,50.6058,3.3883,2019-08-09T09:00,23.6,65,0.0,14.1,193,1005.5,87
Tournai,50.6058,3.3883,2019-08-09T10:00,24.1,67,0.1,14.9,200,1005.9,99
Tournai,50.6058,3.3883,2019-08-09T11:00,24.9,66,0.1,15.7,212,1005.9,100
Tournai,50.6058,3.3883,2019-08-09T12:00,24.0,71,0.3,12.2,199,1005.7,96
Tournai,50.6058,3.3883,2019-08-09T13:00,23.2,79,0.1,17.1,210,1006.0,99
Tournai,50.6058,3.3883,2019-08-09T14:00,24.9,63,0.0,17.2,209,1005.8,99
Tournai,50.6058,3.3883,2019-08-09T15:00,24.6,69,0.2,20.2,181,1005.7,100
Tournai,50.6058,3.3883,2019-08-09T16:00,23.0,74,0.4,22.7,183,1004.7,93
Tournai,50.6058,3.3883,2019-08-09T17:00,23.8,77,0.0,20.5,195,1004.8,61
Tournai,50.6058,3.3883,2019-08-09T18:00,23.4,67,0.0,20.1,204,1004.7,87
Tournai,50.6058,3.3883,2019-08-09T19:00,22.6,71,0.0,20.5,204,1004.8,90
Tournai,50.6058,3.3883,2019-08-09T20:00,21.5,68,0.0,18.3,200,1005.4,84
Tournai,50.6058,3.3883,2019-08-09T21:00,20.8,74,0.0,20.3,193,1006.0,84
Tournai,50.6058,3.3883,2019-08-09T22:00,20.6,75,0.0,23.8,190,1005.9,95
Tournai,50.6058,3.3883,2019-08-09T23:00,20.6,74,0.0,24.6,195,1005.7,91
Tournai,50.6058,3.3883,2019-08-10T00:00,20.6,71,0.0,26.0,204,1005.9,99
Tournai,50.6058,3.3883,2019-08-10T01:00,20.7,64,0.0,26.2,198,1006.0,78
Tournai,50.6058,3.3883,2019-08-10T02:00,20.2,62,0.0,28.1,203,1006.2,14
Tournai,50.6058,3.3883,2019-08-10T03:00,19.9,62,0.0,30.0,204,1006.4,26
Tournai,50.6058,3.3883,2019-08-10T04:00,19.4,66,0.0,29.9,207,1006.5,21
Tournai,50.6058,3.3883,2019-08-10T05:00,18.5,70,0.0,31.0,213,1007.1,32
Tournai,50.6058,3.3883,2019-08-10T06:00,18.5,70,0.0,30.3,212,1007.6,100
Tournai,50.6058,3.3883,2019-08-10T07:00,18.6,70,0.0,30.0,215,1008.2,99
Tournai,50.6058,3.3883,2019-08-10T08:00,18.9,70,0.0,28.3,214,1008.8,34
Tournai,50.6058,3.3883,2019-08-10T09:00,19.8,65,0.0,34.6,224,1009.3,47
Tournai,50.6058,3.3883,2019-08-10T10:00,20.8,59,0.0,35.2,227,1009.9,91
Tournai,50.6058,3.3883,2019-08-10T11:00,21.3,55,0.0,36.0,229,1010.2,87
Tournai,50.6058,3.3883,2019-08-10T12:00,21.9,51,0.0,34.5,230,1010.6,55
Tournai,50.6058,3.3883,2019-08-10T13:00,22.0,52,0.0,34.1,231,1011.3,48
Tournai,50.6058,3.3883,2019-08-10T14:00,22.9,48,0.0,35.1,232,1011.5,44
Tournai,50.6058,3.3883,2019-08-10T15:00,23.5,43,0.0,33.8,234,1011.5,89
Tournai,50.6058,3.3883,2019-08-10T16:00,23.1,44,0.0,29.5,235,1011.9,84
Tournai,50.6058,3.3883,2019-08-10T17:00,22.5,46,0.0,26.6,243,1012.3,53
Tournai,50.6058,3.3883,2019-08-10T18:00,21.7,51,0.0,24.9,248,1012.6,50
Tournai,50.6058,3.3883,2019-08-10T19:00,20.9,52,0.0,21.0,248,1013.1,32
Tournai,50.6058,3.3883,2019-08-10T20:00,19.6,57,0.0,18.2,252,1013.8,32
Tournai,50.6058,3.3883,2019-08-10T21:00,18.9,61,0.0,17.8,252,1014.4,29
Tournai,50.6058,3.3883,2019-08-10T22:00,18.0,67,0.0,17.3,253,1014.6,23
Tournai,50.6058,3.3883,2019-08-10T23:00,17.5,69,0.0,17.7,250,1015.1,22
Tournai,50.6058,3.3883,2019-08-11T00:00,17.0,70,0.0,17.2,244,1015.2,73
Tournai,50.6058,3.3883,2019-08-11T01:00,16.7,74,0.0,16.6,248,1015.4,75
Tournai,50.6058,3.3883,2019-08-11T02:00,15.9,76,0.0,15.8,240,1015.2,7
Tournai,50.6058,3.3883,2019-08-11T03:00,15.4,79,0.0,15.5,228,1015.4,89
Tournai,50.6058,3.3883,2019-08-11T04:00,14.9,83,0.0,13.2,215,1015.4,83
Tournai,50.6058,3.3883,2019-08-11T05:00,14.1,87,0.0,12.1,210,1015.3,97
Tournai,50.6058,3.3883,2019-08-11T06:00,14.2,87,0.0,11.8,203,1015.2,95
Tournai,50.6058,3.3883,2019-08-11T07:00,15.4,82,0.0,13.7,198,1015.0,93
Tournai,50.6058,3.3883,2019-08-11T08:00,16.8,74,0.0,14.7,211,1015.3,79
Tournai,50.6058,3.3883,2019-08-11T09:00,18.1,66,0.0,17.6,215,1015.1,100
Tournai,50.6058,3.3883,2019-08-11T10:00,18.8,63,0.0,17.1,222,1014.7,100
Tournai,50.6058,3.3883,2019-08-11T11:00,19.4,59,0.0,16.8,223,1014.8,100
Tournai,50.6058,3.3883,2019-08-11T12:00,20.1,57,0.0,16.0,224,1014.3,100
Tournai,50.6058,3.3883,2019-08-11T13:00,19.9,58,0.0,19.9,226,1014.8,100
Tournai,50.6058,3.3883,2019-08-11T14:00,20.2,55,0.0,20.7,229,1014.6,100
Tournai,50.6058,3.3883,2019-08-11T15:00,20.4,54,0.0,19.9,225,1014.1,100
Tournai,50.6058,3.3883,2019-08-11T16:00,20.4,54,0.0,17.9,232,1013.7,88
Tournai,50.6058,3.3883,2019-08-11T17:00,20.6,51,0.0,19.0,237,1013.7,98
Tournai,50.6058,3.3883,2019-08-11T18:00,19.9,56,0.0,14.5,243,1013.8,64
Tournai,50.6058,3.3883,2019-08-11T19:00,19.2,60,0.0,12.4,253,1014.3,39
Tournai,50.6058,3.3883,2019-08-11T20:00,17.9,65,0.0,9.2,244,1014.6,35
Tournai,50.6058,3.3883,2019-08-11T21:00,17.0,69,0.0,9.7,231,1015.0,19
Tournai,50.6058,3.3883,2019-08-11T22:00,16.3,73,0.0,10.7,230,1015.0,24
Tournai,50.6058,3.3883,2019-08-11T23:00,15.8,77,0.0,9.7,228,1015.2,20
Tournai,50.6058,3.3883,2019-08-12T00:00,15.1,82,0.0,8.2,218,1015.3,40
Tournai,50.6058,3.3883,2019-08-12T01:00,15.2,82,0.0,10.2,225,1015.4,48
Tournai,50.6058,3.3883,2019-08-12T02:00,14.4,86,0.0,10.1,235,1015.4,14
Tournai,50.6058,3.3883,2019-08-12T03:00,14.0,88,0.0,8.9,230,1014.9,14
Tournai,50.6058,3.3883,2019-08-12T04:00,13.5,91,0.0,8.2,218,1015.0,6
Tournai,50.6058,3.3883,2019-08-12T05:00,13.1,92,0.0,8.1,212,1015.1,5
Tournai,50.6058,3.3883,2019-08-12T06:00,12.9,94,0.0,7.9,204,1014.9,1
Tournai,50.6058,3.3883,2019-08-12T07:00,14.4,88,0.0,9.0,196,1014.8,1
Tournai,50.6058,3.3883,2019-08-12T08:00,16.0,81,0.0,10.0,210,1015.1,0
Tournai,50.6058,3.3883,2019-08-12T09:00,17.5,73,0.0,11.3,233,1015.4,9
Tournai,50.6058,3.3883,2019-08-12T10:00,18.8,63,0.0,13.3,237,1015.1,21
Tournai,50.6058,3.3883,2019-08-12T11:00,19.9,55,0.0,13.8,237,1015.1,24
Tournai,50.6058,3.3883,2019-08-12T12:00,20.5,55,0.0,13.0,242,1014.9,48
Tournai,50.6058,3.3883,2019-08-12T13:00,17.9,74,0.1,14.0,296,1014.5,92
Tournai,50.6058,3.3883,2019-08-12T14:00,18.3,67,0.1,14.3,214,1015.1,91
Tournai,50.6058,3.3883,2019-08-12T15:00,19.1,61,0.0,12.0,237,1014.8,95
Tournai,50.6058,3.3883,2019-08-12T16:00,19.2,52,0.0,13.9,253,1014.3,93
Tournai,50.6058,3.3883,2019-08-12T17:00,17.5,68,0.0,14.4,283,1014.8,94
Tournai,50.6058,3.3883,2019-08-12T18:00,17.6,67,0.0,14.2,263,1014.8,74
Tournai,50.6058,3.3883,2019-08-12T19:00,16.8,70,0.1,12.6,250,1014.9,88
Tournai,50.6058,3.3883,2019-08-12T20:00,15.8,76,0.0,10.6,246,1015.3,33
Tournai,50.6058,3.3883,2019-08-12T21:00,14.8,82,0.0,11.4,235,1015.9,25
Tournai,50.6058,3.3883,2019-08-12T22:00,14.1,85,0.0,12.6,239,1016.2,28
Tournai,50.6058,3.3883,2019-08-12T23:00,13.7,89,0.1,12.3,249,1016.3,36
Tournai,50.6058,3.3883,2019-08-13T00:00,13.6,90,0.2,12.6,250,1016.6,33
Tournai,50.6058,3.3883,2019-08-13T01:00,13.0,92,0.2,9.3,254,1017.7,69
Tournai,50.6058,3.3883,2019-08-13T02:00,12.6,94,0.0,10.3,245,1017.6,24
Tournai,50.6058,3.3883,2019-08-13T03:00,12.4,95,0.0,9.8,246,1017.7,17
Tournai,50.6058,3.3883,2019-08-13T04:00,12.0,95,0.0,8.7,246,1017.9,15
Tournai,50.6058,3.3883,2019-08-13T05:00,11.6,94,0.0,8.2,241,1017.9,8
Tournai,50.6058,3.3883,2019-08-13T06:00,11.5,93,0.0,9.8,234,1018.1,2
Tournai,50.6058,3.3883,2019-08-13T07:00,12.9,87,0.0,12.8,238,1018.4,4
Tournai,50.6058,3.3883,2019-08-13T08:00,14.9,78,0.0,13.7,243,1018.9,19
Tournai,50.6058,3.3883,2019-08-13T09:00,16.4,69,0.0,16.0,239,1018.8,16
Tournai,50.6058,3.3883,2019-08-13T10:00,17.2,65,0.0,19.8,237,1018.8,97
Tournai,50.6058,3.3883,2019-08-13T11:00,16.8,71,0.4,21.2,249,1018.9,99
Tournai,50.6058,3.3883,2019-08-13T12:00,17.4,66,0.1,19.4,252,1018.8,71
Tournai,50.6058,3.3883,2019-08-13T13:00,14.7,84,0.1,17.1,262,1019.2,89
Tournai,50.6058,3.3883,2019-08-13T14:00,15.6,80,0.3,18.7,251,1019.0,98
Tournai,50.6058,3.3883,2019-08-13T15:00,16.0,72,0.0,16.9,246,1018.6,48
Tournai,50.6058,3.3883,2019-08-13T16:00,17.5,58,0.0,18.3,255,1018.4,45
Tournai,50.6058,3.3883,2019-08-13T17:00,17.6,56,0.0,16.7,263,1018.4,36
Tournai,50.6058,3.3883,2019-08-13T18:00,17.4,56,0.0,13.7,270,1018.2,47
Tournai,50.6058,3.3883,2019-08-13T19:00,16.6,62,0.0,8.4,277,1018.3,36
Tournai,50.6058,3.3883,2019-08-13T20:00,14.7,73,0.0,6.2,260,1018.7,18
Tournai,50.6058,3.3883,2019-08-13T21:00,13.8,78,0.0,6.8,245,1019.0,20
Tournai,50.6058,3.3883,2019-08-13T22:00,13.2,81,0.0,7.8,236,1019.1,16
Tournai,50.6058,3.3883,2019-08-13T23:00,12.6,84,0.0,7.9,223,1019.0,24
Tournai,50.6058,3.3883,2019-08-14T00:00,12.1,89,0.0,9.7,222,1018.9,10
Tournai,50.6058,3.3883,2019-08-14T01:00,12.0,93,0.0,10.0,221,1019.2,8
Tournai,50.6058,3.3883,2019-08-14T02:00,11.6,95,0.0,8.7,218,1018.9,8
Tournai,50.6058,3.3883,2019-08-14T03:00,11.4,95,0.0,8.9,212,1018.9,67
Tournai,50.6058,3.3883,2019-08-14T04:00,11.2,96,0.0,9.0,203,1018.5,10
Tournai,50.6058,3.3883,2019-08-14T05:00,11.1,97,0.0,9.8,208,1018.6,4
Tournai,50.6058,3.3883,2019-08-14T06:00,11.2,97,0.0,9.5,209,1018.6,16
Tournai,50.6058,3.3883,2019-08-14T07:00,12.6,93,0.0,9.6,200,1018.3,1
Tournai,50.6058,3.3883,2019-08-14T08:00,14.7,85,0.0,9.4,198,1018.2,2
Tournai,50.6058,3.3883,2019-08-14T09:00,16.6,78,0.0,11.6,202,1018.2,30
Tournai,50.6058,3.3883,2019-08-14T10:00,18.0,67,0.1,15.4,217,1017.8,50
Tournai,50.6058,3.3883,2019-08-14T11:00,19.0,61,0.5,14.7,216,1017.4,90
Tournai,50.6058,3.3883,2019-08-14T12:00,19.6,59,0.3,16.3,221,1017.0,86
Tournai,50.6058,3.3883,2019-08-14T13:00,20.1,58,0.1,13.7,207,1016.8,100
Tournai,50.6058,3.3883,2019-08-14T14:00,20.0,59,0.3,15.3,204,1016.3,95
Tournai,50.6058,3.3883,2019-08-14T15:00,18.5,73,0.7,13.0,185,1015.7,74
Tournai,50.6058,3.3883,2019-08-14T16:00,19.2,72,0.0,12.6,183,1014.9,87
Tournai,50.6058,3.3883,2019-08-14T17:00,19.2,72,0.1,10.5,184,1014.2,78
Tournai,50.6058,3.3883,2019-08-14T18:00,19.0,74,0.2,5.7,125,1013.3,100
Tournai,50.6058,3.3883,2019-08-14T19:00,19.2,70,0.0,14.4,212,1012.7,100
Tournai,50.6058,3.3883,2019-08-14T20:00,17.2,81,0.7,13.2,202,1012.5,100
Tournai,50.6058,3.3883,2019-08-14T21:00,16.8,86,1.2,14.6,190,1012.2,97
Tournai,50.6058,3.3883,2019-08-14T22:00,16.7,87,0.1,16.5,196,1011.7,95
Tournai,50.6058,3.3883,2019-08-14T23:00,16.2,88,0.6,17.6,195,1011.3,100
Tournai,50.6058,3.3883,2019-08-15T00:00,15.9,91,0.6,17.9,199,1010.9,100
Tournai,50.6058,3.3883,2019-08-15T01:00,16.1,89,0.2,16.9,207,1011.0,100
Tournai,50.6058,3.3883,2019-08-15T02:00,16.5,89,0.0,18.1,211,1010.6,100
Tournai,50.6058,3.3883,2019-08-15T03:00,16.4,89,0.0,18.5,217,1010.1,100
Tournai,50.6058,3.3883,2019-08-15T04:00,16.3,91,0.0,18.0,217,1009.6,100
Tournai,50.6058,3.3883,2019-08-15T05:00,16.2,91,0.0,19.4,220,1009.6,100
Tournai,50.6058,3.3883,2019-08-15T06:00,16.5,91,0.1,21.5,235,1009.7,100
Tournai,50.6058,3.3883,2019-08-15T07:00,16.7,90,0.1,23.5,243,1009.9,99
Tournai,50.6058,3.3883,2019-08-15T08:00,17.0,90,0.2,19.7,246,1010.2,32
Tournai,50.6058,3.3883,2019-08-15T09:00,18.1,81,0.1,22.6,262,1010.7,20
Tournai,50.6058,3.3883,2019-08-15T10:00,19.2,73,0.1,22.5,264,1010.8,51
Tournai,50.6058,3.3883,2019-08-15T11:00,19.6,69,0.3,24.1,261,1011.2,41
Tournai,50.6058,3.3883,2019-08-15T12:00,20.5,63,0.1,24.3,263,1011.4,41
Tournai,50.6058,3.3883,2019-08-15T13:00,19.8,64,0.0,24.9,259,1012.4,90
Tournai,50.6058,3.3883,2019-08-15T14:00,20.2,61,0.2,26.3,269,1012.7,52
Tournai,50.6058,3.3883,2019-08-15T15:00,20.3,60,0.2,26.1,277,1013.3,51
Tournai,50.6058,3.3883,2019-08-15T16:00,20.5,57,0.0,25.6,280,1013.7,56
Tournai,50.6058,3.3883,2019-08-15T17:00,19.9,61,0.0,22.4,276,1014.4,53
Tournai,50.6058,3.3883,2019-08-15T18:00,19.1,67,0.1,19.2,275,1014.7,56
Tournai,50.6058,3.3883,2019-08-15T19:00,18.6,75,0.1,14.8,274,1015.2,41
Tournai,50.6058,3.3883,2019-08-15T20:00,17.8,77,0.2,15.1,258,1015.9,38
Tournai,50.6058,3.3883,2019-08-15T21:00,16.9,81,0.0,16.9,258,1016.5,99
Tournai,50.6058,3.3883,2019-08-15T22:00,16.3,84,0.0,15.2,256,1016.9,97
Tournai,50.6058,3.3883,2019-08-15T23:00,15.4,88,0.0,11.0,247,1017.0,20
Tournai,50.6058,3.3883,2019-08-16T00:00,14.9,91,0.0,11.2,237,1017.2,6
Tournai,50.6058,3.3883,2019-08-16T01:00,14.6,91,0.0,12.1,247,1017.7,29
Tournai,50.6058,3.3883,2019-08-16T02:00,14.4,93,0.0,11.5,250,1018.1,61
Tournai,50.6058,3.3883,2019-08-16T03:00,14.2,94,0.0,9.7,243,1017.9,99
Tournai,50.6058,3.3883,2019-08-16T04:00,14.1,96,0.0,10.0,232,1017.7,98
Tournai,50.6058,3.3883,2019-08-16T05:00,13.8,96,0.0,8.9,223,1017.7,91
Tournai,50.6058,3.3883,2019-08-16T06:00,13.6,96,0.0,9.3,216,1017.4,83
Tournai,50.6058,3.3883,2019-08-16T07:00,14.6,94,0.0,11.1,209,1017.5,97
Tournai,50.6058,3.3883,2019-08-16T08:00,16.5,85,0.0,15.5,226,1017.3,100
Tournai,50.6058,3.3883,2019-08-16T09:00,17.7,78,0.0,16.8,227,1017.3,99
Tournai,50.6058,3.3883,2019-08-16T10:00,18.8,70,0.0,18.3,223,1017.0,100
Tournai,50.6058,3.3883,2019-08-16T11:00,20.0,63,0.0,17.2,217,1016.2,98
Tournai,50.6058,3.3883,2019-08-16T12:00,21.2,56,0.0,19.9,224,1015.8,100
Tournai,50.6058,3.3883,2019-08-16T13:00,21.3,58,0.0,19.8,207,1015.7,100
Tournai,50.6058,3.3883,2019-08-16T14:00,21.5,58,0.0,20.3,207,1014.8,100
Tournai,50.6058,3.3883,2019-08-16T15:00,22.1,53,0.0,22.7,203,1013.9,100
Tournai,50.6058,3.3883,2019-08-16T16:00,22.2,53,0.0,20.3,203,1013.2,100
Tournai,50.6058,3.3883,2019-08-16T17:00,22.3,53,0.0,20.5,214,1012.5,100
Tournai,50.6058,3.3883,2019-08-16T18:00,21.6,54,0.0,17.8,198,1011.8,100
Tournai,50.6058,3.3883,2019-08-16T19:00,21.0,55,0.0,14.6,190,1011.1,100
Tournai,50.6058,3.3883,2019-08-16T20:00,20.2,58,0.1,14.8,203,1010.9,100
Tournai,50.6058,3.3883,2019-08-16T21:00,18.8,69,0.4,11.7,214,1010.9,100
Tournai,50.6058,3.3883,2019-08-16T22:00,18.0,76,0.2,13.0,204,1010.4,100
Tournai,50.6058,3.3883,2019-08-16T23:00,17.8,77,0.4,16.2,201,1009.8,100
Tournai,50.6058,3.3883,2019-08-17T00:00,17.4,81,0.5,17.9,199,1009.2,99
Tournai,50.6058,3.3883,2019-08-17T01:00,17.4,83,0.1,18.4,203,1008.9,96
Tournai,50.6058,3.3883,2019-08-17T02:00,17.8,78,0.0,20.1,204,1008.4,94
Tournai,50.6058,3.3883,2019-08-17T03:00,17.7,77,0.0,20.1,209,1007.9,97
Tournai,50.6058,3.3883,2019-08-17T04:00,17.5,78,0.0,21.9,207,1007.7,100
Tournai,50.6058,3.3883,2019-08-17T05:00,17.4,80,0.0,20.9,209,1007.9,100
Tournai,50.6058,3.3883,2019-08-17T06:00,17.2,81,0.1,20.8,206,1007.5,100
Tournai,50.6058,3.3883,2019-08-17T07:00,17.4,84,0.1,19.8,205,1007.6,100
Tournai,50.6058,3.3883,2019-08-17T08:00,17.8,86,0.1,18.9,204,1007.8,100
Tournai,50.6058,3.3883,2019-08-17T09:00,18.1,87,0.2,18.8,200,1007.6,100
Tournai,50.6058,3.3883,2019-08-17T10:00,19.1,84,0.0,19.8,205,1007.5,100
Tournai,50.6058,3.3883,2019-08-17T11:00,19.2,84,0.3,24.2,203,1007.8,100
Tournai,50.6058,3.3883,2019-08-17T12:00,20.2,80,0.2,25.9,212,1007.6,100
Tournai,50.6058,3.3883,2019-08-17T13:00,20.0,84,0.2,28.1,203,1007.3,99
Tournai,50.6058,3.3883,2019-08-17T14:00,20.3,84,0.2,25.3,204,1007.3,100
Tournai,50.6058,3.3883,2019-08-17T15:00,21.1,80,0.3,23.2,226,1007.4,100
Tournai,50.6058,3.3883,2019-08-17T16:00,19.6,83,0.3,15.4,259,1008.0,100
Tournai,50.6058,3.3883,2019-08-17T17:00,18.7,85,0.3,12.7,241,1008.2,100
Tournai,50.6058,3.3883,2019-08-17T18:00,18.4,87,0.1,11.2,222,1007.8,98
Tournai,50.6058,3.3883,2019-08-17T19:00,18.2,88,0.5,10.7,230,1007.7,100
Tournai,50.6058,3.3883,2019-08-17T20:00,17.5,91,0.2,10.6,235,1007.6,100
Tournai,50.6058,3.3883,2019-08-17T21:00,16.9,90,0.0,10.0,249,1007.9,100
Tournai,50.6058,3.3883,2019-08-17T22:00,16.5,87,0.0,9.3,242,1007.8,100
Tournai,50.6058,3.3883,2019-08-17T23:00,16.1,87,0.0,9.5,233,1007.8,100
Tournai,50.6058,3.3883,2019-08-18T00:00,15.9,91,0.3,8.4,227,1007.6,100
Tournai,50.6058,3.3883,2019-08-18T01:00,16.2,88,0.5,9.1,214,1007.7,100
Tournai,50.6058,3.3883,2019-08-18T02:00,16.1,93,0.2,10.3,209,1007.8,100
Tournai,50.6058,3.3883,2019-08-18T03:00,16.1,95,0.9,10.9,188,1006.8,100
Tournai,50.6058,3.3883,2019-08-18T04:00,15.8,94,0.4,13.0,182,1006.3,100
Tournai,50.6058,3.3883,2019-08-18T05:00,15.2,92,0.7,10.1,182,1005.5,100
Tournai,50.6058,3.3883,2019-08-18T06:00,14.9,93,1.5,10.9,163,1004.7,100
Tournai,50.6058,3.3883,2019-08-18T07:00,15.1,94,1.2,6.9,171,1004.5,100
Tournai,50.6058,3.3883,2019-08-18T08:00,15.3,94,1.6,4.8,153,1003.8,100
Tournai,50.6058,3.3883,2019-08-18T09:00,15.7,93,3.3,3.6,276,1003.5,100
Tournai,50.6058,3.3883,2019-08-18T10:00,16.3,88,0.5,11.6,277,1004.1,100
Tournai,50.6058,3.3883,2019-08-18T11:00,17.9,78,0.0,11.2,270,1004.9,100
Tournai,50.6058,3.3883,2019-08-18T12:00,19.2,71,0.0,13.8,264,1005.7,100
Tournai,50.6058,3.3883,2019-08-18T13:00,18.1,80,0.1,19.3,249,1006.7,100
Tournai,50.6058,3.3883,2019-08-18T14:00,17.8,81,0.2,16.9,254,1007.5,82
Tournai,50.6058,3.3883,2019-08-18T15:00,20.0,64,0.0,20.3,253,1007.9,78
Tournai,50.6058,3.3883,2019-08-18T16:00,20.4,61,0.0,25.3,253,1008.3,48
Tournai,50.6058,3.3883,2019-08-18T17:00,19.7,59,0.0,22.7,250,1008.7,32
Tournai,50.6058,3.3883,2019-08-18T18:00,18.9,60,0.0,21.9,250,1009.3,12
Tournai,50.6058,3.3883,2019-08-18T19:00,17.7,63,0.0,18.3,248,1009.7,20
Tournai,50.6058,3.3883,2019-08-18T20:00,16.4,68,0.0,17.4,252,1010.2,98
Tournai,50.6058,3.3883,2019-08-18T21:00,15.7,71,0.0,17.4,246,1011.2,63
Tournai,50.6058,3.3883,2019-08-18T22:00,14.9,78,0.0,16.0,247,1011.2,54
Tournai,50.6058,3.3883,2019-08-18T23:00,14.4,81,0.0,15.8,243,1011.8,3
Tournai,50.6058,3.3883,2019-08-19T00:00,13.9,84,0.0,14.6,232,1012.3,5
Tournai,50.6058,3.3883,2019-08-19T01:00,14.4,82,0.0,15.8,229,1013.0,9
Tournai,50.6058,3.3883,2019-08-19T02:00,14.2,84,0.0,15.8,223,1013.5,23
Tournai,50.6058,3.3883,2019-08-19T03:00,13.9,84,0.0,15.8,215,1013.7,19
Tournai,50.6058,3.3883,2019-08-19T04:00,13.8,84,0.0,17.7,218,1013.9,22
Tournai,50.6058,3.3883,2019-08-19T05:00,13.7,85,0.0,17.7,218,1014.3,46
Tournai,50.6058,3.3883,2019-08-19T06:00,13.9,85,0.0,17.7,219,1014.7,52
Tournai,50.6058,3.3883,2019-08-19T07:00,14.5,84,0.0,16.6,219,1015.1,41
Tournai,50.6058,3.3883,2019-08-19T08:00,15.4,82,0.0,16.6,219,1015.3,24
Tournai,50.6058,3.3883,2019-08-19T09:00,16.9,76,0.0,18.6,229,1015.4,23
Tournai,50.6058,3.3883,2019-08-19T10:00,18.1,66,0.0,22.2,243,1016.0,38
Tournai,50.6058,3.3883,2019-08-19T11:00,18.6,63,0.1,23.0,245,1016.5,37
Tournai,50.6058,3.3883,2019-08-19T12:00,19.3,57,0.0,23.7,246,1016.5,32
Tournai,50.6058,3.3883,2019-08-19T13:00,19.2,59,0.1,22.5,243,1017.1,39
Tournai,50.6058,3.3883,2019-08-19T14:00,19.7,53,0.0,21.7,243,1017.3,34
Tournai,50.6058,3.3883,2019-08-19T15:00,19.8,52,0.0,24.5,242,1017.4,45
Tournai,50.6058,3.3883,2019-08-19T16:00,19.4,55,0.1,23.8,243,1017.6,37
Tournai,50.6058,3.3883,2019-08-19T17:00,19.2,56,0.0,22.2,245,1017.9,29
Tournai,50.6058,3.3883,2019-08-19T18:00,18.6,59,0.0,18.9,246,1018.2,17
Tournai,50.6058,3.3883,2019-08-19T19:00,17.5,62,0.0,16.4,244,1018.7,4
Tournai,50.6058,3.3883,2019-08-19T20:00,16.0,66,0.0,14.7,242,1018.9,1
Tournai,50.6058,3.3883,2019-08-19T21:00,14.9,71,0.0,14.2,240,1019.4,1
Tournai,50.6058,3.3883,2019-08-19T22:00,14.1,75,0.0,13.4,243,1019.7,2
Tournai,50.6058,3.3883,2019-08-19T23:00,13.6,80,0.0,13.4,234,1020.0,1
Tournai,50.6058,3.3883,2019-08-20T00:00,13.1,85,0.0,12.5,226,1020.4,0
Tournai,50.6058,3.3883,2019-08-20T01:00,12.8,91,0.0,10.7,225,1020.8,0
Tournai,50.6058,3.3883,2019-08-20T02:00,12.4,93,0.0,10.5,221,1021.1,3
Tournai,50.6058,3.3883,2019-08-20T03:00,12.2,93,0.0,10.0,218,1020.9,11
Tournai,50.6058,3.3883,2019-08-20T04:00,12.3,94,0.0,10.9,224,1020.9,29
Tournai,50.6058,3.3883,2019-08-20T05:00,12.6,94,0.0,11.7,225,1020.9,33
Tournai,50.6058,3.3883,2019-08-20T06:00,12.6,94,0.0,12.0,224,1021.5,23
Tournai,50.6058,3.3883,2019-08-20T07:00,13.7,90,0.0,13.2,223,1022.1,16
Tournai,50.6058,3.3883,2019-08-20T08:00,15.4,83,0.0,12.8,232,1022.4,12
Tournai,50.6058,3.3883,2019-08-20T09:00,17.0,74,0.0,16.6,248,1022.4,9
Tournai,50.6058,3.3883,2019-08-20T10:00,18.1,62,0.0,17.8,256,1022.7,22
Tournai,50.6058,3.3883,2019-08-20T11:00,18.8,56,0.0,18.4,259,1023.1,39
Tournai,50.6058,3.3883,2019-08-20T12:00,19.2,54,0.0,17.1,262,1023.1,34
Tournai,50.6058,3.3883,2019-08-20T13:00,20.0,51,0.0,15.2,265,1023.3,37
Tournai,50.6058,3.3883,2019-08-20T14:00,20.0,50,0.0,16.2,273,1023.5,48
Tournai,50.6058,3.3883,2019-08-20T15:00,19.5,54,0.1,17.1,277,1023.9,46
Tournai,50.6058,3.3883,2019-08-20T16:00,19.2,55,0.0,16.9,269,1024.1,37
Tournai,50.6058,3.3883,2019-08-20T17:00,19.4,53,0.0,15.5,267,1024.5,29
Tournai,50.6058,3.3883,2019-08-20T18:00,18.8,56,0.0,13.6,282,1024.8,36
Tournai,50.6058,3.3883,2019-08-20T19:00,17.5,60,0.0,11.5,284,1025.2,4
Tournai,50.6058,3.3883,2019-08-20T20:00,15.4,65,0.0,9.4,274,1026.1,2
Tournai,50.6058,3.3883,2019-08-20T21:00,14.1,72,0.0,9.4,268,1026.5,3
Tournai,50.6058,3.3883,2019-08-20T22:00,13.0,77,0.0,9.0,268,1026.9,3
Tournai,50.6058,3.3883,2019-08-20T23:00,11.8,84,0.0,6.6,261,1027.2,2
Tournai,50.6058,3.3883,2019-08-21T00:00,10.6,90,0.0,7.1,255,1027.4,1
Tournai,50.6058,3.3883,2019-08-21T01:00,10.4,91,0.0,7.0,249,1027.7,14
Tournai,50.6058,3.3883,2019-08-21T02:00,10.0,93,0.0,5.1,225,1027.7,0
Tournai,50.6058,3.3883,2019-08-21T03:00,9.7,95,0.0,5.7,215,1027.8,0
Tournai,50.6058,3.3883,2019-08-21T04:00,9.3,96,0.0,5.5,203,1027.8,0
Tournai,50.6058,3.3883,2019-08-21T05:00,8.9,98,0.0,5.2,196,1027.9,0
Tournai,50.6058,3.3883,2019-08-21T06:00,8.6,99,0.0,4.8,193,1028.0,0
Tournai,50.6058,3.3883,2019-08-21T07:00,10.6,95,0.0,5.9,191,1028.3,0
Tournai,50.6058,3.3883,2019-08-21T08:00,13.4,87,0.0,4.0,185,1028.7,0
Tournai,50.6058,3.3883,2019-08-21T09:00,15.9,80,0.0,4.1,195,1028.8,88
Tournai,50.6058,3.3883,2019-08-21T10:00,17.9,68,0.0,4.0,185,1028.9,95
Tournai,50.6058,3.3883,2019-08-21T11:00,19.1,59,0.0,3.6,186,1028.7,94
Tournai,50.6058,3.3883,2019-08-21T12:00,20.0,53,0.0,2.1,149,1028.4,96
Tournai,50.6058,3.3883,2019-08-21T13:00,20.7,48,0.0,4.3,114,1027.6,90
Tournai,50.6058,3.3883,2019-08-21T14:00,21.4,45,0.0,2.6,106,1027.2,97
Tournai,50.6058,3.3883,2019-08-21T15:00,21.6,44,0.0,2.3,72,1027.2,79
Tournai,50.6058,3.3883,2019-08-21T16:00,21.6,44,0.0,4.3,66,1026.6,73
Tournai,50.6058,3.3883,2019-08-21T17:00,21.4,45,0.0,5.8,83,1026.2,0
Tournai,50.6058,3.3883,2019-08-21T18:00,21.0,50,0.0,4.0,100,1026.1,0
Tournai,50.6058,3.3883,2019-08-21T19:00,19.2,71,0.0,5.0,111,1026.0,0
Tournai,50.6058,3.3883,2019-08-21T20:00,19.2,56,0.0,4.0,117,1026.0,0
Tournai,50.6058,3.3883,2019-08-21T21:00,18.1,59,0.0,0.4,360,1026.2,0
Tournai,50.6058,3.3883,2019-08-21T22:00,17.2,61,0.0,1.5,315,1026.1,0
Tournai,50.6058,3.3883,2019-08-21T23:00,17.1,60,0.0,1.1,108,1026.2,0
Tournai,50.6058,3.3883,2019-08-22T00:00,15.9,65,0.0,2.3,321,1026.3,0
Tournai,50.6058,3.3883,2019-08-22T01:00,14.9,70,0.0,2.5,90,1025.9,0
Tournai,50.6058,3.3883,2019-08-22T02:00,13.6,76,0.0,3.3,139,1025.5,0
Tournai,50.6058,3.3883,2019-08-22T03:00,12.6,81,0.0,4.1,195,1025.4,0
Tournai,50.6058,3.3883,2019-08-22T04:00,11.2,86,0.0,5.2,192,1025.1,44
Tournai,50.6058,3.3883,2019-08-22T05:00,9.5,93,0.0,7.1,240,1025.3,78
Tournai,50.6058,3.3883,2019-08-22T06:00,9.4,92,0.0,7.5,253,1025.3,19
Tournai,50.6058,3.3883,2019-08-22T07:00,11.9,84,0.0,7.6,262,1025.6,62
Tournai,50.6058,3.3883,2019-08-22T08:00,15.1,75,0.0,6.2,277,1025.8,1
Tournai,50.6058,3.3883,2019-08-22T09:00,17.4,70,0.0,6.3,283,1026.2,17
Tournai,50.6058,3.3883,2019-08-22T10:00,19.0,61,0.0,6.6,283,1026.1,56
Tournai,50.6058,3.3883,2019-08-22T11:00,20.3,55,0.0,7.2,267,1026.2,51
Tournai,50.6058,3.3883,2019-08-22T12:00,21.4,50,0.0,8.6,248,1025.9,48
Tournai,50.6058,3.3883,2019-08-22T13:00,22.4,48,0.0,8.8,251,1025.9,0
Tournai,50.6058,3.3883,2019-08-22T14:00,22.9,46,0.0,9.6,257,1025.7,0
Tournai,50.6058,3.3883,2019-08-22T15:00,23.2,44,0.0,9.5,259,1025.2,0
Tournai,50.6058,3.3883,2019-08-22T16:00,23.2,44,0.0,10.1,266,1025.0,0
Tournai,50.6058,3.3883,2019-08-22T17:00,22.6,45,0.0,12.0,277,1025.1,0
Tournai,50.6058,3.3883,2019-08-22T18:00,21.6,50,0.0,11.0,281,1024.9,0
Tournai,50.6058,3.3883,2019-08-22T19:00,19.8,57,0.0,9.7,285,1025.3,0
Tournai,50.6058,3.3883,2019-08-22T20:00,17.0,64,0.0,7.7,298,1025.7,0
Tournai,50.6058,3.3883,2019-08-22T21:00,14.5,77,0.0,8.8,282,1026.1,0
Tournai,50.6058,3.3883,2019-08-22T22:00,13.8,79,0.0,7.2,270,1026.2,0
Tournai,50.6058,3.3883,2019-08-22T23:00,13.1,81,0.0,6.5,267,1026.3,0
Tournai,50.6058,3.3883,2019-08-23T00:00,11.9,85,0.0,8.7,263,1026.3,0
Tournai,50.6058,3.3883,2019-08-23T01:00,13.7,78,0.0,2.9,187,1026.4,0
Tournai,50.6058,3.3883,2019-08-23T02:00,12.9,82,0.0,3.6,217,1026.4,0
Tournai,50.6058,3.3883,2019-08-23T03:00,11.6,87,0.0,5.4,266,1026.2,0
Tournai,50.6058,3.3883,2019-08-23T04:00,11.9,85,0.0,4.7,238,1026.0,0
Tournai,50.6058,3.3883,2019-08-23T05:00,11.7,86,0.0,2.2,189,1026.0,0
Tournai,50.6058,3.3883,2019-08-23T06:00,11.5,86,0.0,1.8,233,1026.0,22
Tournai,50.6058,3.3883,2019-08-23T07:00,11.9,86,0.0,1.0,135,1025.8,93
Tournai,50.6058,3.3883,2019-08-23T08:00,14.8,77,0.0,1.3,236,1026.0,91
Tournai,50.6058,3.3883,2019-08-23T09:00,17.5,63,0.0,1.5,315,1026.0,70
Tournai,50.6058,3.3883,2019-08-23T10:00,19.7,53,0.0,0.8,27,1025.7,27
Tournai,50.6058,3.3883,2019-08-23T11:00,21.5,50,0.0,1.6,63,1025.8,0
Tournai,50.6058,3.3883,2019-08-23T12:00,22.8,48,0.0,2.6,56,1025.4,49
Tournai,50.6058,3.3883,2019-08-23T13:00,24.1,45,0.0,5.6,63,1024.9,96
Tournai,50.6058,3.3883,2019-08-23T14:00,24.9,46,0.0,5.5,67,1024.5,96
Tournai,50.6058,3.3883,2019-08-23T15:00,25.3,47,0.0,5.7,72,1023.9,94
Tournai,50.6058,3.3883,2019-08-23T16:00,25.4,48,0.0,6.2,69,1023.4,99
Tournai,50.6058,3.3883,2019-08-23T17:00,25.1,50,0.0,7.0,69,1023.1,91
Tournai,50.6058,3.3883,2019-08-23T18:00,24.5,57,0.0,5.0,60,1022.7,23
Tournai,50.6058,3.3883,2019-08-23T19:00,22.2,68,0.0,5.6,40,1022.2,9
Tournai,50.6058,3.3883,2019-08-23T20:00,20.0,70,0.0,7.9,47,1022.3,0
Tournai,50.6058,3.3883,2019-08-23T21:00,18.8,74,0.0,8.1,45,1022.3,0
Tournai,50.6058,3.3883,2019-08-23T22:00,18.0,77,0.0,8.7,52,1022.1,0
Tournai,50.6058,3.3883,2019-08-23T23:00,17.2,80,0.0,8.0,63,1021.9,0
Tournai,50.6058,3.3883,2019-08-24T00:00,16.5,84,0.0,8.2,75,1021.8,0
Tournai,50.6058,3.3883,2019-08-24T01:00,16.2,83,0.0,8.9,76,1021.8,0
Tournai,50.6058,3.3883,2019-08-24T02:00,15.4,85,0.0,8.0,80,1021.3,0
Tournai,50.6058,3.3883,2019-08-24T03:00,14.6,86,0.0,7.6,85,1020.9,0
Tournai,50.6058,3.3883,2019-08-24T04:00,13.9,88,0.0,7.6,95,1020.9,0
Tournai,50.6058,3.3883,2019-08-24T05:00,13.4,90,0.0,7.4,104,1020.7,0
Tournai,50.6058,3.3883,2019-08-24T06:00,13.0,92,0.0,7.6,115,1020.5,0
Tournai,50.6058,3.3883,2019-08-24T07:00,14.6,87,0.0,8.8,125,1020.5,0
Tournai,50.6058,3.3883,2019-08-24T08:00,17.3,77,0.0,6.1,140,1020.5,4
Tournai,50.6058,3.3883,2019-08-24T09:00,20.2,66,0.0,4.4,145,1020.6,5
Tournai,50.6058,3.3883,2019-08-24T10:00,22.5,58,0.0,4.1,142,1020.4,28
Tournai,50.6058,3.3883,2019-08-24T11:00,24.4,55,0.0,4.8,138,1020.5,50
Tournai,50.6058,3.3883,2019-08-24T12:00,26.0,53,0.0,4.3,138,1020.0,58
Tournai,50.6058,3.3883,2019-08-24T13:00,27.7,43,0.0,9.4,122,1019.5,65
Tournai,50.6058,3.3883,2019-08-24T14:00,28.0,42,0.0,9.2,129,1019.2,89
Tournai,50.6058,3.3883,2019-08-24T15:00,28.3,40,0.0,9.2,132,1018.7,85
Tournai,50.6058,3.3883,2019-08-24T16:00,28.2,41,0.0,8.4,133,1018.3,65
Tournai,50.6058,3.3883,2019-08-24T17:00,27.9,43,0.0,6.4,128,1018.1,50
Tournai,50.6058,3.3883,2019-08-24T18:00,27.0,55,0.0,4.0,117,1018.0,73
Tournai,50.6058,3.3883,2019-08-24T19:00,24.1,71,0.0,7.1,75,1017.7,74
Tournai,50.6058,3.3883,2019-08-24T20:00,21.0,70,0.0,8.9,58,1017.7,98
Tournai,50.6058,3.3883,2019-08-24T21:00,19.8,71,0.0,10.0,60,1017.9,98
Tournai,50.6058,3.3883,2019-08-24T22:00,19.2,71,0.0,8.4,70,1017.8,96
Tournai,50.6058,3.3883,2019-08-24T23:00,18.5,75,0.0,7.3,79,1017.9,100
Tournai,50.6058,3.3883,2019-08-25T00:00,18.0,79,0.0,6.6,81,1017.8,99
Tournai,50.6058,3.3883,2019-08-25T01:00,17.8,78,0.0,7.2,84,1017.9,96
Tournai,50.6058,3.3883,2019-08-25T02:00,16.9,84,0.0,6.5,84,1017.7,94
Tournai,50.6058,3.3883,2019-08-25T03:00,16.0,89,0.0,7.6,90,1017.6,95
Tournai,50.6058,3.3883,2019-08-25T04:00,15.6,91,0.0,6.8,108,1017.5,92
Tournai,50.6058,3.3883,2019-08-25T05:00,15.0,94,0.0,6.9,129,1017.6,84
Tournai,50.6058,3.3883,2019-08-25T06:00,15.6,91,0.0,6.9,133,1017.5,55
Tournai,50.6058,3.3883,2019-08-25T07:00,16.9,87,0.0,1.8,217,1017.9,61
Tournai,50.6058,3.3883,2019-08-25T08:00,19.6,80,0.0,0.4,180,1018.4,7
Tournai,50.6058,3.3883,2019-08-25T09:00,22.5,70,0.0,1.0,135,1018.8,8
Tournai,50.6058,3.3883,2019-08-25T10:00,25.4,59,0.0,1.3,124,1018.9,12
Tournai,50.6058,3.3883,2019-08-25T11:00,27.3,50,0.0,1.5,104,1018.8,18
Tournai,50.6058,3.3883,2019-08-25T12:00,28.2,45,0.0,1.9,112,1018.6,5
Tournai,50.6058,3.3883,2019-08-25T13:00,28.9,41,0.0,5.4,110,1018.4,2
Tournai,50.6058,3.3883,2019-08-25T14:00,29.3,40,0.0,4.8,117,1018.4,3
Tournai,50.6058,3.3883,2019-08-25T15:00,29.5,40,0.0,3.0,104,1018.2,0
Tournai,50.6058,3.3883,2019-08-25T16:00,29.4,41,0.0,2.6,74,1018.0,6
Tournai,50.6058,3.3883,2019-08-25T17:00,29.1,42,0.0,3.4,58,1018.0,0
Tournai,50.6058,3.3883,2019-08-25T18:00,28.8,44,0.0,4.5,61,1018.0,0
Tournai,50.6058,3.3883,2019-08-25T19:00,25.9,66,0.0,6.2,54,1018.0,0
Tournai,50.6058,3.3883,2019-08-25T20:00,23.0,66,0.0,7.3,11,1018.3,3
Tournai,50.6058,3.3883,2019-08-25T21:00,22.6,64,0.0,10.4,2,1018.9,4
Tournai,50.6058,3.3883,2019-08-25T22:00,21.3,67,0.0,9.6,20,1019.1,6
Tournai,50.6058,3.3883,2019-08-25T23:00,20.0,73,0.0,6.7,36,1019.2,8
Tournai,50.6058,3.3883,2019-08-26T00:00,19.1,77,0.0,5.9,47,1019.2,4
Tournai,50.6058,3.3883,2019-08-26T01:00,18.2,79,0.0,6.1,50,1019.0,5
Tournai,50.6058,3.3883,2019-08-26T02:00,16.5,85,0.0,8.0,82,1018.8,20
Tournai,50.6058,3.3883,2019-08-26T03:00,15.6,88,0.0,9.1,97,1018.5,0
Tournai,50.6058,3.3883,2019-08-26T04:00,15.8,86,0.0,6.0,107,1018.3,0
Tournai,50.6058,3.3883,2019-08-26T05:00,15.8,86,0.0,4.7,99,1018.4,0
Tournai,50.6058,3.3883,2019-08-26T06:00,14.3,92,0.0,5.4,98,1018.3,0
Tournai,50.6058,3.3883,2019-08-26T07:00,16.2,85,0.0,6.9,133,1018.3,0
Tournai,50.6058,3.3883,2019-08-26T08:00,19.5,72,0.0,3.6,143,1018.6,0
Tournai,50.6058,3.3883,2019-08-26T09:00,22.8,61,0.0,1.3,124,1018.7,0
Tournai,50.6058,3.3883,2019-08-26T10:00,25.5,53,0.0,1.5,45,1018.7,0
Tournai,50.6058,3.3883,2019-08-26T11:00,27.8,45,0.0,1.9,22,1018.7,0
Tournai,50.6058,3.3883,2019-08-26T12:00,28.8,39,0.0,2.9,7,1018.2,0
Tournai,50.6058,3.3883,2019-08-26T13:00,29.8,38,0.0,6.8,65,1017.9,0
Tournai,50.6058,3.3883,2019-08-26T14:00,30.1,39,0.0,7.2,90,1017.5,0
Tournai,50.6058,3.3883,2019-08-26T15:00,30.2,39,0.0,7.2,108,1016.8,3
Tournai,50.6058,3.3883,2019-08-26T16:00,30.1,40,0.0,7.0,111,1016.4,2
Tournai,50.6058,3.3883,2019-08-26T17:00,29.8,43,0.0,5.7,108,1016.2,1
Tournai,50.6058,3.3883,2019-08-26T18:00,28.8,51,0.0,4.3,85,1016.0,0
Tournai,50.6058,3.3883,2019-08-26T19:00,26.0,66,0.0,7.1,66,1015.7,0
Tournai,50.6058,3.3883,2019-08-26T20:00,24.7,59,0.0,7.4,61,1015.9,0
Tournai,50.6058,3.3883,2019-08-26T21:00,22.2,70,0.0,8.1,21,1016.1,0
Tournai,50.6058,3.3883,2019-08-26T22:00,21.2,73,0.0,6.2,7,1016.0,0
Tournai,50.6058,3.3883,2019-08-26T23:00,20.5,77,0.0,6.8,25,1016.3,0
Tournai,50.6058,3.3883,2019-08-27T00:00,19.6,81,0.0,6.1,62,1016.0,0
Tournai,50.6058,3.3883,2019-08-27T01:00,20.4,79,0.0,8.9,40,1016.0,0
Tournai,50.6058,3.3883,2019-08-27T02:00,20.0,81,0.0,7.6,59,1015.6,0
Tournai,50.6058,3.3883,2019-08-27T03:00,19.0,88,0.0,6.6,68,1015.4,0
Tournai,50.6058,3.3883,2019-08-27T04:00,18.9,90,0.0,6.4,74,1015.3,0
Tournai,50.6058,3.3883,2019-08-27T05:00,17.7,93,0.0,8.9,111,1015.0,0
Tournai,50.6058,3.3883,2019-08-27T06:00,17.2,95,0.0,7.2,127,1015.0,0
Tournai,50.6058,3.3883,2019-08-27T07:00,19.3,89,0.0,8.0,95,1014.9,0
Tournai,50.6058,3.3883,2019-08-27T08:00,22.0,79,0.0,6.0,107,1015.1,0
Tournai,50.6058,3.3883,2019-08-27T09:00,24.5,71,0.0,5.6,117,1015.0,0
Tournai,50.6058,3.3883,2019-08-27T10:00,26.5,62,0.0,4.7,122,1015.0,0
Tournai,50.6058,3.3883,2019-08-27T11:00,28.6,53,0.0,4.4,125,1014.9,36
Tournai,50.6058,3.3883,2019-08-27T12:00,30.2,45,0.0,5.4,143,1014.4,17
Tournai,50.6058,3.3883,2019-08-27T13:00,31.0,38,0.0,6.4,133,1014.3,4
Tournai,50.6058,3.3883,2019-08-27T14:00,31.5,36,0.0,7.3,160,1013.7,73
Tournai,50.6058,3.3883,2019-08-27T15:00,31.5,35,0.0,9.0,196,1013.3,97
Tournai,50.6058,3.3883,2019-08-27T16:00,31.3,35,0.0,6.8,205,1012.9,85
Tournai,50.6058,3.3883,2019-08-27T17:00,30.7,34,0.0,11.5,184,1012.7,95
Tournai,50.6058,3.3883,2019-08-27T18:00,28.2,49,0.0,6.2,187,1012.9,93
Tournai,50.6058,3.3883,2019-08-27T19:00,25.9,66,0.0,7.6,155,1012.7,85
Tournai,50.6058,3.3883,2019-08-27T20:00,24.7,59,0.0,7.5,145,1012.8,57
Tournai,50.6058,3.3883,2019-08-27T21:00,24.2,55,0.0,8.6,178,1013.0,52
Tournai,50.6058,3.3883,2019-08-27T22:00,22.8,57,0.0,8.1,193,1013.2,11
Tournai,50.6058,3.3883,2019-08-27T23:00,21.6,63,0.0,7.6,180,1013.4,5
Tournai,50.6058,3.3883,2019-08-28T00:00,21.0,68,0.0,8.3,214,1013.5,4
Tournai,50.6058,3.3883,2019-08-28T01:00,21.8,70,0.0,9.1,263,1013.5,6
Tournai,50.6058,3.3883,2019-08-28T02:00,20.6,74,0.0,9.0,247,1013.6,44
Tournai,50.6058,3.3883,2019-08-28T03:00,20.3,72,0.0,10.5,264,1013.6,60
Tournai,50.6058,3.3883,2019-08-28T04:00,20.3,68,0.0,12.9,243,1013.9,87
Tournai,50.6058,3.3883,2019-08-28T05:00,20.2,66,0.0,7.6,262,1013.7,100
Tournai,50.6058,3.3883,2019-08-28T06:00,20.5,64,0.0,10.1,276,1013.9,100
Tournai,50.6058,3.3883,2019-08-28T07:00,20.6,66,0.0,8.7,232,1014.3,95
Tournai,50.6058,3.3883,2019-08-28T08:00,21.5,67,0.0,9.0,241,1014.5,87
Tournai,50.6058,3.3883,2019-08-28T09:00,23.0,62,0.0,10.2,238,1014.5,100
Tournai,50.6058,3.3883,2019-08-28T10:00,24.4,59,0.0,9.8,253,1014.7,98
Tournai,50.6058,3.3883,2019-08-28T11:00,25.3,58,0.0,9.6,257,1015.0,98
Tournai,50.6058,3.3883,2019-08-28T12:00,26.1,57,0.0,9.0,254,1014.7,98
Tournai,50.6058,3.3883,2019-08-28T13:00,27.2,54,0.0,10.5,207,1014.6,97
Tournai,50.6058,3.3883,2019-08-28T14:00,28.1,50,0.0,13.4,204,1014.2,99
Tournai,50.6058,3.3883,2019-08-28T15:00,26.7,55,0.2,15.7,238,1014.2,99
Tournai,50.6058,3.3883,2019-08-28T16:00,25.9,59,0.0,12.2,236,1014.2,98
Tournai,50.6058,3.3883,2019-08-28T17:00,25.4,61,0.0,13.4,275,1014.4,93
Tournai,50.6058,3.3883,2019-08-28T18:00,22.9,69,0.0,18.0,290,1014.8,95
Tournai,50.6058,3.3883,2019-08-28T19:00,20.8,78,0.5,13.7,284,1015.2,88
Tournai,50.6058,3.3883,2019-08-28T20:00,20.1,77,0.1,9.1,279,1015.9,55
Tournai,50.6058,3.3883,2019-08-28T21:00,19.1,81,0.1,4.7,266,1015.9,55
Tournai,50.6058,3.3883,2019-08-28T22:00,18.5,85,0.1,4.0,243,1015.9,59
Tournai,50.6058,3.3883,2019-08-28T23:00,18.4,85,0.0,6.8,267,1016.5,98
Tournai,50.6058,3.3883,2019-08-29T00:00,17.9,87,0.0,3.8,229,1016.8,52
Tournai,50.6058,3.3883,2019-08-29T01:00,18.0,88,0.0,4.1,232,1017.2,100
Tournai,50.6058,3.3883,2019-08-29T02:00,18.0,90,0.0,4.9,253,1017.3,71
Tournai,50.6058,3.3883,2019-08-29T03:00,17.6,92,0.0,5.5,238,1017.5,100
Tournai,50.6058,3.3883,2019-08-29T04:00,18.0,90,0.0,5.6,230,1017.3,93
Tournai,50.6058,3.3883,2019-08-29T05:00,17.9,91,0.0,6.5,214,1017.5,100
Tournai,50.6058,3.3883,2019-08-29T06:00,17.8,92,0.0,8.3,214,1017.8,76
Tournai,50.6058,3.3883,2019-08-29T07:00,18.1,90,0.0,11.1,234,1018.3,94
Tournai,50.6058,3.3883,2019-08-29T08:00,18.3,81,0.0,14.1,257,1019.0,81
Tournai,50.6058,3.3883,2019-08-29T09:00,18.1,75,0.0,15.2,256,1019.3,77
Tournai,50.6058,3.3883,2019-08-29T10:00,19.0,69,0.0,15.7,254,1020.0,87
Tournai,50.6058,3.3883,2019-08-29T11:00,20.0,62,0.0,15.5,258,1020.3,79
Tournai,50.6058,3.3883,2019-08-29T12:00,21.0,56,0.0,14.6,261,1020.3,47
Tournai,50.6058,3.3883,2019-08-29T13:00,21.3,54,0.0,14.4,257,1021.2,38
Tournai,50.6058,3.3883,2019-08-29T14:00,21.8,51,0.0,12.4,260,1021.1,37
Tournai,50.6058,3.3883,2019-08-29T15:00,22.0,47,0.0,10.5,262,1020.9,8
Tournai,50.6058,3.3883,2019-08-29T16:00,22.0,47,0.0,10.2,262,1020.7,2
Tournai,50.6058,3.3883,2019-08-29T17:00,21.7,49,0.0,11.5,270,1020.9,6
Tournai,50.6058,3.3883,2019-08-29T18:00,20.8,52,0.0,10.9,276,1021.1,1
Tournai,50.6058,3.3883,2019-08-29T19:00,19.2,57,0.0,10.4,272,1021.5,0
Tournai,50.6058,3.3883,2019-08-29T20:00,17.3,61,0.0,10.5,276,1022.0,0
Tournai,50.6058,3.3883,2019-08-29T21:00,15.9,66,0.0,8.7,277,1022.6,0
Tournai,50.6058,3.3883,2019-08-29T22:00,14.8,71,0.0,8.6,272,1022.6,0
Tournai,50.6058,3.3883,2019-08-29T23:00,13.9,77,0.0,8.3,275,1022.9,0
Tournai,50.6058,3.3883,2019-08-30T00:00,13.0,83,0.0,7.2,270,1023.1,0
Tournai,50.6058,3.3883,2019-08-30T01:00,11.8,90,0.0,5.8,266,1023.4,0
Tournai,50.6058,3.3883,2019-08-30T02:00,11.0,93,0.0,6.2,260,1023.3,0
Tournai,50.6058,3.3883,2019-08-30T03:00,10.2,95,0.0,7.4,231,1023.3,39
Tournai,50.6058,3.3883,2019-08-30T04:00,10.4,96,0.0,5.2,214,1023.5,0
Tournai,50.6058,3.3883,2019-08-30T05:00,10.4,96,0.0,5.6,207,1023.5,6
Tournai,50.6058,3.3883,2019-08-30T06:00,10.5,96,0.0,6.9,219,1023.8,37
Tournai,50.6058,3.3883,2019-08-30T07:00,12.0,93,0.0,8.4,227,1023.9,63
Tournai,50.6058,3.3883,2019-08-30T08:00,14.6,85,0.0,5.9,227,1024.0,64
Tournai,50.6058,3.3883,2019-08-30T09:00,17.0,78,0.0,6.7,234,1024.1,51
Tournai,50.6058,3.3883,2019-08-30T10:00,18.5,70,0.0,6.3,239,1024.0,84
Tournai,50.6058,3.3883,2019-08-30T11:00,19.8,65,0.0,6.4,223,1024.0,91
Tournai,50.6058,3.3883,2019-08-30T12:00,20.8,61,0.0,7.1,221,1023.5,92
Tournai,50.6058,3.3883,2019-08-30T13:00,21.6,51,0.0,7.4,194,1023.2,70
Tournai,50.6058,3.3883,2019-08-30T14:00,22.2,48,0.0,7.5,215,1022.8,90
Tournai,50.6058,3.3883,2019-08-30T15:00,22.8,47,0.0,6.9,227,1022.2,87
Tournai,50.6058,3.3883,2019-08-30T16:00,23.0,48,0.0,4.9,234,1021.6,77
Tournai,50.6058,3.3883,2019-08-30T17:00,22.9,48,0.0,3.4,212,1021.0,63
Tournai,50.6058,3.3883,2019-08-30T18:00,22.5,54,0.0,2.9,187,1020.7,9
Tournai,50.6058,3.3883,2019-08-30T19:00,19.7,74,0.0,6.4,153,1020.5,1
Tournai,50.6058,3.3883,2019-08-30T20:00,17.2,75,0.0,7.9,137,1020.6,0
Tournai,50.6058,3.3883,2019-08-30T21:00,16.7,72,0.0,6.7,144,1020.3,0
Tournai,50.6058,3.3883,2019-08-30T22:00,15.7,73,0.0,6.8,148,1020.4,16
Tournai,50.6058,3.3883,2019-08-30T23:00,14.8,77,0.0,8.1,148,1019.9,18
Tournai,50.6058,3.3883,2019-08-31T00:00,13.8,82,0.0,8.6,158,1019.5,1
Tournai,50.6058,3.3883,2019-08-31T01:00,14.2,75,0.0,7.6,135,1019.0,0
Tournai,50.6058,3.3883,2019-08-31T02:00,13.1,78,0.0,7.9,133,1018.1,0
Tournai,50.6058,3.3883,2019-08-31T03:00,12.7,78,0.0,7.9,129,1017.4,0
Tournai,50.6058,3.3883,2019-08-31T04:00,12.2,81,0.0,7.4,129,1016.7,0
Tournai,50.6058,3.3883,2019-08-31T05:00,11.7,85,0.0,6.6,135,1016.0,11
Tournai,50.6058,3.3883,2019-08-31T06:00,11.1,89,0.0,6.4,133,1015.4,8
Tournai,50.6058,3.3883,2019-08-31T07:00,12.8,83,0.0,8.4,130,1015.2,17
Tournai,50.6058,3.3883,2019-08-31T08:00,16.0,72,0.0,6.6,135,1014.8,6
Tournai,50.6058,3.3883,2019-08-31T09:00,19.9,60,0.0,8.4,140,1014.2,1
Tournai,50.6058,3.3883,2019-08-31T10:00,23.1,50,0.0,10.3,144,1013.6,8
Tournai,50.6058,3.3883,2019-08-31T11:00,25.2,45,0.0,11.2,147,1012.7,24
Tournai,50.6058,3.3883,2019-08-31T12:00,26.6,42,0.0,10.2,148,1011.7,19
Tournai,50.6058,3.3883,2019-08-31T13:00,27.9,44,0.0,10.8,150,1010.6,71
Tournai,50.6058,3.3883,2019-08-31T14:00,27.4,49,0.4,9.3,196,1010.1,72
Tournai,50.6058,3.3883,2019-08-31T15:00,27.4,51,0.0,12.0,213,1009.1,69
Tournai,50.6058,3.3883,2019-08-31T16:00,27.6,50,0.0,14.7,234,1008.4,81
Tournai,50.6058,3.3883,2019-08-31T17:00,25.9,48,0.0,22.5,276,1009.0,68
Tournai,50.6058,3.3883,2019-08-31T18:00,22.0,62,0.0,25.1,278,1010.3,86
Tournai,50.6058,3.3883,2019-08-31T19:00,19.5,62,0.0,22.4,275,1011.1,75
Tournai,50.6058,3.3883,2019-08-31T20:00,17.8,68,0.0,18.9,279,1011.6,91
Tournai,50.6058,3.3883,2019-08-31T21:00,17.0,72,0.0,17.2,280,1012.0,98
Tournai,50.6058,3.3883,2019-08-31T22:00,16.6,78,0.0,14.8,270,1012.1,94
Tournai,50.6058,3.3883,2019-08-31T23:00,16.4,81,0.0,12.9,257,1012.6,91
Tournai,50.6058,3.3883,2019-09-01T00:00,16.4,80,0.0,13.3,257,1012.5,68
Tournai,50.6058,3.3883,2019-09-01T01:00,16.8,83,0.0,12.6,267,1013.2,100
Tournai,50.6058,3.3883,2019-09-01T02:00,16.7,80,0.0,13.4,278,1013.6,100
Tournai,50.6058,3.3883,2019-09-01T03:00,15.6,81,0.0,11.9,273,1013.7,100
Tournai,50.6058,3.3883,2019-09-01T04:00,14.9,82,0.0,10.8,272,1013.9,99
Tournai,50.6058,3.3883,2019-09-01T05:00,14.0,86,0.0,9.1,279,1014.0,99
Tournai,50.6058,3.3883,2019-09-01T06:00,14.1,85,0.0,7.7,281,1014.1,100
Tournai,50.6058,3.3883,2019-09-01T07:00,14.5,82,0.0,8.3,275,1014.6,100
Tournai,50.6058,3.3883,2019-09-01T08:00,15.2,79,0.0,8.8,279,1015.3,100
Tournai,50.6058,3.3883,2019-09-01T09:00,16.1,75,0.0,7.7,281,1016.0,98
Tournai,50.6058,3.3883,2019-09-01T10:00,17.8,62,0.0,8.2,299,1016.3,95
Tournai,50.6058,3.3883,2019-09-01T11:00,18.8,54,0.0,10.0,296,1016.8,34
Tournai,50.6058,3.3883,2019-09-01T12:00,19.4,52,0.0,9.9,289,1016.7,44
Tournai,50.6058,3.3883,2019-09-01T13:00,19.8,49,0.0,9.9,289,1017.4,46
Tournai,50.6058,3.3883,2019-09-01T14:00,20.0,47,0.0,9.7,292,1017.3,42
Tournai,50.6058,3.3883,2019-09-01T15:00,20.2,43,0.0,9.5,299,1017.2,54
Tournai,50.6058,3.3883,2019-09-01T16:00,20.2,42,0.0,11.9,305,1017.1,65
Tournai,50.6058,3.3883,2019-09-01T17:00,18.9,50,0.0,15.1,335,1017.6,87
Tournai,50.6058,3.3883,2019-09-01T18:00,17.8,55,0.0,13.5,351,1018.2,62
Tournai,50.6058,3.3883,2019-09-01T19:00,16.6,59,0.0,9.1,351,1018.6,14
Tournai,50.6058,3.3883,2019-09-01T20:00,15.1,64,0.0,7.4,346,1019.4,29
Tournai,50.6058,3.3883,2019-09-01T21:00,14.0,71,0.0,5.8,338,1020.2,21
Tournai,50.6058,3.3883,2019-09-01T22:00,12.8,79,0.0,8.4,310,1020.5,15
Tournai,50.6058,3.3883,2019-09-01T23:00,12.2,81,0.0,7.0,258,1021.1,26
Ostend,51.2254,2.9263,2019-08-01T00:00,17.1,83,0.0,21.1,226,1015.7,87
Ostend,51.2254,2.9263,2019-08-01T01:00,17.2,85,0.0,21.1,227,1015.9,99
Ostend,51.2254,2.9263,2019-08-01T02:00,16.8,89,0.0,19.6,227,1016.1,100
Ostend,51.2254,2.9263,2019-08-01T03:00,16.6,92,0.0,18.6,226,1016.0,55
Ostend,51.2254,2.9263,2019-08-01T04:00,16.8,93,0.0,17.9,232,1015.9,46
Ostend,51.2254,2.9263,2019-08-01T05:00,17.0,91,0.1,17.5,233,1015.9,37
Ostend,51.2254,2.9263,2019-08-01T06:00,17.0,91,0.0,17.9,236,1015.9,27
Ostend,51.2254,2.9263,2019-08-01T07:00,17.8,86,0.1,20.4,244,1016.0,28
Ostend,51.2254,2.9263,2019-08-01T08:00,18.6,81,0.0,20.3,253,1016.3,21
Ostend,51.2254,2.9263,2019-08-01T09:00,19.2,76,0.0,19.8,258,1016.3,9
Ostend,51.2254,2.9263,2019-08-01T10:00,19.7,73,0.0,19.5,266,1016.8,11
Ostend,51.2254,2.9263,2019-08-01T11:00,20.0,71,0.0,19.8,273,1017.0,11
Ostend,51.2254,2.9263,2019-08-01T12:00,20.1,70,0.0,19.3,279,1017.0,28
Ostend,51.2254,2.9263,2019-08-01T13:00,20.8,68,0.0,17.1,278,1017.3,35
Ostend,51.2254,2.9263,2019-08-01T14:00,20.9,68,0.0,17.7,287,1017.4,7
Ostend,51.2254,2.9263,2019-08-01T15:00,20.6,69,0.0,17.3,293,1017.3,5
Ostend,51.2254,2.9263,2019-08-01T16:00,20.9,65,0.0,15.8,287,1017.0,14
Ostend,51.2254,2.9263,2019-08-01T17:00,20.8,66,0.0,15.0,281,1016.8,16
Ostend,51.2254,2.9263,2019-08-01T18:00,20.4,68,0.0,14.2,277,1016.6,21
Ostend,51.2254,2.9263,2019-08-01T19:00,20.0,70,0.0,11.7,279,1016.4,35
Ostend,51.2254,2.9263,2019-08-01T20:00,19.0,79,0.0,9.7,270,1016.9,54
Ostend,51.2254,2.9263,2019-08-01T21:00,17.8,87,0.0,9.0,275,1017.1,10
Ostend,51.2254,2.9263,2019-08-01T22:00,17.7,86,0.0,10.2,280,1017.0,4
Ostend,51.2254,2.9263,2019-08-01T23:00,17.3,89,0.0,8.3,265,1017.0,12
Ostend,51.2254,2.9263,2019-08-02T00:00,17.0,91,0.0,8.0,262,1016.9,10
Ostend,51.2254,2.9263,2019-08-02T01:00,17.6,91,0.0,9.5,281,1016.9,8
Ostend,51.2254,2.9263,2019-08-02T02:00,17.6,92,0.0,8.5,298,1016.7,17
Ostend,51.2254,2.9263,2019-08-02T03:00,17.0,92,0.0,6.4,322,1016.6,1
Ostend,51.2254,2.9263,2019-08-02T04:00,17.4,91,0.0,11.4,332,1016.7,0
Ostend,51.2254,2.9263,2019-08-02T05:00,17.0,93,0.0,11.9,331,1016.6,15
Ostend,51.2254,2.9263,2019-08-02T06:00,17.1,94,0.0,12.9,324,1016.4,19
Ostend,51.2254,2.9263,2019-08-02T07:00,18.0,89,0.0,16.6,319,1016.6,22
Ostend,51.2254,2.9263,2019-08-02T08:00,18.5,85,0.3,19.2,322,1016.9,22
Ostend,51.2254,2.9263,2019-08-02T09:00,19.0,80,0.2,21.2,318,1017.0,24
Ostend,51.2254,2.9263,2019-08-02T10:00,19.2,78,0.3,23.2,317,1017.2,37
Ostend,51.2254,2.9263,2019-08-02T11:00,19.2,79,0.8,25.7,317,1017.6,48
Ostend,51.2254,2.9263,2019-08-02T12:00,19.5,80,0.1,25.5,315,1017.5,34
Ostend,51.2254,2.9263,2019-08-02T13:00,19.8,77,0.1,23.8,328,1018.1,44
Ostend,51.2254,2.9263,2019-08-02T14:00,20.2,73,0.0,24.0,332,1018.1,33
Ostend,51.2254,2.9263,2019-08-02T15:00,20.5,73,0.0,24.0,332,1018.1,15
Ostend,51.2254,2.9263,2019-08-02T16:00,20.1,73,0.1,25.3,340,1018.1,18
Ostend,51.2254,2.9263,2019-08-02T17:00,19.9,75,0.0,24.0,343,1017.9,10
Ostend,51.2254,2.9263,2019-08-02T18:00,19.4,78,0.0,24.5,350,1018.0,16
Ostend,51.2254,2.9263,2019-08-02T19:00,18.8,83,0.0,22.5,353,1018.0,20
Ostend,51.2254,2.9263,2019-08-02T20:00,18.1,86,0.0,21.0,355,1018.2,42
Ostend,51.2254,2.9263,2019-08-02T21:00,17.8,86,0.0,19.8,360,1018.5,69
Ostend,51.2254,2.9263,2019-08-02T22:00,17.6,85,0.0,19.1,1,1018.6,69
Ostend,51.2254,2.9263,2019-08-02T23:00,17.3,87,0.0,18.1,5,1018.7,62
Ostend,51.2254,2.9263,2019-08-03T00:00,17.1,88,0.0,16.3,8,1018.7,46
Ostend,51.2254,2.9263,2019-08-03T01:00,17.5,84,0.0,15.6,7,1018.7,53
Ostend,51.2254,2.9263,2019-08-03T02:00,17.4,84,0.0,14.3,12,1018.7,65
Ostend,51.2254,2.9263,2019-08-03T03:00,17.3,83,0.0,13.5,16,1018.7,47
Ostend,51.2254,2.9263,2019-08-03T04:00,17.1,82,0.0,11.7,18,1018.5,65
Ostend,51.2254,2.9263,2019-08-03T05:00,17.0,85,0.0,9.3,13,1018.7,89
Ostend,51.2254,2.9263,2019-08-03T06:00,17.2,86,0.0,9.1,9,1018.8,49
Ostend,51.2254,2.9263,2019-08-03T07:00,18.3,81,0.0,10.0,13,1018.9,52
Ostend,51.2254,2.9263,2019-08-03T08:00,18.8,77,0.1,13.4,20,1019.0,62
Ostend,51.2254,2.9263,2019-08-03T09:00,19.0,76,0.2,13.9,25,1019.0,69
Ostend,51.2254,2.9263,2019-08-03T10:00,20.0,71,0.3,14.1,13,1019.2,76
Ostend,51.2254,2.9263,2019-08-03T11:00,19.7,73,0.2,15.3,9,1019.6,88
Ostend,51.2254,2.9263,2019-08-03T12:00,20.4,69,0.0,16.4,15,1019.5,99
Ostend,51.2254,2.9263,2019-08-03T13:00,20.1,72,0.0,13.8,15,1019.8,97
Ostend,51.2254,2.9263,2019-08-03T14:00,20.5,69,0.0,14.2,24,1019.7,100
Ostend,51.2254,2.9263,2019-08-03T15:00,21.0,66,0.0,13.5,25,1019.5,100
Ostend,51.2254,2.9263,2019-08-03T16:00,20.8,66,0.0,14.8,23,1019.2,100
Ostend,51.2254,2.9263,2019-08-03T17:00,20.1,69,0.0,15.0,30,1018.9,99
Ostend,51.2254,2.9263,2019-08-03T18:00,19.9,69,0.0,13.0,34,1018.6,99
Ostend,51.2254,2.9263,2019-08-03T19:00,19.3,71,0.0,11.2,40,1018.4,99
Ostend,51.2254,2.9263,2019-08-03T20:00,18.8,74,0.0,9.6,56,1018.2,99
Ostend,51.2254,2.9263,2019-08-03T21:00,18.1,78,0.0,8.0,72,1018.1,99
Ostend,51.2254,2.9263,2019-08-03T22:00,17.6,81,0.0,8.0,80,1018.0,98
Ostend,51.2254,2.9263,2019-08-03T23:00,17.2,81,0.0,8.4,97,1017.7,96
Ostend,51.2254,2.9263,2019-08-04T00:00,16.4,84,0.0,6.7,106,1017.6,55
Ostend,51.2254,2.9263,2019-08-04T01:00,16.2,85,0.0,8.4,110,1017.4,19
Ostend,51.2254,2.9263,2019-08-04T02:00,15.8,87,0.0,7.5,125,1017.3,6
Ostend,51.2254,2.9263,2019-08-04T03:00,15.2,90,0.0,7.6,135,1017.1,14
Ostend,51.2254,2.9263,2019-08-04T04:00,15.1,92,0.0,7.4,137,1016.9,71
Ostend,51.2254,2.9263,2019-08-04T05:00,14.7,93,0.0,6.6,139,1016.8,19
Ostend,51.2254,2.9263,2019-08-04T06:00,15.2,91,0.0,7.9,137,1016.5,22
Ostend,51.2254,2.9263,2019-08-04T07:00,17.1,83,0.0,9.7,138,1016.2,20
Ostend,51.2254,2.9263,2019-08-04T08:00,19.5,75,0.0,9.2,132,1016.1,16
Ostend,51.2254,2.9263,2019-08-04T09:00,21.5,65,0.0,10.4,136,1015.8,93
Ostend,51.2254,2.9263,2019-08-04T10:00,22.6,59,0.0,9.7,138,1015.5,99
Ostend,51.2254,2.9263,2019-08-04T11:00,23.6,56,0.0,8.1,135,1015.1,85
Ostend,51.2254,2.9263,2019-08-04T12:00,24.8,51,0.0,6.8,155,1014.8,100
Ostend,51.2254,2.9263,2019-08-04T13:00,24.9,50,0.0,5.3,118,1014.8,100
Ostend,51.2254,2.9263,2019-08-04T14:00,25.2,47,0.0,1.9,112,1014.4,100
Ostend,51.2254,2.9263,2019-08-04T15:00,24.6,52,0.0,6.5,357,1014.0,100
Ostend,51.2254,2.9263,2019-08-04T16:00,23.8,62,0.0,10.9,17,1013.5,100
Ostend,51.2254,2.9263,2019-08-04T17:00,23.8,63,0.0,11.1,29,1012.9,100
Ostend,51.2254,2.9263,2019-08-04T18:00,23.5,66,0.0,9.1,34,1012.7,100
Ostend,51.2254,2.9263,2019-08-04T19:00,23.0,71,0.0,7.9,43,1012.2,100
Ostend,51.2254,2.9263,2019-08-04T20:00,21.9,78,0.0,7.4,51,1011.8,100
Ostend,51.2254,2.9263,2019-08-04T21:00,20.9,84,0.0,5.8,60,1011.8,100
Ostend,51.2254,2.9263,2019-08-04T22:00,20.4,86,0.0,3.6,96,1011.6,100
Ostend,51.2254,2.9263,2019-08-04T23:00,20.0,89,0.3,4.0,80,1011.6,100
Ostend,51.2254,2.9263,2019-08-05T00:00,20.0,86,0.0,2.3,18,1011.4,94
Ostend,51.2254,2.9263,2019-08-05T01:00,19.5,84,0.0,16.4,255,1011.4,99
Ostend,51.2254,2.9263,2019-08-05T02:00,19.0,82,0.0,16.1,246,1011.2,70
Ostend,51.2254,2.9263,2019-08-05T03:00,18.3,88,0.1,19.6,256,1011.2,96
Ostend,51.2254,2.9263,2019-08-05T04:00,18.0,86,0.0,20.4,256,1011.0,93
Ostend,51.2254,2.9263,2019-08-05T05:00,17.5,87,0.0,20.2,254,1011.0,69
Ostend,51.2254,2.9263,2019-08-05T06:00,17.4,88,0.0,19.5,254,1011.1,45
Ostend,51.2254,2.9263,2019-08-05T07:00,18.2,84,0.0,21.1,250,1011.1,65
Ostend,51.2254,2.9263,2019-08-05T08:00,19.0,78,0.0,22.1,248,1011.2,77
Ostend,51.2254,2.9263,2019-08-05T09:00,20.0,71,0.0,22.5,250,1011.4,46
Ostend,51.2254,2.9263,2019-08-05T10:00,21.0,65,0.0,22.5,248,1011.4,76
Ostend,51.2254,2.9263,2019-08-05T11:00,22.6,54,0.0,22.2,241,1011.1,50
Ostend,51.2254,2.9263,2019-08-05T12:00,23.5,52,0.0,24.3,249,1010.9,77
Ostend,51.2254,2.9263,2019-08-05T13:00,23.5,53,0.1,20.6,251,1010.9,99
Ostend,51.2254,2.9263,2019-08-05T14:00,23.2,55,0.0,23.2,242,1010.8,100
Ostend,51.2254,2.9263,2019-08-05T15:00,22.8,61,0.0,26.3,251,1010.8,98
Ostend,51.2254,2.9263,2019-08-05T16:00,22.0,65,0.0,26.5,233,1010.9,71
Ostend,51.2254,2.9263,2019-08-05T17:00,22.5,63,0.0,26.4,235,1010.6,73
Ostend,51.2254,2.9263,2019-08-05T18:00,22.2,66,0.0,25.1,243,1010.1,29
Ostend,51.2254,2.9263,2019-08-05T19:00,21.5,69,0.0,22.0,238,1010.2,79
Ostend,51.2254,2.9263,2019-08-05T20:00,20.3,69,0.0,22.1,240,1010.3,48
Ostend,51.2254,2.9263,2019-08-05T21:00,18.8,66,0.0,21.4,237,1010.8,6
Ostend,51.2254,2.9263,2019-08-05T22:00,17.6,66,0.0,20.6,226,1010.8,73
Ostend,51.2254,2.9263,2019-08-05T23:00,17.0,70,0.0,20.6,227,1010.9,74
Ostend,51.2254,2.9263,2019-08-06T00:00,16.5,76,0.0,20.4,229,1010.8,68
Ostend,51.2254,2.9263,2019-08-06T01:00,16.4,82,0.0,21.8,232,1010.9,96
Ostend,51.2254,2.9263,2019-08-06T02:00,16.1,83,0.0,20.5,231,1011.2,98
Ostend,51.2254,2.9263,2019-08-06T03:00,16.0,84,0.0,19.5,231,1010.9,97
Ostend,51.2254,2.9263,2019-08-06T04:00,15.9,84,0.0,18.4,228,1010.7,80
Ostend,51.2254,2.9263,2019-08-06T05:00,15.6,85,0.0,18.1,226,1010.8,81
Ostend,51.2254,2.9263,2019-08-06T06:00,15.7,84,0.0,18.8,225,1010.9,96
Ostend,51.2254,2.9263,2019-08-06T07:00,16.9,80,0.0,19.4,227,1010.8,93
Ostend,51.2254,2.9263,2019-08-06T08:00,18.1,75,0.0,19.9,229,1010.7,95
Ostend,51.2254,2.9263,2019-08-06T09:00,19.4,68,0.0,19.2,236,1010.7,98
Ostend,51.2254,2.9263,2019-08-06T10:00,20.5,62,0.0,19.0,237,1010.5,99
Ostend,51.2254,2.9263,2019-08-06T11:00,21.8,53,0.0,20.9,238,1010.4,100
Ostend,51.2254,2.9263,2019-08-06T12:00,22.1,50,0.0,21.7,238,1010.2,100
Ostend,51.2254,2.9263,2019-08-06T13:00,22.6,50,0.0,17.6,239,1010.0,100
Ostend,51.2254,2.9263,2019-08-06T14:00,22.6,52,0.0,19.0,251,1009.7,86
Ostend,51.2254,2.9263,2019-08-06T15:00,22.5,53,0.2,20.6,241,1009.3,88
Ostend,51.2254,2.9263,2019-08-06T16:00,22.7,53,0.3,17.4,243,1008.4,92
Ostend,51.2254,2.9263,2019-08-06T17:00,21.5,63,0.1,16.8,261,1008.1,80
Ostend,51.2254,2.9263,2019-08-06T18:00,20.9,68,0.0,16.5,254,1007.8,77
Ostend,51.2254,2.9263,2019-08-06T19:00,20.8,63,0.0,19.8,251,1007.5,25
Ostend,51.2254,2.9263,2019-08-06T20:00,19.8,66,0.0,18.7,251,1007.5,84
Ostend,51.2254,2.9263,2019-08-06T21:00,18.5,73,0.0,17.5,238,1007.8,100
Ostend,51.2254,2.9263,2019-08-06T22:00,17.8,76,0.0,16.3,221,1007.8,100
Ostend,51.2254,2.9263,2019-08-06T23:00,17.2,78,0.0,17.0,212,1007.6,100
Ostend,51.2254,2.9263,2019-08-07T00:00,16.9,79,0.0,18.7,214,1007.3,41
Ostend,51.2254,2.9263,2019-08-07T01:00,17.4,78,0.0,19.6,224,1007.3,40
Ostend,51.2254,2.9263,2019-08-07T02:00,17.1,81,0.0,19.1,224,1006.8,94
Ostend,51.2254,2.9263,2019-08-07T03:00,16.9,84,0.0,19.7,218,1006.8,78
Ostend,51.2254,2.9263,2019-08-07T04:00,16.6,85,0.0,20.5,219,1006.8,89
Ostend,51.2254,2.9263,2019-08-07T05:00,16.5,85,0.0,21.1,224,1006.6,33
Ostend,51.2254,2.9263,2019-08-07T06:00,16.3,87,0.0,21.1,224,1006.6,26
Ostend,51.2254,2.9263,2019-08-07T07:00,17.1,82,0.0,20.6,223,1006.9,19
Ostend,51.2254,2.9263,2019-08-07T08:00,18.2,76,0.0,22.0,230,1007.2,11
Ostend,51.2254,2.9263,2019-08-07T09:00,19.5,67,0.0,24.5,242,1007.1,17
Ostend,51.2254,2.9263,2019-08-07T10:00,20.4,60,0.0,25.5,251,1007.1,16
Ostend,51.2254,2.9263,2019-08-07T11:00,21.0,58,0.0,25.9,254,1007.3,18
Ostend,51.2254,2.9263,2019-08-07T12:00,21.5,55,0.0,25.5,254,1007.1,10
Ostend,51.2254,2.9263,2019-08-07T13:00,22.3,49,0.0,26.0,251,1007.3,12
Ostend,51.2254,2.9263,2019-08-07T14:00,22.4,50,0.0,28.4,258,1007.6,29
Ostend,51.2254,2.9263,2019-08-07T15:00,21.9,54,0.1,28.9,260,1007.7,24
Ostend,51.2254,2.9263,2019-08-07T16:00,21.5,56,0.1,29.3,259,1007.6,19
Ostend,51.2254,2.9263,2019-08-07T17:00,21.1,58,0.0,29.0,256,1007.8,4
Ostend,51.2254,2.9263,2019-08-07T18:00,20.7,59,0.0,27.4,251,1007.9,2
Ostend,51.2254,2.9263,2019-08-07T19:00,19.9,63,0.0,26.2,243,1008.0,3
Ostend,51.2254,2.9263,2019-08-07T20:00,18.8,68,0.0,24.4,236,1008.5,3
Ostend,51.2254,2.9263,2019-08-07T21:00,17.9,73,0.0,22.3,231,1008.8,4
Ostend,51.2254,2.9263,2019-08-07T22:00,17.2,77,0.0,21.2,228,1009.0,8
Ostend,51.2254,2.9263,2019-08-07T23:00,16.8,79,0.0,20.4,229,1009.3,3
Ostend,51.2254,2.9263,2019-08-08T00:00,16.4,81,0.0,20.4,228,1009.4,9
Ostend,51.2254,2.9263,2019-08-08T01:00,16.8,81,0.0,20.6,234,1009.7,26
Ostend,51.2254,2.9263,2019-08-08T02:00,16.2,85,0.0,18.9,230,1009.6,15
Ostend,51.2254,2.9263,2019-08-08T03:00,15.9,87,0.0,19.6,227,1009.7,67
Ostend,51.2254,2.9263,2019-08-08T04:00,15.8,89,0.0,18.6,226,1009.8,70
Ostend,51.2254,2.9263,2019-08-08T05:00,15.8,90,0.0,17.8,223,1010.0,97
Ostend,51.2254,2.9263,2019-08-08T06:00,15.8,90,0.0,18.4,222,1010.0,98
Ostend,51.2254,2.9263,2019-08-08T07:00,16.8,87,0.0,17.8,228,1010.4,70
Ostend,51.2254,2.9263,2019-08-08T08:00,18.1,81,0.1,20.1,241,1011.0,67
Ostend,51.2254,2.9263,2019-08-08T09:00,19.2,72,0.5,21.3,254,1011.3,88
Ostend,51.2254,2.9263,2019-08-08T10:00,20.1,66,0.0,20.4,261,1011.4,42
Ostend,51.2254,2.9263,2019-08-08T11:00,20.9,65,0.0,18.8,267,1011.5,83
Ostend,51.2254,2.9263,2019-08-08T12:00,21.6,62,0.0,16.9,271,1011.8,98
Ostend,51.2254,2.9263,2019-08-08T13:00,21.5,60,0.0,14.4,271,1012.1,95
Ostend,51.2254,2.9263,2019-08-08T14:00,20.7,67,0.2,11.0,281,1012.2,72
Ostend,51.2254,2.9263,2019-08-08T15:00,21.3,64,0.0,6.5,304,1011.9,77
Ostend,51.2254,2.9263,2019-08-08T16:00,22.0,62,0.0,4.7,328,1011.5,99
Ostend,51.2254,2.9263,2019-08-08T17:00,22.4,61,0.0,5.2,344,1011.4,57
Ostend,51.2254,2.9263,2019-08-08T18:00,21.8,64,0.0,8.8,9,1011.0,16
Ostend,51.2254,2.9263,2019-08-08T19:00,21.0,67,0.0,10.2,10,1011.0,54
Ostend,51.2254,2.9263,2019-08-08T20:00,19.7,72,0.0,12.5,39,1010.7,21
Ostend,51.2254,2.9263,2019-08-08T21:00,18.8,76,0.0,12.6,63,1010.5,0
Ostend,51.2254,2.9263,2019-08-08T22:00,18.4,77,0.0,12.4,82,1010.2,26
Ostend,51.2254,2.9263,2019-08-08T23:00,18.4,77,0.0,12.0,106,1010.0,58
Ostend,51.2254,2.9263,2019-08-09T00:00,19.0,74,0.0,13.8,110,1009.5,97
Ostend,51.2254,2.9263,2019-08-09T01:00,19.6,71,0.0,16.6,114,1008.8,65
Ostend,51.2254,2.9263,2019-08-09T02:00,19.5,75,0.5,18.7,120,1008.4,100
Ostend,51.2254,2.9263,2019-08-09T03:00,18.9,82,0.5,18.8,116,1007.6,100
Ostend,51.2254,2.9263,2019-08-09T04:00,18.8,83,0.4,18.3,112,1006.7,100
Ostend,51.2254,2.9263,2019-08-09T05:00,19.0,82,0.0,17.5,122,1005.2,100
Ostend,51.2254,2.9263,2019-08-09T06:00,19.4,80,0.1,16.5,148,1005.1,97
Ostend,51.2254,2.9263,2019-08-09T07:00,20.3,77,0.0,16.1,156,1004.5,100
Ostend,51.2254,2.9263,2019-08-09T08:00,21.0,78,0.9,21.3,175,1004.9,100
Ostend,51.2254,2.9263,2019-08-09T09:00,20.8,86,2.0,17.5,188,1004.9,100
Ostend,51.2254,2.9263,2019-08-09T10:00,22.1,82,0.2,17.2,196,1005.1,100
Ostend,51.2254,2.9263,2019-08-09T11:00,22.4,83,0.4,19.7,188,1004.6,100
Ostend,51.2254,2.9263,2019-08-09T12:00,22.7,83,0.3,19.4,191,1004.5,94
Ostend,51.2254,2.9263,2019-08-09T13:00,22.2,85,0.3,25.2,182,1004.3,100
Ostend,51.2254,2.9263,2019-08-09T14:00,24.1,69,0.0,27.6,187,1004.0,100
Ostend,51.2254,2.9263,2019-08-09T15:00,24.1,64,0.0,28.5,201,1003.9,100
Ostend,51.2254,2.9263,2019-08-09T16:00,23.6,70,0.0,25.6,206,1003.6,30
Ostend,51.2254,2.9263,2019-08-09T17:00,24.8,62,0.0,27.5,212,1003.6,8
Ostend,51.2254,2.9263,2019-08-09T18:00,24.1,64,0.1,21.7,204,1003.2,89
Ostend,51.2254,2.9263,2019-08-09T19:00,23.0,68,0.1,20.8,208,1003.3,94
Ostend,51.2254,2.9263,2019-08-09T20:00,22.3,66,0.0,20.5,195,1003.6,18
Ostend,51.2254,2.9263,2019-08-09T21:00,21.0,72,0.1,20.5,181,1004.1,27
Ostend,51.2254,2.9263,2019-08-09T22:00,20.7,74,0.1,22.8,185,1003.8,39
Ostend,51.2254,2.9263,2019-08-09T23:00,20.6,74,0.4,23.1,198,1003.8,54
Ostend,51.2254,2.9263,2019-08-10T00:00,20.2,71,0.0,25.7,211,1004.0,42
Ostend,51.2254,2.9263,2019-08-10T01:00,21.1,56,0.0,28.8,200,1003.9,14
Ostend,51.2254,2.9263,2019-08-10T02:00,20.5,58,0.0,30.4,202,1003.7,25
Ostend,51.2254,2.9263,2019-08-10T03:00,20.1,60,0.0,31.9,204,1003.8,41
Ostend,51.2254,2.9263,2019-08-10T04:00,19.6,62,0.0,33.4,209,1004.0,36
Ostend,51.2254,2.9263,2019-08-10T05:00,18.5,69,0.0,35.5,215,1004.5,98
Ostend,51.2254,2.9263,2019-08-10T06:00,18.1,72,0.1,35.7,215,1004.9,98
Ostend,51.2254,2.9263,2019-08-10T07:00,17.9,75,0.1,36.8,219,1005.7,81
Ostend,51.2254,2.9263,2019-08-10T08:00,18.3,75,0.1,35.5,220,1006.3,32
Ostend,51.2254,2.9263,2019-08-10T09:00,19.5,67,0.0,41.7,225,1006.7,27
Ostend,51.2254,2.9263,2019-08-10T10:00,20.1,63,0.2,43.8,228,1007.5,43
Ostend,51.2254,2.9263,2019-08-10T11:00,20.4,61,0.2,43.3,228,1008.0,48
Ostend,51.2254,2.9263,2019-08-10T12:00,20.9,57,0.1,46.0,233,1008.4,37
Ostend,51.2254,2.9263,2019-08-10T13:00,21.7,55,0.0,43.5,224,1008.9,24
Ostend,51.2254,2.9263,2019-08-10T14:00,22.1,50,0.0,47.1,231,1009.3,29
Ostend,51.2254,2.9263,2019-08-10T15:00,22.2,50,0.0,44.4,234,1009.6,18
Ostend,51.2254,2.9263,2019-08-10T16:00,22.0,51,0.0,43.6,234,1010.1,18
Ostend,51.2254,2.9263,2019-08-10T17:00,21.5,54,0.0,42.2,233,1010.5,9
Ostend,51.2254,2.9263,2019-08-10T18:00,20.8,56,0.0,39.5,234,1010.9,6
Ostend,51.2254,2.9263,2019-08-10T19:00,19.8,63,0.0,37.0,236,1011.6,18
Ostend,51.2254,2.9263,2019-08-10T20:00,18.8,68,0.0,34.1,232,1012.5,8
Ostend,51.2254,2.9263,2019-08-10T21:00,18.1,70,0.0,31.5,232,1012.9,6
Ostend,51.2254,2.9263,2019-08-10T22:00,17.9,67,0.0,30.8,232,1012.9,4
Ostend,51.2254,2.9263,2019-08-10T23:00,17.6,61,0.0,30.7,231,1013.3,2
Ostend,51.2254,2.9263,2019-08-11T00:00,17.0,63,0.0,28.8,228,1013.4,0
Ostend,51.2254,2.9263,2019-08-11T01:00,17.0,66,0.0,26.8,228,1013.7,7
Ostend,51.2254,2.9263,2019-08-11T02:00,16.5,72,0.0,24.4,225,1013.4,14
Ostend,51.2254,2.9263,2019-08-11T03:00,16.4,76,0.0,24.6,218,1013.6,85
Ostend,51.2254,2.9263,2019-08-11T04:00,16.2,76,0.0,25.7,217,1013.5,97
Ostend,51.2254,2.9263,2019-08-11T05:00,16.1,77,0.0,24.0,216,1013.6,100
Ostend,51.2254,2.9263,2019-08-11T06:00,16.1,77,0.0,23.2,216,1013.5,98
Ostend,51.2254,2.9263,2019-08-11T07:00,16.6,76,0.0,22.6,214,1013.3,98
Ostend,51.2254,2.9263,2019-08-11T08:00,17.5,74,0.0,22.2,205,1013.6,67
Ostend,51.2254,2.9263,2019-08-11T09:00,18.8,66,0.0,28.5,223,1013.3,100
Ostend,51.2254,2.9263,2019-08-11T10:00,19.2,62,0.1,28.1,221,1013.5,100
Ostend,51.2254,2.9263,2019-08-11T11:00,19.4,62,0.1,28.5,224,1013.7,100
Ostend,51.2254,2.9263,2019-08-11T12:00,19.9,61,0.1,26.4,231,1013.3,100
Ostend,51.2254,2.9263,2019-08-11T13:00,19.6,60,0.1,27.5,225,1013.7,100
Ostend,51.2254,2.9263,2019-08-11T14:00,19.6,59,0.0,27.3,228,1013.5,100
Ostend,51.2254,2.9263,2019-08-11T15:00,19.7,59,0.0,25.2,227,1013.2,100
Ostend,51.2254,2.9263,2019-08-11T16:00,19.5,59,0.0,24.4,226,1012.9,100
Ostend,51.2254,2.9263,2019-08-11T17:00,19.4,61,0.0,25.5,227,1013.0,94
Ostend,51.2254,2.9263,2019-08-11T18:00,19.2,61,0.0,22.9,228,1012.8,85
Ostend,51.2254,2.9263,2019-08-11T19:00,19.0,64,0.0,21.2,228,1013.2,10
Ostend,51.2254,2.9263,2019-08-11T20:00,17.9,69,0.0,19.6,223,1013.5,4
Ostend,51.2254,2.9263,2019-08-11T21:00,16.9,73,0.0,19.5,219,1013.8,2
Ostend,51.2254,2.9263,2019-08-11T22:00,16.2,75,0.0,20.0,219,1013.9,3
Ostend,51.2254,2.9263,2019-08-11T23:00,15.8,77,0.0,20.5,218,1014.0,18
Ostend,51.2254,2.9263,2019-08-12T00:00,15.4,79,0.0,19.9,215,1014.0,35
Ostend,51.2254,2.9263,2019-08-12T01:00,15.8,77,0.0,19.4,222,1014.2,5
Ostend,51.2254,2.9263,2019-08-12T02:00,15.3,81,0.0,19.0,217,1014.1,10
Ostend,51.2254,2.9263,2019-08-12T03:00,14.8,86,0.0,18.3,216,1013.8,6
Ostend,51.2254,2.9263,2019-08-12T04:00,14.6,89,0.0,18.5,213,1013.8,9
Ostend,51.2254,2.9263,2019-08-12T05:00,14.4,90,0.0,17.8,216,1013.9,14
Ostend,51.2254,2.9263,2019-08-12T06:00,14.4,90,0.0,16.6,214,1013.9,14
Ostend,51.2254,2.9263,2019-08-12T07:00,15.4,85,0.0,16.1,219,1013.8,22
Ostend,51.2254,2.9263,2019-08-12T08:00,16.5,80,0.0,20.7,239,1014.2,33
Ostend,51.2254,2.9263,2019-08-12T09:00,17.4,76,0.0,19.0,243,1014.4,46
Ostend,51.2254,2.9263,2019-08-12T10:00,18.1,73,0.1,17.8,252,1014.6,51
Ostend,51.2254,2.9263,2019-08-12T11:00,18.1,75,0.2,16.9,270,1014.7,72
Ostend,51.2254,2.9263,2019-08-12T12:00,17.1,81,3.7,18.4,272,1014.8,48
Ostend,51.2254,2.9263,2019-08-12T13:00,17.4,79,0.2,16.7,264,1014.3,48
Ostend,51.2254,2.9263,2019-08-12T14:00,18.0,75,0.1,18.0,273,1014.5,88
Ostend,51.2254,2.9263,2019-08-12T15:00,17.8,73,1.9,15.3,251,1014.6,96
Ostend,51.2254,2.9263,2019-08-12T16:00,17.0,77,0.5,15.3,261,1014.2,96
Ostend,51.2254,2.9263,2019-08-12T17:00,16.9,73,0.3,18.1,253,1014.2,93
Ostend,51.2254,2.9263,2019-08-12T18:00,16.0,81,0.1,16.7,245,1014.2,93
Ostend,51.2254,2.9263,2019-08-12T19:00,16.3,76,0.0,17.4,246,1014.1,61
Ostend,51.2254,2.9263,2019-08-12T20:00,15.7,79,0.1,16.6,240,1014.5,55
Ostend,51.2254,2.9263,2019-08-12T21:00,14.6,85,0.2,18.0,272,1015.3,66
Ostend,51.2254,2.9263,2019-08-12T22:00,14.1,90,0.4,12.6,297,1015.3,58
Ostend,51.2254,2.9263,2019-08-12T23:00,14.1,92,0.5,11.1,299,1015.6,41
Ostend,51.2254,2.9263,2019-08-13T00:00,14.2,88,0.9,13.9,291,1016.0,55
Ostend,51.2254,2.9263,2019-08-13T01:00,14.4,82,1.0,11.0,289,1017.0,46
Ostend,51.2254,2.9263,2019-08-13T02:00,14.5,82,0.0,12.0,261,1016.8,29
Ostend,51.2254,2.9263,2019-08-13T03:00,14.1,82,0.0,10.2,252,1016.8,19
Ostend,51.2254,2.9263,2019-08-13T04:00,13.6,84,0.0,8.9,243,1016.9,15
Ostend,51.2254,2.9263,2019-08-13T05:00,13.3,87,0.0,8.4,245,1017.0,17
Ostend,51.2254,2.9263,2019-08-13T06:00,13.4,89,0.0,10.5,229,1017.0,41
Ostend,51.2254,2.9263,2019-08-13T07:00,14.3,88,0.0,15.3,243,1017.3,11
Ostend,51.2254,2.9263,2019-08-13T08:00,15.4,80,0.3,17.7,250,1017.6,7
Ostend,51.2254,2.9263,2019-08-13T09:00,16.4,73,0.0,20.7,250,1017.7,23
Ostend,51.2254,2.9263,2019-08-13T10:00,16.1,75,0.8,22.9,254,1017.8,100
Ostend,51.2254,2.9263,2019-08-13T11:00,15.1,82,1.5,25.6,244,1018.0,100
Ostend,51.2254,2.9263,2019-08-13T12:00,15.4,85,0.3,22.4,237,1017.9,58
Ostend,51.2254,2.9263,2019-08-13T13:00,16.5,79,0.1,20.5,242,1018.1,44
Ostend,51.2254,2.9263,2019-08-13T14:00,17.9,72,0.2,20.4,253,1017.9,28
Ostend,51.2254,2.9263,2019-08-13T15:00,17.8,68,0.1,22.2,262,1017.7,40
Ostend,51.2254,2.9263,2019-08-13T16:00,17.6,58,0.1,21.8,257,1017.7,27
Ostend,51.2254,2.9263,2019-08-13T17:00,17.6,60,0.1,21.8,262,1017.7,24
Ostend,51.2254,2.9263,2019-08-13T18:00,17.5,60,0.0,19.2,265,1017.6,12
Ostend,51.2254,2.9263,2019-08-13T19:00,16.8,66,0.0,17.3,258,1017.8,22
Ostend,51.2254,2.9263,2019-08-13T20:00,15.9,74,0.0,15.5,248,1018.1,22
Ostend,51.2254,2.9263,2019-08-13T21:00,15.2,79,0.0,13.4,234,1018.1,27
Ostend,51.2254,2.9263,2019-08-13T22:00,14.6,82,0.0,13.4,216,1018.0,19
Ostend,51.2254,2.9263,2019-08-13T23:00,13.9,84,0.0,12.5,213,1018.0,23
Ostend,51.2254,2.9263,2019-08-14T00:00,13.1,87,0.0,13.4,207,1018.0,61
Ostend,51.2254,2.9263,2019-08-14T01:00,13.6,87,0.0,15.3,214,1018.0,3
Ostend,51.2254,2.9263,2019-08-14T02:00,13.1,89,0.0,14.7,216,1017.9,33
Ostend,51.2254,2.9263,2019-08-14T03:00,12.9,90,0.0,13.4,216,1017.7,74
Ostend,51.2254,2.9263,2019-08-14T04:00,12.6,91,0.0,12.4,210,1017.4,56
Ostend,51.2254,2.9263,2019-08-14T05:00,12.6,92,0.0,13.2,206,1017.5,29
Ostend,51.2254,2.9263,2019-08-14T06:00,12.6,93,0.0,13.6,197,1017.5,43
Ostend,51.2254,2.9263,2019-08-14T07:00,13.6,90,0.0,14.4,193,1017.2,44
Ostend,51.2254,2.9263,2019-08-14T08:00,15.3,84,0.0,15.0,197,1017.0,7
Ostend,51.2254,2.9263,2019-08-14T09:00,17.0,77,0.0,16.5,203,1017.1,29
Ostend,51.2254,2.9263,2019-08-14T10:00,18.2,73,0.0,17.7,218,1016.8,50
Ostend,51.2254,2.9263,2019-08-14T11:00,19.0,72,0.0,15.7,217,1016.6,100
Ostend,51.2254,2.9263,2019-08-14T12:00,19.1,72,0.3,16.4,218,1016.2,100
Ostend,51.2254,2.9263,2019-08-14T13:00,18.5,70,0.7,21.2,198,1015.9,99
Ostend,51.2254,2.9263,2019-08-14T14:00,18.5,69,0.2,18.9,198,1015.7,100
Ostend,51.2254,2.9263,2019-08-14T15:00,18.0,75,0.5,14.3,192,1015.0,100
Ostend,51.2254,2.9263,2019-08-14T16:00,17.8,80,0.6,14.4,181,1014.3,100
Ostend,51.2254,2.9263,2019-08-14T17:00,18.1,82,0.4,15.9,177,1013.5,99
Ostend,51.2254,2.9263,2019-08-14T18:00,17.6,83,0.6,15.5,180,1012.6,99
Ostend,51.2254,2.9263,2019-08-14T19:00,17.6,84,3.3,15.7,189,1011.9,99
Ostend,51.2254,2.9263,2019-08-14T20:00,17.2,85,1.1,16.3,186,1011.2,100
Ostend,51.2254,2.9263,2019-08-14T21:00,16.8,86,0.8,16.3,186,1010.8,65
Ostend,51.2254,2.9263,2019-08-14T22:00,16.4,88,0.1,19.1,184,1010.1,100
Ostend,51.2254,2.9263,2019-08-14T23:00,16.5,87,0.2,22.5,193,1009.5,100
Ostend,51.2254,2.9263,2019-08-15T00:00,16.5,87,0.0,22.7,200,1009.1,100
Ostend,51.2254,2.9263,2019-08-15T01:00,16.7,89,0.0,23.2,210,1009.0,100
Ostend,51.2254,2.9263,2019-08-15T02:00,16.9,91,0.0,23.6,218,1008.7,100
Ostend,51.2254,2.9263,2019-08-15T03:00,17.0,92,0.0,23.7,224,1008.2,100
Ostend,51.2254,2.9263,2019-08-15T04:00,16.9,93,0.1,24.1,232,1007.8,100
Ostend,51.2254,2.9263,2019-08-15T05:00,17.0,91,0.1,23.3,235,1007.7,100
Ostend,51.2254,2.9263,2019-08-15T06:00,17.2,90,0.2,26.1,250,1008.0,100
Ostend,51.2254,2.9263,2019-08-15T07:00,17.1,91,0.6,29.0,259,1008.3,83
Ostend,51.2254,2.9263,2019-08-15T08:00,17.5,89,0.4,29.1,262,1008.8,40
Ostend,51.2254,2.9263,2019-08-15T09:00,17.9,82,0.1,30.1,264,1009.5,65
Ostend,51.2254,2.9263,2019-08-15T10:00,18.4,79,0.0,29.5,262,1009.7,88
Ostend,51.2254,2.9263,2019-08-15T11:00,18.6,76,0.1,31.9,264,1010.2,61
Ostend,51.2254,2.9263,2019-08-15T12:00,19.0,72,0.2,30.3,265,1010.6,40
Ostend,51.2254,2.9263,2019-08-15T13:00,19.0,71,0.2,30.3,267,1011.6,42
Ostend,51.2254,2.9263,2019-08-15T14:00,19.5,67,0.1,30.3,265,1012.0,37
Ostend,51.2254,2.9263,2019-08-15T15:00,19.5,66,0.0,31.0,267,1012.7,35
Ostend,51.2254,2.9263,2019-08-15T16:00,19.4,67,0.0,25.9,268,1013.3,34
Ostend,51.2254,2.9263,2019-08-15T17:00,19.8,66,0.0,23.3,262,1013.5,17
Ostend,51.2254,2.9263,2019-08-15T18:00,19.7,67,0.0,21.6,259,1013.7,42
Ostend,51.2254,2.9263,2019-08-15T19:00,19.3,73,0.0,19.1,254,1014.2,22
Ostend,51.2254,2.9263,2019-08-15T20:00,18.5,78,0.0,17.6,244,1014.9,39
Ostend,51.2254,2.9263,2019-08-15T21:00,18.1,82,0.0,15.3,243,1015.4,49
Ostend,51.2254,2.9263,2019-08-15T22:00,18.0,80,0.0,10.9,264,1015.8,62
Ostend,51.2254,2.9263,2019-08-15T23:00,16.2,87,0.0,7.9,309,1016.1,42
Ostend,51.2254,2.9263,2019-08-16T00:00,17.0,79,0.0,6.5,6,1016.3,16
Ostend,51.2254,2.9263,2019-08-16T01:00,16.1,68,0.0,6.6,315,1017.0,37
Ostend,51.2254,2.9263,2019-08-16T02:00,14.6,77,0.0,5.8,248,1017.3,100
Ostend,51.2254,2.9263,2019-08-16T03:00,12.8,91,0.0,7.6,185,1016.9,97
Ostend,51.2254,2.9263,2019-08-16T04:00,13.1,94,0.0,8.0,185,1016.8,96
Ostend,51.2254,2.9263,2019-08-16T05:00,13.7,94,0.0,10.8,210,1016.8,83
Ostend,51.2254,2.9263,2019-08-16T06:00,13.9,92,0.0,12.3,212,1016.4,98
Ostend,51.2254,2.9263,2019-08-16T07:00,14.8,88,0.0,13.5,209,1016.3,99
Ostend,51.2254,2.9263,2019-08-16T08:00,16.1,85,0.0,14.9,212,1016.3,100
Ostend,51.2254,2.9263,2019-08-16T09:00,17.4,82,0.0,15.8,210,1016.0,98
Ostend,51.2254,2.9263,2019-08-16T10:00,19.1,70,0.0,22.7,221,1015.6,94
Ostend,51.2254,2.9263,2019-08-16T11:00,20.3,62,0.0,22.2,220,1015.0,99
Ostend,51.2254,2.9263,2019-08-16T12:00,21.4,55,0.0,26.1,231,1014.4,100
Ostend,51.2254,2.9263,2019-08-16T13:00,20.6,63,0.0,22.4,224,1014.6,98
Ostend,51.2254,2.9263,2019-08-16T14:00,21.5,58,0.1,21.6,210,1013.5,100
Ostend,51.2254,2.9263,2019-08-16T15:00,22.0,55,0.0,23.6,211,1012.8,100
Ostend,51.2254,2.9263,2019-08-16T16:00,21.2,60,0.0,21.1,210,1012.2,100
Ostend,51.2254,2.9263,2019-08-16T17:00,20.8,66,0.1,15.0,215,1011.8,100
Ostend,51.2254,2.9263,2019-08-16T18:00,19.9,72,0.1,8.6,237,1011.0,100
Ostend,51.2254,2.9263,2019-08-16T19:00,19.1,79,0.0,12.3,265,1010.5,100
Ostend,51.2254,2.9263,2019-08-16T20:00,18.1,81,0.9,12.2,223,1010.2,100
Ostend,51.2254,2.9263,2019-08-16T21:00,17.2,88,1.0,14.3,198,1009.6,100
Ostend,51.2254,2.9263,2019-08-16T22:00,17.0,89,0.4,16.4,195,1009.0,100
Ostend,51.2254,2.9263,2019-08-16T23:00,17.0,89,0.6,20.2,191,1008.3,100
Ostend,51.2254,2.9263,2019-08-17T00:00,16.6,88,1.1,20.6,196,1007.6,100
Ostend,51.2254,2.9263,2019-08-17T01:00,17.2,84,0.2,24.1,197,1007.1,98
Ostend,51.2254,2.9263,2019-08-17T02:00,17.4,81,0.0,23.7,202,1006.8,100
Ostend,51.2254,2.9263,2019-08-17T03:00,17.5,81,0.0,25.3,206,1006.1,100
Ostend,51.2254,2.9263,2019-08-17T04:00,17.7,81,0.0,26.1,208,1005.7,99
Ostend,51.2254,2.9263,2019-08-17T05:00,17.9,82,0.0,26.5,211,1006.0,98
Ostend,51.2254,2.9263,2019-08-17T06:00,17.5,87,1.4,24.0,208,1005.7,94
Ostend,51.2254,2.9263,2019-08-17T07:00,17.4,91,1.1,23.3,207,1005.7,100
Ostend,51.2254,2.9263,2019-08-17T08:00,18.0,90,0.4,24.4,211,1005.9,100
Ostend,51.2254,2.9263,2019-08-17T09:00,18.5,90,0.3,22.0,218,1006.1,100
Ostend,51.2254,2.9263,2019-08-17T10:00,19.0,89,0.1,17.8,223,1006.2,100
Ostend,51.2254,2.9263,2019-08-17T11:00,19.1,80,0.2,21.0,232,1006.7,100
Ostend,51.2254,2.9263,2019-08-17T12:00,18.2,79,0.3,22.2,234,1006.8,100
Ostend,51.2254,2.9263,2019-08-17T13:00,20.5,71,0.0,23.7,226,1006.4,100
Ostend,51.2254,2.9263,2019-08-17T14:00,21.2,66,0.1,25.0,237,1006.2,100
Ostend,51.2254,2.9263,2019-08-17T15:00,20.1,71,0.1,22.4,237,1006.7,100
Ostend,51.2254,2.9263,2019-08-17T16:00,19.4,70,0.0,22.8,231,1006.8,100
Ostend,51.2254,2.9263,2019-08-17T17:00,19.1,70,0.0,22.1,236,1006.8,87
Ostend,51.2254,2.9263,2019-08-17T18:00,19.1,70,0.0,19.7,232,1006.5,99
Ostend,51.2254,2.9263,2019-08-17T19:00,18.5,73,0.0,19.5,231,1006.7,100
Ostend,51.2254,2.9263,2019-08-17T20:00,17.5,78,0.0,17.1,226,1006.8,100
Ostend,51.2254,2.9263,2019-08-17T21:00,17.0,81,0.0,17.3,222,1007.0,100
Ostend,51.2254,2.9263,2019-08-17T22:00,16.8,83,0.0,18.6,221,1006.8,100
Ostend,51.2254,2.9263,2019-08-17T23:00,16.8,82,0.0,18.3,227,1006.8,100
Ostend,51.2254,2.9263,2019-08-18T00:00,16.7,80,0.0,16.8,225,1006.6,100
Ostend,51.2254,2.9263,2019-08-18T01:00,16.6,80,0.0,16.9,209,1006.7,100
Ostend,51.2254,2.9263,2019-08-18T02:00,16.4,84,0.0,15.5,205,1006.5,100
Ostend,51.2254,2.9263,2019-08-18T03:00,16.1,88,0.5,15.7,191,1005.8,100
Ostend,51.2254,2.9263,2019-08-18T04:00,15.9,91,0.6,15.2,202,1005.3,100
Ostend,51.2254,2.9263,2019-08-18T05:00,15.8,92,0.8,15.6,195,1004.7,100
Ostend,51.2254,2.9263,2019-08-18T06:00,15.8,93,1.1,11.6,216,1004.2,100
Ostend,51.2254,2.9263,2019-08-18T07:00,15.6,94,1.3,9.9,199,1004.0,100
Ostend,51.2254,2.9263,2019-08-18T08:00,15.8,95,0.7,9.3,193,1003.8,100
Ostend,51.2254,2.9263,2019-08-18T09:00,16.1,91,0.3,9.3,234,1003.8,100
Ostend,51.2254,2.9263,2019-08-18T10:00,17.3,84,0.1,13.1,238,1003.8,97
Ostend,51.2254,2.9263,2019-08-18T11:00,18.6,77,0.0,16.7,256,1004.4,97
Ostend,51.2254,2.9263,2019-08-18T12:00,18.9,74,0.0,23.1,266,1005.1,33
Ostend,51.2254,2.9263,2019-08-18T13:00,17.5,78,0.0,21.3,251,1006.1,5
Ostend,51.2254,2.9263,2019-08-18T14:00,18.1,76,0.1,21.1,243,1006.6,49
Ostend,51.2254,2.9263,2019-08-18T15:00,19.2,68,0.1,26.0,248,1006.8,31
Ostend,51.2254,2.9263,2019-08-18T16:00,19.5,65,0.1,29.0,245,1007.1,23
Ostend,51.2254,2.9263,2019-08-18T17:00,19.2,64,0.0,30.7,248,1007.6,10
Ostend,51.2254,2.9263,2019-08-18T18:00,18.5,65,0.0,28.7,245,1007.9,2
Ostend,51.2254,2.9263,2019-08-18T19:00,17.5,69,0.0,26.8,237,1008.3,15
Ostend,51.2254,2.9263,2019-08-18T20:00,16.5,72,0.0,24.9,233,1008.7,12
Ostend,51.2254,2.9263,2019-08-18T21:00,15.9,77,0.0,24.3,232,1009.4,19
Ostend,51.2254,2.9263,2019-08-18T22:00,15.6,79,0.0,23.7,226,1009.9,20
Ostend,51.2254,2.9263,2019-08-18T23:00,15.4,80,0.0,23.5,230,1010.3,26
Ostend,51.2254,2.9263,2019-08-19T00:00,15.3,80,0.0,22.5,229,1010.6,23
Ostend,51.2254,2.9263,2019-08-19T01:00,15.9,79,0.0,22.6,233,1011.2,35
Ostend,51.2254,2.9263,2019-08-19T02:00,15.8,79,0.0,23.0,229,1011.6,41
Ostend,51.2254,2.9263,2019-08-19T03:00,15.4,80,0.0,20.9,225,1011.9,33
Ostend,51.2254,2.9263,2019-08-19T04:00,15.1,81,0.0,20.4,221,1012.1,58
Ostend,51.2254,2.9263,2019-08-19T05:00,15.1,80,0.0,20.2,221,1012.5,36
Ostend,51.2254,2.9263,2019-08-19T06:00,15.1,81,0.0,20.4,225,1013.0,53
Ostend,51.2254,2.9263,2019-08-19T07:00,15.7,79,0.1,20.9,222,1013.3,37
Ostend,51.2254,2.9263,2019-08-19T08:00,16.5,78,0.0,20.9,216,1013.7,36
Ostend,51.2254,2.9263,2019-08-19T09:00,17.5,72,0.0,25.2,233,1014.0,33
Ostend,51.2254,2.9263,2019-08-19T10:00,17.8,68,0.1,27.9,237,1014.5,69
Ostend,51.2254,2.9263,2019-08-19T11:00,18.3,69,0.0,26.1,235,1015.1,59
Ostend,51.2254,2.9263,2019-08-19T12:00,18.5,70,0.1,27.7,232,1015.2,40
Ostend,51.2254,2.9263,2019-08-19T13:00,19.0,60,0.0,28.6,236,1015.8,37
Ostend,51.2254,2.9263,2019-08-19T14:00,19.2,58,0.2,29.5,240,1016.1,45
Ostend,51.2254,2.9263,2019-08-19T15:00,19.2,59,0.1,30.1,242,1016.2,37
Ostend,51.2254,2.9263,2019-08-19T16:00,19.1,59,0.1,29.5,243,1016.3,23
Ostend,51.2254,2.9263,2019-08-19T17:00,19.0,60,0.0,28.5,242,1016.6,17
Ostend,51.2254,2.9263,2019-08-19T18:00,18.4,62,0.0,28.8,242,1017.0,15
Ostend,51.2254,2.9263,2019-08-19T19:00,17.5,66,0.0,26.3,240,1017.4,10
Ostend,51.2254,2.9263,2019-08-19T20:00,16.5,70,0.0,23.8,235,1017.4,11
Ostend,51.2254,2.9263,2019-08-19T21:00,15.9,76,0.0,22.8,232,1017.9,23
Ostend,51.2254,2.9263,2019-08-19T22:00,15.6,80,0.0,21.2,228,1018.2,19
Ostend,51.2254,2.9263,2019-08-19T23:00,15.2,83,0.0,20.4,226,1018.6,13
Ostend,51.2254,2.9263,2019-08-20T00:00,14.8,86,0.0,19.4,227,1019.1,3
Ostend,51.2254,2.9263,2019-08-20T01:00,15.1,90,0.0,17.5,233,1019.6,20
Ostend,51.2254,2.9263,2019-08-20T02:00,14.7,92,0.0,15.9,231,1019.7,15
Ostend,51.2254,2.9263,2019-08-20T03:00,14.2,93,0.0,13.2,225,1019.7,14
Ostend,51.2254,2.9263,2019-08-20T04:00,13.9,93,0.0,12.2,214,1019.8,30
Ostend,51.2254,2.9263,2019-08-20T05:00,13.6,93,0.0,12.5,213,1020.0,49
Ostend,51.2254,2.9263,2019-08-20T06:00,13.6,91,0.1,11.8,211,1020.4,60
Ostend,51.2254,2.9263,2019-08-20T07:00,14.5,86,0.0,14.4,212,1020.8,36
Ostend,51.2254,2.9263,2019-08-20T08:00,15.6,82,0.0,16.6,222,1021.6,26
Ostend,51.2254,2.9263,2019-08-20T09:00,17.0,72,0.1,20.5,246,1021.6,22
Ostend,51.2254,2.9263,2019-08-20T10:00,17.6,64,0.0,23.2,258,1021.9,13
Ostend,51.2254,2.9263,2019-08-20T11:00,17.9,64,0.0,23.5,266,1022.6,7
Ostend,51.2254,2.9263,2019-08-20T12:00,18.2,63,0.0,22.0,268,1022.6,8
Ostend,51.2254,2.9263,2019-08-20T13:00,18.6,60,0.0,19.8,270,1023.2,12
Ostend,51.2254,2.9263,2019-08-20T14:00,18.5,60,0.0,19.5,274,1023.5,13
Ostend,51.2254,2.9263,2019-08-20T15:00,18.6,57,0.0,18.4,273,1023.8,11
Ostend,51.2254,2.9263,2019-08-20T16:00,18.9,55,0.0,18.8,274,1023.9,23
Ostend,51.2254,2.9263,2019-08-20T17:00,18.5,58,0.1,20.2,274,1024.2,71
Ostend,51.2254,2.9263,2019-08-20T18:00,18.2,60,0.1,16.1,260,1024.6,38
Ostend,51.2254,2.9263,2019-08-20T19:00,17.7,64,0.0,14.5,256,1024.9,4
Ostend,51.2254,2.9263,2019-08-20T20:00,16.5,70,0.0,14.7,248,1025.5,7
Ostend,51.2254,2.9263,2019-08-20T21:00,15.5,76,0.0,14.0,235,1025.9,5
Ostend,51.2254,2.9263,2019-08-20T22:00,14.8,81,0.0,13.3,232,1026.1,9
Ostend,51.2254,2.9263,2019-08-20T23:00,14.1,85,0.0,12.2,227,1026.4,5
Ostend,51.2254,2.9263,2019-08-21T00:00,13.9,88,0.0,12.2,225,1026.7,2
Ostend,51.2254,2.9263,2019-08-21T01:00,13.8,89,0.0,12.3,220,1027.0,1
Ostend,51.2254,2.9263,2019-08-21T02:00,13.1,90,0.0,10.7,213,1026.8,0
Ostend,51.2254,2.9263,2019-08-21T03:00,12.4,92,0.0,9.3,208,1027.0,0
Ostend,51.2254,2.9263,2019-08-21T04:00,11.9,93,0.0,7.9,210,1027.2,0
Ostend,51.2254,2.9263,2019-08-21T05:00,11.6,94,0.0,7.2,207,1027.2,0
Ostend,51.2254,2.9263,2019-08-21T06:00,11.4,94,0.0,7.2,198,1027.5,1
Ostend,51.2254,2.9263,2019-08-21T07:00,12.6,91,0.0,9.9,190,1027.7,12
Ostend,51.2254,2.9263,2019-08-21T08:00,14.6,88,0.0,8.5,192,1028.1,0
Ostend,51.2254,2.9263,2019-08-21T09:00,16.8,82,0.0,6.8,198,1028.3,70
Ostend,51.2254,2.9263,2019-08-21T10:00,18.5,72,0.0,5.3,208,1028.4,98
Ostend,51.2254,2.9263,2019-08-21T11:00,19.5,62,0.0,5.6,225,1028.4,96
Ostend,51.2254,2.9263,2019-08-21T12:00,20.2,55,0.0,4.9,253,1028.1,97
Ostend,51.2254,2.9263,2019-08-21T13:00,20.6,51,0.0,7.2,233,1027.7,99
Ostend,51.2254,2.9263,2019-08-21T14:00,20.8,50,0.0,4.2,290,1027.3,91
Ostend,51.2254,2.9263,2019-08-21T15:00,20.6,60,0.0,6.5,357,1027.1,68
Ostend,51.2254,2.9263,2019-08-21T16:00,20.4,65,0.0,8.0,5,1026.5,0
Ostend,51.2254,2.9263,2019-08-21T17:00,19.9,67,0.0,11.5,346,1026.5,3
Ostend,51.2254,2.9263,2019-08-21T18:00,18.9,67,0.0,12.7,353,1026.3,3
Ostend,51.2254,2.9263,2019-08-21T19:00,17.9,71,0.0,9.0,16,1026.1,0
Ostend,51.2254,2.9263,2019-08-21T20:00,15.2,87,0.0,8.0,27,1026.1,3
Ostend,51.2254,2.9263,2019-08-21T21:00,14.4,90,0.0,6.4,308,1026.4,2
Ostend,51.2254,2.9263,2019-08-21T22:00,14.4,90,0.0,6.8,295,1026.3,8
Ostend,51.2254,2.9263,2019-08-21T23:00,16.7,78,0.0,4.0,355,1026.2,13
Ostend,51.2254,2.9263,2019-08-22T00:00,13.6,87,0.0,7.7,101,1026.1,1
Ostend,51.2254,2.9263,2019-08-22T01:00,12.1,94,0.0,7.8,167,1025.6,0
Ostend,51.2254,2.9263,2019-08-22T02:00,11.9,92,0.0,7.1,195,1025.3,44
Ostend,51.2254,2.9263,2019-08-22T03:00,12.4,92,0.0,8.2,229,1025.3,87
Ostend,51.2254,2.9263,2019-08-22T04:00,12.2,93,0.0,7.0,215,1024.8,84
Ostend,51.2254,2.9263,2019-08-22T05:00,11.9,92,0.0,7.1,210,1024.8,75
Ostend,51.2254,2.9263,2019-08-22T06:00,12.3,91,0.0,8.4,230,1025.1,37
Ostend,51.2254,2.9263,2019-08-22T07:00,14.6,89,0.0,10.1,243,1025.4,42
Ostend,51.2254,2.9263,2019-08-22T08:00,16.7,82,0.0,10.6,252,1025.4,79
Ostend,51.2254,2.9263,2019-08-22T09:00,17.9,71,0.0,13.2,259,1025.7,68
Ostend,51.2254,2.9263,2019-08-22T10:00,18.6,63,0.0,14.7,259,1025.7,8
Ostend,51.2254,2.9263,2019-08-22T11:00,19.5,57,0.0,14.8,256,1025.8,1
Ostend,51.2254,2.9263,2019-08-22T12:00,20.1,54,0.0,15.4,259,1025.7,0
Ostend,51.2254,2.9263,2019-08-22T13:00,20.2,61,0.0,13.0,272,1026.0,0
Ostend,51.2254,2.9263,2019-08-22T14:00,20.4,63,0.0,12.6,272,1025.7,0
Ostend,51.2254,2.9263,2019-08-22T15:00,20.4,63,0.0,13.2,281,1025.4,0
Ostend,51.2254,2.9263,2019-08-22T16:00,20.1,59,0.0,16.2,287,1025.3,0
Ostend,51.2254,2.9263,2019-08-22T17:00,19.7,55,0.0,17.5,278,1025.3,0
Ostend,51.2254,2.9263,2019-08-22T18:00,19.4,55,0.0,16.2,270,1025.0,0
Ostend,51.2254,2.9263,2019-08-22T19:00,18.5,61,0.0,11.6,254,1025.2,0
Ostend,51.2254,2.9263,2019-08-22T20:00,16.8,64,0.0,10.0,240,1025.2,0
Ostend,51.2254,2.9263,2019-08-22T21:00,15.9,64,0.0,10.0,232,1025.7,0
Ostend,51.2254,2.9263,2019-08-22T22:00,15.0,66,0.0,10.3,209,1025.7,0
Ostend,51.2254,2.9263,2019-08-22T23:00,14.0,70,0.0,10.1,207,1025.9,0
Ostend,51.2254,2.9263,2019-08-23T00:00,13.3,74,0.0,9.5,209,1026.0,0
Ostend,51.2254,2.9263,2019-08-23T01:00,12.9,79,0.0,8.2,209,1026.0,0
Ostend,51.2254,2.9263,2019-08-23T02:00,12.1,82,0.0,7.6,205,1026.1,5
Ostend,51.2254,2.9263,2019-08-23T03:00,11.5,84,0.0,7.0,201,1025.9,2
Ostend,51.2254,2.9263,2019-08-23T04:00,11.1,86,0.0,6.8,205,1025.7,31
Ostend,51.2254,2.9263,2019-08-23T05:00,10.6,89,0.0,6.0,205,1025.6,84
Ostend,51.2254,2.9263,2019-08-23T06:00,10.2,89,0.0,5.2,196,1025.6,98
Ostend,51.2254,2.9263,2019-08-23T07:00,12.1,83,0.0,7.4,194,1025.6,94
Ostend,51.2254,2.9263,2019-08-23T08:00,14.4,80,0.0,5.2,196,1025.9,71
Ostend,51.2254,2.9263,2019-08-23T09:00,16.9,77,0.0,3.6,186,1026.0,68
Ostend,51.2254,2.9263,2019-08-23T10:00,18.9,70,0.0,1.3,146,1025.7,84
Ostend,51.2254,2.9263,2019-08-23T11:00,20.4,62,0.0,1.3,56,1025.8,56
Ostend,51.2254,2.9263,2019-08-23T12:00,21.4,57,0.0,1.6,27,1025.6,71
Ostend,51.2254,2.9263,2019-08-23T13:00,22.5,46,0.0,2.9,60,1025.3,97
Ostend,51.2254,2.9263,2019-08-23T14:00,23.1,45,0.0,4.4,35,1025.0,97
Ostend,51.2254,2.9263,2019-08-23T15:00,23.0,51,0.0,8.6,22,1024.6,99
Ostend,51.2254,2.9263,2019-08-23T16:00,22.5,57,0.0,11.6,26,1024.0,74
Ostend,51.2254,2.9263,2019-08-23T17:00,22.1,58,0.0,12.8,32,1023.6,44
Ostend,51.2254,2.9263,2019-08-23T18:00,21.5,62,0.0,12.8,40,1023.2,24
Ostend,51.2254,2.9263,2019-08-23T19:00,20.3,68,0.0,11.5,51,1022.8,2
Ostend,51.2254,2.9263,2019-08-23T20:00,18.8,75,0.0,9.9,57,1022.8,0
Ostend,51.2254,2.9263,2019-08-23T21:00,18.4,78,0.0,10.2,67,1022.7,0
Ostend,51.2254,2.9263,2019-08-23T22:00,18.0,77,0.0,10.9,81,1022.5,0
Ostend,51.2254,2.9263,2019-08-23T23:00,17.6,77,0.0,11.2,88,1022.3,0
Ostend,51.2254,2.9263,2019-08-24T00:00,17.1,78,0.0,11.2,92,1022.1,0
Ostend,51.2254,2.9263,2019-08-24T01:00,16.8,77,0.0,10.8,94,1022.2,0
Ostend,51.2254,2.9263,2019-08-24T02:00,16.0,78,0.0,10.1,96,1021.7,0
Ostend,51.2254,2.9263,2019-08-24T03:00,15.4,80,0.0,8.8,99,1021.3,0
Ostend,51.2254,2.9263,2019-08-24T04:00,14.9,82,0.0,8.5,102,1021.2,0
Ostend,51.2254,2.9263,2019-08-24T05:00,14.2,85,0.0,8.1,103,1021.0,3
Ostend,51.2254,2.9263,2019-08-24T06:00,13.6,88,0.0,7.6,109,1020.7,0
Ostend,51.2254,2.9263,2019-08-24T07:00,15.0,84,0.0,9.2,116,1020.6,3
Ostend,51.2254,2.9263,2019-08-24T08:00,17.2,78,0.0,6.6,119,1020.6,5
Ostend,51.2254,2.9263,2019-08-24T09:00,19.7,71,0.0,5.0,120,1020.6,18
Ostend,51.2254,2.9263,2019-08-24T10:00,22.0,65,0.0,4.9,107,1020.4,30
Ostend,51.2254,2.9263,2019-08-24T11:00,24.0,59,0.0,4.3,90,1020.5,42
Ostend,51.2254,2.9263,2019-08-24T12:00,25.5,55,0.0,4.3,66,1020.1,65
Ostend,51.2254,2.9263,2019-08-24T13:00,27.1,45,0.0,5.9,104,1019.7,72
Ostend,51.2254,2.9263,2019-08-24T14:00,27.7,41,0.0,6.4,106,1019.4,87
Ostend,51.2254,2.9263,2019-08-24T15:00,27.8,40,0.0,6.1,87,1018.9,86
Ostend,51.2254,2.9263,2019-08-24T16:00,27.6,42,0.0,6.8,65,1018.5,66
Ostend,51.2254,2.9263,2019-08-24T17:00,27.0,49,0.0,8.4,50,1018.2,83
Ostend,51.2254,2.9263,2019-08-24T18:00,25.6,60,0.0,9.9,46,1018.1,82
Ostend,51.2254,2.9263,2019-08-24T19:00,23.9,69,0.0,10.9,46,1017.8,72
Ostend,51.2254,2.9263,2019-08-24T20:00,21.8,73,0.0,10.0,52,1017.9,86
Ostend,51.2254,2.9263,2019-08-24T21:00,20.3,78,0.0,6.8,72,1018.1,94
Ostend,51.2254,2.9263,2019-08-24T22:00,18.9,83,0.0,6.5,90,1017.9,99
Ostend,51.2254,2.9263,2019-08-24T23:00,17.9,83,0.0,8.0,100,1018.0,100
Ostend,51.2254,2.9263,2019-08-25T00:00,17.1,83,0.0,8.5,102,1018.0,96
Ostend,51.2254,2.9263,2019-08-25T01:00,16.9,84,0.0,6.5,90,1018.0,90
Ostend,51.2254,2.9263,2019-08-25T02:00,15.9,87,0.0,8.4,97,1017.9,88
Ostend,51.2254,2.9263,2019-08-25T03:00,15.4,88,0.0,10.0,103,1017.8,72
Ostend,51.2254,2.9263,2019-08-25T04:00,15.0,88,0.0,10.0,111,1017.6,86
Ostend,51.2254,2.9263,2019-08-25T05:00,15.0,87,0.0,10.0,120,1017.6,92
Ostend,51.2254,2.9263,2019-08-25T06:00,15.9,83,0.0,7.1,150,1017.6,60
Ostend,51.2254,2.9263,2019-08-25T07:00,17.1,80,0.0,4.5,194,1018.1,38
Ostend,51.2254,2.9263,2019-08-25T08:00,19.5,75,0.0,2.6,196,1018.4,35
Ostend,51.2254,2.9263,2019-08-25T09:00,22.4,68,0.0,1.9,68,1018.7,27
Ostend,51.2254,2.9263,2019-08-25T10:00,25.0,59,0.0,3.3,41,1018.8,21
Ostend,51.2254,2.9263,2019-08-25T11:00,26.4,53,0.0,4.6,18,1018.9,0
Ostend,51.2254,2.9263,2019-08-25T12:00,27.0,50,0.0,6.6,13,1018.7,0
Ostend,51.2254,2.9263,2019-08-25T13:00,27.5,46,0.0,8.4,20,1018.7,0
Ostend,51.2254,2.9263,2019-08-25T14:00,27.2,46,0.0,10.2,10,1018.8,0
Ostend,51.2254,2.9263,2019-08-25T15:00,26.6,46,0.0,13.7,3,1018.8,0
Ostend,51.2254,2.9263,2019-08-25T16:00,25.8,46,0.0,14.1,4,1018.7,0
Ostend,51.2254,2.9263,2019-08-25T17:00,24.9,50,0.0,11.8,12,1018.6,0
Ostend,51.2254,2.9263,2019-08-25T18:00,24.0,56,0.0,11.3,22,1018.7,0
Ostend,51.2254,2.9263,2019-08-25T19:00,22.1,65,0.0,11.6,30,1018.7,0
Ostend,51.2254,2.9263,2019-08-25T20:00,20.5,72,0.0,9.8,36,1018.9,0
Ostend,51.2254,2.9263,2019-08-25T21:00,19.7,76,0.0,7.2,53,1019.3,0
Ostend,51.2254,2.9263,2019-08-25T22:00,19.0,80,0.0,7.7,62,1019.4,0
Ostend,51.2254,2.9263,2019-08-25T23:00,18.4,82,0.0,6.8,72,1019.5,0
Ostend,51.2254,2.9263,2019-08-26T00:00,17.3,87,0.0,10.2,67,1019.4,0
Ostend,51.2254,2.9263,2019-08-26T01:00,18.3,80,0.0,7.6,82,1019.1,0
Ostend,51.2254,2.9263,2019-08-26T02:00,17.0,85,0.0,7.6,98,1019.0,0
Ostend,51.2254,2.9263,2019-08-26T03:00,16.2,87,0.0,9.2,101,1018.7,0
Ostend,51.2254,2.9263,2019-08-26T04:00,16.0,87,0.0,7.8,112,1018.5,0
Ostend,51.2254,2.9263,2019-08-26T05:00,15.6,88,0.0,7.6,115,1018.4,0
Ostend,51.2254,2.9263,2019-08-26T06:00,14.6,90,0.0,10.1,117,1018.3,0
Ostend,51.2254,2.9263,2019-08-26T07:00,17.1,82,0.0,6.6,119,1018.4,0
Ostend,51.2254,2.9263,2019-08-26T08:00,19.8,75,0.0,5.5,101,1018.7,0
Ostend,51.2254,2.9263,2019-08-26T09:00,22.5,68,0.0,3.2,90,1018.8,0
Ostend,51.2254,2.9263,2019-08-26T10:00,24.7,61,0.0,2.5,45,1018.8,0
Ostend,51.2254,2.9263,2019-08-26T11:00,26.0,57,0.0,4.0,10,1018.9,2
Ostend,51.2254,2.9263,2019-08-26T12:00,26.5,57,0.0,8.0,10,1018.4,2
Ostend,51.2254,2.9263,2019-08-26T13:00,27.7,54,0.0,5.5,32,1018.3,0
Ostend,51.2254,2.9263,2019-08-26T14:00,28.0,53,0.0,6.5,19,1018.0,0
Ostend,51.2254,2.9263,2019-08-26T15:00,27.8,56,0.0,9.8,17,1017.3,0
Ostend,51.2254,2.9263,2019-08-26T16:00,27.1,58,0.0,12.9,18,1017.0,0
Ostend,51.2254,2.9263,2019-08-26T17:00,26.0,57,0.0,13.7,18,1016.8,0
Ostend,51.2254,2.9263,2019-08-26T18:00,24.7,59,0.0,11.8,20,1016.6,0
Ostend,51.2254,2.9263,2019-08-26T19:00,23.1,67,0.0,12.4,22,1016.4,0
Ostend,51.2254,2.9263,2019-08-26T20:00,21.6,73,0.0,11.7,34,1016.5,0
Ostend,51.2254,2.9263,2019-08-26T21:00,21.3,76,0.0,9.4,32,1016.6,0
Ostend,51.2254,2.9263,2019-08-26T22:00,20.9,80,0.0,8.3,34,1016.4,0
Ostend,51.2254,2.9263,2019-08-26T23:00,20.4,83,0.0,7.7,49,1016.5,0
Ostend,51.2254,2.9263,2019-08-27T00:00,19.9,87,0.0,6.8,72,1016.2,0
Ostend,51.2254,2.9263,2019-08-27T01:00,19.6,88,0.0,8.2,61,1016.3,0
Ostend,51.2254,2.9263,2019-08-27T02:00,18.9,90,0.0,8.4,59,1015.9,1
Ostend,51.2254,2.9263,2019-08-27T03:00,18.4,90,0.0,7.8,68,1015.6,0
Ostend,51.2254,2.9263,2019-08-27T04:00,17.2,92,0.0,10.0,116,1015.3,0
Ostend,51.2254,2.9263,2019-08-27T05:00,16.8,93,0.0,9.5,143,1015.1,0
Ostend,51.2254,2.9263,2019-08-27T06:00,16.4,94,0.0,8.9,117,1014.9,0
Ostend,51.2254,2.9263,2019-08-27T07:00,18.7,88,0.0,7.4,141,1015.0,0
Ostend,51.2254,2.9263,2019-08-27T08:00,21.5,81,0.0,5.9,137,1015.3,0
Ostend,51.2254,2.9263,2019-08-27T09:00,24.3,74,0.0,3.1,135,1015.3,0
Ostend,51.2254,2.9263,2019-08-27T10:00,26.4,68,0.0,2.9,30,1015.2,0
Ostend,51.2254,2.9263,2019-08-27T11:00,27.4,64,0.0,8.6,22,1015.1,0
Ostend,51.2254,2.9263,2019-08-27T12:00,27.5,64,0.0,12.4,22,1014.6,0
Ostend,51.2254,2.9263,2019-08-27T13:00,28.2,58,0.0,12.3,15,1014.5,32
Ostend,51.2254,2.9263,2019-08-27T14:00,27.2,58,0.0,17.6,15,1014.1,65
Ostend,51.2254,2.9263,2019-08-27T15:00,26.4,58,0.0,15.8,21,1013.7,83
Ostend,51.2254,2.9263,2019-08-27T16:00,26.6,57,0.0,12.7,29,1013.2,95
Ostend,51.2254,2.9263,2019-08-27T17:00,26.4,59,0.0,12.0,39,1012.9,72
Ostend,51.2254,2.9263,2019-08-27T18:00,26.1,62,0.0,10.4,76,1013.0,100
Ostend,51.2254,2.9263,2019-08-27T19:00,25.0,67,0.0,10.6,62,1012.4,94
Ostend,51.2254,2.9263,2019-08-27T20:00,23.5,72,0.0,8.2,67,1012.6,93
Ostend,51.2254,2.9263,2019-08-27T21:00,22.1,79,0.0,5.8,90,1012.6,43
Ostend,51.2254,2.9263,2019-08-27T22:00,21.1,83,0.0,6.7,144,1012.7,30
Ostend,51.2254,2.9263,2019-08-27T23:00,21.0,84,0.0,6.5,161,1012.8,0
Ostend,51.2254,2.9263,2019-08-28T00:00,20.6,79,0.0,8.5,192,1012.6,0
Ostend,51.2254,2.9263,2019-08-28T01:00,21.3,79,0.0,15.1,252,1012.9,1
Ostend,51.2254,2.9263,2019-08-28T02:00,20.8,79,0.0,15.3,255,1013.0,4
Ostend,51.2254,2.9263,2019-08-28T03:00,20.4,74,0.0,15.9,252,1012.9,0
Ostend,51.2254,2.9263,2019-08-28T04:00,19.6,75,0.0,14.7,245,1012.9,23
Ostend,51.2254,2.9263,2019-08-28T05:00,19.3,75,0.0,16.5,238,1013.2,88
Ostend,51.2254,2.9263,2019-08-28T06:00,19.7,72,0.0,15.2,234,1013.5,98
Ostend,51.2254,2.9263,2019-08-28T07:00,20.1,73,0.0,15.6,244,1013.7,93
Ostend,51.2254,2.9263,2019-08-28T08:00,20.6,74,0.0,15.1,245,1013.7,95
Ostend,51.2254,2.9263,2019-08-28T09:00,21.5,73,0.0,18.9,256,1014.0,99
Ostend,51.2254,2.9263,2019-08-28T10:00,22.2,72,0.0,19.3,256,1014.3,99
Ostend,51.2254,2.9263,2019-08-28T11:00,22.6,71,0.0,18.5,257,1014.7,100
Ostend,51.2254,2.9263,2019-08-28T12:00,22.9,71,0.0,18.3,260,1014.6,100
Ostend,51.2254,2.9263,2019-08-28T13:00,23.9,68,0.0,11.5,284,1014.6,98
Ostend,51.2254,2.9263,2019-08-28T14:00,23.8,70,0.0,13.3,289,1014.4,96
Ostend,51.2254,2.9263,2019-08-28T15:00,22.5,75,0.0,15.8,282,1014.6,97
Ostend,51.2254,2.9263,2019-08-28T16:00,21.8,76,0.0,15.9,283,1014.5,95
Ostend,51.2254,2.9263,2019-08-28T17:00,22.0,74,0.3,18.0,269,1014.5,98
Ostend,51.2254,2.9263,2019-08-28T18:00,21.0,79,0.6,16.1,246,1014.4,78
Ostend,51.2254,2.9263,2019-08-28T19:00,20.5,77,0.0,18.1,249,1014.7,27
Ostend,51.2254,2.9263,2019-08-28T20:00,19.3,79,0.0,17.1,242,1015.2,94
Ostend,51.2254,2.9263,2019-08-28T21:00,18.9,80,0.1,14.3,236,1015.4,93
Ostend,51.2254,2.9263,2019-08-28T22:00,18.5,82,0.1,13.6,238,1015.4,97
Ostend,51.2254,2.9263,2019-08-28T23:00,18.2,86,0.0,16.7,233,1015.9,100
Ostend,51.2254,2.9263,2019-08-29T00:00,18.2,86,0.0,18.0,237,1015.9,36
Ostend,51.2254,2.9263,2019-08-29T01:00,18.5,82,0.0,14.5,243,1016.4,100
Ostend,51.2254,2.9263,2019-08-29T02:00,17.9,84,0.0,11.5,219,1016.9,61
Ostend,51.2254,2.9263,2019-08-29T03:00,17.5,86,0.0,11.7,214,1016.7,8
Ostend,51.2254,2.9263,2019-08-29T04:00,16.6,88,0.0,10.7,213,1016.6,22
Ostend,51.2254,2.9263,2019-08-29T05:00,16.2,89,0.0,10.8,201,1016.8,48
Ostend,51.2254,2.9263,2019-08-29T06:00,16.5,89,0.0,14.3,198,1017.1,33
Ostend,51.2254,2.9263,2019-08-29T07:00,17.1,88,0.0,17.2,217,1017.5,33
Ostend,51.2254,2.9263,2019-08-29T08:00,17.8,80,0.0,19.9,221,1018.0,88
Ostend,51.2254,2.9263,2019-08-29T09:00,18.8,71,0.1,23.8,235,1018.3,94
Ostend,51.2254,2.9263,2019-08-29T10:00,19.0,73,0.2,24.9,274,1019.0,100
Ostend,51.2254,2.9263,2019-08-29T11:00,18.6,77,0.2,22.6,279,1019.8,83
Ostend,51.2254,2.9263,2019-08-29T12:00,19.0,73,0.1,19.9,274,1020.2,48
Ostend,51.2254,2.9263,2019-08-29T13:00,19.0,70,0.0,18.4,276,1021.2,23
Ostend,51.2254,2.9263,2019-08-29T14:00,19.2,66,0.0,16.6,274,1021.4,55
Ostend,51.2254,2.9263,2019-08-29T15:00,19.1,65,0.0,14.6,290,1021.3,26
Ostend,51.2254,2.9263,2019-08-29T16:00,18.9,63,0.0,14.8,284,1021.3,1
Ostend,51.2254,2.9263,2019-08-29T17:00,19.1,60,0.0,16.0,284,1021.3,0
Ostend,51.2254,2.9263,2019-08-29T18:00,18.6,62,0.0,14.2,286,1021.3,0
Ostend,51.2254,2.9263,2019-08-29T19:00,17.9,66,0.0,11.7,261,1021.4,0
Ostend,51.2254,2.9263,2019-08-29T20:00,16.9,73,0.0,10.3,245,1021.7,65
Ostend,51.2254,2.9263,2019-08-29T21:00,16.4,73,0.0,14.0,235,1022.1,0
Ostend,51.2254,2.9263,2019-08-29T22:00,15.7,76,0.0,15.1,230,1022.0,0
Ostend,51.2254,2.9263,2019-08-29T23:00,15.1,79,0.0,14.3,225,1022.3,0
Ostend,51.2254,2.9263,2019-08-30T00:00,14.5,83,0.0,13.3,221,1022.3,0
Ostend,51.2254,2.9263,2019-08-30T01:00,14.1,87,0.0,13.0,224,1022.8,32
Ostend,51.2254,2.9263,2019-08-30T02:00,13.6,90,0.0,11.5,219,1022.4,63
Ostend,51.2254,2.9263,2019-08-30T03:00,13.3,90,0.0,11.6,210,1022.5,64
Ostend,51.2254,2.9263,2019-08-30T04:00,13.1,91,0.0,11.6,202,1022.4,35
Ostend,51.2254,2.9263,2019-08-30T05:00,13.2,92,0.0,11.9,205,1022.7,75
Ostend,51.2254,2.9263,2019-08-30T06:00,13.6,91,0.0,11.8,203,1023.0,86
Ostend,51.2254,2.9263,2019-08-30T07:00,14.4,88,0.0,13.8,200,1023.0,69
Ostend,51.2254,2.9263,2019-08-30T08:00,16.3,82,0.0,13.5,209,1023.1,86
Ostend,51.2254,2.9263,2019-08-30T09:00,18.0,75,0.0,14.2,216,1023.1,92
Ostend,51.2254,2.9263,2019-08-30T10:00,19.4,67,0.0,16.1,236,1023.1,80
Ostend,51.2254,2.9263,2019-08-30T11:00,20.4,61,0.0,15.8,240,1023.4,72
Ostend,51.2254,2.9263,2019-08-30T12:00,21.2,56,0.0,12.9,243,1022.9,47
Ostend,51.2254,2.9263,2019-08-30T13:00,21.9,53,0.0,12.5,231,1022.9,28
Ostend,51.2254,2.9263,2019-08-30T14:00,22.0,52,0.0,12.4,253,1022.5,97
Ostend,51.2254,2.9263,2019-08-30T15:00,20.8,66,0.0,14.1,283,1022.1,81
Ostend,51.2254,2.9263,2019-08-30T16:00,20.0,71,0.0,11.8,293,1021.6,86
Ostend,51.2254,2.9263,2019-08-30T17:00,20.1,68,0.0,10.8,296,1021.1,75
Ostend,51.2254,2.9263,2019-08-30T18:00,19.8,68,0.0,12.1,293,1020.9,60
Ostend,51.2254,2.9263,2019-08-30T19:00,19.2,72,0.0,7.2,267,1020.5,64
Ostend,51.2254,2.9263,2019-08-30T20:00,19.0,74,0.0,4.9,216,1020.4,89
Ostend,51.2254,2.9263,2019-08-30T21:00,15.8,87,0.0,4.6,141,1020.0,76
Ostend,51.2254,2.9263,2019-08-30T22:00,14.6,91,0.0,5.9,142,1020.1,58
Ostend,51.2254,2.9263,2019-08-30T23:00,14.4,92,0.0,6.8,148,1019.7,23
Ostend,51.2254,2.9263,2019-08-31T00:00,14.4,91,0.0,7.9,156,1019.3,3
Ostend,51.2254,2.9263,2019-08-31T01:00,14.7,89,0.0,9.2,149,1018.5,3
Ostend,51.2254,2.9263,2019-08-31T02:00,14.6,80,0.0,10.2,162,1017.7,8
Ostend,51.2254,2.9263,2019-08-31T03:00,14.6,73,0.0,11.2,165,1016.9,6
Ostend,51.2254,2.9263,2019-08-31T04:00,14.4,71,0.0,11.6,164,1016.2,0
Ostend,51.2254,2.9263,2019-08-31T05:00,14.5,69,0.0,12.9,162,1015.4,0
Ostend,51.2254,2.9263,2019-08-31T06:00,14.5,67,0.0,13.3,161,1014.8,0
Ostend,51.2254,2.9263,2019-08-31T07:00,15.6,63,0.0,14.3,162,1014.6,0
Ostend,51.2254,2.9263,2019-08-31T08:00,18.2,57,0.0,14.9,165,1014.3,0
Ostend,51.2254,2.9263,2019-08-31T09:00,21.1,51,0.0,13.4,160,1013.6,0
Ostend,51.2254,2.9263,2019-08-31T10:00,23.8,46,0.0,14.2,150,1012.8,27
Ostend,51.2254,2.9263,2019-08-31T11:00,25.7,42,0.0,18.5,153,1012.1,45
Ostend,51.2254,2.9263,2019-08-31T12:00,27.0,38,0.0,17.9,165,1011.3,66
Ostend,51.2254,2.9263,2019-08-31T13:00,27.2,35,0.0,10.4,194,1010.5,70
Ostend,51.2254,2.9263,2019-08-31T14:00,25.7,45,0.0,9.0,275,1009.9,86
Ostend,51.2254,2.9263,2019-08-31T15:00,24.0,56,0.0,17.8,291,1009.4,77
Ostend,51.2254,2.9263,2019-08-31T16:00,22.7,57,0.0,23.2,276,1009.0,62
Ostend,51.2254,2.9263,2019-08-31T17:00,20.4,73,0.0,32.1,266,1009.6,97
Ostend,51.2254,2.9263,2019-08-31T18:00,19.5,68,0.0,33.1,253,1010.1,93
Ostend,51.2254,2.9263,2019-08-31T19:00,18.8,70,0.0,31.3,251,1010.5,95
Ostend,51.2254,2.9263,2019-08-31T20:00,17.9,79,0.0,28.2,256,1011.0,99
Ostend,51.2254,2.9263,2019-08-31T21:00,18.0,80,0.0,23.2,257,1011.2,98
Ostend,51.2254,2.9263,2019-08-31T22:00,17.8,84,0.0,20.9,251,1011.2,100
Ostend,51.2254,2.9263,2019-08-31T23:00,18.0,84,0.0,20.4,261,1011.7,97
Ostend,51.2254,2.9263,2019-09-01T00:00,18.3,72,0.0,19.6,302,1011.7,42
Ostend,51.2254,2.9263,2019-09-01T01:00,17.7,69,0.0,16.3,301,1012.6,61
Ostend,51.2254,2.9263,2019-09-01T02:00,17.2,70,0.0,14.8,313,1013.0,100
Ostend,51.2254,2.9263,2019-09-01T03:00,17.1,71,0.0,14.5,318,1013.3,100
Ostend,51.2254,2.9263,2019-09-01T04:00,16.8,73,0.0,13.8,317,1013.5,100
Ostend,51.2254,2.9263,2019-09-01T05:00,16.4,73,0.0,12.7,317,1013.7,100
Ostend,51.2254,2.9263,2019-09-01T06:00,16.1,69,0.0,13.0,318,1013.8,87
Ostend,51.2254,2.9263,2019-09-01T07:00,16.2,66,0.0,13.6,323,1014.4,53
Ostend,51.2254,2.9263,2019-09-01T08:00,17.0,61,0.0,14.8,319,1015.1,53
Ostend,51.2254,2.9263,2019-09-01T09:00,17.5,58,0.0,13.6,310,1015.7,79
Ostend,51.2254,2.9263,2019-09-01T10:00,17.9,56,0.0,14.3,295,1016.1,83
Ostend,51.2254,2.9263,2019-09-01T11:00,18.2,54,0.0,15.8,291,1016.7,75
Ostend,51.2254,2.9263,2019-09-01T12:00,18.2,55,0.0,17.0,291,1016.7,36
Ostend,51.2254,2.9263,2019-09-01T13:00,18.0,58,0.0,17.8,291,1017.6,24
Ostend,51.2254,2.9263,2019-09-01T14:00,18.1,56,0.0,17.4,292,1017.6,16
Ostend,51.2254,2.9263,2019-09-01T15:00,18.2,56,0.0,17.0,291,1017.9,22
Ostend,51.2254,2.9263,2019-09-01T16:00,18.0,55,0.0,16.3,288,1017.9,24
Ostend,51.2254,2.9263,2019-09-01T17:00,17.8,55,0.0,15.1,288,1018.0,30
Ostend,51.2254,2.9263,2019-09-01T18:00,17.4,57,0.0,15.5,275,1018.3,36
Ostend,51.2254,2.9263,2019-09-01T19:00,17.0,61,0.0,15.5,271,1018.5,29
Ostend,51.2254,2.9263,2019-09-01T20:00,16.5,62,0.0,14.8,273,1019.2,46
Ostend,51.2254,2.9263,2019-09-01T21:00,16.4,59,0.1,13.3,273,1019.7,55
Ostend,51.2254,2.9263,2019-09-01T22:00,16.4,55,0.0,10.1,272,1019.9,37
Ostend,51.2254,2.9263,2019-09-01T23:00,15.8,56,0.0,7.4,284,1020.4,43
Wavre,50.7159,4.6105,2019-08-01T00:00,15.3,77,0.0,12.1,207,1017.2,47
Wavre,50.7159,4.6105,2019-08-01T01:00,16.1,74,0.0,12.5,213,1017.4,51
Wavre,50.7159,4.6105,2019-08-01T02:00,15.6,77,0.0,11.9,209,1017.8,80
Wavre,50.7159,4.6105,2019-08-01T03:00,15.4,79,0.0,13.0,208,1017.5,54
Wavre,50.7159,4.6105,2019-08-01T04:00,15.7,77,0.0,14.4,212,1017.0,40
Wavre,50.7159,4.6105,2019-08-01T05:00,15.8,76,0.0,15.6,214,1017.1,33
Wavre,50.7159,4.6105,2019-08-01T06:00,15.9,78,0.0,15.6,218,1017.1,58
Wavre,50.7159,4.6105,2019-08-01T07:00,16.8,78,0.0,14.8,227,1017.1,46
Wavre,50.7159,4.6105,2019-08-01T08:00,18.0,76,0.0,20.6,245,1017.3,84
Wavre,50.7159,4.6105,2019-08-01T09:00,19.2,70,0.0,18.7,242,1017.2,84
Wavre,50.7159,4.6105,2019-08-01T10:00,19.8,68,0.0,17.9,242,1017.3,45
Wavre,50.7159,4.6105,2019-08-01T11:00,21.0,64,0.0,17.9,245,1017.3,29
Wavre,50.7159,4.6105,2019-08-01T12:00,21.8,59,0.2,19.1,258,1016.9,34
Wavre,50.7159,4.6105,2019-08-01T13:00,23.0,56,0.1,16.7,256,1016.9,35
Wavre,50.7159,4.6105,2019-08-01T14:00,23.0,57,0.0,16.7,256,1017.0,27
Wavre,50.7159,4.6105,2019-08-01T15:00,23.3,55,0.0,16.2,257,1016.7,51
Wavre,50.7159,4.6105,2019-08-01T16:00,22.1,58,0.0,15.5,275,1016.6,99
Wavre,50.7159,4.6105,2019-08-01T17:00,21.9,60,0.0,12.7,277,1016.5,56
Wavre,50.7159,4.6105,2019-08-01T18:00,22.0,57,0.0,10.8,285,1016.3,51
Wavre,50.7159,4.6105,2019-08-01T19:00,21.0,61,0.0,8.9,328,1016.3,40
Wavre,50.7159,4.6105,2019-08-01T20:00,19.5,72,0.0,4.7,337,1016.7,40
Wavre,50.7159,4.6105,2019-08-01T21:00,18.0,82,0.0,7.1,330,1017.0,71
Wavre,50.7159,4.6105,2019-08-01T22:00,17.3,83,0.0,5.8,338,1017.0,85
Wavre,50.7159,4.6105,2019-08-01T23:00,16.8,87,0.0,7.1,336,1016.9,79
Wavre,50.7159,4.6105,2019-08-02T00:00,16.0,89,0.0,6.4,317,1016.9,92
Wavre,50.7159,4.6105,2019-08-02T01:00,14.9,93,0.0,7.9,313,1016.9,91
Wavre,50.7159,4.6105,2019-08-02T02:00,14.1,94,0.0,7.3,281,1016.8,63
Wavre,50.7159,4.6105,2019-08-02T03:00,13.8,95,0.0,6.5,270,1016.6,40
Wavre,50.7159,4.6105,2019-08-02T04:00,13.6,95,0.0,6.6,261,1016.7,10
Wavre,50.7159,4.6105,2019-08-02T05:00,13.9,94,0.0,6.4,254,1016.6,18
Wavre,50.7159,4.6105,2019-08-02T06:00,14.9,91,0.0,8.8,261,1016.4,14
Wavre,50.7159,4.6105,2019-08-02T07:00,16.5,84,0.0,8.6,272,1016.3,4
Wavre,50.7159,4.6105,2019-08-02T08:00,18.1,81,0.0,9.2,281,1016.5,7
Wavre,50.7159,4.6105,2019-08-02T09:00,19.8,72,0.1,12.7,278,1016.3,30
Wavre,50.7159,4.6105,2019-08-02T10:00,20.6,66,0.1,15.7,281,1016.4,29
Wavre,50.7159,4.6105,2019-08-02T11:00,21.5,59,0.1,17.3,282,1016.4,40
Wavre,50.7159,4.6105,2019-08-02T12:00,21.1,64,0.7,19.5,295,1016.1,44
Wavre,50.7159,4.6105,2019-08-02T13:00,21.7,66,0.1,21.1,297,1016.7,40
Wavre,50.7159,4.6105,2019-08-02T14:00,20.6,71,0.5,20.3,297,1016.7,53
Wavre,50.7159,4.6105,2019-08-02T15:00,21.0,76,0.0,20.3,295,1016.4,99
Wavre,50.7159,4.6105,2019-08-02T16:00,20.1,73,0.5,20.9,302,1016.4,43
Wavre,50.7159,4.6105,2019-08-02T17:00,20.1,72,0.3,22.7,312,1016.2,43
Wavre,50.7159,4.6105,2019-08-02T18:00,20.1,69,0.0,22.7,313,1016.0,23
Wavre,50.7159,4.6105,2019-08-02T19:00,19.6,71,0.0,20.1,314,1016.1,17
Wavre,50.7159,4.6105,2019-08-02T20:00,18.5,77,0.0,17.3,313,1016.5,29
Wavre,50.7159,4.6105,2019-08-02T21:00,17.5,84,0.0,16.6,319,1017.0,40
Wavre,50.7159,4.6105,2019-08-02T22:00,17.0,89,0.0,15.4,323,1017.2,54
Wavre,50.7159,4.6105,2019-08-02T23:00,16.7,90,0.0,13.9,323,1017.2,44
Wavre,50.7159,4.6105,2019-08-03T00:00,16.4,93,0.0,12.8,322,1017.4,52
Wavre,50.7159,4.6105,2019-08-03T01:00,15.9,97,0.0,10.7,318,1017.7,49
Wavre,50.7159,4.6105,2019-08-03T02:00,15.6,97,0.0,10.2,318,1017.6,95
Wavre,50.7159,4.6105,2019-08-03T03:00,15.6,97,0.0,10.5,322,1017.7,100
Wavre,50.7159,4.6105,2019-08-03T04:00,15.6,96,0.0,11.5,328,1017.5,95
Wavre,50.7159,4.6105,2019-08-03T05:00,15.1,97,0.0,10.5,338,1017.8,33
Wavre,50.7159,4.6105,2019-08-03T06:00,14.8,98,0.0,9.7,329,1018.1,26
Wavre,50.7159,4.6105,2019-08-03T07:00,15.8,91,0.0,11.6,338,1018.4,100
Wavre,50.7159,4.6105,2019-08-03T08:00,17.2,81,0.0,10.2,350,1018.6,59
Wavre,50.7159,4.6105,2019-08-03T09:00,18.9,70,0.1,9.6,347,1018.5,100
Wavre,50.7159,4.6105,2019-08-03T10:00,19.5,67,0.2,10.3,348,1018.6,100
Wavre,50.7159,4.6105,2019-08-03T11:00,20.1,64,0.2,8.6,360,1018.9,100
Wavre,50.7159,4.6105,2019-08-03T12:00,20.5,63,0.0,7.2,360,1018.7,92
Wavre,50.7159,4.6105,2019-08-03T13:00,20.0,65,0.0,9.7,4,1019.4,100
Wavre,50.7159,4.6105,2019-08-03T14:00,20.6,63,0.0,9.1,9,1019.2,100
Wavre,50.7159,4.6105,2019-08-03T15:00,20.9,61,0.0,9.0,16,1019.0,100
Wavre,50.7159,4.6105,2019-08-03T16:00,21.1,61,0.0,11.6,22,1018.6,100
Wavre,50.7159,4.6105,2019-08-03T17:00,20.9,64,0.0,8.0,18,1018.4,97
Wavre,50.7159,4.6105,2019-08-03T18:00,21.0,63,0.0,7.1,15,1018.2,100
Wavre,50.7159,4.6105,2019-08-03T19:00,20.5,66,0.0,6.1,28,1018.1,99
Wavre,50.7159,4.6105,2019-08-03T20:00,18.8,80,0.0,5.3,62,1018.0,96
Wavre,50.7159,4.6105,2019-08-03T21:00,17.5,82,0.0,5.8,86,1018.0,99
Wavre,50.7159,4.6105,2019-08-03T22:00,16.7,85,0.0,6.0,115,1018.0,98
Wavre,50.7159,4.6105,2019-08-03T23:00,16.1,85,0.0,6.0,123,1017.9,97
Wavre,50.7159,4.6105,2019-08-04T00:00,15.7,86,0.0,6.3,103,1017.7,98
Wavre,50.7159,4.6105,2019-08-04T01:00,15.6,91,0.0,5.6,105,1017.6,97
Wavre,50.7159,4.6105,2019-08-04T02:00,14.6,94,0.0,5.7,108,1017.4,54
Wavre,50.7159,4.6105,2019-08-04T03:00,14.3,94,0.0,5.7,125,1017.2,2
Wavre,50.7159,4.6105,2019-08-04T04:00,13.4,96,0.0,7.7,139,1017.2,0
Wavre,50.7159,4.6105,2019-08-04T05:00,13.2,96,0.0,6.7,126,1017.2,17
Wavre,50.7159,4.6105,2019-08-04T06:00,14.4,94,0.0,6.9,129,1017.0,58
Wavre,50.7159,4.6105,2019-08-04T07:00,16.5,86,0.0,7.6,121,1016.8,24
Wavre,50.7159,4.6105,2019-08-04T08:00,18.5,78,0.0,7.4,113,1016.7,11
Wavre,50.7159,4.6105,2019-08-04T09:00,20.5,68,0.0,8.4,115,1016.4,12
Wavre,50.7159,4.6105,2019-08-04T10:00,22.1,61,0.0,8.1,122,1016.0,66
Wavre,50.7159,4.6105,2019-08-04T11:00,23.4,57,0.0,5.9,137,1015.6,97
Wavre,50.7159,4.6105,2019-08-04T12:00,24.6,51,0.0,9.0,185,1015.1,100
Wavre,50.7159,4.6105,2019-08-04T13:00,25.2,50,0.0,5.1,172,1015.1,100
Wavre,50.7159,4.6105,2019-08-04T14:00,26.0,47,0.0,4.5,166,1014.3,84
Wavre,50.7159,4.6105,2019-08-04T15:00,26.5,44,0.0,4.0,175,1013.9,100
Wavre,50.7159,4.6105,2019-08-04T16:00,26.8,43,0.0,2.6,124,1013.4,100
Wavre,50.7159,4.6105,2019-08-04T17:00,26.6,43,0.0,3.3,103,1012.8,100
Wavre,50.7159,4.6105,2019-08-04T18:00,26.6,45,0.0,2.3,72,1012.5,100
Wavre,50.7159,4.6105,2019-08-04T19:00,24.6,63,0.0,3.2,333,1012.3,100
Wavre,50.7159,4.6105,2019-08-04T20:00,22.3,73,0.0,6.1,357,1012.1,100
Wavre,50.7159,4.6105,2019-08-04T21:00,21.6,73,0.0,6.7,54,1012.3,100
Wavre,50.7159,4.6105,2019-08-04T22:00,20.6,79,0.0,7.1,114,1012.0,100
Wavre,50.7159,4.6105,2019-08-04T23:00,20.4,78,0.0,4.9,163,1011.7,100
Wavre,50.7159,4.6105,2019-08-05T00:00,19.6,80,0.0,6.5,186,1011.4,100
Wavre,50.7159,4.6105,2019-08-05T01:00,19.8,77,0.0,8.6,202,1011.5,99
Wavre,50.7159,4.6105,2019-08-05T02:00,20.7,67,0.0,12.5,192,1011.0,83
Wavre,50.7159,4.6105,2019-08-05T03:00,20.9,65,0.3,18.4,215,1011.2,96
Wavre,50.7159,4.6105,2019-08-05T04:00,18.4,84,0.6,7.6,245,1011.2,96
Wavre,50.7159,4.6105,2019-08-05T05:00,17.9,89,0.0,12.8,220,1011.2,97
Wavre,50.7159,4.6105,2019-08-05T06:00,17.1,91,0.0,14.2,246,1011.6,66
Wavre,50.7159,4.6105,2019-08-05T07:00,17.6,84,0.0,15.1,252,1011.8,54
Wavre,50.7159,4.6105,2019-08-05T08:00,18.2,77,0.0,16.5,254,1011.9,78
Wavre,50.7159,4.6105,2019-08-05T09:00,19.2,70,0.0,15.6,251,1012.0,32
Wavre,50.7159,4.6105,2019-08-05T10:00,20.8,62,0.0,16.5,250,1012.2,51
Wavre,50.7159,4.6105,2019-08-05T11:00,22.1,56,0.0,16.7,251,1012.1,68
Wavre,50.7159,4.6105,2019-08-05T12:00,23.1,52,0.0,17.6,247,1011.9,63
Wavre,50.7159,4.6105,2019-08-05T13:00,23.5,52,0.0,16.3,245,1012.1,99
Wavre,50.7159,4.6105,2019-08-05T14:00,24.5,47,0.0,18.4,239,1011.8,99
Wavre,50.7159,4.6105,2019-08-05T15:00,24.7,46,0.0,19.3,243,1011.4,100
Wavre,50.7159,4.6105,2019-08-05T16:00,24.6,47,0.0,18.7,242,1011.3,100
Wavre,50.7159,4.6105,2019-08-05T17:00,23.9,53,0.0,14.7,253,1011.2,97
Wavre,50.7159,4.6105,2019-08-05T18:00,24.1,51,0.0,14.7,245,1010.8,99
Wavre,50.7159,4.6105,2019-08-05T19:00,23.5,55,0.0,13.2,248,1010.8,98
Wavre,50.7159,4.6105,2019-08-05T20:00,21.5,64,0.0,8.6,270,1010.9,98
Wavre,50.7159,4.6105,2019-08-05T21:00,20.2,72,0.0,8.6,255,1011.4,99
Wavre,50.7159,4.6105,2019-08-05T22:00,19.8,75,0.0,11.3,248,1011.5,92
Wavre,50.7159,4.6105,2019-08-05T23:00,19.5,77,0.0,12.1,260,1011.5,85
Wavre,50.7159,4.6105,2019-08-06T00:00,19.0,79,0.1,14.0,258,1011.5,68
Wavre,50.7159,4.6105,2019-08-06T01:00,18.5,82,0.0,13.9,253,1011.6,92
Wavre,50.7159,4.6105,2019-08-06T02:00,17.6,75,0.0,16.5,260,1011.9,96
Wavre,50.7159,4.6105,2019-08-06T03:00,16.7,72,0.0,13.9,253,1012.0,97
Wavre,50.7159,4.6105,2019-08-06T04:00,16.2,73,0.0,11.5,238,1011.9,96
Wavre,50.7159,4.6105,2019-08-06T05:00,16.1,73,0.0,12.0,229,1011.9,92
Wavre,50.7159,4.6105,2019-08-06T06:00,16.0,76,0.0,13.0,226,1011.9,97
Wavre,50.7159,4.6105,2019-08-06T07:00,16.8,73,0.0,14.1,230,1012.0,94
Wavre,50.7159,4.6105,2019-08-06T08:00,18.0,64,0.0,15.3,240,1012.0,93
Wavre,50.7159,4.6105,2019-08-06T09:00,19.2,55,0.0,14.4,238,1012.1,100
Wavre,50.7159,4.6105,2019-08-06T10:00,20.0,52,0.0,13.8,231,1012.0,99
Wavre,50.7159,4.6105,2019-08-06T11:00,20.5,50,0.0,14.5,224,1011.7,100
Wavre,50.7159,4.6105,2019-08-06T12:00,21.1,50,0.0,15.0,226,1011.4,100
Wavre,50.7159,4.6105,2019-08-06T13:00,22.0,57,0.0,14.9,233,1011.1,100
Wavre,50.7159,4.6105,2019-08-06T14:00,23.0,53,0.0,14.8,229,1010.6,100
Wavre,50.7159,4.6105,2019-08-06T15:00,22.2,58,0.0,14.2,240,1010.2,100
Wavre,50.7159,4.6105,2019-08-06T16:00,22.0,60,0.0,12.1,243,1009.5,100
Wavre,50.7159,4.6105,2019-08-06T17:00,21.5,64,0.0,11.0,218,1009.3,100
Wavre,50.7159,4.6105,2019-08-06T18:00,19.9,78,0.3,12.6,183,1008.9,86
Wavre,50.7159,4.6105,2019-08-06T19:00,19.4,84,1.4,11.7,198,1008.2,59
Wavre,50.7159,4.6105,2019-08-06T20:00,18.5,86,0.0,12.0,224,1008.4,93
Wavre,50.7159,4.6105,2019-08-06T21:00,17.6,91,0.0,12.2,225,1008.7,95
Wavre,50.7159,4.6105,2019-08-06T22:00,17.5,92,0.0,13.0,236,1008.8,91
Wavre,50.7159,4.6105,2019-08-06T23:00,17.3,91,0.0,12.4,240,1008.8,96
Wavre,50.7159,4.6105,2019-08-07T00:00,17.3,89,0.0,10.7,228,1008.5,99
Wavre,50.7159,4.6105,2019-08-07T01:00,17.0,83,0.0,12.4,244,1008.7,99
Wavre,50.7159,4.6105,2019-08-07T02:00,16.3,83,0.0,12.5,231,1008.4,95
Wavre,50.7159,4.6105,2019-08-07T03:00,15.7,87,0.0,11.5,219,1008.2,95
Wavre,50.7159,4.6105,2019-08-07T04:00,15.4,91,0.0,13.0,208,1008.1,99
Wavre,50.7159,4.6105,2019-08-07T05:00,15.6,92,0.0,13.8,213,1007.9,99
Wavre,50.7159,4.6105,2019-08-07T06:00,16.1,89,0.0,14.8,223,1007.9,96
Wavre,50.7159,4.6105,2019-08-07T07:00,17.0,84,0.0,15.3,227,1008.3,100
Wavre,50.7159,4.6105,2019-08-07T08:00,17.9,79,0.0,16.1,236,1008.4,76
Wavre,50.7159,4.6105,2019-08-07T09:00,19.5,68,0.0,17.9,248,1008.1,100
Wavre,50.7159,4.6105,2019-08-07T10:00,20.6,60,0.0,18.9,249,1008.1,94
Wavre,50.7159,4.6105,2019-08-07T11:00,21.4,55,0.1,18.7,251,1008.2,93
Wavre,50.7159,4.6105,2019-08-07T12:00,22.1,53,0.2,20.2,251,1008.0,87
Wavre,50.7159,4.6105,2019-08-07T13:00,22.5,55,0.0,22.5,248,1008.2,92
Wavre,50.7159,4.6105,2019-08-07T14:00,21.8,53,0.0,19.7,249,1008.2,49
Wavre,50.7159,4.6105,2019-08-07T15:00,22.5,49,0.0,22.0,249,1008.2,48
Wavre,50.7159,4.6105,2019-08-07T16:00,22.4,52,0.1,21.3,251,1007.9,34
Wavre,50.7159,4.6105,2019-08-07T17:00,22.5,49,0.0,21.0,254,1008.2,35
Wavre,50.7159,4.6105,2019-08-07T18:00,21.9,49,0.0,17.8,252,1008.4,32
Wavre,50.7159,4.6105,2019-08-07T19:00,21.1,53,0.0,15.5,245,1008.6,20
Wavre,50.7159,4.6105,2019-08-07T20:00,19.9,56,0.0,14.8,244,1009.1,11
Wavre,50.7159,4.6105,2019-08-07T21:00,18.4,60,0.0,12.6,257,1009.8,8
Wavre,50.7159,4.6105,2019-08-07T22:00,17.1,65,0.0,11.4,242,1010.3,2
Wavre,50.7159,4.6105,2019-08-07T23:00,16.3,70,0.0,12.1,233,1010.6,1
Wavre,50.7159,4.6105,2019-08-08T00:00,15.6,74,0.0,13.7,225,1010.7,0
Wavre,50.7159,4.6105,2019-08-08T01:00,16.0,74,0.0,15.6,230,1011.1,0
Wavre,50.7159,4.6105,2019-08-08T02:00,15.4,78,0.0,15.5,224,1011.0,0
Wavre,50.7159,4.6105,2019-08-08T03:00,14.9,81,0.0,15.3,219,1010.7,91
Wavre,50.7159,4.6105,2019-08-08T04:00,15.0,80,0.0,16.8,223,1010.9,44
Wavre,50.7159,4.6105,2019-08-08T05:00,14.7,81,0.0,15.3,227,1011.2,30
Wavre,50.7159,4.6105,2019-08-08T06:00,14.9,81,0.0,15.2,234,1011.2,14
Wavre,50.7159,4.6105,2019-08-08T07:00,16.5,77,0.0,15.3,236,1011.5,17
Wavre,50.7159,4.6105,2019-08-08T08:00,18.1,69,0.0,16.2,238,1011.8,39
Wavre,50.7159,4.6105,2019-08-08T09:00,19.4,60,0.0,18.8,241,1012.2,77
Wavre,50.7159,4.6105,2019-08-08T10:00,19.8,56,0.0,19.7,239,1012.5,84
Wavre,50.7159,4.6105,2019-08-08T11:00,19.4,61,0.6,17.4,243,1012.7,71
Wavre,50.7159,4.6105,2019-08-08T12:00,20.0,64,0.0,14.2,240,1012.8,91
Wavre,50.7159,4.6105,2019-08-08T13:00,17.6,82,0.0,9.7,222,1013.1,93
Wavre,50.7159,4.6105,2019-08-08T14:00,20.6,69,0.0,11.5,238,1013.0,86
Wavre,50.7159,4.6105,2019-08-08T15:00,22.5,59,0.0,13.7,252,1012.4,90
Wavre,50.7159,4.6105,2019-08-08T16:00,22.9,56,0.0,14.5,256,1012.1,66
Wavre,50.7159,4.6105,2019-08-08T17:00,23.2,54,0.0,14.0,258,1012.2,87
Wavre,50.7159,4.6105,2019-08-08T18:00,22.6,57,0.0,5.7,288,1011.8,36
Wavre,50.7159,4.6105,2019-08-08T19:00,22.1,62,0.0,1.5,284,1011.5,19
Wavre,50.7159,4.6105,2019-08-08T20:00,19.9,73,0.0,4.7,157,1011.7,34
Wavre,50.7159,4.6105,2019-08-08T21:00,19.2,73,0.0,5.7,125,1011.6,99
Wavre,50.7159,4.6105,2019-08-08T22:00,20.0,67,0.0,10.5,112,1011.2,64
Wavre,50.7159,4.6105,2019-08-08T23:00,19.3,71,0.0,12.6,127,1011.1,83
Wavre,50.7159,4.6105,2019-08-09T00:00,19.2,73,0.0,13.5,124,1010.9,77
Wavre,50.7159,4.6105,2019-08-09T01:00,18.8,77,0.0,11.3,112,1010.2,77
Wavre,50.7159,4.6105,2019-08-09T02:00,18.1,81,0.0,13.0,124,1009.8,93
Wavre,50.7159,4.6105,2019-08-09T03:00,19.4,70,0.0,16.1,164,1009.3,97
Wavre,50.7159,4.6105,2019-08-09T04:00,20.5,66,0.0,16.4,151,1008.5,100
Wavre,50.7159,4.6105,2019-08-09T05:00,20.1,69,0.1,15.9,142,1008.1,100
Wavre,50.7159,4.6105,2019-08-09T06:00,20.5,66,0.0,16.2,148,1007.1,100
Wavre,50.7159,4.6105,2019-08-09T07:00,21.5,64,0.0,16.1,164,1006.6,97
Wavre,50.7159,4.6105,2019-08-09T08:00,22.5,60,0.0,17.2,170,1006.6,99
Wavre,50.7159,4.6105,2019-08-09T09:00,24.4,52,0.0,21.0,174,1006.2,93
Wavre,50.7159,4.6105,2019-08-09T10:00,25.9,52,0.0,25.6,197,1006.2,94
Wavre,50.7159,4.6105,2019-08-09T11:00,25.8,57,0.2,25.1,205,1006.6,98
Wavre,50.7159,4.6105,2019-08-09T12:00,25.0,63,0.0,19.7,204,1006.5,100
Wavre,50.7159,4.6105,2019-08-09T13:00,23.1,80,0.0,17.1,222,1007.0,100
Wavre,50.7159,4.6105,2019-08-09T14:00,24.2,77,0.3,17.9,205,1006.6,96
Wavre,50.7159,4.6105,2019-08-09T15:00,25.3,69,0.0,18.8,212,1006.5,99
Wavre,50.7159,4.6105,2019-08-09T16:00,24.0,77,0.8,10.8,217,1006.4,100
Wavre,50.7159,4.6105,2019-08-09T17:00,22.0,91,1.8,11.8,192,1006.1,99
Wavre,50.7159,4.6105,2019-08-09T18:00,22.0,90,0.8,16.6,181,1005.4,100
Wavre,50.7159,4.6105,2019-08-09T19:00,21.8,88,0.0,19.8,199,1005.5,98
Wavre,50.7159,4.6105,2019-08-09T20:00,20.8,82,0.0,21.0,211,1006.0,99
Wavre,50.7159,4.6105,2019-08-09T21:00,19.9,80,0.0,20.9,216,1007.0,87
Wavre,50.7159,4.6105,2019-08-09T22:00,18.9,81,0.0,20.9,209,1007.3,96
Wavre,50.7159,4.6105,2019-08-09T23:00,18.8,82,0.0,22.7,200,1007.2,86
Wavre,50.7159,4.6105,2019-08-10T00:00,19.2,81,0.0,24.3,201,1006.9,100
Wavre,50.7159,4.6105,2019-08-10T01:00,19.4,78,0.0,26.4,206,1007.1,95
Wavre,50.7159,4.6105,2019-08-10T02:00,19.5,73,0.0,28.7,207,1007.1,3
Wavre,50.7159,4.6105,2019-08-10T03:00,19.3,70,0.0,30.9,208,1007.2,16
Wavre,50.7159,4.6105,2019-08-10T04:00,19.0,70,0.0,30.9,208,1007.3,55
Wavre,50.7159,4.6105,2019-08-10T05:00,18.6,70,0.0,30.9,212,1007.6,42
Wavre,50.7159,4.6105,2019-08-10T06:00,18.5,70,0.0,31.1,217,1008.1,45
Wavre,50.7159,4.6105,2019-08-10T07:00,18.6,71,0.0,31.9,221,1008.7,42
Wavre,50.7159,4.6105,2019-08-10T08:00,19.1,68,0.0,35.1,225,1009.2,78
Wavre,50.7159,4.6105,2019-08-10T09:00,19.5,66,0.1,38.6,230,1009.9,92
Wavre,50.7159,4.6105,2019-08-10T10:00,20.1,63,0.0,36.5,229,1010.4,98
Wavre,50.7159,4.6105,2019-08-10T11:00,20.9,58,0.0,36.0,229,1010.7,98
Wavre,50.7159,4.6105,2019-08-10T12:00,21.4,54,0.0,37.0,229,1011.1,100
Wavre,50.7159,4.6105,2019-08-10T13:00,22.2,51,0.0,36.8,231,1011.6,72
Wavre,50.7159,4.6105,2019-08-10T14:00,22.6,48,0.0,37.6,234,1011.9,39
Wavre,50.7159,4.6105,2019-08-10T15:00,23.0,46,0.0,37.0,236,1012.0,56
Wavre,50.7159,4.6105,2019-08-10T16:00,23.1,45,0.0,32.3,235,1012.2,90
Wavre,50.7159,4.6105,2019-08-10T17:00,22.8,45,0.0,30.4,236,1012.5,84
Wavre,50.7159,4.6105,2019-08-10T18:00,22.2,47,0.0,25.4,238,1012.7,41
Wavre,50.7159,4.6105,2019-08-10T19:00,21.5,50,0.0,20.6,241,1013.1,53
Wavre,50.7159,4.6105,2019-08-10T20:00,20.3,53,0.0,17.7,250,1013.9,39
Wavre,50.7159,4.6105,2019-08-10T21:00,19.3,55,0.0,16.1,243,1014.4,37
Wavre,50.7159,4.6105,2019-08-10T22:00,18.4,58,0.0,13.0,242,1014.6,94
Wavre,50.7159,4.6105,2019-08-10T23:00,18.1,60,0.0,14.5,243,1015.1,87
Wavre,50.7159,4.6105,2019-08-11T00:00,17.5,64,0.0,16.6,243,1015.5,55
Wavre,50.7159,4.6105,2019-08-11T01:00,17.7,68,0.0,15.6,244,1015.7,19
Wavre,50.7159,4.6105,2019-08-11T02:00,16.4,75,0.0,13.3,232,1015.5,37
Wavre,50.7159,4.6105,2019-08-11T03:00,15.4,80,0.0,14.3,223,1015.6,62
Wavre,50.7159,4.6105,2019-08-11T04:00,15.2,80,0.0,15.8,227,1015.5,54
Wavre,50.7159,4.6105,2019-08-11T05:00,15.0,81,0.0,15.5,224,1015.6,76
Wavre,50.7159,4.6105,2019-08-11T06:00,15.0,81,0.0,15.1,218,1015.6,93
Wavre,50.7159,4.6105,2019-08-11T07:00,16.3,77,0.0,14.2,210,1015.4,97
Wavre,50.7159,4.6105,2019-08-11T08:00,17.8,72,0.0,15.9,205,1015.4,70
Wavre,50.7159,4.6105,2019-08-11T09:00,18.9,65,0.0,19.7,208,1015.3,75
Wavre,50.7159,4.6105,2019-08-11T10:00,19.6,54,0.0,19.6,226,1015.1,100
Wavre,50.7159,4.6105,2019-08-11T11:00,19.7,52,0.0,18.1,226,1015.0,100
Wavre,50.7159,4.6105,2019-08-11T12:00,19.3,55,0.0,17.2,217,1014.8,100
Wavre,50.7159,4.6105,2019-08-11T13:00,19.6,58,0.0,19.7,220,1015.0,100
Wavre,50.7159,4.6105,2019-08-11T14:00,20.2,55,0.0,21.4,222,1014.8,100
Wavre,50.7159,4.6105,2019-08-11T15:00,20.0,53,0.0,20.1,224,1014.3,100
Wavre,50.7159,4.6105,2019-08-11T16:00,20.0,52,0.0,20.1,227,1014.0,99
Wavre,50.7159,4.6105,2019-08-11T17:00,19.8,52,0.0,17.6,229,1014.0,92
Wavre,50.7159,4.6105,2019-08-11T18:00,19.8,53,0.0,16.8,223,1014.0,99
Wavre,50.7159,4.6105,2019-08-11T19:00,19.2,56,0.0,14.0,224,1014.3,61
Wavre,50.7159,4.6105,2019-08-11T20:00,17.8,60,0.0,10.9,224,1014.7,35
Wavre,50.7159,4.6105,2019-08-11T21:00,16.7,68,0.0,13.4,204,1015.2,27
Wavre,50.7159,4.6105,2019-08-11T22:00,16.0,74,0.0,16.9,207,1015.3,21
Wavre,50.7159,4.6105,2019-08-11T23:00,15.6,76,0.0,16.6,210,1015.3,13
Wavre,50.7159,4.6105,2019-08-12T00:00,15.2,78,0.0,15.5,216,1015.3,8
Wavre,50.7159,4.6105,2019-08-12T01:00,15.2,73,0.0,13.6,220,1015.5,2
Wavre,50.7159,4.6105,2019-08-12T02:00,14.3,78,0.0,12.0,219,1015.6,12
Wavre,50.7159,4.6105,2019-08-12T03:00,14.0,80,0.0,12.4,216,1015.2,10
Wavre,50.7159,4.6105,2019-08-12T04:00,13.7,83,0.0,12.6,207,1015.3,10
Wavre,50.7159,4.6105,2019-08-12T05:00,13.5,85,0.0,12.7,205,1015.4,15
Wavre,50.7159,4.6105,2019-08-12T06:00,13.6,85,0.0,12.4,210,1015.2,21
Wavre,50.7159,4.6105,2019-08-12T07:00,14.9,80,0.0,12.4,216,1015.0,13
Wavre,50.7159,4.6105,2019-08-12T08:00,16.5,75,0.0,12.9,216,1015.2,5
Wavre,50.7159,4.6105,2019-08-12T09:00,18.0,70,0.0,13.5,226,1015.3,1
Wavre,50.7159,4.6105,2019-08-12T10:00,19.1,61,0.0,14.7,239,1015.3,15
Wavre,50.7159,4.6105,2019-08-12T11:00,19.8,55,0.0,14.8,236,1015.4,21
Wavre,50.7159,4.6105,2019-08-12T12:00,20.5,53,0.0,15.6,236,1015.0,42
Wavre,50.7159,4.6105,2019-08-12T13:00,21.5,50,0.0,14.5,222,1013.8,61
Wavre,50.7159,4.6105,2019-08-12T14:00,19.0,67,1.1,17.3,225,1014.9,96
Wavre,50.7159,4.6105,2019-08-12T15:00,17.1,78,1.6,18.2,256,1015.4,88
Wavre,50.7159,4.6105,2019-08-12T16:00,18.1,71,0.1,13.4,239,1014.6,90
Wavre,50.7159,4.6105,2019-08-12T17:00,17.4,71,0.2,14.8,236,1014.9,87
Wavre,50.7159,4.6105,2019-08-12T18:00,17.4,72,0.0,14.1,232,1014.8,94
Wavre,50.7159,4.6105,2019-08-12T19:00,16.6,73,0.1,13.9,239,1014.9,85
Wavre,50.7159,4.6105,2019-08-12T20:00,15.3,81,0.1,11.7,227,1015.1,91
Wavre,50.7159,4.6105,2019-08-12T21:00,14.4,85,0.0,12.0,219,1015.7,61
Wavre,50.7159,4.6105,2019-08-12T22:00,13.9,88,0.0,13.5,226,1016.0,18
Wavre,50.7159,4.6105,2019-08-12T23:00,13.7,88,0.0,13.9,233,1016.1,27
Wavre,50.7159,4.6105,2019-08-13T00:00,13.3,89,0.0,15.1,232,1016.2,18
Wavre,50.7159,4.6105,2019-08-13T01:00,13.1,92,0.0,17.2,244,1016.9,65
Wavre,50.7159,4.6105,2019-08-13T02:00,12.4,94,0.0,14.2,254,1017.1,29
Wavre,50.7159,4.6105,2019-08-13T03:00,11.9,95,0.3,13.8,255,1017.5,100
Wavre,50.7159,4.6105,2019-08-13T04:00,12.1,93,0.3,14.2,240,1017.6,24
Wavre,50.7159,4.6105,2019-08-13T05:00,11.8,95,0.0,13.0,236,1017.7,0
Wavre,50.7159,4.6105,2019-08-13T06:00,11.6,96,0.0,12.4,234,1018.0,0
Wavre,50.7159,4.6105,2019-08-13T07:00,12.7,94,0.0,13.8,229,1018.2,0
Wavre,50.7159,4.6105,2019-08-13T08:00,14.1,87,0.0,15.6,232,1018.6,0
Wavre,50.7159,4.6105,2019-08-13T09:00,15.6,77,0.0,18.1,239,1018.7,7
Wavre,50.7159,4.6105,2019-08-13T10:00,16.9,64,0.0,20.0,244,1018.5,16
Wavre,50.7159,4.6105,2019-08-13T11:00,17.6,57,0.1,23.3,250,1018.4,95
Wavre,50.7159,4.6105,2019-08-13T12:00,17.3,62,0.1,25.6,244,1018.4,100
Wavre,50.7159,4.6105,2019-08-13T13:00,18.4,58,0.0,21.2,252,1018.5,94
Wavre,50.7159,4.6105,2019-08-13T14:00,15.1,78,0.6,20.7,257,1019.1,100
Wavre,50.7159,4.6105,2019-08-13T15:00,15.1,79,0.3,18.0,244,1018.7,99
Wavre,50.7159,4.6105,2019-08-13T16:00,15.5,73,0.2,17.4,246,1018.6,89
Wavre,50.7159,4.6105,2019-08-13T17:00,15.6,71,0.0,16.6,243,1018.7,45
Wavre,50.7159,4.6105,2019-08-13T18:00,16.1,62,0.0,15.6,251,1018.4,51
Wavre,50.7159,4.6105,2019-08-13T19:00,15.7,64,0.0,11.3,239,1018.3,43
Wavre,50.7159,4.6105,2019-08-13T20:00,14.5,69,0.0,9.4,227,1018.6,36
Wavre,50.7159,4.6105,2019-08-13T21:00,13.6,75,0.0,9.4,223,1019.0,30
Wavre,50.7159,4.6105,2019-08-13T22:00,13.0,79,0.0,10.4,224,1019.1,22
Wavre,50.7159,4.6105,2019-08-13T23:00,12.4,86,0.0,11.0,221,1019.1,18
Wavre,50.7159,4.6105,2019-08-14T00:00,11.9,90,0.0,11.3,217,1018.9,6
Wavre,50.7159,4.6105,2019-08-14T01:00,12.1,92,0.0,12.2,225,1019.2,44
Wavre,50.7159,4.6105,2019-08-14T02:00,11.6,93,0.0,11.7,223,1019.1,8
Wavre,50.7159,4.6105,2019-08-14T03:00,11.2,94,0.0,11.0,218,1019.0,16
Wavre,50.7159,4.6105,2019-08-14T04:00,11.1,94,0.0,11.4,215,1018.7,80
Wavre,50.7159,4.6105,2019-08-14T05:00,10.9,95,0.0,11.3,211,1018.7,0
Wavre,50.7159,4.6105,2019-08-14T06:00,10.9,95,0.0,11.8,207,1018.8,0
Wavre,50.7159,4.6105,2019-08-14T07:00,12.5,90,0.0,12.4,210,1018.8,1
Wavre,50.7159,4.6105,2019-08-14T08:00,14.6,84,0.0,11.3,211,1018.7,1
Wavre,50.7159,4.6105,2019-08-14T09:00,16.4,75,0.0,12.3,212,1018.6,4
Wavre,50.7159,4.6105,2019-08-14T10:00,17.8,65,0.0,14.4,217,1018.2,29
Wavre,50.7159,4.6105,2019-08-14T11:00,18.9,59,0.1,14.8,219,1018.0,31
Wavre,50.7159,4.6105,2019-08-14T12:00,19.9,53,0.0,16.1,220,1017.5,38
Wavre,50.7159,4.6105,2019-08-14T13:00,20.8,49,0.0,15.9,208,1017.1,100
Wavre,50.7159,4.6105,2019-08-14T14:00,20.2,53,0.0,18.3,212,1016.7,86
Wavre,50.7159,4.6105,2019-08-14T15:00,19.8,56,0.3,16.8,215,1016.5,96
Wavre,50.7159,4.6105,2019-08-14T16:00,18.8,65,0.3,14.1,193,1015.8,90
Wavre,50.7159,4.6105,2019-08-14T17:00,18.7,68,0.1,12.6,177,1015.0,59
Wavre,50.7159,4.6105,2019-08-14T18:00,19.0,69,0.1,9.2,159,1014.1,84
Wavre,50.7159,4.6105,2019-08-14T19:00,18.0,78,0.4,8.1,135,1013.7,100
Wavre,50.7159,4.6105,2019-08-14T20:00,17.0,85,0.6,11.7,124,1013.1,97
Wavre,50.7159,4.6105,2019-08-14T21:00,17.1,84,0.4,11.6,187,1013.0,99
Wavre,50.7159,4.6105,2019-08-14T22:00,16.5,87,0.7,13.5,205,1012.7,100
Wavre,50.7159,4.6105,2019-08-14T23:00,16.4,86,1.0,17.0,193,1012.1,100
Wavre,50.7159,4.6105,2019-08-15T00:00,16.4,86,0.0,20.1,195,1011.5,100
Wavre,50.7159,4.6105,2019-08-15T01:00,16.3,85,0.0,19.9,212,1011.5,100
Wavre,50.7159,4.6105,2019-08-15T02:00,16.1,86,0.0,19.9,212,1010.8,100
Wavre,50.7159,4.6105,2019-08-15T03:00,16.1,87,0.1,21.8,218,1010.4,100
Wavre,50.7159,4.6105,2019-08-15T04:00,16.0,88,0.0,21.1,217,1009.9,100
Wavre,50.7159,4.6105,2019-08-15T05:00,15.8,91,0.0,20.7,220,1009.8,100
Wavre,50.7159,4.6105,2019-08-15T06:00,15.9,91,0.0,21.1,223,1009.9,99
Wavre,50.7159,4.6105,2019-08-15T07:00,16.1,90,0.0,21.4,222,1009.8,71
Wavre,50.7159,4.6105,2019-08-15T08:00,17.0,86,0.0,25.5,234,1009.9,84
Wavre,50.7159,4.6105,2019-08-15T09:00,17.2,84,0.2,26.6,240,1010.3,100
Wavre,50.7159,4.6105,2019-08-15T10:00,17.6,86,0.2,24.8,242,1010.4,25
Wavre,50.7159,4.6105,2019-08-15T11:00,19.6,69,0.2,27.3,257,1010.7,31
Wavre,50.7159,4.6105,2019-08-15T12:00,20.4,64,0.2,26.9,258,1010.8,48
Wavre,50.7159,4.6105,2019-08-15T13:00,20.0,66,0.2,26.8,255,1011.6,79
Wavre,50.7159,4.6105,2019-08-15T14:00,20.1,66,0.1,25.9,256,1012.1,96
Wavre,50.7159,4.6105,2019-08-15T15:00,19.7,67,0.1,24.8,261,1012.7,33
Wavre,50.7159,4.6105,2019-08-15T16:00,20.0,63,0.0,25.0,264,1013.1,55
Wavre,50.7159,4.6105,2019-08-15T17:00,19.1,66,0.1,21.1,279,1013.9,50
Wavre,50.7159,4.6105,2019-08-15T18:00,18.6,69,0.2,20.1,280,1014.2,56
Wavre,50.7159,4.6105,2019-08-15T19:00,17.9,73,0.0,15.2,275,1014.7,44
Wavre,50.7159,4.6105,2019-08-15T20:00,17.0,75,0.0,13.0,256,1015.5,89
Wavre,50.7159,4.6105,2019-08-15T21:00,17.1,73,0.0,13.4,250,1016.2,100
Wavre,50.7159,4.6105,2019-08-15T22:00,16.5,79,0.0,14.3,242,1016.6,53
Wavre,50.7159,4.6105,2019-08-15T23:00,15.6,86,0.0,14.3,236,1017.0,42
Wavre,50.7159,4.6105,2019-08-16T00:00,15.1,90,0.0,13.8,227,1017.1,18
Wavre,50.7159,4.6105,2019-08-16T01:00,14.2,92,0.0,11.7,236,1017.5,39
Wavre,50.7159,4.6105,2019-08-16T02:00,13.7,94,0.0,13.7,235,1017.9,3
Wavre,50.7159,4.6105,2019-08-16T03:00,13.4,95,0.0,12.7,235,1017.9,100
Wavre,50.7159,4.6105,2019-08-16T04:00,13.1,96,0.0,12.0,229,1017.8,100
Wavre,50.7159,4.6105,2019-08-16T05:00,13.1,96,0.0,12.2,225,1018.0,98
Wavre,50.7159,4.6105,2019-08-16T06:00,13.1,96,0.0,12.3,218,1017.7,87
Wavre,50.7159,4.6105,2019-08-16T07:00,14.2,92,0.0,14.1,212,1017.7,77
Wavre,50.7159,4.6105,2019-08-16T08:00,15.8,86,0.0,15.4,217,1017.6,98
Wavre,50.7159,4.6105,2019-08-16T09:00,17.1,79,0.0,16.1,222,1017.5,97
Wavre,50.7159,4.6105,2019-08-16T10:00,18.5,69,0.0,20.4,226,1017.3,100
Wavre,50.7159,4.6105,2019-08-16T11:00,19.0,64,0.0,20.6,226,1016.8,98
Wavre,50.7159,4.6105,2019-08-16T12:00,20.0,59,0.0,21.1,227,1016.4,100
Wavre,50.7159,4.6105,2019-08-16T13:00,20.5,58,0.0,21.1,217,1016.2,98
Wavre,50.7159,4.6105,2019-08-16T14:00,21.3,54,0.0,21.4,224,1015.7,100
Wavre,50.7159,4.6105,2019-08-16T15:00,20.9,57,0.0,20.1,216,1014.9,98
Wavre,50.7159,4.6105,2019-08-16T16:00,21.7,53,0.0,21.7,207,1014.1,83
Wavre,50.7159,4.6105,2019-08-16T17:00,21.9,51,0.0,21.3,206,1013.4,100
Wavre,50.7159,4.6105,2019-08-16T18:00,21.3,54,0.0,12.3,195,1012.6,100
Wavre,50.7159,4.6105,2019-08-16T19:00,20.6,57,0.0,12.1,207,1012.1,100
Wavre,50.7159,4.6105,2019-08-16T20:00,20.0,58,0.0,12.1,207,1011.7,100
Wavre,50.7159,4.6105,2019-08-16T21:00,19.1,63,0.1,14.2,189,1011.7,100
Wavre,50.7159,4.6105,2019-08-16T22:00,18.3,69,0.3,18.5,188,1011.1,100
Wavre,50.7159,4.6105,2019-08-16T23:00,17.9,71,0.0,17.3,181,1010.4,100
Wavre,50.7159,4.6105,2019-08-17T00:00,17.9,71,0.1,17.2,190,1009.6,100
Wavre,50.7159,4.6105,2019-08-17T01:00,17.8,77,0.3,14.6,218,1009.5,98
Wavre,50.7159,4.6105,2019-08-17T02:00,17.9,75,0.0,17.3,203,1009.0,100
Wavre,50.7159,4.6105,2019-08-17T03:00,18.3,71,0.0,22.5,212,1008.5,97
Wavre,50.7159,4.6105,2019-08-17T04:00,17.6,74,0.3,22.5,215,1008.1,99
Wavre,50.7159,4.6105,2019-08-17T05:00,17.8,73,0.0,24.3,218,1008.5,100
Wavre,50.7159,4.6105,2019-08-17T06:00,17.5,73,0.0,23.8,212,1008.3,100
Wavre,50.7159,4.6105,2019-08-17T07:00,17.5,75,0.0,24.0,210,1008.2,100
Wavre,50.7159,4.6105,2019-08-17T08:00,18.0,77,0.0,22.5,207,1008.4,100
Wavre,50.7159,4.6105,2019-08-17T09:00,18.3,79,0.2,23.3,207,1008.3,100
Wavre,50.7159,4.6105,2019-08-17T10:00,18.1,83,0.3,24.2,210,1008.4,100
Wavre,50.7159,4.6105,2019-08-17T11:00,19.2,78,0.1,29.1,216,1008.7,100
Wavre,50.7159,4.6105,2019-08-17T12:00,19.1,81,0.1,26.0,214,1008.6,100
Wavre,50.7159,4.6105,2019-08-17T13:00,19.7,80,0.3,27.1,202,1008.5,100
Wavre,50.7159,4.6105,2019-08-17T14:00,18.6,89,0.8,23.0,200,1008.4,100
Wavre,50.7159,4.6105,2019-08-17T15:00,20.4,82,0.1,26.0,211,1008.0,100
Wavre,50.7159,4.6105,2019-08-17T16:00,20.8,78,0.1,27.7,219,1008.1,100
Wavre,50.7159,4.6105,2019-08-17T17:00,19.9,84,0.2,25.6,218,1008.2,99
Wavre,50.7159,4.6105,2019-08-17T18:00,19.2,88,0.4,21.7,216,1008.2,100
Wavre,50.7159,4.6105,2019-08-17T19:00,19.0,91,0.2,18.4,211,1007.7,100
Wavre,50.7159,4.6105,2019-08-17T20:00,18.8,92,0.1,16.9,214,1007.6,100
Wavre,50.7159,4.6105,2019-08-17T21:00,18.5,95,0.5,13.3,221,1007.7,100
Wavre,50.7159,4.6105,2019-08-17T22:00,18.2,96,0.5,11.4,235,1007.5,100
Wavre,50.7159,4.6105,2019-08-17T23:00,17.6,96,0.8,13.0,273,1007.8,100
Wavre,50.7159,4.6105,2019-08-18T00:00,16.6,91,0.6,10.5,262,1007.7,100
Wavre,50.7159,4.6105,2019-08-18T01:00,15.9,89,1.4,13.1,249,1008.1,100
Wavre,50.7159,4.6105,2019-08-18T02:00,15.6,87,0.1,10.0,232,1007.8,100
Wavre,50.7159,4.6105,2019-08-18T03:00,15.4,88,0.0,10.0,218,1007.8,100
Wavre,50.7159,4.6105,2019-08-18T04:00,15.4,93,0.3,13.0,186,1007.0,100
Wavre,50.7159,4.6105,2019-08-18T05:00,14.6,83,0.0,14.6,190,1006.5,100
Wavre,50.7159,4.6105,2019-08-18T06:00,13.9,87,0.4,11.9,175,1005.5,100
Wavre,50.7159,4.6105,2019-08-18T07:00,14.2,89,0.9,12.4,172,1005.2,100
Wavre,50.7159,4.6105,2019-08-18T08:00,14.5,90,0.5,10.4,136,1004.1,100
Wavre,50.7159,4.6105,2019-08-18T09:00,15.1,91,1.3,5.2,12,1003.6,100
Wavre,50.7159,4.6105,2019-08-18T10:00,15.3,90,2.6,13.8,332,1003.4,100
Wavre,50.7159,4.6105,2019-08-18T11:00,14.6,93,2.3,6.1,28,1004.8,100
Wavre,50.7159,4.6105,2019-08-18T12:00,16.5,87,0.1,4.2,250,1005.4,100
Wavre,50.7159,4.6105,2019-08-18T13:00,18.1,82,0.0,18.1,247,1006.1,100
Wavre,50.7159,4.6105,2019-08-18T14:00,17.8,85,0.0,18.4,253,1007.1,100
Wavre,50.7159,4.6105,2019-08-18T15:00,19.0,74,0.0,24.5,256,1007.7,100
Wavre,50.7159,4.6105,2019-08-18T16:00,19.3,70,0.0,22.3,249,1008.3,100
Wavre,50.7159,4.6105,2019-08-18T17:00,19.4,68,0.0,20.3,245,1008.7,97
Wavre,50.7159,4.6105,2019-08-18T18:00,19.5,65,0.0,19.0,243,1008.7,84
Wavre,50.7159,4.6105,2019-08-18T19:00,18.4,66,0.0,20.1,249,1009.4,7
Wavre,50.7159,4.6105,2019-08-18T20:00,16.6,68,0.0,17.4,257,1010.0,99
Wavre,50.7159,4.6105,2019-08-18T21:00,15.6,67,0.0,14.8,252,1011.1,100
Wavre,50.7159,4.6105,2019-08-18T22:00,14.9,72,0.0,13.7,243,1011.3,99
Wavre,50.7159,4.6105,2019-08-18T23:00,14.2,77,0.0,13.6,233,1011.9,72
Wavre,50.7159,4.6105,2019-08-19T00:00,13.6,82,0.0,15.1,230,1012.5,1
Wavre,50.7159,4.6105,2019-08-19T01:00,13.8,80,0.0,16.7,233,1013.1,3
Wavre,50.7159,4.6105,2019-08-19T02:00,13.4,84,0.0,17.1,222,1013.7,10
Wavre,50.7159,4.6105,2019-08-19T03:00,13.3,86,0.0,18.1,221,1013.6,16
Wavre,50.7159,4.6105,2019-08-19T04:00,13.4,85,0.0,19.1,221,1013.9,18
Wavre,50.7159,4.6105,2019-08-19T05:00,13.2,85,0.0,19.1,221,1014.5,10
Wavre,50.7159,4.6105,2019-08-19T06:00,13.1,85,0.0,19.1,221,1014.9,16
Wavre,50.7159,4.6105,2019-08-19T07:00,14.1,82,0.0,19.6,223,1015.3,29
Wavre,50.7159,4.6105,2019-08-19T08:00,15.4,79,0.0,20.1,226,1015.4,30
Wavre,50.7159,4.6105,2019-08-19T09:00,16.6,75,0.0,21.6,233,1015.6,24
Wavre,50.7159,4.6105,2019-08-19T10:00,17.8,67,0.0,22.1,240,1016.1,17
Wavre,50.7159,4.6105,2019-08-19T11:00,18.8,60,0.0,22.6,241,1016.4,25
Wavre,50.7159,4.6105,2019-08-19T12:00,19.2,57,0.0,22.9,242,1016.5,34
Wavre,50.7159,4.6105,2019-08-19T13:00,19.5,57,0.0,21.9,237,1017.1,29
Wavre,50.7159,4.6105,2019-08-19T14:00,19.8,54,0.0,23.0,238,1017.4,42
Wavre,50.7159,4.6105,2019-08-19T15:00,19.5,55,0.1,23.7,242,1017.5,43
Wavre,50.7159,4.6105,2019-08-19T16:00,19.2,57,0.0,22.4,242,1017.7,42
Wavre,50.7159,4.6105,2019-08-19T17:00,19.1,56,0.0,23.0,243,1018.0,40
Wavre,50.7159,4.6105,2019-08-19T18:00,18.5,60,0.0,18.2,245,1018.2,31
Wavre,50.7159,4.6105,2019-08-19T19:00,17.4,65,0.0,15.3,243,1018.6,35
Wavre,50.7159,4.6105,2019-08-19T20:00,16.5,67,0.0,14.5,247,1018.7,24
Wavre,50.7159,4.6105,2019-08-19T21:00,15.6,69,0.0,14.7,239,1019.3,26
Wavre,50.7159,4.6105,2019-08-19T22:00,14.4,71,0.0,14.1,238,1019.7,29
Wavre,50.7159,4.6105,2019-08-19T23:00,13.4,76,0.0,13.5,222,1020.2,27
Wavre,50.7159,4.6105,2019-08-20T00:00,12.8,79,0.0,14.8,221,1020.6,0
Wavre,50.7159,4.6105,2019-08-20T01:00,12.9,80,0.0,13.5,224,1020.9,0
Wavre,50.7159,4.6105,2019-08-20T02:00,12.4,85,0.0,13.8,223,1021.1,5
Wavre,50.7159,4.6105,2019-08-20T03:00,12.1,88,0.0,13.5,228,1021.0,0
Wavre,50.7159,4.6105,2019-08-20T04:00,11.8,90,0.0,12.5,229,1021.1,1
Wavre,50.7159,4.6105,2019-08-20T05:00,11.6,91,0.0,11.5,224,1021.2,95
Wavre,50.7159,4.6105,2019-08-20T06:00,11.6,93,0.0,12.5,221,1021.6,48
Wavre,50.7159,4.6105,2019-08-20T07:00,13.2,88,0.0,15.5,228,1022.1,22
Wavre,50.7159,4.6105,2019-08-20T08:00,15.0,83,0.0,15.3,240,1022.4,19
Wavre,50.7159,4.6105,2019-08-20T09:00,16.5,78,0.0,16.3,242,1022.4,27
Wavre,50.7159,4.6105,2019-08-20T10:00,17.8,68,0.0,17.7,250,1022.6,19
Wavre,50.7159,4.6105,2019-08-20T11:00,18.6,59,0.0,19.8,260,1022.9,24
Wavre,50.7159,4.6105,2019-08-20T12:00,19.1,54,0.0,19.3,261,1022.9,18
Wavre,50.7159,4.6105,2019-08-20T13:00,19.5,53,0.0,17.8,263,1023.0,25
Wavre,50.7159,4.6105,2019-08-20T14:00,20.0,51,0.0,16.8,261,1023.3,28
Wavre,50.7159,4.6105,2019-08-20T15:00,20.0,50,0.0,16.7,264,1023.4,32
Wavre,50.7159,4.6105,2019-08-20T16:00,19.9,50,0.0,15.3,262,1023.8,43
Wavre,50.7159,4.6105,2019-08-20T17:00,19.5,51,0.0,14.4,270,1024.1,47
Wavre,50.7159,4.6105,2019-08-20T18:00,18.6,58,0.0,13.1,278,1024.5,34
Wavre,50.7159,4.6105,2019-08-20T19:00,17.5,64,0.0,8.0,275,1025.0,30
Wavre,50.7159,4.6105,2019-08-20T20:00,15.1,75,0.0,5.9,284,1025.6,30
Wavre,50.7159,4.6105,2019-08-20T21:00,14.1,80,0.0,6.0,303,1026.0,24
Wavre,50.7159,4.6105,2019-08-20T22:00,12.9,86,0.0,8.6,303,1026.6,24
Wavre,50.7159,4.6105,2019-08-20T23:00,12.4,87,0.0,5.2,245,1026.9,15
Wavre,50.7159,4.6105,2019-08-21T00:00,12.1,88,0.0,6.1,230,1027.2,7
Wavre,50.7159,4.6105,2019-08-21T01:00,11.4,90,0.0,5.9,232,1027.8,1
Wavre,50.7159,4.6105,2019-08-21T02:00,10.4,90,0.0,6.1,230,1027.7,26
Wavre,50.7159,4.6105,2019-08-21T03:00,9.9,90,0.0,5.6,225,1027.8,2
Wavre,50.7159,4.6105,2019-08-21T04:00,9.5,91,0.0,4.9,216,1027.9,1
Wavre,50.7159,4.6105,2019-08-21T05:00,9.2,92,0.0,4.5,209,1028.0,1
Wavre,50.7159,4.6105,2019-08-21T06:00,9.1,93,0.0,4.6,198,1028.1,1
Wavre,50.7159,4.6105,2019-08-21T07:00,11.2,87,0.0,5.9,191,1028.4,1
Wavre,50.7159,4.6105,2019-08-21T08:00,14.2,80,0.0,3.6,186,1028.8,1
Wavre,50.7159,4.6105,2019-08-21T09:00,16.6,71,0.0,2.2,171,1028.8,0
Wavre,50.7159,4.6105,2019-08-21T10:00,18.0,63,0.0,2.8,140,1028.9,0
Wavre,50.7159,4.6105,2019-08-21T11:00,19.0,59,0.0,3.3,139,1028.7,83
Wavre,50.7159,4.6105,2019-08-21T12:00,19.8,54,0.0,2.9,120,1028.4,90
Wavre,50.7159,4.6105,2019-08-21T13:00,20.3,51,0.0,3.9,124,1027.8,95
Wavre,50.7159,4.6105,2019-08-21T14:00,21.0,49,0.0,4.0,117,1027.4,98
Wavre,50.7159,4.6105,2019-08-21T15:00,21.3,49,0.0,4.6,108,1027.3,98
Wavre,50.7159,4.6105,2019-08-21T16:00,21.3,50,0.0,4.0,95,1026.9,98
Wavre,50.7159,4.6105,2019-08-21T17:00,21.0,51,0.0,5.4,82,1026.5,93
Wavre,50.7159,4.6105,2019-08-21T18:00,20.5,56,0.0,6.3,77,1026.1,46
Wavre,50.7159,4.6105,2019-08-21T19:00,18.6,73,0.0,5.1,51,1026.1,0
Wavre,50.7159,4.6105,2019-08-21T20:00,15.5,79,0.0,9.5,61,1026.2,0
Wavre,50.7159,4.6105,2019-08-21T21:00,14.7,81,0.0,8.3,90,1026.3,0
Wavre,50.7159,4.6105,2019-08-21T22:00,14.1,81,0.0,7.6,115,1026.2,0
Wavre,50.7159,4.6105,2019-08-21T23:00,13.7,82,0.0,6.9,133,1026.3,0
Wavre,50.7159,4.6105,2019-08-22T00:00,13.1,86,0.0,6.7,144,1026.3,0
Wavre,50.7159,4.6105,2019-08-22T01:00,12.4,90,0.0,7.3,160,1025.8,0
Wavre,50.7159,4.6105,2019-08-22T02:00,11.9,91,0.0,5.4,180,1025.5,0
Wavre,50.7159,4.6105,2019-08-22T03:00,11.6,92,0.0,6.8,177,1025.3,0
Wavre,50.7159,4.6105,2019-08-22T04:00,11.9,90,0.0,9.4,176,1025.1,0
Wavre,50.7159,4.6105,2019-08-22T05:00,11.9,90,0.0,10.4,182,1025.2,6
Wavre,50.7159,4.6105,2019-08-22T06:00,11.9,89,0.0,10.1,186,1025.0,4
Wavre,50.7159,4.6105,2019-08-22T07:00,13.6,83,0.0,11.5,200,1025.3,4
Wavre,50.7159,4.6105,2019-08-22T08:00,16.2,75,0.0,9.6,214,1025.7,11
Wavre,50.7159,4.6105,2019-08-22T09:00,18.6,68,0.0,8.7,228,1025.9,2
Wavre,50.7159,4.6105,2019-08-22T10:00,20.1,61,0.0,9.2,259,1026.0,19
Wavre,50.7159,4.6105,2019-08-22T11:00,21.0,55,0.0,9.1,261,1026.1,46
Wavre,50.7159,4.6105,2019-08-22T12:00,21.8,52,0.0,9.1,252,1025.8,51
Wavre,50.7159,4.6105,2019-08-22T13:00,22.5,47,0.0,9.0,247,1025.9,59
Wavre,50.7159,4.6105,2019-08-22T14:00,23.0,45,0.0,9.2,239,1025.7,40
Wavre,50.7159,4.6105,2019-08-22T15:00,23.1,45,0.0,9.8,242,1025.2,0
Wavre,50.7159,4.6105,2019-08-22T16:00,23.1,45,0.0,9.2,244,1025.0,0
Wavre,50.7159,4.6105,2019-08-22T17:00,22.9,46,0.0,8.8,251,1025.0,0
Wavre,50.7159,4.6105,2019-08-22T18:00,22.1,52,0.0,6.8,270,1024.7,0
Wavre,50.7159,4.6105,2019-08-22T19:00,19.6,69,0.0,6.0,295,1025.1,0
Wavre,50.7159,4.6105,2019-08-22T20:00,16.5,73,0.0,10.9,297,1025.4,0
Wavre,50.7159,4.6105,2019-08-22T21:00,15.9,72,0.0,9.7,285,1025.8,0
Wavre,50.7159,4.6105,2019-08-22T22:00,15.0,78,0.0,8.1,291,1025.9,0
Wavre,50.7159,4.6105,2019-08-22T23:00,13.3,87,0.0,7.8,304,1026.2,0
Wavre,50.7159,4.6105,2019-08-23T00:00,14.1,84,0.0,4.3,294,1026.2,0
Wavre,50.7159,4.6105,2019-08-23T01:00,13.9,86,0.0,5.4,312,1026.4,0
Wavre,50.7159,4.6105,2019-08-23T02:00,14.4,86,0.0,4.3,336,1026.4,0
Wavre,50.7159,4.6105,2019-08-23T03:00,14.4,86,0.0,4.4,99,1026.2,0
Wavre,50.7159,4.6105,2019-08-23T04:00,11.5,93,0.0,7.1,120,1026.0,0
Wavre,50.7159,4.6105,2019-08-23T05:00,11.2,94,0.0,7.9,129,1025.9,0
Wavre,50.7159,4.6105,2019-08-23T06:00,11.2,94,0.0,6.6,135,1025.9,0
Wavre,50.7159,4.6105,2019-08-23T07:00,13.8,89,0.0,4.7,148,1025.8,0
Wavre,50.7159,4.6105,2019-08-23T08:00,16.6,81,0.0,1.8,53,1026.0,21
Wavre,50.7159,4.6105,2019-08-23T09:00,18.9,73,0.0,3.4,58,1026.0,77
Wavre,50.7159,4.6105,2019-08-23T10:00,20.9,64,0.0,5.1,51,1025.8,91
Wavre,50.7159,4.6105,2019-08-23T11:00,22.4,57,0.0,6.6,49,1025.9,91
Wavre,50.7159,4.6105,2019-08-23T12:00,23.4,54,0.0,7.8,56,1025.4,80
Wavre,50.7159,4.6105,2019-08-23T13:00,24.6,50,0.0,7.6,71,1025.0,82
Wavre,50.7159,4.6105,2019-08-23T14:00,25.2,47,0.0,7.3,70,1024.6,52
Wavre,50.7159,4.6105,2019-08-23T15:00,25.6,44,0.0,7.9,66,1024.1,30
Wavre,50.7159,4.6105,2019-08-23T16:00,25.7,43,0.0,8.7,66,1023.6,97
Wavre,50.7159,4.6105,2019-08-23T17:00,25.5,44,0.0,9.2,64,1023.3,97
Wavre,50.7159,4.6105,2019-08-23T18:00,24.6,53,0.0,6.4,52,1023.0,96
Wavre,50.7159,4.6105,2019-08-23T19:00,22.1,64,0.0,6.6,49,1022.6,95
Wavre,50.7159,4.6105,2019-08-23T20:00,20.2,66,0.0,8.2,61,1022.7,90
Wavre,50.7159,4.6105,2019-08-23T21:00,19.4,67,0.0,9.1,81,1022.6,27
Wavre,50.7159,4.6105,2019-08-23T22:00,18.4,70,0.0,9.1,81,1022.4,1
Wavre,50.7159,4.6105,2019-08-23T23:00,17.4,72,0.0,9.6,77,1022.4,4
Wavre,50.7159,4.6105,2019-08-24T00:00,16.5,75,0.0,9.4,92,1022.3,0
Wavre,50.7159,4.6105,2019-08-24T01:00,15.4,79,0.0,7.6,95,1022.2,0
Wavre,50.7159,4.6105,2019-08-24T02:00,14.6,83,0.0,7.2,108,1021.8,0
Wavre,50.7159,4.6105,2019-08-24T03:00,14.1,84,0.0,7.3,123,1021.4,0
Wavre,50.7159,4.6105,2019-08-24T04:00,13.8,85,0.0,7.1,135,1021.3,0
Wavre,50.7159,4.6105,2019-08-24T05:00,13.6,85,0.0,7.5,145,1021.1,0
Wavre,50.7159,4.6105,2019-08-24T06:00,13.6,83,0.0,8.4,149,1020.9,0
Wavre,50.7159,4.6105,2019-08-24T07:00,15.8,75,0.0,10.1,153,1020.8,0
Wavre,50.7159,4.6105,2019-08-24T08:00,18.9,66,0.0,9.0,157,1020.7,0
Wavre,50.7159,4.6105,2019-08-24T09:00,22.0,59,0.0,7.1,150,1020.9,0
Wavre,50.7159,4.6105,2019-08-24T10:00,24.5,52,0.0,7.1,139,1020.7,0
Wavre,50.7159,4.6105,2019-08-24T11:00,26.1,45,0.0,7.4,137,1020.7,0
Wavre,50.7159,4.6105,2019-08-24T12:00,27.0,41,0.0,7.4,133,1020.3,0
Wavre,50.7159,4.6105,2019-08-24T13:00,27.4,40,0.0,8.7,132,1019.9,0
Wavre,50.7159,4.6105,2019-08-24T14:00,27.7,41,0.0,8.7,128,1019.7,4
Wavre,50.7159,4.6105,2019-08-24T15:00,27.9,42,0.0,8.0,126,1019.2,25
Wavre,50.7159,4.6105,2019-08-24T16:00,28.0,43,0.0,7.4,119,1018.7,38
Wavre,50.7159,4.6105,2019-08-24T17:00,27.9,43,0.0,7.7,118,1018.6,34
Wavre,50.7159,4.6105,2019-08-24T18:00,26.9,53,0.0,5.8,97,1018.4,5
Wavre,50.7159,4.6105,2019-08-24T19:00,24.2,64,0.0,6.2,83,1018.0,9
Wavre,50.7159,4.6105,2019-08-24T20:00,21.9,65,0.0,7.6,93,1018.0,12
Wavre,50.7159,4.6105,2019-08-24T21:00,21.2,64,0.0,9.0,92,1018.3,21
Wavre,50.7159,4.6105,2019-08-24T22:00,20.8,60,0.0,9.7,94,1018.2,34
Wavre,50.7159,4.6105,2019-08-24T23:00,18.6,69,0.0,7.6,115,1018.1,5
Wavre,50.7159,4.6105,2019-08-25T00:00,17.7,78,0.0,8.9,159,1018.2,0
Wavre,50.7159,4.6105,2019-08-25T01:00,16.8,82,0.0,7.2,174,1018.0,37
Wavre,50.7159,4.6105,2019-08-25T02:00,16.5,82,0.0,7.3,169,1017.9,47
Wavre,50.7159,4.6105,2019-08-25T03:00,15.9,84,0.0,7.7,169,1017.9,69
Wavre,50.7159,4.6105,2019-08-25T04:00,16.1,83,0.0,8.5,168,1017.9,76
Wavre,50.7159,4.6105,2019-08-25T05:00,16.0,83,0.0,8.3,178,1018.0,84
Wavre,50.7159,4.6105,2019-08-25T06:00,15.5,83,0.0,7.6,180,1017.7,70
Wavre,50.7159,4.6105,2019-08-25T07:00,17.5,73,0.0,7.9,177,1018.1,57
Wavre,50.7159,4.6105,2019-08-25T08:00,20.1,68,0.0,6.5,174,1018.5,51
Wavre,50.7159,4.6105,2019-08-25T09:00,23.5,61,0.0,3.8,163,1018.9,56
Wavre,50.7159,4.6105,2019-08-25T10:00,26.1,52,0.0,2.0,135,1019.0,68
Wavre,50.7159,4.6105,2019-08-25T11:00,27.5,46,0.0,2.2,90,1019.0,76
Wavre,50.7159,4.6105,2019-08-25T12:00,28.3,43,0.0,1.5,104,1018.7,81
Wavre,50.7159,4.6105,2019-08-25T13:00,28.2,40,0.0,4.3,156,1018.9,89
Wavre,50.7159,4.6105,2019-08-25T14:00,28.6,40,0.0,2.9,150,1018.8,91
Wavre,50.7159,4.6105,2019-08-25T15:00,28.8,40,0.0,0.8,117,1018.5,88
Wavre,50.7159,4.6105,2019-08-25T16:00,28.8,40,0.0,1.8,11,1018.3,90
Wavre,50.7159,4.6105,2019-08-25T17:00,28.6,40,0.0,4.0,5,1018.4,91
Wavre,50.7159,4.6105,2019-08-25T18:00,27.8,48,0.0,4.2,31,1018.4,41
Wavre,50.7159,4.6105,2019-08-25T19:00,24.8,62,0.0,7.2,63,1018.4,0
Wavre,50.7159,4.6105,2019-08-25T20:00,21.9,62,0.0,9.0,92,1018.7,3
Wavre,50.7159,4.6105,2019-08-25T21:00,20.6,63,0.0,7.8,124,1019.1,2
Wavre,50.7159,4.6105,2019-08-25T22:00,22.0,53,0.0,3.1,144,1019.1,8
Wavre,50.7159,4.6105,2019-08-25T23:00,22.5,49,0.0,0.4,180,1019.2,0
Wavre,50.7159,4.6105,2019-08-26T00:00,21.4,53,0.0,1.9,202,1019.2,2
Wavre,50.7159,4.6105,2019-08-26T01:00,18.9,69,0.0,9.4,92,1019.0,13
Wavre,50.7159,4.6105,2019-08-26T02:00,17.7,73,0.0,11.5,88,1018.9,1
Wavre,50.7159,4.6105,2019-08-26T03:00,17.2,75,0.0,10.0,105,1018.6,15
Wavre,50.7159,4.6105,2019-08-26T04:00,16.8,78,0.0,7.9,129,1018.4,26
Wavre,50.7159,4.6105,2019-08-26T05:00,16.3,79,0.0,5.8,158,1018.6,44
Wavre,50.7159,4.6105,2019-08-26T06:00,15.9,80,0.0,4.9,163,1018.4,41
Wavre,50.7159,4.6105,2019-08-26T07:00,18.0,71,0.0,3.2,180,1018.5,28
Wavre,50.7159,4.6105,2019-08-26T08:00,21.0,65,0.0,3.3,186,1018.6,3
Wavre,50.7159,4.6105,2019-08-26T09:00,23.8,59,0.0,0.7,90,1018.9,0
Wavre,50.7159,4.6105,2019-08-26T10:00,25.8,56,0.0,2.3,39,1018.9,0
Wavre,50.7159,4.6105,2019-08-26T11:00,27.5,52,0.0,2.7,23,1018.9,0
Wavre,50.7159,4.6105,2019-08-26T12:00,29.0,44,0.0,2.9,360,1018.2,0
Wavre,50.7159,4.6105,2019-08-26T13:00,29.2,46,0.0,4.0,27,1018.0,0
Wavre,50.7159,4.6105,2019-08-26T14:00,29.8,44,0.0,3.4,58,1017.7,3
Wavre,50.7159,4.6105,2019-08-26T15:00,30.2,42,0.0,2.6,106,1016.9,30
Wavre,50.7159,4.6105,2019-08-26T16:00,30.2,41,0.0,1.0,135,1016.5,20
Wavre,50.7159,4.6105,2019-08-26T17:00,30.0,41,0.0,0.4,270,1016.3,11
Wavre,50.7159,4.6105,2019-08-26T18:00,29.6,42,0.0,0.4,90,1016.1,12
Wavre,50.7159,4.6105,2019-08-26T19:00,28.5,49,0.0,3.1,69,1015.9,7
Wavre,50.7159,4.6105,2019-08-26T20:00,24.5,66,0.0,7.4,76,1016.1,6
Wavre,50.7159,4.6105,2019-08-26T21:00,22.6,75,0.0,8.2,131,1016.5,6
Wavre,50.7159,4.6105,2019-08-26T22:00,21.7,79,0.0,7.3,169,1016.3,5
Wavre,50.7159,4.6105,2019-08-26T23:00,21.1,81,0.0,5.8,158,1016.5,4
Wavre,50.7159,4.6105,2019-08-27T00:00,20.2,86,0.0,4.8,153,1016.2,3
Wavre,50.7159,4.6105,2019-08-27T01:00,23.3,72,0.0,2.8,230,1016.3,3
Wavre,50.7159,4.6105,2019-08-27T02:00,22.1,76,0.0,7.2,354,1015.8,5
Wavre,50.7159,4.6105,2019-08-27T03:00,19.5,87,0.0,9.7,27,1015.7,3
Wavre,50.7159,4.6105,2019-08-27T04:00,18.6,91,0.0,7.3,79,1015.5,2
Wavre,50.7159,4.6105,2019-08-27T05:00,17.8,93,0.0,9.4,108,1015.3,1
Wavre,50.7159,4.6105,2019-08-27T06:00,17.9,92,0.0,5.6,153,1015.0,0
Wavre,50.7159,4.6105,2019-08-27T07:00,20.3,84,0.0,10.5,174,1015.3,0
Wavre,50.7159,4.6105,2019-08-27T08:00,23.4,72,0.0,4.6,141,1015.4,0
Wavre,50.7159,4.6105,2019-08-27T09:00,26.0,62,0.0,5.2,155,1015.5,0
Wavre,50.7159,4.6105,2019-08-27T10:00,28.1,51,0.0,4.7,171,1015.5,0
Wavre,50.7159,4.6105,2019-08-27T11:00,29.8,43,0.0,3.3,167,1015.4,0
Wavre,50.7159,4.6105,2019-08-27T12:00,31.1,37,0.0,2.5,180,1014.8,11
Wavre,50.7159,4.6105,2019-08-27T13:00,31.1,36,0.0,7.8,193,1014.7,14
Wavre,50.7159,4.6105,2019-08-27T14:00,31.4,32,0.0,9.6,214,1014.2,21
Wavre,50.7159,4.6105,2019-08-27T15:00,31.4,31,0.0,8.4,227,1013.8,44
Wavre,50.7159,4.6105,2019-08-27T16:00,31.5,30,0.0,7.6,225,1013.5,60
Wavre,50.7159,4.6105,2019-08-27T17:00,31.0,32,0.0,8.0,234,1013.2,77
Wavre,50.7159,4.6105,2019-08-27T18:00,29.6,42,0.0,6.0,253,1013.4,88
Wavre,50.7159,4.6105,2019-08-27T19:00,26.4,57,0.0,8.0,252,1013.3,93
Wavre,50.7159,4.6105,2019-08-27T20:00,24.0,62,0.0,9.4,220,1013.6,96
Wavre,50.7159,4.6105,2019-08-27T21:00,23.5,63,0.0,7.6,188,1013.8,99
Wavre,50.7159,4.6105,2019-08-27T22:00,23.0,63,0.0,6.6,171,1013.7,97
Wavre,50.7159,4.6105,2019-08-27T23:00,22.6,63,0.0,5.9,166,1013.6,99
Wavre,50.7159,4.6105,2019-08-28T00:00,22.2,61,0.0,9.3,167,1013.5,93
Wavre,50.7159,4.6105,2019-08-28T01:00,21.6,59,0.0,9.7,207,1013.7,86
Wavre,50.7159,4.6105,2019-08-28T02:00,21.0,60,0.0,11.1,193,1013.6,48
Wavre,50.7159,4.6105,2019-08-28T03:00,20.5,62,0.0,9.6,193,1013.2,94
Wavre,50.7159,4.6105,2019-08-28T04:00,20.5,62,0.0,13.7,210,1013.4,93
Wavre,50.7159,4.6105,2019-08-28T05:00,20.3,64,0.0,15.0,228,1013.8,51
Wavre,50.7159,4.6105,2019-08-28T06:00,19.8,72,0.0,14.7,245,1014.2,31
Wavre,50.7159,4.6105,2019-08-28T07:00,20.8,67,0.0,10.8,233,1014.1,28
Wavre,50.7159,4.6105,2019-08-28T08:00,22.6,60,0.0,10.8,233,1014.2,30
Wavre,50.7159,4.6105,2019-08-28T09:00,24.5,53,0.0,13.1,233,1014.5,35
Wavre,50.7159,4.6105,2019-08-28T10:00,25.8,49,0.0,12.4,244,1014.6,95
Wavre,50.7159,4.6105,2019-08-28T11:00,26.9,48,0.0,11.1,245,1014.9,98
Wavre,50.7159,4.6105,2019-08-28T12:00,26.8,51,0.0,14.6,260,1014.8,98
Wavre,50.7159,4.6105,2019-08-28T13:00,27.4,49,0.0,13.0,236,1015.0,84
Wavre,50.7159,4.6105,2019-08-28T14:00,28.0,46,0.0,11.8,239,1014.5,96
Wavre,50.7159,4.6105,2019-08-28T15:00,28.1,45,0.0,13.9,239,1014.2,98
Wavre,50.7159,4.6105,2019-08-28T16:00,27.8,45,0.0,12.4,240,1014.2,97
Wavre,50.7159,4.6105,2019-08-28T17:00,27.5,46,0.0,13.3,251,1014.3,99
Wavre,50.7159,4.6105,2019-08-28T18:00,26.0,53,0.0,9.3,254,1014.3,99
Wavre,50.7159,4.6105,2019-08-28T19:00,24.9,59,0.0,7.9,254,1014.5,99
Wavre,50.7159,4.6105,2019-08-28T20:00,23.6,65,0.0,8.7,253,1015.0,98
Wavre,50.7159,4.6105,2019-08-28T21:00,22.1,76,0.2,15.2,292,1015.7,88
Wavre,50.7159,4.6105,2019-08-28T22:00,20.0,88,1.2,13.9,291,1016.1,76
Wavre,50.7159,4.6105,2019-08-28T23:00,19.0,89,0.5,10.8,274,1016.3,75
Wavre,50.7159,4.6105,2019-08-29T00:00,18.3,90,3.3,12.0,254,1016.9,99
Wavre,50.7159,4.6105,2019-08-29T01:00,18.9,95,2.1,4.6,288,1017.0,100
Wavre,50.7159,4.6105,2019-08-29T02:00,18.5,94,0.0,5.2,295,1017.2,71
Wavre,50.7159,4.6105,2019-08-29T03:00,17.9,93,0.0,5.4,274,1017.2,43
Wavre,50.7159,4.6105,2019-08-29T04:00,17.4,92,0.0,4.8,257,1017.1,41
Wavre,50.7159,4.6105,2019-08-29T05:00,17.4,89,0.0,7.3,250,1017.6,91
Wavre,50.7159,4.6105,2019-08-29T06:00,17.6,86,0.0,7.6,245,1017.7,100
Wavre,50.7159,4.6105,2019-08-29T07:00,18.1,85,0.0,8.3,236,1018.3,100
Wavre,50.7159,4.6105,2019-08-29T08:00,18.9,81,0.0,8.4,245,1018.8,99
Wavre,50.7159,4.6105,2019-08-29T09:00,19.4,72,0.0,11.3,253,1019.0,91
Wavre,50.7159,4.6105,2019-08-29T10:00,20.1,71,0.0,14.7,253,1019.7,85
Wavre,50.7159,4.6105,2019-08-29T11:00,20.5,71,0.0,16.0,256,1020.0,100
Wavre,50.7159,4.6105,2019-08-29T12:00,20.3,71,0.0,14.7,253,1020.2,100
Wavre,50.7159,4.6105,2019-08-29T13:00,19.8,70,0.0,15.5,248,1021.1,96
Wavre,50.7159,4.6105,2019-08-29T14:00,20.2,66,0.0,15.3,246,1021.3,100
Wavre,50.7159,4.6105,2019-08-29T15:00,20.9,62,0.0,16.6,252,1020.9,65
Wavre,50.7159,4.6105,2019-08-29T16:00,21.2,59,0.0,14.0,258,1020.8,25
Wavre,50.7159,4.6105,2019-08-29T17:00,21.3,57,0.0,12.6,272,1020.8,9
Wavre,50.7159,4.6105,2019-08-29T18:00,20.6,56,0.0,10.1,274,1021.0,5
Wavre,50.7159,4.6105,2019-08-29T19:00,18.8,69,0.0,5.2,254,1021.3,2
Wavre,50.7159,4.6105,2019-08-29T20:00,16.4,76,0.0,7.6,239,1021.6,2
Wavre,50.7159,4.6105,2019-08-29T21:00,15.9,78,0.0,6.2,280,1022.0,2
Wavre,50.7159,4.6105,2019-08-29T22:00,14.4,87,0.0,7.6,355,1022.2,1
Wavre,50.7159,4.6105,2019-08-29T23:00,13.5,92,0.0,8.4,7,1022.6,0
Wavre,50.7159,4.6105,2019-08-30T00:00,13.1,93,0.0,6.5,341,1022.8,0
Wavre,50.7159,4.6105,2019-08-30T01:00,14.6,84,0.0,1.3,214,1023.1,0
Wavre,50.7159,4.6105,2019-08-30T02:00,13.9,85,0.0,1.3,214,1023.0,0
Wavre,50.7159,4.6105,2019-08-30T03:00,11.4,94,0.0,5.9,232,1023.2,0
Wavre,50.7159,4.6105,2019-08-30T04:00,11.8,94,0.0,7.1,240,1023.2,6
Wavre,50.7159,4.6105,2019-08-30T05:00,11.4,95,0.0,7.7,242,1023.3,0
Wavre,50.7159,4.6105,2019-08-30T06:00,10.9,94,0.0,6.5,236,1023.6,0
Wavre,50.7159,4.6105,2019-08-30T07:00,12.3,89,0.0,9.2,249,1023.8,7
Wavre,50.7159,4.6105,2019-08-30T08:00,14.6,80,0.0,8.0,260,1024.2,16
Wavre,50.7159,4.6105,2019-08-30T09:00,16.6,73,0.0,6.6,257,1024.2,35
Wavre,50.7159,4.6105,2019-08-30T10:00,18.1,62,0.0,6.0,253,1024.2,62
Wavre,50.7159,4.6105,2019-08-30T11:00,19.3,58,0.0,5.8,240,1024.2,49
Wavre,50.7159,4.6105,2019-08-30T12:00,20.2,58,0.0,6.9,242,1023.7,36
Wavre,50.7159,4.6105,2019-08-30T13:00,21.5,52,0.0,6.6,241,1023.4,55
Wavre,50.7159,4.6105,2019-08-30T14:00,22.4,47,0.0,6.6,221,1022.8,8
Wavre,50.7159,4.6105,2019-08-30T15:00,22.8,44,0.0,6.4,243,1022.2,20
Wavre,50.7159,4.6105,2019-08-30T16:00,22.9,43,0.0,5.7,252,1021.8,56
Wavre,50.7159,4.6105,2019-08-30T17:00,22.6,43,0.0,4.7,266,1021.3,90
Wavre,50.7159,4.6105,2019-08-30T18:00,21.8,52,0.0,3.3,283,1021.0,96
Wavre,50.7159,4.6105,2019-08-30T19:00,21.2,52,0.0,3.8,253,1020.8,97
Wavre,50.7159,4.6105,2019-08-30T20:00,18.9,62,0.0,5.1,262,1021.0,95
Wavre,50.7159,4.6105,2019-08-30T21:00,16.9,70,0.0,7.3,290,1020.8,48
Wavre,50.7159,4.6105,2019-08-30T22:00,18.1,60,0.0,4.5,284,1020.8,0
Wavre,50.7159,4.6105,2019-08-30T23:00,17.8,60,0.0,3.2,117,1020.3,0
Wavre,50.7159,4.6105,2019-08-31T00:00,13.8,77,0.0,7.1,131,1019.8,0
Wavre,50.7159,4.6105,2019-08-31T01:00,13.4,82,0.0,4.9,163,1019.3,0
Wavre,50.7159,4.6105,2019-08-31T02:00,12.2,88,0.0,4.7,176,1018.5,4
Wavre,50.7159,4.6105,2019-08-31T03:00,11.9,90,0.0,6.0,163,1017.6,0
Wavre,50.7159,4.6105,2019-08-31T04:00,11.8,89,0.0,6.2,170,1016.9,0
Wavre,50.7159,4.6105,2019-08-31T05:00,11.8,89,0.0,7.2,177,1016.3,0
Wavre,50.7159,4.6105,2019-08-31T06:00,11.6,90,0.0,7.2,177,1015.7,9
Wavre,50.7159,4.6105,2019-08-31T07:00,13.7,81,0.0,10.1,182,1015.7,23
Wavre,50.7159,4.6105,2019-08-31T08:00,17.5,67,0.0,10.1,184,1015.5,60
Wavre,50.7159,4.6105,2019-08-31T09:00,20.9,56,0.0,8.6,178,1014.9,57
Wavre,50.7159,4.6105,2019-08-31T10:00,23.5,47,0.0,9.0,178,1014.5,29
Wavre,50.7159,4.6105,2019-08-31T11:00,25.4,42,0.0,8.0,172,1013.6,21
Wavre,50.7159,4.6105,2019-08-31T12:00,26.8,40,0.0,6.4,164,1012.5,1
Wavre,50.7159,4.6105,2019-08-31T13:00,27.2,47,0.0,12.6,167,1011.6,0
Wavre,50.7159,4.6105,2019-08-31T14:00,28.2,47,0.0,9.7,149,1010.5,10
Wavre,50.7159,4.6105,2019-08-31T15:00,30.0,37,0.0,19.0,195,1009.0,40
Wavre,50.7159,4.6105,2019-08-31T16:00,29.5,40,0.0,18.6,189,1007.9,65
Wavre,50.7159,4.6105,2019-08-31T17:00,28.2,47,0.0,19.5,218,1008.0,66
Wavre,50.7159,4.6105,2019-08-31T18:00,26.5,55,0.0,17.1,262,1008.4,86
Wavre,50.7159,4.6105,2019-08-31T19:00,25.0,59,0.0,17.8,262,1009.0,75
Wavre,50.7159,4.6105,2019-08-31T20:00,22.0,62,0.0,21.3,296,1010.6,70
Wavre,50.7159,4.6105,2019-08-31T21:00,19.5,67,0.0,17.5,284,1011.1,77
Wavre,50.7159,4.6105,2019-08-31T22:00,17.4,70,0.0,16.0,278,1011.6,99
Wavre,50.7159,4.6105,2019-08-31T23:00,16.7,74,0.0,14.4,269,1012.3,99
Wavre,50.7159,4.6105,2019-09-01T00:00,16.4,78,0.0,12.7,262,1012.4,92
Wavre,50.7159,4.6105,2019-09-01T01:00,14.8,87,0.0,10.0,240,1013.1,22
Wavre,50.7159,4.6105,2019-09-01T02:00,14.4,90,0.0,11.5,231,1013.3,99
Wavre,50.7159,4.6105,2019-09-01T03:00,15.4,87,0.0,13.4,234,1013.1,100
Wavre,50.7159,4.6105,2019-09-01T04:00,15.9,85,0.0,13.7,243,1013.1,100
Wavre,50.7159,4.6105,2019-09-01T05:00,15.4,88,0.0,13.8,264,1013.3,99
Wavre,50.7159,4.6105,2019-09-01T06:00,14.8,89,0.0,12.6,272,1013.5,100
Wavre,50.7159,4.6105,2019-09-01T07:00,15.1,86,0.0,10.5,278,1014.1,99
Wavre,50.7159,4.6105,2019-09-01T08:00,15.6,82,0.0,8.4,280,1014.8,99
Wavre,50.7159,4.6105,2019-09-01T09:00,16.6,75,0.1,8.4,290,1015.5,100
Wavre,50.7159,4.6105,2019-09-01T10:00,17.0,71,0.1,9.5,295,1015.8,100
Wavre,50.7159,4.6105,2019-09-01T11:00,17.3,67,0.0,9.9,289,1016.4,92
Wavre,50.7159,4.6105,2019-09-01T12:00,18.4,58,0.1,12.0,286,1016.4,77
Wavre,50.7159,4.6105,2019-09-01T13:00,19.2,49,0.0,12.9,293,1016.9,39
Wavre,50.7159,4.6105,2019-09-01T14:00,19.8,45,0.0,13.2,287,1016.9,55
Wavre,50.7159,4.6105,2019-09-01T15:00,19.7,44,0.0,14.5,284,1016.9,74
Wavre,50.7159,4.6105,2019-09-01T16:00,19.3,45,0.0,15.4,291,1016.9,76
Wavre,50.7159,4.6105,2019-09-01T17:00,18.8,48,0.0,15.4,303,1017.2,52
Wavre,50.7159,4.6105,2019-09-01T18:00,18.2,50,0.0,13.5,312,1017.7,34
Wavre,50.7159,4.6105,2019-09-01T19:00,16.9,56,0.0,10.3,335,1018.1,28
Wavre,50.7159,4.6105,2019-09-01T20:00,15.0,64,0.0,6.8,342,1019.0,21
Wavre,50.7159,4.6105,2019-09-01T21:00,14.1,68,0.0,6.2,324,1019.8,22
Wavre,50.7159,4.6105,2019-09-01T22:00,13.4,71,0.0,6.4,322,1020.3,22
Wavre,50.7159,4.6105,2019-09-01T23:00,12.2,78,0.0,7.6,295,1020.8,19
