year,month,hour,municipality_fr,municipality_nl,province_fr,region_fr,latitude,longitude,nis_code,weather_fr,weather_nl,road_condition_fr,road_condition_nl,light_condition_fr,build_up_area_fr,road_type_fr,severity_fr,road_user1_fr,road_user2_fr,collision_type_fr,at_crossway
2019,08,14,Anvers,Antwerpen,Province d’Anvers,Région flamande,51.19996,4.436284,11002,Normales,Normaal,Sec,Droog,Jour,Hors agglomération,Autoroute,Avec blessé(s) leger(s),Motocyclette,Voiture,Entre 2 conducteurs: Flanc contre flanc,0
2019,08,18,Machelen,Machelen,Province du Brabant flamand,Région flamande,50.907847,4.448908,23047,Normales,Normaal,Sec,Droog,Jour,Hors agglomération,Autoroute,Avec blessé(s) leger(s),Motocyclette,Camion,Entre 2 conducteurs: Par l'arrière,0
2019,08,17,Hoeilaart,Hoeilaart,Province du Brabant flamand,Région flamande,50.761582,4.439201,23033,Normales,Normaal,Sec,Droog,Jour,Hors agglomération,Autoroute,Avec blessé(s) leger(s),Motocyclette,Voiture,Entre 2 conducteurs: Par l'arrière,0
2019,08,21,Charleroi,Charleroi,Province de Hainaut,Région wallonne,50.403946,4.366098,52011,Normales,Normaal,Sec,Droog,Jour,Hors agglomération,Route régionale,Avec blessé(s) leger(s),Voiture,Motocyclette,Entre 2 conducteurs: Flanc contre flanc,0
2019,08,18,Forest,Vorst,,Région de Bruxelles-Capitale,50.821389,4.342135,21007,Normales,Normaal,Propre,Proper,Jour,En agglomération,Route régionale,Avec blessé(s) leger(s),Voiture,Motocyclette,Entre 2 conducteurs: Par le côté (avant/derrière-flanc),1
2019,08,13,Anderlecht,Anderlecht,,Région de Bruxelles-Capitale,50.839831,4.325121,21001,"Inconnues, indéterminées",Onbekend,"Inconnu, indéterminé",Onbekend,Jour,inconnu,Route régionale,Avec blessé(s) leger(s),Bicyclette,Voiture,Entre 2 conducteurs: Par le côté (avant/derrière-flanc),1
2019,08,19,Anderlecht,Anderlecht,,Région de Bruxelles-Capitale,,,21001,Normales,Normaal,Propre,Proper,Jour,En agglomération,Route régionale,Avec blessé(s) leger(s),Voiture,Motocyclette,Entre 2 conducteurs: Par le côté (avant/derrière-flanc),0
2019,08,22,Bruxelles,Brussel,,Région de Bruxelles-Capitale,,,21004,"Inconnues, indéterminées",Onbekend,"Inconnu, indéterminé",Onbekend,"Aube, crépuscule",En agglomération,Route communale,Avec blessé(s) leger(s),Voiture,Bicyclette,Entre 2 conducteurs: Par le côté (avant/derrière-flanc),0
2019,08,19,Saint-Gilles,Sint-Gillis,,Région de Bruxelles-Capitale,50.822464,4.346709,21013,Normales,Normaal,Sec+Propre,Droog+Proper,Jour,En agglomération,Route régionale,Avec blessé(s) leger(s),Cyclomoteur,Voiture,Entre 2 conducteurs: Flanc contre flanc,0
2019,08,17,Saint-Gilles,Sint-Gillis,,Région de Bruxelles-Capitale,50.832752,4.342901,21013,Normales,Normaal,Propre,Proper,Jour,En agglomération,Route communale,Avec blessé(s) leger(s),Voiture,Bicyclette,Entre 2 conducteurs: Flanc contre flanc,1
2019,08,15,Anderlecht,Anderlecht,,Région de Bruxelles-Capitale,50.84416,4.333811,21001,"Autre (fumée épaisse,...)","Andere (dikke rook,...)",Propre,Proper,Jour,En agglomération,Route communale,Avec blessé(s) leger(s),Voiture,Bicyclette,Entre 2 conducteurs: Par le côté (avant/derrière-flanc),0
2019,08,22,Saint-Gilles,Sint-Gillis,,Région de Bruxelles-Capitale,,,21013,Normales,Normaal,Propre,Proper,"Nuit, éclairage public présent et allumé",En agglomération,Route communale,Avec blessé(s) leger(s),Cyclomoteur,usager seul,"Un seul usager, pas d'obstacle (chute incl.)",0
2019,08,15,Anderlecht,Anderlecht,,Région de Bruxelles-Capitale,50.837981,4.33164,21001,Normales,Normaal,Sec,Droog,Jour,En agglomération,Route communale,Avec blessé(s) leger(s),Voiture,Cyclomoteur,Entre 2 conducteurs: Par le côté (avant/derrière-flanc),1
2019,08,17,Saint-Gilles,Sint-Gillis,,Région de Bruxelles-Capitale,50.828073,4.342054,21013,Normales,Normaal,Propre,Proper,Jour,En agglomération,Route communale,Avec blessé(s) leger(s),Cyclomoteur,Piéton,Avec un piéton,1
2019,08,20,Anderlecht,Anderlecht,,Région de Bruxelles-Capitale,50.836932,4.32476,21001,Normales,Normaal,Sec,Droog,Jour,En agglomération,Route communale,Avec blessé(s) leger(s),Voiture,Bicyclette,Entre 2 conducteurs: Par le côté (avant/derrière-flanc),0
2019,08,14,Anderlecht,Anderlecht,,Région de Bruxelles-Capitale,50.840283,4.3196,21001,Normales,Normaal,Propre,Proper,Jour,En agglomération,Route régionale,Avec blessé(s) leger(s),Bicyclette,Voiture,Entre 2 conducteurs: Par le côté (avant/derrière-flanc),0
2019,08,15,Saint-Gilles,Sint-Gillis,,Région de Bruxelles-Capitale,50.829296,4.344412,21013,Normales,Normaal,Propre,Proper,Jour,En agglomération,Route régionale,Avec blessé(s) leger(s),Camionnette,Motocyclette,Entre 2 conducteurs: Par le côté (avant/derrière-flanc),0
2019,08,18,Saint-Gilles,Sint-Gillis,,Région de Bruxelles-Capitale,,,21013,Normales,Normaal,Propre,Proper,Jour,En agglomération,Route communale,Avec blessé(s) leger(s),Bicyclette,Piéton,Avec un piéton,0
2019,08,13,Anderlecht,Anderlecht,,Région de Bruxelles-Capitale,50.830319,4.308344,21001,Normales,Normaal,Sec,Droog,Jour,En agglomération,Route régionale,Avec blessé(s) leger(s),Voiture,Motocyclette,Entre 2 conducteurs: Par le côté (avant/derrière-flanc),1
2019,08,07,Saint-Gilles,Sint-Gillis,,Région de Bruxelles-Capitale,50.828073,4.342054,21013,Normales,Normaal,Sec+Propre,Droog+Proper,Jour,Hors agglomération,Route communale,Avec blessé(s) leger(s),Bicyclette,Motocyclette,Entre 2 conducteurs: Par l'arrière,1
2019,08,01,Buggenhout,Buggenhout,Province de Flandre orientale,Région flamande,51.019234,4.202014,42004,Normales,Normaal,Sec,Droog,"Nuit, éclairage public présent et allumé",En agglomération,Route communale,Avec blessé(s) leger(s),Bicyclette,usager/obstacle,Usager contre obstacle situé sur la chaussée,0
2019,08,13,Anvers,Antwerpen,Province d’Anvers,Région flamande,51.22478,4.351781,11002,Normales,Normaal,Sec,Droog,Jour,Hors agglomération,Autoroute,Avec blessé(s) leger(s),Voiture,Motocyclette,Entre 2 conducteurs: Par le côté (avant/derrière-flanc),0
2019,08,12,Aartselaar,Aartselaar,Province d’Anvers,Région flamande,51.133393,4.377041,11001,Normales,Normaal,Sec,Droog,Jour,Hors agglomération,Route communale,Avec blessé(s) leger(s),Voiture,Bicyclette,Entre 2 conducteurs: Flanc contre flanc,1
2019,08,07,Zandhoven,Zandhoven,Province d’Anvers,Région flamande,51.189343,4.658371,11054,Normales,Normaal,Sec,Droog,Jour,Hors agglomération,Autoroute,Avec blessé(s) grave(s),Motocyclette,Voiture,Entre 2 conducteurs: Par l'arrière,0
2019,08,18,Beveren,Beveren,Province de Flandre orientale,Région flamande,51.245949,4.252255,46003,Normales,Normaal,Sec,Droog,Jour,Hors agglomération,Autoroute,Avec blessé(s) leger(s),Motocyclette,usager/obstacle,Usager contre obstacle situé sur la chaussée,0
2019,08,05,Oudenburg,Oudenburg,Province de Flandre occidentale,Région flamande,51.175868,3.007294,35014,Normales,Normaal,Sec+Propre,Droog+Proper,"Nuit, éclairage public présent et allumé",En agglomération,Route régionale,Avec blessé(s) leger(s),Bicyclette,usager seul,"Un seul usager, pas d'obstacle (chute incl.)",0
2019,08,13,Zaventem,Zaventem,Province du Brabant flamand,Région flamande,50.885714,4.460052,23094,Normales,Normaal,Sec,Droog,Jour,Hors agglomération,Route régionale,Avec blessé(s) leger(s),Motocyclette,Voiture,Entre 2 conducteurs: Par l'arrière,0
2019,08,14,Asse,Asse,Province du Brabant flamand,Région flamande,50.880898,4.282809,23002,Normales,Normaal,Sec,Droog,Jour,Hors agglomération,Autoroute,Avec blessé(s) leger(s),Voiture,Motocyclette,Entre 2 conducteurs: Flanc contre flanc,0
2019,08,00,Hal,Halle,Province du Brabant flamand,Région flamande,50.726165,4.258341,23027,Normales,Normaal,Sec,Droog,"Nuit, éclairage public présent et allumé",Hors agglomération,Autoroute,Avec blessé(s) grave(s),Motocyclette,usager seul,"Un seul usager, pas d'obstacle (chute incl.)",0
2019,08,08,Hoeilaart,Hoeilaart,Province du Brabant flamand,Région flamande,50.741645,4.426865,23033,Normales,Normaal,Sec,Droog,Jour,Hors agglomération,Autoroute,Avec blessé(s) leger(s),Motocyclette,Voiture,Entre 2 conducteurs: Par l'arrière,0
2019,08,23,Louvain,Leuven,Province du Brabant flamand,Région flamande,50.892943,4.685061,24062,Normales,Normaal,Sec,Droog,"Nuit, éclairage public présent et allumé",Hors agglomération,Autoroute,Avec blessé(s) leger(s),Camion,Motocyclette,Entre 2 conducteurs: Par l'arrière,0
2019,08,23,Tervuren,Tervuren,Province du Brabant flamand,Région flamande,50.802888,4.466126,24104,Normales,Normaal,Sec,Droog,"Nuit, éclairage public présent et allumé",Hors agglomération,Autoroute,Avec blessé(s) grave(s),Motocyclette,Voiture,Entre 2 conducteurs: Par le côté (avant/derrière-flanc),0
2019,08,17,Ottignies-Louvain-la-Neuve,Ottignies-Louvain-la-Neuve,Province du Brabant wallon,Région wallonne,50.692258,4.620798,25121,Normales,Normaal,Sec+Propre,Droog+Proper,Jour,Hors agglomération,Autoroute,Avec blessé(s) leger(s),Motocyclette,Voiture,Entre 2 conducteurs: Par le côté (avant/derrière-flanc),0
2019,08,11,Bertem,Bertem,Province du Brabant flamand,Région flamande,50.860553,4.613345,24009,Normales,Normaal,Sec,Droog,Jour,Hors agglomération,Autoroute,Avec blessé(s) leger(s),Motocyclette,usager seul,"Un seul usager, pas d'obstacle (chute incl.)",0
2019,08,12,Bertem,Bertem,Province du Brabant flamand,Région flamande,50.860553,4.613345,24009,Normales,Normaal,Propre,Proper,Jour,Hors agglomération,Autoroute,Avec blessé(s) leger(s),Motocyclette,usager seul,"Un seul usager, pas d'obstacle (chute incl.)",0
2019,08,22,Châtelet,Châtelet,Province de Hainaut,Région wallonne,50.425414,4.519422,52012,Normales,Normaal,Propre,Proper,"Nuit, éclairage public présent et allumé",Hors agglomération,Route régionale,Avec blessé(s) leger(s),Motocyclette,usager/obstacle,Usager contre obstacle situé sur la chaussée,0
2019,08,20,La Louvière,La Louvière,Province de Hainaut,Région wallonne,50.488742,4.202311,58001,Normales,Normaal,Sec+Propre,Droog+Proper,Jour,Hors agglomération,Autoroute,Avec tué(s),Motocyclette,usager/obstacle,Usager contre obstacle situé hors chaussée,0
2019,08,18,Mons,Bergen,Province de Hainaut,Région wallonne,50.484011,3.959537,53053,"Inconnues, indéterminées",Onbekend,Sec,Droog,Jour,Hors agglomération,Autoroute,Avec blessé(s) leger(s),Motocyclette,Voiture,Entre 2 conducteurs: Flanc contre flanc,0
2019,08,12,Houyet,Houyet,Province de Namur,Région wallonne,50.22168,5.060466,91072,Normales,Normaal,Sec,Droog,Jour,Hors agglomération,Autoroute,Avec blessé(s) grave(s),Motocyclette,usager seul,"Un seul usager, pas d'obstacle (chute incl.)",0
2019,08,12,Rochefort,Rochefort,Province de Namur,Région wallonne,50.154681,5.073528,91114,Normales,Normaal,Sec,Droog,Jour,Hors agglomération,Autoroute,Avec blessé(s) leger(s),Motocyclette,usager/obstacle,Usager contre obstacle situé sur la chaussée,0
2019,08,14,Herve,Herve,Province de Liège,Région wallonne,50.625768,5.850687,63035,Normales,Normaal,Propre,Proper,Jour,Hors agglomération,Autoroute,Avec blessé(s) grave(s),Motocyclette,Voiture,Entre 2 conducteurs: Par l'arrière,0
2019,08,16,Neufchâteau,Neufchâteau,Province de Luxembourg,Région wallonne,49.862024,5.507037,84043,Pluie,Regenval,"Humide, mouillé, flaques+Propre","Nat, plassen+Proper",Jour,Hors agglomération,Autoroute,Avec blessé(s) leger(s),Motocyclette,usager seul,"Un seul usager, pas d'obstacle (chute incl.)",0
2019,08,12,Arlon,Aarlen,Province de Luxembourg,Région wallonne,,,81001,Pluie,Regenval,"Humide, mouillé, flaques","Nat, plassen",Jour,En agglomération,Route régionale,Avec blessé(s) leger(s),Cyclomoteur,usager seul,"Un seul usager, pas d'obstacle (chute incl.)",1
2019,08,15,Messancy,Messancy,Province de Luxembourg,Région wallonne,49.607754,5.809918,81015,Normales,Normaal,Sec+Propre,Droog+Proper,Jour,Hors agglomération,Route régionale,Avec blessé(s) leger(s),Motocyclette,Voiture,Entre 2 conducteurs: Par le côté (avant/derrière-flanc),0
2019,08,13,Genappe,Genepiën,Province du Brabant wallon,Région wallonne,50.610967,4.45297,25031,Pluie,Regenval,"Humide, mouillé, flaques","Nat, plassen",Jour,En agglomération,Route régionale,Avec blessé(s) leger(s),Cyclomoteur,usager seul,"Un seul usager, pas d'obstacle (chute incl.)",0
2019,08,00,Braine-le-Château,Kasteelbrakel,Province du Brabant wallon,Région wallonne,50.682512,4.291069,25015,Normales,Normaal,Sec+Propre,Droog+Proper,"Nuit, éclairage public présent et allumé",En agglomération,Route communale,Avec blessé(s) leger(s),Bicyclette,Voiture,Entre 2 conducteurs: Flanc contre flanc,0
2019,08,11,Ittre,Itter,Province du Brabant wallon,Région wallonne,,,25044,Normales,Normaal,"Sale (sable, gravier, feuilles,...)","Vuil (zand, grint, bladeren,...)",Jour,Hors agglomération,Route communale,Avec blessé(s) leger(s),Motocyclette,Bicyclette,Entre 2 conducteurs: Flanc contre flanc,0
2019,08,16,Beersel,Beersel,Province du Brabant flamand,Région flamande,,,23003,"Inconnues, indéterminées",Onbekend,"Inconnu, indéterminé",Onbekend,"Inconnu, indéterminé",Hors agglomération,Autoroute,Avec blessé(s) leger(s),Motocyclette,Voiture,Entre 2 conducteurs: Par le côté (avant/derrière-flanc),0
2019,08,18,Rixensart,Rixensart,Province du Brabant wallon,Région wallonne,50.719373,4.494223,25091,Normales,Normaal,Propre,Proper,Jour,En agglomération,Route communale,Avec blessé(s) leger(s),Voiture,Bicyclette,Entre 2 conducteurs: Par le côté (avant/derrière-flanc),0
2019,08,14,Walhain,Walhain,Province du Brabant wallon,Région wallonne,50.61662,4.695428,25124,Normales,Normaal,Sec,Droog,Jour,En agglomération,Route communale,Avec blessé(s) leger(s),Bicyclette,Voiture,Entre 2 conducteurs: Collision frontale,0
2019,08,12,Mont-Saint-Guibert,Mont-Saint-Guibert,Province du Brabant wallon,Région wallonne,50.639844,4.648841,25068,Normales,Normaal,Propre,Proper,Jour,Hors agglomération,Route régionale,Avec blessé(s) leger(s),Camionnette,Bicyclette,Entre 2 conducteurs: Flanc contre flanc,0
2019,08,16,Walhain,Walhain,Province du Brabant wallon,Région wallonne,50.62763,4.700181,25124,Normales,Normaal,Sec+Propre,Droog+Proper,Jour,En agglomération,Route communale,Avec blessé(s) grave(s),Motocyclette,usager seul,"Un seul usager, pas d'obstacle (chute incl.)",0
2019,08,07,Wavre,Waver,Province du Brabant wallon,Région wallonne,50.710257,4.61642,25112,Normales,Normaal,Sec,Droog,Jour,En agglomération,Route régionale,Avec blessé(s) leger(s),Bicyclette,Voiture,Entre 2 conducteurs: Par le côté (avant/derrière-flanc),1
2019,08,17,Wavre,Waver,Province du Brabant wallon,Région wallonne,50.719861,4.628204,25112,Normales,Normaal,Propre,Proper,Jour,En agglomération,Route communale,Avec blessé(s) leger(s),Voiture,Bicyclette,Entre 2 conducteurs: Par le côté (avant/derrière-flanc),1
2019,08,17,Wavre,Waver,Province du Brabant wallon,Région wallonne,50.708681,4.594702,25112,Normales,Normaal,Sec+Propre,Droog+Proper,Jour,Hors agglomération,Route régionale,Avec blessé(s) leger(s),Voiture,Cyclomoteur,Entre 2 conducteurs: Flanc contre flanc,1
2019,08,10,Wavre,Waver,Province du Brabant wallon,Région wallonne,50.692129,4.577387,25112,Normales,Normaal,Propre,Proper,Jour,En agglomération,Route communale,Avec blessé(s) leger(s),Voiture,Bicyclette,Entre 2 conducteurs: Par le côté (avant/derrière-flanc),0
2019,08,13,Wavre,Waver,Province du Brabant wallon,Région wallonne,,,25112,Normales,Normaal,Propre,Proper,Jour,En agglomération,Route régionale,Avec blessé(s) leger(s),Motocyclette,Voiture,Entre 2 conducteurs: Par l'arrière,1
2019,08,18,Wavre,Waver,Province du Brabant wallon,Région wallonne,50.710257,4.61642,25112,Normales,Normaal,Propre,Proper,Jour,En agglomération,Route régionale,Avec blessé(s) grave(s),Motocyclette,usager/obstacle,Usager contre obstacle situé hors chaussée,1
2019,08,10,Wavre,Waver,Province du Brabant wallon,Région wallonne,50.728546,4.593336,25112,Normales,Normaal,Propre,Proper,Jour,En agglomération,Route régionale,Avec tué(s),Motocyclette,usager seul,"Un seul usager, pas d'obstacle (chute incl.)",1
2019,08,16,Chaumont-Gistoux,Chaumont-Gistoux,Province du Brabant wallon,Région wallonne,50.675162,4.714633,25018,Normales,Normaal,Sec+Propre,Droog+Proper,Jour,Hors agglomération,Route régionale,Avec blessé(s) leger(s),Voiture,Bicyclette,Entre 2 conducteurs: Par le côté (avant/derrière-flanc),0
2019,08,12,Grez-Doiceau,Graven,Province du Brabant wallon,Région wallonne,50.745521,4.684067,25037,"Inconnues, indéterminées",Onbekend,"Inconnu, indéterminé",Onbekend,Jour,Hors agglomération,Route régionale,Avec blessé(s) leger(s),Bicyclette,Voiture,Entre 2 conducteurs: Par le côté (avant/derrière-flanc),1
2019,08,18,Grez-Doiceau,Graven,Province du Brabant wallon,Région wallonne,50.754881,4.69866,25037,Normales,Normaal,Sec,Droog,Jour,Hors agglomération,Route régionale,Avec blessé(s) grave(s),Voiture,Bicyclette,Entre 2 conducteurs: Par le côté (avant/derrière-flanc),0
2019,08,11,Braine-l’Alleud,Eigenbrakel,Province du Brabant wallon,Région wallonne,50.666055,4.348127,25014,Normales,Normaal,Sec,Droog,Jour,En agglomération,Route communale,Avec blessé(s) leger(s),Voiture,Bicyclette,Entre 2 conducteurs: Par l'arrière,0
2019,08,18,Ittre,Itter,Province du Brabant wallon,Région wallonne,50.597144,4.319024,25044,Normales,Normaal,Propre,Proper,Jour,Hors agglomération,Route régionale,Avec blessé(s) leger(s),Voiture,Motocyclette,Entre 2 conducteurs: Par le côté (avant/derrière-flanc),0
2019,08,13,Braine-l’Alleud,Eigenbrakel,Province du Brabant wallon,Région wallonne,50.68214,4.376086,25014,Normales,Normaal,"Sale (sable, gravier, feuilles,...)","Vuil (zand, grint, bladeren,...)",Jour,En agglomération,Route communale,Avec blessé(s) leger(s),Motocyclette,usager seul,"Un seul usager, pas d'obstacle (chute incl.)",0
2019,08,16,Ottignies-Louvain-la-Neuve,Ottignies-Louvain-la-Neuve,Province du Brabant wallon,Région wallonne,,,25121,Normales,Normaal,Propre,Proper,Jour,En agglomération,Route régionale,Avec blessé(s) leger(s),Bicyclette,Voiture,Entre 2 conducteurs: Collision frontale,1
2019,08,14,Orp-Jauche,Orp-Jauche,Province du Brabant wallon,Région wallonne,50.710874,4.945646,25120,Normales,Normaal,Sec,Droog,Jour,En agglomération,Route communale,Avec blessé(s) leger(s),Voiture,Motocyclette,Entre 2 conducteurs: Par le côté (avant/derrière-flanc),1
2019,08,06,Liège,Luik,Province de Liège,Région wallonne,50.635051,5.569266,62063,Normales,Normaal,Sec,Droog,"Nuit, éclairage public présent et allumé",En agglomération,Route régionale,Avec blessé(s) leger(s),Motocyclette,usager seul,"Un seul usager, pas d'obstacle (chute incl.)",0
2019,08,17,Liège,Luik,Province de Liège,Région wallonne,50.845644,4.368539,62063,Normales,Normaal,Sec,Droog,Jour,En agglomération,Route régionale,Avec blessé(s) leger(s),Voiture,Bicyclette,Entre 2 conducteurs: Par l'arrière,0
2019,08,17,Liège,Luik,Province de Liège,Région wallonne,50.632899,5.579405,62063,"Inconnues, indéterminées",Onbekend,"Inconnu, indéterminé",Onbekend,Jour,En agglomération,Route communale,Avec blessé(s) leger(s),Bicyclette,Voiture,Entre 2 conducteurs: Par le côté (avant/derrière-flanc),0
2019,08,05,Liège,Luik,Province de Liège,Région wallonne,50.618982,5.572047,62063,Normales,Normaal,Sec,Droog,"Nuit, éclairage public présent et allumé",En agglomération,Route communale,Avec blessé(s) leger(s),Motocyclette,Voiture,Entre 2 conducteurs: Par le côté (avant/derrière-flanc),0
2019,08,14,Liège,Luik,Province de Liège,Région wallonne,50.644239,5.625156,62063,Normales,Normaal,Sec,Droog,Jour,En agglomération,Route communale,Avec blessé(s) leger(s),Motocyclette,Voiture,Entre 2 conducteurs: Par l'arrière,0
2019,08,16,Liège,Luik,Province de Liège,Région wallonne,50.640838,5.573371,62063,Normales,Normaal,Sec,Droog,Jour,En agglomération,Route communale,Avec blessé(s) leger(s),Cyclomoteur,usager seul,"Un seul usager, pas d'obstacle (chute incl.)",0
2019,08,17,Liège,Luik,Province de Liège,Région wallonne,50.643609,5.554769,62063,Normales,Normaal,Sec,Droog,Jour,En agglomération,Route communale,Avec blessé(s) leger(s),Voiture,Cyclomoteur,Entre 2 conducteurs: Par le côté (avant/derrière-flanc),1
2019,08,23,Liège,Luik,Province de Liège,Région wallonne,50.644644,5.601936,62063,Normales,Normaal,Sec,Droog,"Nuit, éclairage public présent et allumé",En agglomération,Route communale,Avec blessé(s) leger(s),Voiture,Motocyclette,Entre 2 conducteurs: Par le côté (avant/derrière-flanc),1
2019,08,00,Liège,Luik,Province de Liège,Région wallonne,50.607888,5.613768,62063,Normales,Normaal,Sec,Droog,"Nuit, éclairage public présent et allumé",En agglomération,Route régionale,Avec blessé(s) leger(s),Motocyclette,Voiture,Entre 2 conducteurs: Par le côté (avant/derrière-flanc),1
2019,08,17,Liège,Luik,Province de Liège,Région wallonne,,,62063,Normales,Normaal,Sec,Droog,Jour,En agglomération,Route communale,Avec blessé(s) leger(s),Voiture,Bicyclette,Entre 2 conducteurs: Par l'arrière,0
2019,08,18,Liège,Luik,Province de Liège,Région wallonne,50.622455,5.59073,62063,Normales,Normaal,Sec,Droog,Jour,En agglomération,Route régionale,Avec blessé(s) leger(s),Cyclomoteur,Voiture,Entre 2 conducteurs: Par le côté (avant/derrière-flanc),1
2019,08,16,Liège,Luik,Province de Liège,Région wallonne,50.634113,5.58212,62063,Normales,Normaal,Sec,Droog,Jour,En agglomération,Route communale,Avec blessé(s) leger(s),Cyclomoteur,Piéton,Avec un piéton,0
2019,08,23,Liège,Luik,Province de Liège,Région wallonne,50.637723,5.562363,62063,Normales,Normaal,Sec,Droog,"Nuit, éclairage public présent et allumé",En agglomération,Route communale,Avec blessé(s) leger(s),Voiture,Bicyclette,Entre 2 conducteurs: Par le côté (avant/derrière-flanc),1
2019,08,21,Seraing,Seraing,Province de Liège,Région wallonne,50.586392,5.511701,62096,Normales,Normaal,Sec+Propre,Droog+Proper,"Aube, crépuscule",En agglomération,Route communale,Avec blessé(s) leger(s),Voiture,Cyclomoteur,Entre 2 conducteurs: Par le côté (avant/derrière-flanc),1
2019,08,13,Neupré,Neupré,Province de Liège,Région wallonne,50.529371,5.536802,62121,Normales,Normaal,Sec+Propre,Droog+Proper,Jour,Hors agglomération,Route régionale,Avec blessé(s) leger(s),Motocyclette,Camion,Entre 2 conducteurs: Flanc contre flanc,0
2019,08,19,Seraing,Seraing,Province de Liège,Région wallonne,,,62096,Normales,Normaal,"Sale (sable, gravier, feuilles,...)","Vuil (zand, grint, bladeren,...)","Aube, crépuscule",Hors agglomération,Route régionale,Avec blessé(s) leger(s),Motocyclette,usager seul,"Un seul usager, pas d'obstacle (chute incl.)",1
2019,08,15,Seraing,Seraing,Province de Liège,Région wallonne,50.599802,5.513804,62096,Normales,Normaal,Propre,Proper,Jour,En agglomération,Route régionale,Avec blessé(s) leger(s),Cyclomoteur,Voiture,Entre 2 conducteurs: Par le côté (avant/derrière-flanc),0
2019,08,17,Seraing,Seraing,Province de Liège,Région wallonne,50.583329,5.486538,62096,Normales,Normaal,Sec,Droog,Jour,En agglomération,Route communale,Avec blessé(s) leger(s),Cyclomoteur,Voiture,Entre 2 conducteurs: Par l'arrière,0
2019,08,11,Seraing,Seraing,Province de Liège,Région wallonne,50.618844,5.506347,62096,Normales,Normaal,Sec,Droog,Jour,En agglomération,Route communale,Avec blessé(s) leger(s),Cyclomoteur,usager seul,"Un seul usager, pas d'obstacle (chute incl.)",1
2019,08,08,Fléron,Fléron,Province de Liège,Région wallonne,50.614686,5.678933,62038,Normales,Normaal,Sec,Droog,Jour,En agglomération,Route régionale,Avec blessé(s) leger(s),Bicyclette,Voiture,Entre 2 conducteurs: Par le côté (avant/derrière-flanc),0
2019,08,19,Soumagne,Soumagne,Province de Liège,Région wallonne,50.607554,5.715976,62099,Normales,Normaal,Sec,Droog,Jour,En agglomération,Route régionale,Avec blessé(s) grave(s),Cyclomoteur,usager seul,"Un seul usager, pas d'obstacle (chute incl.)",0
2019,08,10,Soumagne,Soumagne,Province de Liège,Région wallonne,50.63589,5.722653,62099,Normales,Normaal,Sec+Propre,Droog+Proper,Jour,En agglomération,Route communale,Mortellement blessé(s),Bicyclette,Voiture,Entre 2 conducteurs: Par le côté (avant/derrière-flanc),0
2019,08,18,Soumagne,Soumagne,Province de Liège,Région wallonne,50.601694,5.750658,62099,Normales,Normaal,Sec+Propre,Droog+Proper,Jour,Hors agglomération,Route régionale,Avec blessé(s) leger(s),Motocyclette,usager/obstacle,Usager contre obstacle situé hors chaussée,0
2019,08,17,Fléron,Fléron,Province de Liège,Région wallonne,50.625911,5.682665,62038,Normales,Normaal,Propre,Proper,Jour,En agglomération,Route communale,Avec blessé(s) leger(s),Cyclomoteur,usager/obstacle,Usager contre obstacle situé sur la chaussée,0
2019,08,11,Visé,Wezet,Province de Liège,Région wallonne,,,62108,Normales,Normaal,Sec,Droog,Jour,En agglomération,Route communale,Avec blessé(s) leger(s),Voiture,Bicyclette,Entre 2 conducteurs: Flanc contre flanc,0
2019,08,13,Oupeye,Oupeye,Province de Liège,Région wallonne,,,62079,Normales,Normaal,Sec+Propre,Droog+Proper,Jour,En agglomération,Route régionale,Avec blessé(s) leger(s),Voiture,Cyclomoteur,Entre 2 conducteurs: Flanc contre flanc,0
2019,08,18,Oupeye,Oupeye,Province de Liège,Région wallonne,,,62079,Normales,Normaal,Sec,Droog,Jour,En agglomération,Route régionale,Avec blessé(s) leger(s),Voiture,Bicyclette,Entre 2 conducteurs: Par le côté (avant/derrière-flanc),0
2019,08,15,Bassenge,Bitsingen,Province de Liège,Région wallonne,50.75654,5.592632,62011,Normales,Normaal,Propre,Proper,Jour,En agglomération,Route régionale,Avec blessé(s) leger(s),Voiture,Motocyclette,Entre 2 conducteurs: Par le côté (avant/derrière-flanc),1
2019,08,15,Oupeye,Oupeye,Province de Liège,Région wallonne,,,62079,"Inconnues, indéterminées",Onbekend,Propre,Proper,Jour,En agglomération,Route communale,Avec blessé(s) leger(s),Motocyclette,usager seul,"Un seul usager, pas d'obstacle (chute incl.)",0
2019,08,17,Sprimont,Sprimont,Province de Liège,Région wallonne,50.524619,5.657615,62100,Normales,Normaal,Sec,Droog,Jour,Hors agglomération,Route régionale,Avec blessé(s) grave(s),Motocyclette,usager seul,"Un seul usager, pas d'obstacle (chute incl.)",0
2019,08,02,Sprimont,Sprimont,Province de Liège,Région wallonne,50.506598,5.65507,62100,Normales,Normaal,Sec,Droog,"Nuit, éclairage public présent et allumé",En agglomération,Route régionale,Avec blessé(s) leger(s),Motocyclette,usager seul,"Un seul usager, pas d'obstacle (chute incl.)",0
2019,08,12,Esneux,Esneux,Province de Liège,Région wallonne,50.5234,5.505859,62032,Normales,Normaal,Propre,Proper,Jour,Hors agglomération,Route régionale,Avec blessé(s) leger(s),Motocyclette,Voiture,Entre 2 conducteurs: Flanc contre flanc,0
2019,08,20,Aywaille,Aywaille,Province de Liège,Région wallonne,50.461205,5.67157,62009,Normales,Normaal,"Sale (sable, gravier, feuilles,...)","Vuil (zand, grint, bladeren,...)",Jour,Hors agglomération,Route régionale,Avec blessé(s) leger(s),Motocyclette,usager seul,"Un seul usager, pas d'obstacle (chute incl.)",0
2019,08,22,Trooz,Trooz,Province de Liège,Région wallonne,50.574016,5.688363,62122,Normales,Normaal,Sec,Droog,"Nuit, éclairage public présent et allumé",En agglomération,Route communale,Avec blessé(s) grave(s),Motocyclette,usager seul,"Un seul usager, pas d'obstacle (chute incl.)",0
2019,08,10,Grâce-Hollogne,Grâce-Hollogne,Province de Liège,Région wallonne,50.638689,5.47421,62118,"Inconnues, indéterminées",Onbekend,Propre,Proper,Jour,En agglomération,Route régionale,Avec blessé(s) leger(s),Bicyclette,Voiture,Entre 2 conducteurs: Par le côté (avant/derrière-flanc),1
2019,08,17,Waremme,Borgworm,Province de Liège,Région wallonne,50.690922,5.253203,64074,Normales,Normaal,Propre,Proper,Jour,En agglomération,Route communale,Avec blessé(s) leger(s),Voiture,Bicyclette,Entre 2 conducteurs: Par le côté (avant/derrière-flanc),1
2019,08,17,Berloz,Berloz,Province de Liège,Région wallonne,,,64008,Normales,Normaal,Propre,Proper,Jour,Hors agglomération,Route régionale,Avec blessé(s) grave(s),Voiture,Bicyclette,Entre 2 conducteurs: Collision frontale,1
2019,08,14,Stavelot,Stavelot,Province de Liège,Région wallonne,50.453975,5.954358,63073,Normales,Normaal,Sec,Droog,Jour,En agglomération,Route régionale,Avec blessé(s) leger(s),Voiture,Motocyclette,Entre 2 conducteurs: Par le côté (avant/derrière-flanc),0
2019,08,15,Spa,Spa,Province de Liège,Région wallonne,50.491619,5.857233,63072,Normales,Normaal,Sec+Propre,Droog+Proper,Jour,En agglomération,Route régionale,Avec blessé(s) leger(s),Cyclomoteur,Voiture,Entre 2 conducteurs: Par l'arrière,1
2019,08,16,Jalhay,Jalhay,Province de Liège,Région wallonne,50.575867,5.913796,63038,Normales,Normaal,Sec+Propre,Droog+Proper,Jour,Hors agglomération,Route régionale,Avec blessé(s) leger(s),Motocyclette,usager/obstacle,Usager contre obstacle situé hors chaussée,0
2019,08,09,Thimister-Clermont,Thimister-Clermont,Province de Liège,Région wallonne,50.646009,5.85439,63089,Normales,Normaal,Propre,Proper,Jour,Hors agglomération,Route régionale,Avec blessé(s) leger(s),Voiture,Bicyclette,Entre 2 conducteurs: Par le côté (avant/derrière-flanc),0
2019,08,00,Herve,Herve,Province de Liège,Région wallonne,,,63035,Normales,Normaal,Sec,Droog,"Nuit, pas d'éclairage public présent",Hors agglomération,Route communale,Avec blessé(s) leger(s),Cyclomoteur,usager seul,"Un seul usager, pas d'obstacle (chute incl.)",0
2019,08,14,Plombières,Plombières,Province de Liège,Région wallonne,50.730196,5.997088,63088,Normales,Normaal,Sec+Propre,Droog+Proper,Jour,En agglomération,Route communale,Avec blessé(s) leger(s),Bicyclette,usager/obstacle,Usager contre obstacle situé sur la chaussée,0
2019,08,15,Limbourg,Limburg,Province de Liège,Région wallonne,,,63046,Normales,Normaal,Propre,Proper,Jour,En agglomération,Route communale,Avec blessé(s) leger(s),Voiture,Bicyclette,Entre 2 conducteurs: Par le côté (avant/derrière-flanc),0
2019,08,15,Welkenraedt,Welkenraedt,Province de Liège,Région wallonne,50.677112,5.932317,63084,Normales,Normaal,Sec,Droog,Jour,En agglomération,Route communale,Mortellement blessé(s),Voiture,Motocyclette,Entre 2 conducteurs: Par le côté (avant/derrière-flanc),1
2019,08,11,Herve,Herve,Province de Liège,Région wallonne,,,63035,Normales,Normaal,Sec+Propre,Droog+Proper,Jour,Hors agglomération,Route régionale,Avec blessé(s) leger(s),Motocyclette,Voiture,Entre 2 conducteurs: Par le côté (avant/derrière-flanc),0
2019,08,10,Dison,Dison,Province de Liège,Région wallonne,50.606443,5.855839,63020,Normales,Normaal,Propre,Proper,Jour,En agglomération,Route régionale,Avec blessé(s) leger(s),Voiture,Cyclomoteur,Entre 2 conducteurs: Flanc contre flanc,0
2019,08,17,Verviers,Verviers,Province de Liège,Région wallonne,,,63079,Pluie,Regenval,"Humide, mouillé, flaques","Nat, plassen",Jour,En agglomération,Route régionale,Avec blessé(s) leger(s),Cyclomoteur,usager seul,"Un seul usager, pas d'obstacle (chute incl.)",0
2019,08,15,Verviers,Verviers,Province de Liège,Région wallonne,50.58343,5.849097,63079,Normales,Normaal,Sec+Propre,Droog+Proper,Jour,En agglomération,Route régionale,Avec blessé(s) leger(s),Motocyclette,Voiture,Entre 2 conducteurs: Par l'arrière,0
2019,08,17,Pepinster,Pepinster,Province de Liège,Région wallonne,50.573162,5.829716,63058,"Inconnues, indéterminées",Onbekend,Sec,Droog,Jour,Hors agglomération,Route régionale,Avec blessé(s) leger(s),Bicyclette,Voiture,Entre 2 conducteurs: Par l'arrière,0
2019,08,12,Dison,Dison,Province de Liège,Région wallonne,50.601968,5.853177,63020,Normales,Normaal,"Humide, mouillé, flaques+Propre","Nat, plassen+Proper",Jour,En agglomération,Route communale,Avec blessé(s) leger(s),Cyclomoteur,usager seul,"Un seul usager, pas d'obstacle (chute incl.)",0
2019,08,18,Verviers,Verviers,Province de Liège,Région wallonne,50.595867,5.828954,63079,Normales,Normaal,"Sec+Sale (sable, gravier, feuilles,...)","Droog+Vuil (zand, grint, bladeren,...)",Jour,En agglomération,Route communale,Avec blessé(s) grave(s),Motocyclette,usager seul,"Un seul usager, pas d'obstacle (chute incl.)",1
2019,08,15,Malmedy,Malmedy,Province de Liège,Région wallonne,50.448498,6.041574,63049,Normales,Normaal,Sec+Propre,Droog+Proper,Jour,Hors agglomération,Route régionale,Avec blessé(s) grave(s),Motocyclette,usager/obstacle,Usager contre obstacle situé hors chaussée,0
2019,08,09,Malmedy,Malmedy,Province de Liège,Région wallonne,,,63049,Normales,Normaal,Sec+Propre,Droog+Proper,Jour,En agglomération,Route communale,Avec blessé(s) grave(s),Motocyclette,Camionnette,Entre 2 conducteurs: Flanc contre flanc,0
2019,08,16,Stoumont,Stoumont,Province de Liège,Région wallonne,50.413945,5.788391,63075,Normales,Normaal,Sec+Propre,Droog+Proper,Jour,Hors agglomération,Route régionale,Avec blessé(s) leger(s),Motocyclette,usager/obstacle,Usager contre obstacle situé hors chaussée,0
2019,08,18,Malmedy,Malmedy,Province de Liège,Région wallonne,50.461213,6.056524,63049,Normales,Normaal,Propre,Proper,Jour,Hors agglomération,Route régionale,Avec blessé(s) leger(s),Motocyclette,Voiture,Entre 2 conducteurs: Par le côté (avant/derrière-flanc),1
2019,08,15,Stoumont,Stoumont,Province de Liège,Région wallonne,50.406981,5.765425,63075,Normales,Normaal,Propre,Proper,Jour,Hors agglomération,Route régionale,Avec blessé(s) leger(s),Motocyclette,Voiture,Entre 2 conducteurs: Flanc contre flanc,0
2019,08,11,Malmedy,Malmedy,Province de Liège,Région wallonne,50.42852,5.990223,63049,Normales,Normaal,Propre,Proper,Jour,Hors agglomération,Route régionale,Avec blessé(s) leger(s),Voiture,Motocyclette,Entre 2 conducteurs: Par le côté (avant/derrière-flanc),0
2019,08,12,Stavelot,Stavelot,Province de Liège,Région wallonne,,,63073,Normales,Normaal,Sec,Droog,Jour,Hors agglomération,Route communale,Avec blessé(s) grave(s),Bicyclette,usager seul,"Un seul usager, pas d'obstacle (chute incl.)",0
2019,08,20,Waimes,Weismes,Province de Liège,Région wallonne,50.383909,6.098248,63080,Normales,Normaal,Sec+Propre,Droog+Proper,Jour,En agglomération,Route communale,Avec blessé(s) leger(s),Voiture,Bicyclette,Entre 2 conducteurs: Collision frontale,0
2019,08,16,Hannut,Hannuit,Province de Liège,Région wallonne,,,64034,Normales,Normaal,Sec,Droog,Jour,En agglomération,Route communale,Avec blessé(s) leger(s),Motocyclette,usager seul,"Un seul usager, pas d'obstacle (chute incl.)",0
2019,08,17,Amblève,Amel,Province de Liège,Région wallonne,,,63001,Normales,Normaal,Sec,Droog,Jour,Hors agglomération,Route communale,Avec blessé(s) leger(s),Motocyclette,usager/obstacle,Usager contre obstacle situé hors chaussée,0
2019,08,10,Butgenbach,Bütgenbach,Province de Liège,Région wallonne,50.427972,6.202603,63013,Normales,Normaal,Sec,Droog,Jour,En agglomération,Route communale,Avec blessé(s) leger(s),Bicyclette,usager seul,"Un seul usager, pas d'obstacle (chute incl.)",0
2019,08,16,Eupen,Eupen,Province de Liège,Région wallonne,50.628257,6.041288,63023,Normales,Normaal,Sec,Droog,Jour,En agglomération,Route communale,Avec blessé(s) leger(s),Voiture,Bicyclette,Entre 2 conducteurs: Par le côté (avant/derrière-flanc),0
2019,08,18,Engis,Engis,Province de Liège,Région wallonne,,,61080,"Inconnues, indéterminées",Onbekend,"Inconnu, indéterminé",Onbekend,Jour,En agglomération,Route communale,Avec blessé(s) leger(s),Voiture,Cyclomoteur,Entre 2 conducteurs: Flanc contre flanc,0
2019,08,16,Wanze,Wanze,Province de Liège,Région wallonne,,,61072,Pluie,Regenval,"Humide, mouillé, flaques","Nat, plassen",Jour,En agglomération,Route communale,Avec blessé(s) leger(s),Cyclomoteur,Voiture,Entre 2 conducteurs: Par l'arrière,0
2019,08,11,Hamoir,Hamoir,Province de Liège,Région wallonne,50.43534,5.527516,61024,Normales,Normaal,Propre,Proper,Jour,Hors agglomération,Route régionale,Avec blessé(s) leger(s),Voiture,Bicyclette,Entre 2 conducteurs: Par le côté (avant/derrière-flanc),0
2019,08,12,Modave,Modave,Province de Liège,Région wallonne,50.471502,5.266726,61041,Normales,Normaal,Propre,Proper,Jour,Hors agglomération,Route régionale,Avec blessé(s) leger(s),Camionnette,Motocyclette,Entre 2 conducteurs: Par le côté (avant/derrière-flanc),0
2019,08,11,Modave,Modave,Province de Liège,Région wallonne,50.452253,5.279018,61041,Normales,Normaal,Sec,Droog,Jour,Hors agglomération,Route régionale,Avec blessé(s) leger(s),Voiture,Motocyclette,Entre 2 conducteurs: Collision frontale,0
2019,08,17,Modave,Modave,Province de Liège,Région wallonne,,,61041,Normales,Normaal,Sec,Droog,Jour,Hors agglomération,Route communale,Avec blessé(s) grave(s),Motocyclette,usager seul,"Un seul usager, pas d'obstacle (chute incl.)",0
2019,08,17,Arlon,Aarlen,Province de Luxembourg,Région wallonne,49.685512,5.794136,81001,Normales,Normaal,Propre,Proper,Jour,En agglomération,Route communale,Avec blessé(s) leger(s),Bicyclette,Voiture,Entre 2 conducteurs: Flanc contre flanc,0
2019,08,18,Virton,Virton,Province de Luxembourg,Région wallonne,,,85045,"Inconnues, indéterminées",Onbekend,"Inconnu, indéterminé",Onbekend,"Inconnu, indéterminé",Hors agglomération,Route régionale,Avec blessé(s) leger(s),Camionnette,Cyclomoteur,Entre 2 conducteurs: Collision frontale,1
2019,08,18,Chiny,Chiny,Province de Luxembourg,Région wallonne,49.690259,5.383043,85007,Normales,Normaal,Sec+Propre,Droog+Proper,Jour,Hors agglomération,Route régionale,Avec blessé(s) leger(s),Motocyclette,usager/obstacle,Usager contre obstacle situé hors chaussée,0
2019,08,17,Virton,Virton,Province de Luxembourg,Région wallonne,49.555572,5.537646,85045,Normales,Normaal,Propre,Proper,Jour,En agglomération,Route régionale,Avec blessé(s) grave(s),Motocyclette,Voiture,Entre 2 conducteurs: Collision frontale,0
2019,08,19,Florenville,Florenville,Province de Luxembourg,Région wallonne,49.699802,5.267909,85011,Normales,Normaal,Propre,Proper,Jour,Hors agglomération,Route régionale,Avec blessé(s) leger(s),Motocyclette,usager/obstacle,Usager contre obstacle situé sur la chaussée,0
2019,08,14,Nassogne,Nassogne,Province de Luxembourg,Région wallonne,,,83040,Normales,Normaal,Propre,Proper,Jour,Hors agglomération,Route communale,Avec blessé(s) leger(s),Motocyclette,usager seul,"Un seul usager, pas d'obstacle (chute incl.)",0
2019,08,17,Durbuy,Durbuy,Province de Luxembourg,Région wallonne,50.413831,5.451774,83012,Normales,Normaal,Sec,Droog,Jour,Hors agglomération,Route régionale,Avec blessé(s) grave(s),Motocyclette,usager/obstacle,Usager contre obstacle situé hors chaussée,0
2019,08,15,Durbuy,Durbuy,Province de Luxembourg,Région wallonne,50.366354,5.455323,83012,Normales,Normaal,Sec,Droog,Jour,Hors agglomération,Route régionale,Avec blessé(s) leger(s),Voiture,Motocyclette,Entre 2 conducteurs: Flanc contre flanc,0
2019,08,12,Houffalize,Houffalize,Province de Luxembourg,Région wallonne,,,82014,Normales,Normaal,Sec+Propre,Droog+Proper,Jour,En agglomération,Route communale,Avec blessé(s) leger(s),Autres,Cyclomoteur,Entre 2 conducteurs: Par le côté (avant/derrière-flanc),0
2019,08,13,La Roche-en-Ardenne,La Roche-en-Ardenne,Province de Luxembourg,Région wallonne,50.166716,5.628246,83031,Normales,Normaal,Sec+Propre,Droog+Proper,Jour,En agglomération,Route communale,Avec blessé(s) grave(s),Bicyclette,usager/obstacle,Usager contre obstacle situé hors chaussée,0
2019,08,20,Marche-en-Famenne,Marche-en-Famenne,Province de Luxembourg,Région wallonne,,,83034,Normales,Normaal,Sec,Droog,"Aube, crépuscule",Hors agglomération,Route communale,Avec blessé(s) leger(s),Motocyclette,Voiture,Entre 2 conducteurs: Collision frontale,1
2019,08,09,Rendeux,Rendeux,Province de Luxembourg,Région wallonne,50.241366,5.500387,83044,Normales,Normaal,Propre,Proper,Jour,En agglomération,Route régionale,Avec blessé(s) leger(s),Bicyclette,Camion,Entre 2 conducteurs: Par l'arrière,0
2019,08,17,La Roche-en-Ardenne,La Roche-en-Ardenne,Province de Luxembourg,Région wallonne,50.175387,5.592031,83031,Normales,Normaal,Sec,Droog,Jour,Hors agglomération,Route régionale,Avec tué(s),Motocyclette,usager/obstacle,Usager contre obstacle situé hors chaussée,0
2019,08,16,Vaux-sur-Sûre,Vaux-sur-Sûre,Province de Luxembourg,Région wallonne,,,82036,Normales,Normaal,Sec,Droog,Jour,Hors agglomération,Route communale,Avec blessé(s) grave(s),Motocyclette,usager/obstacle,Usager contre obstacle situé hors chaussée,0
2019,08,15,Bertogne,Bertogne,Province de Luxembourg,Région wallonne,50.057464,5.604784,82005,Normales,Normaal,Sec,Droog,Jour,Hors agglomération,Route régionale,Avec blessé(s) leger(s),Autres,Bicyclette,Entre 2 conducteurs: Flanc contre flanc,0
2019,08,11,Léglise,Léglise,Province de Luxembourg,Région wallonne,,,84033,Normales,Normaal,Propre,Proper,Jour,En agglomération,Route communale,Avec blessé(s) leger(s),Autres,Cyclomoteur,Entre 2 conducteurs: Flanc contre flanc,0
2019,08,20,Wellin,Wellin,Province de Luxembourg,Région wallonne,50.079753,5.104224,84075,Normales,Normaal,Sec,Droog,"Aube, crépuscule",Hors agglomération,Route régionale,Avec blessé(s) leger(s),Cyclomoteur,Camionnette,Entre 2 conducteurs: Par l'arrière,0
2019,08,05,Wellin,Wellin,Province de Luxembourg,Région wallonne,50.078783,5.10092,84075,Normales,Normaal,Sec+Propre,Droog+Proper,"Aube, crépuscule",Hors agglomération,Route régionale,Avec blessé(s) grave(s),Motocyclette,Camionnette,Entre 2 conducteurs: Par le côté (avant/derrière-flanc),1
2019,08,20,Bouillon,Bouillon,Province de Luxembourg,Région wallonne,49.796439,5.070072,84010,Normales,Normaal,Sec+Propre,Droog+Proper,"Aube, crépuscule",En agglomération,Route communale,Avec blessé(s) leger(s),Motocyclette,usager seul,"Un seul usager, pas d'obstacle (chute incl.)",1
2019,08,10,Libin,Libin,Province de Luxembourg,Région wallonne,50.007246,5.216856,84035,Normales,Normaal,Sec,Droog,Jour,Hors agglomération,Route régionale,Avec blessé(s) leger(s),Voiture,Bicyclette,Entre 2 conducteurs: Par le côté (avant/derrière-flanc),1
2019,08,12,Libin,Libin,Province de Luxembourg,Région wallonne,,,84035,Normales,Normaal,Propre,Proper,Jour,Hors agglomération,Route communale,Avec tué(s),Bicyclette,usager seul,"Un seul usager, pas d'obstacle (chute incl.)",1
2019,08,00,Namur,Namen,Province de Namur,Région wallonne,50.468081,4.85917,92094,"Inconnues, indéterminées",Onbekend,"Inconnu, indéterminé",Onbekend,"Inconnu, indéterminé",En agglomération,Route régionale,Avec blessé(s) leger(s),Motocyclette,Voiture,Entre 2 conducteurs: Flanc contre flanc,0
2019,08,15,Namur,Namen,Province de Namur,Région wallonne,50.472132,4.862588,92094,Normales,Normaal,Propre,Proper,Jour,En agglomération,Route communale,Avec blessé(s) leger(s),Motocyclette,usager/obstacle,Usager contre obstacle situé hors chaussée,0
2019,08,16,Namur,Namen,Province de Namur,Région wallonne,50.458804,4.874628,92094,Normales,Normaal,Propre,Proper,Jour,En agglomération,Route régionale,Avec blessé(s) leger(s),Cyclomoteur,Voiture,Entre 2 conducteurs: Flanc contre flanc,0
2019,08,13,Namur,Namen,Province de Namur,Région wallonne,50.448779,4.884725,92094,Pluie,Regenval,"Humide, mouillé, flaques","Nat, plassen",Jour,En agglomération,Route communale,Avec blessé(s) leger(s),Voiture,Bicyclette,Entre 2 conducteurs: Collision frontale,1
2019,08,13,Namur,Namen,Province de Namur,Région wallonne,50.457876,4.828498,92094,Normales,Normaal,Sec,Droog,Jour,En agglomération,Route communale,Avec blessé(s) leger(s),Motocyclette,usager seul,"Un seul usager, pas d'obstacle (chute incl.)",0
2019,08,19,Eghezée,Eghezée,Province de Namur,Région wallonne,50.58898,4.938268,92035,Normales,Normaal,Sec+Propre,Droog+Proper,Jour,Hors agglomération,Route communale,Avec blessé(s) leger(s),Cyclomoteur,usager/obstacle,Usager contre obstacle situé sur la chaussée,0
2019,08,12,Eghezée,Eghezée,Province de Namur,Région wallonne,,,92035,Normales,Normaal,Propre,Proper,Jour,En agglomération,Route communale,Avec blessé(s) leger(s),Voiture,Bicyclette,Entre 2 conducteurs: Flanc contre flanc,1
2019,08,13,Eghezée,Eghezée,Province de Namur,Région wallonne,50.582459,4.833349,92035,Normales,Normaal,Sec,Droog,Jour,En agglomération,Route régionale,Avec blessé(s) leger(s),Motocyclette,usager seul,"Un seul usager, pas d'obstacle (chute incl.)",0
2019,08,09,Gesves,Gesves,Province de Namur,Région wallonne,,,92054,Normales,Normaal,Propre,Proper,Jour,En agglomération,Route communale,Avec blessé(s) grave(s),Motocyclette,usager seul,"Un seul usager, pas d'obstacle (chute incl.)",0
2019,08,12,Andenne,Andenne,Province de Namur,Région wallonne,50.51427,4.993183,92003,Normales,Normaal,Sec,Droog,Jour,Hors agglomération,Route régionale,Avec blessé(s) leger(s),Motocyclette,usager seul,"Un seul usager, pas d'obstacle (chute incl.)",0
2019,08,11,Profondeville,Profondeville,Province de Namur,Région wallonne,50.387043,4.90551,92101,Normales,Normaal,Propre,Proper,Jour,En agglomération,Route communale,Avec blessé(s) leger(s),Camion,Cyclomoteur,Entre 2 conducteurs: Collision frontale,0
2019,08,08,Floreffe,Floreffe,Province de Namur,Région wallonne,50.455237,4.740862,92045,Normales,Normaal,Propre,Proper,Jour,Hors agglomération,Route communale,Avec blessé(s) leger(s),Cyclomoteur,usager seul,"Un seul usager, pas d'obstacle (chute incl.)",0
2019,08,09,Mettet,Mettet,Province de Namur,Région wallonne,50.281737,4.635606,92087,Normales,Normaal,Propre,Proper,Jour,Hors agglomération,Route régionale,Avec blessé(s) leger(s),Motocyclette,usager seul,"Un seul usager, pas d'obstacle (chute incl.)",0
2019,08,16,Mettet,Mettet,Province de Namur,Région wallonne,50.289377,4.643665,92087,Normales,Normaal,Sec,Droog,Jour,Hors agglomération,Route régionale,Avec blessé(s) leger(s),Motocyclette,Voiture,Entre 2 conducteurs: Par le côté (avant/derrière-flanc),1
2019,08,13,Florennes,Florennes,Province de Namur,Région wallonne,50.23534,4.684217,93022,Normales,Normaal,"Sale (sable, gravier, feuilles,...)","Vuil (zand, grint, bladeren,...)",Jour,Hors agglomération,Route régionale,Avec blessé(s) leger(s),Motocyclette,usager seul,"Un seul usager, pas d'obstacle (chute incl.)",0
2019,08,12,Florennes,Florennes,Province de Namur,Région wallonne,,,93022,"Inconnues, indéterminées",Onbekend,"Inconnu, indéterminé",Onbekend,Jour,inconnu,Route régionale,Avec blessé(s) leger(s),Voiture,Bicyclette,Entre 2 conducteurs: Flanc contre flanc,0
2019,08,18,Walcourt,Walcourt,Province de Namur,Région wallonne,,,93088,Normales,Normaal,Propre,Proper,Jour,Hors agglomération,Route communale,Avec blessé(s) leger(s),Motocyclette,usager seul,"Un seul usager, pas d'obstacle (chute incl.)",0
2019,08,23,Walcourt,Walcourt,Province de Namur,Région wallonne,50.267849,4.447756,93088,Normales,Normaal,Propre,Proper,"Nuit, éclairage public présent et allumé",Hors agglomération,Route régionale,Avec blessé(s) leger(s),Voiture,Motocyclette,Entre 2 conducteurs: Par l'arrière,0
2019,08,15,Beauraing,Beauraing,Province de Namur,Région wallonne,50.146069,4.928918,91013,Normales,Normaal,Propre,Proper,Jour,Hors agglomération,Route régionale,Avec blessé(s) leger(s),Motocyclette,usager seul,"Un seul usager, pas d'obstacle (chute incl.)",0
2019,08,15,Vresse-sur-Semois,Vresse-sur-Semois,Province de Namur,Région wallonne,49.869783,4.899913,91143,Normales,Normaal,Sec+Propre,Droog+Proper,Jour,Hors agglomération,Route régionale,Avec blessé(s) grave(s),Motocyclette,Motocyclette,Entre 2 conducteurs: Par l'arrière,0
2019,08,12,Gedinne,Gedinne,Province de Namur,Région wallonne,,,91054,Normales,Normaal,Sec,Droog,Jour,Hors agglomération,Route régionale,Avec blessé(s) leger(s),Motocyclette,usager seul,"Un seul usager, pas d'obstacle (chute incl.)",0
2019,08,17,Couvin,Couvin,Province de Namur,Région wallonne,50.042629,4.502615,93014,Normales,Normaal,Propre,Proper,Jour,En agglomération,Route communale,Avec blessé(s) leger(s),Voiture,Bicyclette,Entre 2 conducteurs: Par le côté (avant/derrière-flanc),0
2019,08,12,Couvin,Couvin,Province de Namur,Région wallonne,,,93014,Normales,Normaal,Sec+Propre,Droog+Proper,Jour,Hors agglomération,Route communale,Avec blessé(s) leger(s),Cyclomoteur,usager seul,"Un seul usager, pas d'obstacle (chute incl.)",0
2019,08,13,Dinant,Dinant,Province de Namur,Région wallonne,,,91034,Normales,Normaal,Sec+Propre,Droog+Proper,Jour,En agglomération,Route communale,Avec blessé(s) leger(s),Voiture,Motocyclette,Entre 2 conducteurs: Flanc contre flanc,0
2019,08,12,Yvoir,Yvoir,Province de Namur,Région wallonne,50.3527,4.879397,91141,Normales,Normaal,Sec,Droog,Jour,En agglomération,Route régionale,Avec blessé(s) leger(s),Voiture,Bicyclette,Entre 2 conducteurs: Flanc contre flanc,0
2019,08,11,Hastière,Hastière,Province de Namur,Région wallonne,50.214184,4.824181,91142,Normales,Normaal,Propre,Proper,Jour,En agglomération,Route régionale,Avec blessé(s) leger(s),Voiture,Motocyclette,Entre 2 conducteurs: Par le côté (avant/derrière-flanc),0
2019,08,18,Anhée,Anhée,Province de Namur,Région wallonne,50.348636,4.851491,91005,Normales,Normaal,Propre,Proper,Jour,En agglomération,Route régionale,Avec blessé(s) leger(s),Motocyclette,usager seul,"Un seul usager, pas d'obstacle (chute incl.)",0
2019,08,16,Dinant,Dinant,Province de Namur,Région wallonne,50.275983,4.895122,91034,Normales,Normaal,Propre,Proper,Jour,Hors agglomération,Route régionale,Avec blessé(s) leger(s),Voiture,Motocyclette,Entre 2 conducteurs: Par le côté (avant/derrière-flanc),0
2019,08,16,Dinant,Dinant,Province de Namur,Région wallonne,,,91034,Pluie,Regenval,"Humide, mouillé, flaques+Propre","Nat, plassen+Proper",Jour,En agglomération,Route régionale,Avec blessé(s) leger(s),Cyclomoteur,Voiture,Entre 2 conducteurs: Par l'arrière,0
2019,08,16,Onhaye,Onhaye,Province de Namur,Région wallonne,50.239402,4.74961,91103,Pluie,Regenval,"Humide, mouillé, flaques+Sale (sable, gravier, feuilles,...)","Nat, plassen+Vuil (zand, grint, bladeren,...)",Jour,Hors agglomération,Route communale,Avec blessé(s) leger(s),Motocyclette,usager seul,"Un seul usager, pas d'obstacle (chute incl.)",1
2019,08,08,Rochefort,Rochefort,Province de Namur,Région wallonne,,,91114,Normales,Normaal,Propre,Proper,Jour,En agglomération,Route régionale,Avec blessé(s) leger(s),Voiture,Motocyclette,Entre 2 conducteurs: Par le côté (avant/derrière-flanc),1
2019,08,12,Somme-Leuze,Somme-Leuze,Province de Namur,Région wallonne,,,91120,"Inconnues, indéterminées",Onbekend,Propre,Proper,Jour,En agglomération,Route régionale,Avec blessé(s) leger(s),Voiture,Bicyclette,Entre 2 conducteurs: Par le côté (avant/derrière-flanc),0
2019,08,16,Ciney,Ciney,Province de Namur,Région wallonne,50.249735,5.199911,91030,Normales,Normaal,Sec+Propre,Droog+Proper,Jour,En agglomération,Route régionale,Avec blessé(s) leger(s),Motocyclette,Voiture,Entre 2 conducteurs: Par l'arrière,0
2019,08,07,Ciney,Ciney,Province de Namur,Région wallonne,50.296408,5.101322,91030,Normales,Normaal,Propre,Proper,Jour,En agglomération,Route régionale,Avec blessé(s) leger(s),Voiture,Bicyclette,Entre 2 conducteurs: Collision frontale,1
2019,08,11,Somme-Leuze,Somme-Leuze,Province de Namur,Région wallonne,50.300003,5.376914,91120,Normales,Normaal,Sec,Droog,Jour,En agglomération,Route régionale,Avec blessé(s) leger(s),Voiture,Bicyclette,Collision en chaîne (3 conducteurs ou plus),0
2019,08,16,Somme-Leuze,Somme-Leuze,Province de Namur,Région wallonne,50.298575,5.314774,91120,Normales,Normaal,Propre,Proper,Jour,Hors agglomération,Route régionale,Avec tué(s),Voiture,Motocyclette,Entre 2 conducteurs: Collision frontale,0
2019,08,16,Cerfontaine,Cerfontaine,Province de Namur,Région wallonne,50.215569,4.398378,93010,Normales,Normaal,Sec,Droog,Jour,Hors agglomération,Route régionale,Avec blessé(s) leger(s),Motocyclette,usager/obstacle,Usager contre obstacle situé hors chaussée,0
2019,08,11,Cerfontaine,Cerfontaine,Province de Namur,Région wallonne,50.181823,4.399735,93010,Normales,Normaal,Propre,Proper,Jour,Hors agglomération,Route régionale,Avec blessé(s) grave(s),Motocyclette,Voiture,Entre 2 conducteurs: Par le côté (avant/derrière-flanc),1
2019,08,08,Tournai,Doornik,Province de Hainaut,Région wallonne,,,57081,Normales,Normaal,Sec,Droog,Jour,Hors agglomération,Route régionale,Avec blessé(s) leger(s),Cyclomoteur,usager seul,"Un seul usager, pas d'obstacle (chute incl.)",1
2019,08,17,Tournai,Doornik,Province de Hainaut,Région wallonne,50.610283,3.395971,57081,Normales,Normaal,Sec+Propre,Droog+Proper,Jour,En agglomération,Route communale,Avec blessé(s) leger(s),Voiture,Cyclomoteur,Entre 2 conducteurs: Par le côté (avant/derrière-flanc),1
2019,08,12,Tournai,Doornik,Province de Hainaut,Région wallonne,50.593519,3.53326,57081,Normales,Normaal,Sec,Droog,Jour,En agglomération,Route régionale,Avec blessé(s) leger(s),Motocyclette,Voiture,Entre 2 conducteurs: Par le côté (avant/derrière-flanc),0
2019,08,10,Rumes,Rumes,Province de Hainaut,Région wallonne,,,57072,Normales,Normaal,Propre,Proper,Jour,Hors agglomération,Route régionale,Avec blessé(s) leger(s),Bicyclette,Voiture,Entre 2 conducteurs: Flanc contre flanc,0
2019,08,05,Mouscron,Moeskroen,Province de Hainaut,Région wallonne,,,57096,Normales,Normaal,"Humide, mouillé, flaques","Nat, plassen","Nuit, éclairage public présent et allumé",Hors agglomération,Route communale,Avec blessé(s) leger(s),Motocyclette,Voiture,Entre 2 conducteurs: Flanc contre flanc,0
2019,08,17,Mouscron,Moeskroen,Province de Hainaut,Région wallonne,,,57096,Normales,Normaal,Sec,Droog,Jour,En agglomération,Route communale,Avec blessé(s) leger(s),Bicyclette,Bicyclette,Entre 2 conducteurs: Par l'arrière,0
2019,08,19,Mouscron,Moeskroen,Province de Hainaut,Région wallonne,,,57096,Normales,Normaal,Sec,Droog,Jour,En agglomération,Route régionale,Avec blessé(s) leger(s),Cyclomoteur,usager seul,"Un seul usager, pas d'obstacle (chute incl.)",0
2019,08,16,Mouscron,Moeskroen,Province de Hainaut,Région wallonne,50.729603,3.302859,57096,Normales,Normaal,Propre,Proper,Jour,En agglomération,Route communale,Avec blessé(s) grave(s),Voiture,Bicyclette,Entre 2 conducteurs: Par le côté (avant/derrière-flanc),0
2019,08,16,Mouscron,Moeskroen,Province de Hainaut,Région wallonne,50.742066,3.246739,57096,Normales,Normaal,Sec+Propre,Droog+Proper,Jour,Hors agglomération,Route régionale,Avec blessé(s) leger(s),Voiture,Motocyclette,Entre 2 conducteurs: Par l'arrière,0
2019,08,14,Mouscron,Moeskroen,Province de Hainaut,Région wallonne,,,57096,"Inconnues, indéterminées",Onbekend,"Inconnu, indéterminé",Onbekend,Jour,inconnu,Route régionale,Avec blessé(s) leger(s),Motocyclette,Bicyclette,Entre 2 conducteurs: Flanc contre flanc,0
2019,08,23,Comines-Warneton,Komen-Waasten,Province de Hainaut,Région wallonne,50.707848,2.875273,57097,Normales,Normaal,Sec+Propre,Droog+Proper,"Nuit, éclairage public présent et allumé",En agglomération,Route communale,Avec blessé(s) grave(s),Bicyclette,Voiture,Entre 2 conducteurs: Collision frontale,0
2019,08,17,Beloeil,Beloeil,Province de Hainaut,Région wallonne,50.533467,3.652198,51008,Normales,Normaal,Propre,Proper,Jour,En agglomération,Route communale,Avec blessé(s) leger(s),Voiture,Bicyclette,Entre 2 conducteurs: Flanc contre flanc,0
2019,08,12,Beloeil,Beloeil,Province de Hainaut,Région wallonne,50.496314,3.70715,51008,Normales,Normaal,Sec,Droog,Jour,En agglomération,Route communale,Avec blessé(s) grave(s),Voiture,Cyclomoteur,Entre 2 conducteurs: Collision frontale,1
2019,08,11,Mont-de-l’Enclus,Mont-de-l’Enclus,Province de Hainaut,Région wallonne,50.755792,3.466363,57095,Normales,Normaal,Propre,Proper,Jour,Hors agglomération,Route communale,Avec blessé(s) leger(s),Bicyclette,Motocyclette,Entre 2 conducteurs: Par l'arrière,1
2019,08,14,Ath,Aat,Province de Hainaut,Région wallonne,50.630768,3.784483,51004,Normales,Normaal,Propre,Proper,Jour,En agglomération,Route régionale,Avec blessé(s) leger(s),Bicyclette,Voiture,Entre 2 conducteurs: Par l'arrière,1
2019,08,12,Ath,Aat,Province de Hainaut,Région wallonne,50.627328,3.778208,51004,Normales,Normaal,Sec,Droog,Jour,En agglomération,Route communale,Avec blessé(s) leger(s),Voiture,Bicyclette,Entre 2 conducteurs: Par l'arrière,0
2019,08,11,Ath,Aat,Province de Hainaut,Région wallonne,50.633554,3.776405,51004,Normales,Normaal,Sec+Propre,Droog+Proper,Jour,En agglomération,Route communale,Avec blessé(s) leger(s),Motocyclette,usager seul,"Un seul usager, pas d'obstacle (chute incl.)",0
2019,08,17,Frasnes-lez-Anvaing,Frasnes-lez-Anvaing,Province de Hainaut,Région wallonne,,,51065,Normales,Normaal,Sec+Propre,Droog+Proper,Jour,Hors agglomération,Route communale,Avec blessé(s) leger(s),Voiture,Motocyclette,Entre 2 conducteurs: Par l'arrière,1
2019,08,15,Lessines,Lessen,Province de Hainaut,Région wallonne,50.730489,3.858668,51069,Normales,Normaal,Sec+Propre,Droog+Proper,Jour,En agglomération,Route communale,Avec blessé(s) leger(s),Bicyclette,usager/obstacle,Usager contre obstacle situé sur la chaussée,0
2019,08,19,Ellezelles,Elzele,Province de Hainaut,Région wallonne,50.71907,3.680599,51017,Normales,Normaal,Sec,Droog,Jour,Hors agglomération,Route communale,Avec blessé(s) leger(s),Motocyclette,usager seul,"Un seul usager, pas d'obstacle (chute incl.)",0
2019,08,14,Mons,Bergen,Province de Hainaut,Région wallonne,50.447275,3.952729,53053,Normales,Normaal,Propre,Proper,Jour,En agglomération,Route communale,Avec tué(s),Voiture,Motocyclette,Entre 2 conducteurs: Flanc contre flanc,0
2019,08,07,Mons,Bergen,Province de Hainaut,Région wallonne,50.470527,3.917787,53053,"Inconnues, indéterminées",Onbekend,"Inconnu, indéterminé",Onbekend,"Inconnu, indéterminé",En agglomération,Route régionale,Avec blessé(s) leger(s),Motocyclette,usager/obstacle,Usager contre obstacle situé sur la chaussée,1
2019,08,16,Mons,Bergen,Province de Hainaut,Région wallonne,,,53053,Normales,Normaal,Sec+Propre,Droog+Proper,Jour,En agglomération,Route communale,Avec blessé(s) grave(s),Voiture,Cyclomoteur,Entre 2 conducteurs: Collision frontale,1
2019,08,00,Mons,Bergen,Province de Hainaut,Région wallonne,,,53053,"Inconnues, indéterminées",Onbekend,Propre,Proper,"Nuit, éclairage public présent et allumé",En agglomération,Route régionale,Avec blessé(s) leger(s),Voiture,Motocyclette,Entre 2 conducteurs: Collision frontale,0
2019,08,15,La Louvière,La Louvière,Province de Hainaut,Région wallonne,50.448685,4.144979,58001,Normales,Normaal,Sec+Propre,Droog+Proper,Jour,En agglomération,Route communale,Avec blessé(s) leger(s),Bicyclette,Voiture,Entre 2 conducteurs: Par l'arrière,0
2019,08,12,La Louvière,La Louvière,Province de Hainaut,Région wallonne,,,58001,Normales,Normaal,Sec+Propre,Droog+Proper,Jour,En agglomération,Route communale,Avec blessé(s) leger(s),Voiture,Bicyclette,Entre 2 conducteurs: Par le côté (avant/derrière-flanc),1
2019,08,18,La Louvière,La Louvière,Province de Hainaut,Région wallonne,,,58001,Normales,Normaal,Sec,Droog,Jour,En agglomération,Route communale,Avec blessé(s) leger(s),Cyclomoteur,Voiture,Entre 2 conducteurs: Par le côté (avant/derrière-flanc),0
2019,08,16,La Louvière,La Louvière,Province de Hainaut,Région wallonne,50.461363,4.154037,58001,Normales,Normaal,Propre,Proper,Jour,En agglomération,Route communale,Avec blessé(s) leger(s),Motocyclette,usager seul,"Un seul usager, pas d'obstacle (chute incl.)",0
2019,08,21,La Louvière,La Louvière,Province de Hainaut,Région wallonne,50.479521,4.206782,58001,Normales,Normaal,Sec+Propre,Droog+Proper,"Nuit, pas d'éclairage public présent",En agglomération,Route communale,Avec blessé(s) leger(s),Cyclomoteur,usager seul,"Un seul usager, pas d'obstacle (chute incl.)",1
2019,08,07,Jurbise,Jurbeke,Province de Hainaut,Région wallonne,,,53044,Normales,Normaal,Propre,Proper,Jour,En agglomération,Route communale,Avec blessé(s) leger(s),Motocyclette,usager seul,"Un seul usager, pas d'obstacle (chute incl.)",0
2019,08,16,Enghien,Edingen,Province de Hainaut,Région wallonne,50.684816,4.00531,51067,Normales,Normaal,Sec,Droog,Jour,Hors agglomération,Route régionale,Avec blessé(s) grave(s),Motocyclette,Voiture,Entre 2 conducteurs: Par le côté (avant/derrière-flanc),1
2019,08,20,Quaregnon,Quaregnon,Province de Hainaut,Région wallonne,,,53065,Normales,Normaal,Sec,Droog,Jour,Hors agglomération,Route régionale,Avec blessé(s) leger(s),Motocyclette,usager/obstacle,Usager contre obstacle situé hors chaussée,0
2019,08,09,Mons,Bergen,Province de Hainaut,Région wallonne,50.457936,3.955472,53053,Normales,Normaal,Sec,Droog,Jour,En agglomération,Route communale,Avec blessé(s) leger(s),Cyclomoteur,Cyclomoteur,Entre 2 conducteurs: Par le côté (avant/derrière-flanc),0
2019,08,07,Saint-Ghislain,Saint-Ghislain,Province de Hainaut,Région wallonne,,,53070,"Inconnues, indéterminées",Onbekend,"Inconnu, indéterminé",Onbekend,"Inconnu, indéterminé",inconnu,Route communale,Avec blessé(s) leger(s),Bicyclette,Voiture,Entre 2 conducteurs: Par le côté (avant/derrière-flanc),0
2019,08,12,Ecaussinnes,Ecaussinnes,Province de Hainaut,Région wallonne,,,55050,Normales,Normaal,"Inconnu, indéterminé",Onbekend,Jour,Hors agglomération,Route communale,Avec blessé(s) leger(s),Bicyclette,usager/obstacle,Usager contre obstacle situé sur la chaussée,0
2019,08,15,Charleroi,Charleroi,Province de Hainaut,Région wallonne,,,52011,Normales,Normaal,Propre,Proper,Jour,En agglomération,Route régionale,Avec blessé(s) leger(s),Voiture,Cyclomoteur,Entre 2 conducteurs: Par l'arrière,0
2019,08,16,Châtelet,Châtelet,Province de Hainaut,Région wallonne,50.420989,4.514803,52012,Normales,Normaal,"Sale (sable, gravier, feuilles,...)","Vuil (zand, grint, bladeren,...)",Jour,En agglomération,Route communale,Avec blessé(s) leger(s),Bicyclette,usager seul,"Un seul usager, pas d'obstacle (chute incl.)",1
2019,08,17,Charleroi,Charleroi,Province de Hainaut,Région wallonne,,,52011,Normales,Normaal,"Humide, mouillé, flaques","Nat, plassen",Jour,Hors agglomération,Route régionale,Avec blessé(s) leger(s),Cyclomoteur,usager seul,"Un seul usager, pas d'obstacle (chute incl.)",0
2019,08,16,Châtelet,Châtelet,Province de Hainaut,Région wallonne,,,52012,Normales,Normaal,Sec,Droog,Jour,En agglomération,Route communale,Avec blessé(s) leger(s),Voiture,Cyclomoteur,Entre 2 conducteurs: Par le côté (avant/derrière-flanc),1
2019,08,01,Charleroi,Charleroi,Province de Hainaut,Région wallonne,,,52011,Pluie,Regenval,"Humide, mouillé, flaques","Nat, plassen","Nuit, éclairage public présent et allumé",En agglomération,Route communale,Avec blessé(s) leger(s),Voiture,Motocyclette,Entre 2 conducteurs: Par le côté (avant/derrière-flanc),1
2019,08,15,Charleroi,Charleroi,Province de Hainaut,Région wallonne,50.422618,4.480188,52011,Normales,Normaal,Sec+Propre,Droog+Proper,Jour,En agglomération,Route régionale,Avec blessé(s) leger(s),Voiture,Cyclomoteur,Entre 2 conducteurs: Collision frontale,0
2019,08,10,Charleroi,Charleroi,Province de Hainaut,Région wallonne,50.389359,4.43345,52011,Normales,Normaal,Propre,Proper,Jour,En agglomération,Route régionale,Avec blessé(s) leger(s),Camionnette,Cyclomoteur,Entre 2 conducteurs: Collision frontale,0
2019,08,13,Charleroi,Charleroi,Province de Hainaut,Région wallonne,50.426566,4.415129,52011,Normales,Normaal,Sec+Propre,Droog+Proper,Jour,En agglomération,Route communale,Avec blessé(s) leger(s),Bicyclette,Voiture,Entre 2 conducteurs: Par le côté (avant/derrière-flanc),0
2019,08,15,Charleroi,Charleroi,Province de Hainaut,Région wallonne,50.389108,4.405432,52011,Normales,Normaal,Propre,Proper,Jour,En agglomération,Route régionale,Avec blessé(s) leger(s),Voiture,Motocyclette,Entre 2 conducteurs: Par l'arrière,0
2019,08,16,Charleroi,Charleroi,Province de Hainaut,Région wallonne,,,52011,Normales,Normaal,Sec,Droog,Jour,En agglomération,Route régionale,Avec blessé(s) leger(s),Voiture,Motocyclette,Entre 2 conducteurs: Par le côté (avant/derrière-flanc),1
2019,08,20,Charleroi,Charleroi,Province de Hainaut,Région wallonne,,,52011,Pluie,Regenval,"Humide, mouillé, flaques","Nat, plassen","Nuit, éclairage public présent et allumé",En agglomération,Route communale,Avec blessé(s) leger(s),Cyclomoteur,usager seul,"Un seul usager, pas d'obstacle (chute incl.)",1
2019,08,17,Charleroi,Charleroi,Province de Hainaut,Région wallonne,,,52011,Normales,Normaal,Sec+Propre,Droog+Proper,Jour,En agglomération,Route communale,Avec blessé(s) leger(s),Voiture,Motocyclette,Entre 2 conducteurs: Par l'arrière,0
2019,08,18,Farciennes,Farciennes,Province de Hainaut,Région wallonne,50.433096,4.543348,52018,Normales,Normaal,Sec,Droog,Jour,En agglomération,Route communale,Avec blessé(s) grave(s),Voiture,Bicyclette,Entre 2 conducteurs: Par l'arrière,1
2019,08,19,Froidchapelle,Froidchapelle,Province de Hainaut,Région wallonne,50.156979,4.353677,56029,Normales,Normaal,Propre,Proper,Jour,Hors agglomération,Route communale,Avec tué(s),Motocyclette,usager/obstacle,Usager contre obstacle situé hors chaussée,0
2019,08,18,Froidchapelle,Froidchapelle,Province de Hainaut,Région wallonne,,,56029,Normales,Normaal,Propre,Proper,Jour,Hors agglomération,Route régionale,Avec blessé(s) leger(s),Voiture,Motocyclette,Entre 2 conducteurs: Par le côté (avant/derrière-flanc),1
2019,08,13,Froidchapelle,Froidchapelle,Province de Hainaut,Région wallonne,,,56029,Normales,Normaal,"Sale (sable, gravier, feuilles,...)","Vuil (zand, grint, bladeren,...)",Jour,Hors agglomération,Route régionale,Avec blessé(s) leger(s),Motocyclette,usager/obstacle,Usager contre obstacle situé hors chaussée,1
2019,08,15,Anderlues,Anderlues,Province de Hainaut,Région wallonne,50.42366,4.255868,56001,Normales,Normaal,Sec+Propre,Droog+Proper,Jour,En agglomération,Route communale,Avec blessé(s) leger(s),Voiture,Motocyclette,Entre 2 conducteurs: Par l'arrière,1
2019,08,16,Seneffe,Seneffe,Province de Hainaut,Région wallonne,50.565298,4.281627,55085,Pluie,Regenval,"Humide, mouillé, flaques","Nat, plassen",Jour,En agglomération,Route régionale,Avec blessé(s) leger(s),Motocyclette,Voiture,Entre 2 conducteurs: Par le côté (avant/derrière-flanc),1
2019,08,20,Manage,Manage,Province de Hainaut,Région wallonne,50.487059,4.227779,55086,Normales,Normaal,Sec,Droog,Jour,En agglomération,Route régionale,Avec blessé(s) leger(s),Voiture,Cyclomoteur,Entre 2 conducteurs: Par le côté (avant/derrière-flanc),1
2019,08,10,Courcelles,Courcelles,Province de Hainaut,Région wallonne,50.460585,4.379025,52015,Normales,Normaal,Sec,Droog,Jour,En agglomération,Route régionale,Avec blessé(s) leger(s),Voiture,Cyclomoteur,Entre 2 conducteurs: Flanc contre flanc,0
2019,08,13,Fontaine-l’Evêque,Fontaine-l’Evêque,Province de Hainaut,Région wallonne,50.415611,4.308667,52022,Pluie,Regenval,"Humide, mouillé, flaques","Nat, plassen",Jour,En agglomération,Route communale,Avec blessé(s) leger(s),Cyclomoteur,usager seul,"Un seul usager, pas d'obstacle (chute incl.)",0
2019,08,19,Fleurus,Fleurus,Province de Hainaut,Région wallonne,50.473994,4.585044,52021,Normales,Normaal,Propre,Proper,Jour,En agglomération,Route régionale,Avec blessé(s) leger(s),Cyclomoteur,usager/obstacle,Usager contre obstacle situé hors chaussée,0
2019,08,09,Pont-à-Celles,Pont-à-Celles,Province de Hainaut,Région wallonne,,,52055,Normales,Normaal,Sec,Droog,Jour,En agglomération,Route communale,Avec blessé(s) leger(s),Voiture,Bicyclette,Entre 2 conducteurs: Flanc contre flanc,0
2019,08,20,Les Bons Villers,Les Bons Villers,Province de Hainaut,Région wallonne,50.540132,4.418657,52075,Normales,Normaal,Sec+Propre,Droog+Proper,Jour,En agglomération,Route communale,Avec blessé(s) leger(s),Motocyclette,usager/obstacle,Usager contre obstacle situé hors chaussée,0
2019,08,16,Fleurus,Fleurus,Province de Hainaut,Région wallonne,50.480616,4.54971,52021,Normales,Normaal,Sec,Droog,Jour,En agglomération,Route régionale,Avec blessé(s) leger(s),Voiture,Bicyclette,Entre 2 conducteurs: Par le côté (avant/derrière-flanc),0
2019,08,17,Pont-à-Celles,Pont-à-Celles,Province de Hainaut,Région wallonne,50.485392,4.429626,52055,Normales,Normaal,Sec+Propre,Droog+Proper,Jour,En agglomération,Route régionale,Avec blessé(s) leger(s),Voiture,Motocyclette,Entre 2 conducteurs: Par le côté (avant/derrière-flanc),0
2019,08,18,Thuin,Thuin,Province de Hainaut,Région wallonne,50.339149,4.30444,56078,Normales,Normaal,Propre,Proper,"Aube, crépuscule",En agglomération,Route régionale,Avec blessé(s) grave(s),Cyclomoteur,Voiture,Entre 2 conducteurs: Par le côté (avant/derrière-flanc),0
2019,08,16,Montigny-le-Tilleul,Montigny-le-Tilleul,Province de Hainaut,Région wallonne,50.383915,4.342863,52048,Normales,Normaal,Sec+Propre,Droog+Proper,Jour,En agglomération,Route communale,Avec blessé(s) grave(s),Voiture,Motocyclette,Entre 2 conducteurs: Par l'arrière,0
2019,08,21,Thuin,Thuin,Province de Hainaut,Région wallonne,,,56078,"Inconnues, indéterminées",Onbekend,"Inconnu, indéterminé",Onbekend,"Inconnu, indéterminé",inconnu,Route communale,Avec blessé(s) leger(s),Bicyclette,Voiture,Entre 2 conducteurs: Flanc contre flanc,0
2019,08,16,Bruxelles,Brussel,,Région de Bruxelles-Capitale,50.850722,4.344848,21004,Normales,Normaal,Sec+Propre,Droog+Proper,Jour,En agglomération,Route communale,Avec blessé(s) leger(s),Cyclomoteur,Voiture,Entre 2 conducteurs: Flanc contre flanc,0
2019,08,10,Saint-Gilles,Sint-Gillis,,Région de Bruxelles-Capitale,50.839176,4.340503,21013,Normales,Normaal,Sec,Droog,Jour,En agglomération,Route régionale,Avec blessé(s) leger(s),Voiture,Motocyclette,Entre 2 conducteurs: Par le côté (avant/derrière-flanc),1
2019,08,14,Bruxelles,Brussel,,Région de Bruxelles-Capitale,50.881474,4.347695,21004,Normales,Normaal,Sec,Droog,Jour,En agglomération,Route communale,Avec blessé(s) leger(s),Cyclomoteur,Voiture,Entre 2 conducteurs: Par le côté (avant/derrière-flanc),1
2019,08,10,Ixelles,Elsene,,Région de Bruxelles-Capitale,50.832072,4.367268,21009,Normales,Normaal,Sec,Droog,Jour,En agglomération,Route régionale,Avec blessé(s) leger(s),Voiture,Bicyclette,Entre 2 conducteurs: Par le côté (avant/derrière-flanc),1
2019,08,15,Bruxelles,Brussel,,Région de Bruxelles-Capitale,50.846032,4.349643,21004,Normales,Normaal,Sec+Propre,Droog+Proper,Jour,En agglomération,Route communale,Avec blessé(s) leger(s),Voiture,Motocyclette,Entre 2 conducteurs: Par l'arrière,1
2019,08,08,Bruxelles,Brussel,,Région de Bruxelles-Capitale,50.863083,4.352511,21004,Normales,Normaal,Sec,Droog,Jour,En agglomération,Route communale,Avec blessé(s) leger(s),Voiture,Motocyclette,Entre 2 conducteurs: Par le côté (avant/derrière-flanc),0
2019,08,18,Bruxelles,Brussel,,Région de Bruxelles-Capitale,50.883319,4.351323,21004,Normales,Normaal,Sec,Droog,Jour,En agglomération,Route communale,Avec blessé(s) leger(s),Bicyclette,usager seul,"Un seul usager, pas d'obstacle (chute incl.)",0
2019,08,15,Etterbeek,Etterbeek,,Région de Bruxelles-Capitale,,,21005,Normales,Normaal,"Inconnu, indéterminé",Onbekend,Jour,En agglomération,Route régionale,Avec blessé(s) leger(s),Bicyclette,Voiture,Entre 2 conducteurs: Par le côté (avant/derrière-flanc),0
2019,08,17,Ixelles,Elsene,,Région de Bruxelles-Capitale,50.832707,4.377941,21009,Normales,Normaal,Sec+Propre,Droog+Proper,Jour,En agglomération,Route communale,Avec blessé(s) leger(s),Voiture,Motocyclette,Entre 2 conducteurs: Par l'arrière,0
2019,08,11,Bruxelles,Brussel,,Région de Bruxelles-Capitale,50.831562,4.359118,21004,Normales,Normaal,Sec,Droog,Jour,En agglomération,Route régionale,Avec blessé(s) leger(s),Voiture,Bicyclette,Entre 2 conducteurs: Flanc contre flanc,0
2019,08,17,Bruxelles,Brussel,,Région de Bruxelles-Capitale,50.849439,4.351162,21004,Normales,Normaal,Sec+Propre,Droog+Proper,Jour,En agglomération,Route communale,Avec blessé(s) leger(s),Bicyclette,Piéton,Avec un piéton,0
2019,08,20,Bruxelles,Brussel,,Région de Bruxelles-Capitale,,,21004,Normales,Normaal,Sec,Droog,Jour,En agglomération,Route régionale,Avec blessé(s) leger(s),Voiture,Motocyclette,Entre 2 conducteurs: Par l'arrière,0
2019,08,13,Bruxelles,Brussel,,Région de Bruxelles-Capitale,50.849559,4.363753,21004,Normales,Normaal,Sec+Propre,Droog+Proper,Jour,En agglomération,Route communale,Avec blessé(s) leger(s),Cyclomoteur,usager seul,"Un seul usager, pas d'obstacle (chute incl.)",0
2019,08,23,Bruxelles,Brussel,,Région de Bruxelles-Capitale,50.84951,4.34143,21004,Normales,Normaal,Propre,Proper,"Nuit, éclairage public présent et allumé",En agglomération,Route communale,Avec blessé(s) leger(s),Cyclomoteur,Voiture,Entre 2 conducteurs: Par le côté (avant/derrière-flanc),1
2019,08,08,Ixelles,Elsene,,Région de Bruxelles-Capitale,50.830166,4.370098,21009,Normales,Normaal,Sec,Droog,Jour,En agglomération,Route communale,Avec blessé(s) leger(s),Voiture,Bicyclette,Entre 2 conducteurs: Par le côté (avant/derrière-flanc),1
2019,08,08,Bruxelles,Brussel,,Région de Bruxelles-Capitale,,,21004,Normales,Normaal,Sec,Droog,Jour,En agglomération,Route communale,Avec blessé(s) leger(s),Voiture,Motocyclette,Entre 2 conducteurs: Par le côté (avant/derrière-flanc),1
2019,08,08,Bruxelles,Brussel,,Région de Bruxelles-Capitale,,,21004,Normales,Normaal,Propre,Proper,Jour,En agglomération,Route régionale,Avec blessé(s) leger(s),Camionnette,Bicyclette,Entre 2 conducteurs: Flanc contre flanc,0
2019,08,17,Ixelles,Elsene,,Région de Bruxelles-Capitale,50.817786,4.378863,21009,Normales,Normaal,Sec+Propre,Droog+Proper,Jour,En agglomération,Route régionale,Avec blessé(s) leger(s),Bicyclette,Camionnette,Entre 2 conducteurs: Par le côté (avant/derrière-flanc),0
2019,08,13,Bruxelles,Brussel,,Région de Bruxelles-Capitale,50.848539,4.378898,21004,Normales,Normaal,Sec,Droog,Jour,En agglomération,Route communale,Avec blessé(s) leger(s),Bicyclette,usager seul,"Un seul usager, pas d'obstacle (chute incl.)",0
2019,08,17,Bruxelles,Brussel,,Région de Bruxelles-Capitale,50.901026,4.360521,21004,Normales,Normaal,Propre,Proper,Jour,En agglomération,Route communale,Avec blessé(s) leger(s),Motocyclette,Voiture,Entre 2 conducteurs: Par l'arrière,0
2019,08,18,Bruxelles,Brussel,,Région de Bruxelles-Capitale,50.826004,4.365542,21004,Normales,Normaal,Sec,Droog,Jour,En agglomération,Route régionale,Avec blessé(s) leger(s),Motocyclette,Bicyclette,Entre 2 conducteurs: Par l'arrière,0
2019,08,19,Ixelles,Elsene,,Région de Bruxelles-Capitale,50.818361,4.379342,21009,Normales,Normaal,Sec+Propre,Droog+Proper,Jour,En agglomération,Route régionale,Avec blessé(s) leger(s),Bicyclette,Voiture,Entre 2 conducteurs: Par le côté (avant/derrière-flanc),1
2019,08,12,Ixelles,Elsene,,Région de Bruxelles-Capitale,,,21009,Normales,Normaal,Sec,Droog,Jour,En agglomération,Route régionale,Avec blessé(s) leger(s),Voiture,Bicyclette,Entre 2 conducteurs: Collision frontale,0
2019,08,15,Ixelles,Elsene,,Région de Bruxelles-Capitale,50.837511,4.362077,21009,Normales,Normaal,Sec+Propre,Droog+Proper,Jour,En agglomération,Route régionale,Avec blessé(s) leger(s),Bicyclette,Piéton,Avec un piéton,0
2019,08,23,Bruxelles,Brussel,,Région de Bruxelles-Capitale,50.827546,4.364424,21004,Normales,Normaal,Sec+Propre,Droog+Proper,"Nuit, éclairage public présent et allumé",En agglomération,Route communale,Avec blessé(s) leger(s),Voiture,Bicyclette,Entre 2 conducteurs: Par le côté (avant/derrière-flanc),0
2019,08,08,Bruxelles,Brussel,,Région de Bruxelles-Capitale,50.846843,4.36247,21004,"Inconnues, indéterminées",Onbekend,"Inconnu, indéterminé",Onbekend,Jour,En agglomération,Route régionale,Avec blessé(s) leger(s),Voiture,Bicyclette,Entre 2 conducteurs: Collision frontale,1
2019,08,07,Bruxelles,Brussel,,Région de Bruxelles-Capitale,,,21004,Normales,Normaal,Sec,Droog,Jour,En agglomération,Route régionale,Avec blessé(s) grave(s),Bicyclette,usager/obstacle,Usager contre obstacle situé sur la chaussée,0
2019,08,22,Bruxelles,Brussel,,Région de Bruxelles-Capitale,50.853065,4.351434,21004,Normales,Normaal,Propre,Proper,"Nuit, éclairage public présent et allumé",En agglomération,Route communale,Avec blessé(s) leger(s),Voiture,Bicyclette,Entre 2 conducteurs: Par l'arrière,0
2019,08,21,Bruxelles,Brussel,,Région de Bruxelles-Capitale,50.849063,4.382047,21004,Normales,Normaal,Sec+Propre,Droog+Proper,"Nuit, éclairage public présent et allumé",En agglomération,Route communale,Avec blessé(s) leger(s),Cyclomoteur,Motocyclette,Entre 2 conducteurs: Par le côté (avant/derrière-flanc),1
2019,08,23,Bruxelles,Brussel,,Région de Bruxelles-Capitale,50.834305,4.34306,21004,Normales,Normaal,Sec+Propre,Droog+Proper,"Nuit, éclairage public présent et allumé",En agglomération,Route régionale,Avec blessé(s) leger(s),Bicyclette,Voiture,Entre 2 conducteurs: Flanc contre flanc,1
2019,08,22,Bruxelles,Brussel,,Région de Bruxelles-Capitale,,,21004,Pluie,Regenval,"Humide, mouillé, flaques","Nat, plassen","Nuit, éclairage public présent et allumé",En agglomération,Route régionale,Avec blessé(s) leger(s),Bicyclette,usager seul,"Un seul usager, pas d'obstacle (chute incl.)",0
2019,08,16,Bruxelles,Brussel,,Région de Bruxelles-Capitale,50.848596,4.358398,21004,Normales,Normaal,Sec,Droog,Jour,En agglomération,Route communale,Avec blessé(s) leger(s),Voiture,Bicyclette,Entre 2 conducteurs: Flanc contre flanc,0
2019,08,16,Bruxelles,Brussel,,Région de Bruxelles-Capitale,50.840863,4.371716,21004,Pluie,Regenval,"Humide, mouillé, flaques","Nat, plassen",Jour,En agglomération,Route communale,Avec blessé(s) leger(s),Bicyclette,Voiture,Entre 2 conducteurs: Par le côté (avant/derrière-flanc),1
2019,08,16,Bruxelles,Brussel,,Région de Bruxelles-Capitale,50.85151,4.344523,21004,Pluie,Regenval,"Humide, mouillé, flaques","Nat, plassen",Jour,En agglomération,Route communale,Avec blessé(s) leger(s),Voiture,Bicyclette,Entre 2 conducteurs: Par le côté (avant/derrière-flanc),0
2019,08,09,Bruxelles,Brussel,,Région de Bruxelles-Capitale,50.811645,4.380841,21004,Normales,Normaal,Sec+Propre,Droog+Proper,Jour,En agglomération,Route régionale,Avec blessé(s) leger(s),Voiture,Bicyclette,Entre 2 conducteurs: Par le côté (avant/derrière-flanc),0
2019,08,09,Ixelles,Elsene,,Région de Bruxelles-Capitale,50.834273,4.356771,21009,Normales,Normaal,Sec,Droog,Jour,En agglomération,Route communale,Avec blessé(s) leger(s),Voiture,Bicyclette,Entre 2 conducteurs: Flanc contre flanc,0
2019,08,14,Ixelles,Elsene,,Région de Bruxelles-Capitale,50.83578,4.377223,21009,Normales,Normaal,Propre,Proper,Jour,En agglomération,Route régionale,Avec blessé(s) leger(s),Bicyclette,usager seul,"Un seul usager, pas d'obstacle (chute incl.)",0
2019,08,10,Bruxelles,Brussel,,Région de Bruxelles-Capitale,50.841506,4.384381,21004,Normales,Normaal,Propre,Proper,Jour,En agglomération,Route régionale,Avec blessé(s) leger(s),Motocyclette,Voiture,Entre 2 conducteurs: Flanc contre flanc,1
2019,08,10,Schaerbeek,Schaarbeek,,Région de Bruxelles-Capitale,50.85751,4.367966,21015,Normales,Normaal,Sec,Droog,Jour,En agglomération,Route régionale,Avec blessé(s) grave(s),Cyclomoteur,Piéton,Avec un piéton,0
2019,08,01,Ixelles,Elsene,,Région de Bruxelles-Capitale,50.829673,4.379082,21009,Normales,Normaal,Sec,Droog,"Nuit, éclairage public présent et allumé",En agglomération,Route régionale,Avec blessé(s) leger(s),Bicyclette,usager/obstacle,Usager contre obstacle situé sur la chaussée,1
2019,08,00,Bruxelles,Brussel,,Région de Bruxelles-Capitale,50.87872,4.352673,21004,Normales,Normaal,Sec+Propre,Droog+Proper,"Nuit, éclairage public présent et allumé",En agglomération,Route communale,Avec blessé(s) leger(s),Bicyclette,Voiture,Entre 2 conducteurs: Flanc contre flanc,0
2019,08,20,Bruxelles,Brussel,,Région de Bruxelles-Capitale,50.896066,4.35818,21004,Normales,Normaal,Sec,Droog,Jour,Hors agglomération,Route communale,Avec blessé(s) leger(s),Voiture,Cyclomoteur,Entre 2 conducteurs: Flanc contre flanc,0
2019,08,16,Bruxelles,Brussel,,Région de Bruxelles-Capitale,50.8592,4.349531,21004,Normales,Normaal,Sec+Propre,Droog+Proper,Jour,En agglomération,Route communale,Avec blessé(s) leger(s),Voiture,Bicyclette,Entre 2 conducteurs: Par le côté (avant/derrière-flanc),1
2019,08,08,Ixelles,Elsene,,Région de Bruxelles-Capitale,50.832842,4.375137,21009,Normales,Normaal,"Inconnu, indéterminé",Onbekend,"Inconnu, indéterminé",inconnu,Route régionale,Avec blessé(s) leger(s),Bicyclette,Voiture,Entre 2 conducteurs: Par le côté (avant/derrière-flanc),1
2019,08,08,Bruxelles,Brussel,,Région de Bruxelles-Capitale,,,21004,Normales,Normaal,Sec,Droog,Jour,En agglomération,Route communale,Avec blessé(s) leger(s),Voiture,Bicyclette,Entre 2 conducteurs: Par le côté (avant/derrière-flanc),0
2019,08,12,Bruxelles,Brussel,,Région de Bruxelles-Capitale,,,21004,Normales,Normaal,Sec+Propre,Droog+Proper,Jour,En agglomération,Route régionale,Avec blessé(s) leger(s),Bicyclette,Piéton,Avec un piéton,0
2019,08,06,Bruxelles,Brussel,,Région de Bruxelles-Capitale,50.898984,4.398854,21004,Normales,Normaal,Sec+Propre,Droog+Proper,Jour,En agglomération,Route communale,Avec blessé(s) leger(s),Autobus,Bicyclette,Entre 2 conducteurs: Flanc contre flanc,1
2019,08,17,Ixelles,Elsene,,Région de Bruxelles-Capitale,50.830619,4.373443,21009,Normales,Normaal,Sec,Droog,Jour,En agglomération,Route régionale,Avec blessé(s) leger(s),Cyclomoteur,Voiture,Entre 2 conducteurs: Par l'arrière,0
2019,08,13,Bruxelles,Brussel,,Région de Bruxelles-Capitale,50.844776,4.356659,21004,Normales,Normaal,Sec,Droog,Jour,En agglomération,Route communale,Avec blessé(s) leger(s),Bicyclette,usager seul,"Un seul usager, pas d'obstacle (chute incl.)",1
2019,08,18,Bruxelles,Brussel,,Région de Bruxelles-Capitale,50.850844,4.345441,21004,Normales,Normaal,Propre,Proper,Jour,En agglomération,Route communale,Avec blessé(s) leger(s),Voiture,Bicyclette,Entre 2 conducteurs: Par l'arrière,0
2019,08,18,Bruxelles,Brussel,,Région de Bruxelles-Capitale,50.840572,4.377631,21004,Normales,Normaal,Sec+Propre,Droog+Proper,Jour,En agglomération,Route régionale,Avec blessé(s) leger(s),Motocyclette,Motocyclette,Entre 2 conducteurs: Par l'arrière,0
2019,08,11,Bruxelles,Brussel,,Région de Bruxelles-Capitale,50.845755,4.361589,21004,Pluie,Regenval,"Humide, mouillé, flaques+Propre","Nat, plassen+Proper",Jour,En agglomération,Route communale,Avec blessé(s) leger(s),Bicyclette,usager seul,"Un seul usager, pas d'obstacle (chute incl.)",0
2019,08,18,Ixelles,Elsene,,Région de Bruxelles-Capitale,50.80932,4.386657,21009,Normales,Normaal,Sec,Droog,Jour,En agglomération,Route communale,Avec blessé(s) leger(s),Cyclomoteur,Autres,Entre 2 conducteurs: Par le côté (avant/derrière-flanc),1
2019,08,12,Bruxelles,Brussel,,Région de Bruxelles-Capitale,50.844872,4.371925,21004,Normales,Normaal,Sec+Propre,Droog+Proper,Jour,En agglomération,Route régionale,Avec blessé(s) leger(s),Bicyclette,usager seul,"Un seul usager, pas d'obstacle (chute incl.)",0
2019,08,21,Molenbeek-Saint-Jean,Sint-Jans-Molenbeek,,Région de Bruxelles-Capitale,50.854606,4.325762,21012,Normales,Normaal,Sec,Droog,"Nuit, éclairage public présent et allumé",En agglomération,Route communale,Avec blessé(s) leger(s),Cyclomoteur,usager/obstacle,Usager contre obstacle situé hors chaussée,1
2019,08,17,Molenbeek-Saint-Jean,Sint-Jans-Molenbeek,,Région de Bruxelles-Capitale,50.854639,4.33618,21012,Normales,Normaal,Propre,Proper,Jour,En agglomération,Route régionale,Avec blessé(s) leger(s),Piéton,Bicyclette,Avec un piéton,1
2019,08,17,Molenbeek-Saint-Jean,Sint-Jans-Molenbeek,,Région de Bruxelles-Capitale,50.854463,4.333712,21012,Normales,Normaal,Propre,Proper,Jour,En agglomération,Route communale,Avec blessé(s) leger(s),Cyclomoteur,usager seul,"Un seul usager, pas d'obstacle (chute incl.)",0
2019,08,19,Jette,Jette,,Région de Bruxelles-Capitale,50.874824,4.333734,21010,Normales,Normaal,Sec,Droog,Jour,En agglomération,Route communale,Avec blessé(s) leger(s),Voiture,Cyclomoteur,Entre 2 conducteurs: Par l'arrière,0
2019,08,14,Molenbeek-Saint-Jean,Sint-Jans-Molenbeek,,Région de Bruxelles-Capitale,50.860136,4.341553,21012,Normales,Normaal,Propre,Proper,Jour,En agglomération,Route communale,Avec blessé(s) grave(s),Bicyclette,Voiture,Entre 2 conducteurs: Par le côté (avant/derrière-flanc),1
2019,08,19,Molenbeek-Saint-Jean,Sint-Jans-Molenbeek,,Région de Bruxelles-Capitale,50.854639,4.33618,21012,"Inconnues, indéterminées",Onbekend,Propre,Proper,Jour,En agglomération,Route régionale,Avec blessé(s) leger(s),Voiture,Cyclomoteur,Entre 2 conducteurs: Flanc contre flanc,1
2019,08,08,Molenbeek-Saint-Jean,Sint-Jans-Molenbeek,,Région de Bruxelles-Capitale,50.85678,4.327677,21012,Normales,Normaal,Sec,Droog,Jour,En agglomération,Route régionale,Avec blessé(s) leger(s),Cyclomoteur,Bicyclette,Entre 2 conducteurs: Par le côté (avant/derrière-flanc),0
2019,08,07,Molenbeek-Saint-Jean,Sint-Jans-Molenbeek,,Région de Bruxelles-Capitale,50.854639,4.33618,21012,"Inconnues, indéterminées",Onbekend,Sec,Droog,Jour,En agglomération,Route régionale,Avec blessé(s) leger(s),Voiture,Bicyclette,Entre 2 conducteurs: Flanc contre flanc,1
2019,08,18,Molenbeek-Saint-Jean,Sint-Jans-Molenbeek,,Région de Bruxelles-Capitale,50.848065,4.298846,21012,Normales,Normaal,Propre,Proper,Jour,En agglomération,Route régionale,Avec blessé(s) leger(s),Bicyclette,Voiture,Entre 2 conducteurs: Par le côté (avant/derrière-flanc),1
2019,08,16,Molenbeek-Saint-Jean,Sint-Jans-Molenbeek,,Région de Bruxelles-Capitale,50.860552,4.339358,21012,Normales,Normaal,Sec,Droog,Jour,En agglomération,Route communale,Avec blessé(s) leger(s),Voiture,Bicyclette,Entre 2 conducteurs: Par le côté (avant/derrière-flanc),1
2019,08,09,Molenbeek-Saint-Jean,Sint-Jans-Molenbeek,,Région de Bruxelles-Capitale,50.863062,4.347312,21012,Normales,Normaal,Sec+Propre,Droog+Proper,Jour,En agglomération,Route régionale,Avec blessé(s) leger(s),Voiture,Motocyclette,Entre 2 conducteurs: Flanc contre flanc,0
2019,08,17,Molenbeek-Saint-Jean,Sint-Jans-Molenbeek,,Région de Bruxelles-Capitale,50.880707,4.336774,21012,Normales,Normaal,Propre,Proper,Jour,En agglomération,Route communale,Avec blessé(s) leger(s),Bicyclette,Piéton,Avec un piéton,0
2019,08,14,Koekelberg,Koekelberg,,Région de Bruxelles-Capitale,,,21011,Normales,Normaal,Sec,Droog,Jour,En agglomération,Route communale,Avec blessé(s) leger(s),Voiture,Bicyclette,Entre 2 conducteurs: Par le côté (avant/derrière-flanc),0
2019,08,14,Molenbeek-Saint-Jean,Sint-Jans-Molenbeek,,Région de Bruxelles-Capitale,50.860087,4.344261,21012,Pluie,Regenval,"Humide, mouillé, flaques","Nat, plassen",Jour,En agglomération,Route communale,Avec blessé(s) leger(s),Bicyclette,Motocyclette,Entre 2 conducteurs: Par le côté (avant/derrière-flanc),0
2019,08,16,Molenbeek-Saint-Jean,Sint-Jans-Molenbeek,,Région de Bruxelles-Capitale,50.849948,4.322909,21012,Normales,Normaal,Propre,Proper,Jour,En agglomération,Route communale,Avec blessé(s) leger(s),Voiture,Motocyclette,Entre 2 conducteurs: Par le côté (avant/derrière-flanc),0
2019,08,15,Anderlecht,Anderlecht,,Région de Bruxelles-Capitale,50.844339,4.320564,21001,Normales,Normaal,Sec,Droog,Jour,En agglomération,Route régionale,Avec blessé(s) leger(s),Bicyclette,Voiture,Entre 2 conducteurs: Flanc contre flanc,0
2019,08,10,Saint-Gilles,Sint-Gillis,,Région de Bruxelles-Capitale,50.824237,4.35048,21013,Normales,Normaal,Sec+Propre,Droog+Proper,Jour,En agglomération,Route régionale,Avec blessé(s) leger(s),Bicyclette,Piéton,Avec un piéton,1
2019,08,19,Anderlecht,Anderlecht,,Région de Bruxelles-Capitale,50.829045,4.304742,21001,Normales,Normaal,Sec+Propre,Droog+Proper,Jour,En agglomération,Route régionale,Avec blessé(s) leger(s),Motocyclette,Voiture,Entre 2 conducteurs: Par l'arrière,0
2019,08,15,Anderlecht,Anderlecht,,Région de Bruxelles-Capitale,50.830526,4.304811,21001,Normales,Normaal,Sec+Propre,Droog+Proper,Jour,En agglomération,Route communale,Avec blessé(s) leger(s),Bicyclette,Voiture,Entre 2 conducteurs: Par l'arrière,0
2019,08,17,Anderlecht,Anderlecht,,Région de Bruxelles-Capitale,50.844666,4.325531,21001,Normales,Normaal,Sec+Propre,Droog+Proper,Jour,En agglomération,Route communale,Avec blessé(s) leger(s),Bicyclette,Voiture,Entre 2 conducteurs: Collision frontale,1
2019,08,16,Anderlecht,Anderlecht,,Région de Bruxelles-Capitale,,,21001,Normales,Normaal,Sec+Propre,Droog+Proper,Jour,En agglomération,Route régionale,Avec blessé(s) grave(s),Camionnette,Bicyclette,Entre 2 conducteurs: Par le côté (avant/derrière-flanc),1
2019,08,13,Uccle,Ukkel,,Région de Bruxelles-Capitale,50.80226,4.373456,21016,Normales,Normaal,Propre,Proper,Jour,En agglomération,Route régionale,Avec blessé(s) leger(s),Voiture,Bicyclette,Entre 2 conducteurs: Flanc contre flanc,0
2019,08,15,Auderghem,Oudergem,,Région de Bruxelles-Capitale,,,21002,Normales,Normaal,Propre,Proper,Jour,En agglomération,Route régionale,Avec blessé(s) leger(s),Voiture,Motocyclette,Entre 2 conducteurs: Par l'arrière,0
2019,08,18,Auderghem,Oudergem,,Région de Bruxelles-Capitale,50.813173,4.432132,21002,Normales,Normaal,Sec,Droog,Jour,En agglomération,Route communale,Avec blessé(s) leger(s),Voiture,Bicyclette,Entre 2 conducteurs: Par le côté (avant/derrière-flanc),0
2019,08,15,Uccle,Ukkel,,Région de Bruxelles-Capitale,50.803841,4.359586,21016,Normales,Normaal,Propre,Proper,Jour,En agglomération,Route communale,Avec blessé(s) leger(s),Voiture,Motocyclette,Entre 2 conducteurs: Flanc contre flanc,1
2019,08,16,Auderghem,Oudergem,,Région de Bruxelles-Capitale,50.825054,4.399006,21002,Normales,Normaal,Propre,Proper,Jour,En agglomération,Route régionale,Avec blessé(s) leger(s),Motocyclette,Voiture,Entre 2 conducteurs: Par le côté (avant/derrière-flanc),0
2019,08,11,Auderghem,Oudergem,,Région de Bruxelles-Capitale,,,21002,Normales,Normaal,Propre,Proper,Jour,En agglomération,Route communale,Avec blessé(s) leger(s),Voiture,Bicyclette,Entre 2 conducteurs: Par le côté (avant/derrière-flanc),0
2019,08,10,Uccle,Ukkel,,Région de Bruxelles-Capitale,50.814131,4.354357,21016,Normales,Normaal,Sec+Propre,Droog+Proper,Jour,En agglomération,Route communale,Avec blessé(s) leger(s),Voiture,Bicyclette,Entre 2 conducteurs: Par le côté (avant/derrière-flanc),1
2019,08,13,Auderghem,Oudergem,,Région de Bruxelles-Capitale,50.816972,4.414067,21002,"Inconnues, indéterminées",Onbekend,Propre,Proper,Jour,En agglomération,Route communale,Avec blessé(s) leger(s),Motocyclette,Voiture,Entre 2 conducteurs: Par le côté (avant/derrière-flanc),0
2019,08,11,Uccle,Ukkel,,Région de Bruxelles-Capitale,50.770113,4.384006,21016,Normales,Normaal,Sec,Droog,Jour,Hors agglomération,Route communale,Avec blessé(s) leger(s),Motocyclette,Bicyclette,Entre 2 conducteurs: Par l'arrière,0
2019,08,19,Woluwe-Saint-Lambert,Sint-Lambrechts-Woluwe,,Région de Bruxelles-Capitale,50.841053,4.433354,21018,Pluie,Regenval,"Humide, mouillé, flaques","Nat, plassen",Jour,En agglomération,Route communale,Avec blessé(s) leger(s),Motocyclette,usager seul,"Un seul usager, pas d'obstacle (chute incl.)",0
2019,08,14,Woluwe-Saint-Pierre,Sint-Pieters-Woluwe,,Région de Bruxelles-Capitale,50.836088,4.415874,21019,Normales,Normaal,Sec,Droog,Jour,En agglomération,Route régionale,Avec blessé(s) leger(s),Voiture,Bicyclette,Entre 2 conducteurs: Par le côté (avant/derrière-flanc),0
2019,08,18,Woluwe-Saint-Lambert,Sint-Lambrechts-Woluwe,,Région de Bruxelles-Capitale,50.847789,4.408662,21018,Normales,Normaal,Sec,Droog,Jour,En agglomération,Route communale,Avec blessé(s) leger(s),Voiture,Bicyclette,Entre 2 conducteurs: Par le côté (avant/derrière-flanc),1
2019,08,14,Saint-Gilles,Sint-Gillis,,Région de Bruxelles-Capitale,50.824439,4.346982,21013,"Inconnues, indéterminées",Onbekend,"Inconnu, indéterminé",Onbekend,Jour,inconnu,Route communale,Avec blessé(s) leger(s),Bicyclette,usager seul,"Un seul usager, pas d'obstacle (chute incl.)",1
2019,08,18,Woluwe-Saint-Pierre,Sint-Pieters-Woluwe,,Région de Bruxelles-Capitale,50.837151,4.431919,21019,Normales,Normaal,Sec,Droog,Jour,En agglomération,Route communale,Avec blessé(s) leger(s),Bicyclette,Voiture,Entre 2 conducteurs: Par le côté (avant/derrière-flanc),1
2019,08,13,Etterbeek,Etterbeek,,Région de Bruxelles-Capitale,50.831682,4.404842,21005,Normales,Normaal,Sec,Droog,Jour,En agglomération,Route régionale,Avec blessé(s) leger(s),Camion,Bicyclette,Entre 2 conducteurs: Par le côté (avant/derrière-flanc),0
2019,08,11,Etterbeek,Etterbeek,,Région de Bruxelles-Capitale,50.834596,4.379514,21005,Normales,Normaal,"Humide, mouillé, flaques","Nat, plassen",Jour,En agglomération,Route régionale,Avec blessé(s) leger(s),Bicyclette,Voiture,Entre 2 conducteurs: Par le côté (avant/derrière-flanc),0
2019,08,18,Woluwe-Saint-Pierre,Sint-Pieters-Woluwe,,Région de Bruxelles-Capitale,50.825643,4.411573,21019,Normales,Normaal,Sec,Droog,Jour,En agglomération,Route communale,Avec blessé(s) leger(s),Cyclomoteur,Voiture,Entre 2 conducteurs: Flanc contre flanc,1
2019,08,13,Woluwe-Saint-Pierre,Sint-Pieters-Woluwe,,Région de Bruxelles-Capitale,50.82946,4.418379,21019,Normales,Normaal,Sec,Droog,Jour,En agglomération,Route communale,Avec blessé(s) leger(s),Voiture,Bicyclette,Entre 2 conducteurs: Par le côté (avant/derrière-flanc),1
2019,08,08,Woluwe-Saint-Pierre,Sint-Pieters-Woluwe,,Région de Bruxelles-Capitale,50.829996,4.433961,21019,Normales,Normaal,Sec,Droog,Jour,En agglomération,Route régionale,Avec blessé(s) leger(s),Piéton,Bicyclette,Avec un piéton,1
2019,08,17,Schaerbeek,Schaarbeek,,Région de Bruxelles-Capitale,50.866001,4.372744,21015,Normales,Normaal,"Humide, mouillé, flaques","Nat, plassen",Jour,En agglomération,Route communale,Avec blessé(s) leger(s),Bicyclette,Voiture,Entre 2 conducteurs: Collision frontale,1
2019,08,05,Evere,Evere,,Région de Bruxelles-Capitale,50.860885,4.421362,21006,Normales,Normaal,Sec,Droog,"Aube, crépuscule",En agglomération,Route régionale,Avec blessé(s) leger(s),Bicyclette,Camionnette,Entre 2 conducteurs: Flanc contre flanc,1
2019,08,08,Schaerbeek,Schaarbeek,,Région de Bruxelles-Capitale,50.873164,4.376898,21015,Pluie,Regenval,"Humide, mouillé, flaques","Nat, plassen",Jour,En agglomération,Route communale,Avec blessé(s) leger(s),Motocyclette,usager seul,"Un seul usager, pas d'obstacle (chute incl.)",0
2019,08,18,Schaerbeek,Schaarbeek,,Région de Bruxelles-Capitale,50.858791,4.380767,21015,Normales,Normaal,Sec,Droog,Jour,En agglomération,Route communale,Avec blessé(s) leger(s),Voiture,Bicyclette,Entre 2 conducteurs: Par le côté (avant/derrière-flanc),1
2019,08,16,Schaerbeek,Schaarbeek,,Région de Bruxelles-Capitale,50.873229,4.382645,21015,Normales,Normaal,Propre,Proper,Jour,En agglomération,Route communale,Avec blessé(s) leger(s),Voiture,Cyclomoteur,Entre 2 conducteurs: Par le côté (avant/derrière-flanc),1
2019,08,14,Schaerbeek,Schaarbeek,,Région de Bruxelles-Capitale,50.867637,4.374251,21015,Normales,Normaal,Propre,Proper,Jour,En agglomération,Route communale,Avec blessé(s) leger(s),Bicyclette,Voiture,Entre 2 conducteurs: Par le côté (avant/derrière-flanc),0
2019,08,08,Evere,Evere,,Région de Bruxelles-Capitale,50.876824,4.414987,21006,Normales,Normaal,Propre,Proper,Jour,En agglomération,Route communale,Avec blessé(s) leger(s),Bicyclette,Piéton,Avec un piéton,1
2019,08,16,Schaerbeek,Schaarbeek,,Région de Bruxelles-Capitale,50.867221,4.37292,21015,Normales,Normaal,Sec,Droog,Jour,En agglomération,Route communale,Avec blessé(s) leger(s),Voiture,Bicyclette,Entre 2 conducteurs: Par l'arrière,1
2019,08,11,Schaerbeek,Schaarbeek,,Région de Bruxelles-Capitale,50.860361,4.374111,21015,Normales,Normaal,Propre,Proper,Jour,En agglomération,Route communale,Avec blessé(s) leger(s),Camionnette,Bicyclette,Entre 2 conducteurs: Par l'arrière,0
2019,08,13,Schaerbeek,Schaarbeek,,Région de Bruxelles-Capitale,,,21015,Normales,Normaal,Propre,Proper,Jour,Hors agglomération,Route régionale,Avec blessé(s) leger(s),Motocyclette,Voiture,Entre 2 conducteurs: Flanc contre flanc,1
2019,08,16,Anvers,Antwerpen,Province d’Anvers,Région flamande,51.159622,4.350242,11002,Normales,Normaal,Sec,Droog,Jour,En agglomération,Route régionale,Avec blessé(s) leger(s),Voiture,Bicyclette,Entre 2 conducteurs: Par le côté (avant/derrière-flanc),1
2019,08,19,Anvers,Antwerpen,Province d’Anvers,Région flamande,51.210018,4.418932,11002,Normales,Normaal,Sec,Droog,Jour,En agglomération,Route communale,Avec blessé(s) leger(s),Voiture,Bicyclette,Entre 2 conducteurs: Par le côté (avant/derrière-flanc),0
2019,08,15,Anvers,Antwerpen,Province d’Anvers,Région flamande,,,11002,Normales,Normaal,Sec,Droog,Jour,En agglomération,Route régionale,Avec blessé(s) leger(s),Bicyclette,Voiture,Entre 2 conducteurs: Par le côté (avant/derrière-flanc),0
2019,08,08,Anvers,Antwerpen,Province d’Anvers,Région flamande,51.173426,4.421769,11002,Normales,Normaal,Sec,Droog,Jour,En agglomération,Route communale,Avec blessé(s) leger(s),Bicyclette,Bicyclette,Entre 2 conducteurs: Par le côté (avant/derrière-flanc),1
2019,08,21,Anvers,Antwerpen,Province d’Anvers,Région flamande,51.176673,4.350185,11002,Normales,Normaal,Sec,Droog,"Nuit, éclairage public présent et allumé",En agglomération,Route communale,Avec blessé(s) grave(s),Cyclomoteur,usager/obstacle,Usager contre obstacle situé hors chaussée,0
2019,08,08,Anvers,Antwerpen,Province d’Anvers,Région flamande,51.202745,4.393227,11002,Normales,Normaal,Sec,Droog,Jour,En agglomération,Route communale,Avec blessé(s) leger(s),Voiture,Bicyclette,Entre 2 conducteurs: Par l'arrière,0
2019,08,07,Anvers,Antwerpen,Province d’Anvers,Région flamande,51.177916,4.434802,11002,Normales,Normaal,Sec,Droog,Jour,En agglomération,Route régionale,Avec blessé(s) leger(s),Voiture,Bicyclette,Entre 2 conducteurs: Par le côté (avant/derrière-flanc),1
2019,08,15,Anvers,Antwerpen,Province d’Anvers,Région flamande,51.2207,4.436367,11002,Normales,Normaal,Sec,Droog,Jour,En agglomération,Route communale,Avec blessé(s) leger(s),Voiture,Bicyclette,Entre 2 conducteurs: Par l'arrière,0
2019,08,01,Anvers,Antwerpen,Province d’Anvers,Région flamande,51.231853,4.402938,11002,Normales,Normaal,Sec,Droog,"Nuit, éclairage public présent et allumé",En agglomération,Route communale,Avec blessé(s) grave(s),Motocyclette,Voiture,Entre 2 conducteurs: Par l'arrière,0
2019,08,10,Anvers,Antwerpen,Province d’Anvers,Région flamande,51.211705,4.479189,11002,Normales,Normaal,Sec,Droog,Jour,En agglomération,Route communale,Avec blessé(s) leger(s),Camion,Cyclomoteur,Entre 2 conducteurs: Par le côté (avant/derrière-flanc),1
2019,08,13,Anvers,Antwerpen,Province d’Anvers,Région flamande,51.204326,4.410816,11002,Normales,Normaal,Sec,Droog,Jour,En agglomération,Route régionale,Avec blessé(s) leger(s),Camion,Bicyclette,Entre 2 conducteurs: Flanc contre flanc,1
2019,08,18,Anvers,Antwerpen,Province d’Anvers,Région flamande,51.250547,4.451314,11002,Normales,Normaal,Sec,Droog,Jour,En agglomération,Route communale,Avec blessé(s) leger(s),Voiture,Bicyclette,Entre 2 conducteurs: Par l'arrière,0
2019,08,16,Anvers,Antwerpen,Province d’Anvers,Région flamande,,,11002,Normales,Normaal,Sec,Droog,Jour,En agglomération,Route communale,Avec blessé(s) leger(s),Voiture,Motocyclette,Entre 2 conducteurs: Par le côté (avant/derrière-flanc),0
2019,08,14,Anvers,Antwerpen,Province d’Anvers,Région flamande,51.19506,4.38623,11002,Normales,Normaal,Sec,Droog,Jour,Hors agglomération,Route régionale,Avec blessé(s) grave(s),Bicyclette,Bicyclette,Entre 2 conducteurs: Par le côté (avant/derrière-flanc),0
2019,08,07,Anvers,Antwerpen,Province d’Anvers,Région flamande,51.172054,4.400185,11002,Normales,Normaal,Sec,Droog,Jour,En agglomération,Route communale,Avec blessé(s) leger(s),Bicyclette,Bicyclette,Entre 2 conducteurs: Par le côté (avant/derrière-flanc),0
2019,08,11,Anvers,Antwerpen,Province d’Anvers,Région flamande,51.176782,4.3531,11002,Normales,Normaal,Sec,Droog,Jour,En agglomération,Route communale,Avec blessé(s) leger(s),Motocyclette,Bicyclette,Entre 2 conducteurs: Par le côté (avant/derrière-flanc),1
2019,08,15,Anvers,Antwerpen,Province d’Anvers,Région flamande,51.208249,4.478661,11002,Normales,Normaal,Sec,Droog,Jour,inconnu,Route régionale,Avec blessé(s) leger(s),Voiture,Bicyclette,Entre 2 conducteurs: Par le côté (avant/derrière-flanc),1
2019,08,17,Anvers,Antwerpen,Province d’Anvers,Région flamande,,,11002,Normales,Normaal,Sec,Droog,Jour,En agglomération,Route communale,Avec blessé(s) leger(s),Bicyclette,usager/obstacle,Usager contre obstacle situé sur la chaussée,0
2019,08,13,Anvers,Antwerpen,Province d’Anvers,Région flamande,51.211475,4.410819,11002,Normales,Normaal,Sec,Droog,Jour,En agglomération,Route communale,Avec blessé(s) leger(s),Voiture,Bicyclette,Entre 2 conducteurs: Par le côté (avant/derrière-flanc),0
2019,08,15,Anvers,Antwerpen,Province d’Anvers,Région flamande,51.23798,4.454371,11002,Normales,Normaal,Sec,Droog,Jour,En agglomération,Route communale,Avec blessé(s) leger(s),Bicyclette,Voiture,Entre 2 conducteurs: Par le côté (avant/derrière-flanc),1
2019,08,13,Anvers,Antwerpen,Province d’Anvers,Région flamande,51.174099,4.343441,11002,Normales,Normaal,Sec,Droog,Jour,En agglomération,Route communale,Avec blessé(s) leger(s),Bicyclette,Camionnette,Entre 2 conducteurs: Flanc contre flanc,0
2019,08,14,Anvers,Antwerpen,Province d’Anvers,Région flamande,51.204864,4.416926,11002,Pluie,Regenval,"Humide, mouillé, flaques","Nat, plassen",Jour,En agglomération,Route communale,Avec blessé(s) leger(s),Bicyclette,Bicyclette,Entre 2 conducteurs: Collision frontale,0
2019,08,17,Anvers,Antwerpen,Province d’Anvers,Région flamande,51.209397,4.425202,11002,Normales,Normaal,Sec,Droog,Jour,En agglomération,Route communale,Avec blessé(s) leger(s),Voiture,Bicyclette,Entre 2 conducteurs: Par le côté (avant/derrière-flanc),1
2019,08,18,Anvers,Antwerpen,Province d’Anvers,Région flamande,51.218443,4.438787,11002,Normales,Normaal,"Humide, mouillé, flaques","Nat, plassen",Jour,En agglomération,Route communale,Avec blessé(s) grave(s),Voiture,Bicyclette,Entre 2 conducteurs: Par le côté (avant/derrière-flanc),1
2019,08,23,Anvers,Antwerpen,Province d’Anvers,Région flamande,51.201159,4.426351,11002,Normales,Normaal,Sec,Droog,"Nuit, éclairage public présent et allumé",En agglomération,Route communale,Avec blessé(s) leger(s),Voiture,Cyclomoteur,Entre 2 conducteurs: Flanc contre flanc,1
2019,08,09,Anvers,Antwerpen,Province d’Anvers,Région flamande,51.242814,4.431502,11002,Normales,Normaal,Sec,Droog,Jour,En agglomération,Route régionale,Avec blessé(s) leger(s),Camion,Cyclomoteur,Entre 2 conducteurs: Flanc contre flanc,1
2019,08,18,Anvers,Antwerpen,Province d’Anvers,Région flamande,51.24719,4.445189,11002,Normales,Normaal,Sec,Droog,Jour,En agglomération,Route communale,Avec blessé(s) leger(s),Bicyclette,Bicyclette,Entre 2 conducteurs: Par le côté (avant/derrière-flanc),0
2019,08,13,Anvers,Antwerpen,Province d’Anvers,Région flamande,51.175923,4.412368,11002,Normales,Normaal,Sec,Droog,Jour,En agglomération,Route communale,Avec blessé(s) leger(s),Motocyclette,Voiture,Entre 2 conducteurs: Par l'arrière,1
2019,08,18,Anvers,Antwerpen,Province d’Anvers,Région flamande,51.218665,4.423528,11002,Normales,Normaal,Sec,Droog,Jour,En agglomération,Route régionale,Avec blessé(s) leger(s),Bicyclette,Piéton,Avec un piéton,1
2019,08,09,Mortsel,Mortsel,Province d’Anvers,Région flamande,51.17768,4.438924,11029,Normales,Normaal,Sec,Droog,Jour,En agglomération,Route communale,Avec blessé(s) leger(s),Bicyclette,Voiture,Entre 2 conducteurs: Flanc contre flanc,0
2019,08,19,Anvers,Antwerpen,Province d’Anvers,Région flamande,,,11002,Normales,Normaal,Sec,Droog,Jour,Hors agglomération,Route communale,Avec blessé(s) leger(s),Bicyclette,Cyclomoteur,Entre 2 conducteurs: Collision frontale,0
2019,08,08,Anvers,Antwerpen,Province d’Anvers,Région flamande,51.189615,4.377658,11002,Normales,Normaal,Sec,Droog,Jour,En agglomération,Route régionale,Avec blessé(s) leger(s),Voiture,Bicyclette,Entre 2 conducteurs: Par le côté (avant/derrière-flanc),1
2019,08,12,Anvers,Antwerpen,Province d’Anvers,Région flamande,51.217335,4.419499,11002,Normales,Normaal,Sec,Droog,Jour,En agglomération,Route communale,Avec blessé(s) leger(s),Bicyclette,Bicyclette,Entre 2 conducteurs: Par l'arrière,0
2019,08,06,Anvers,Antwerpen,Province d’Anvers,Région flamande,51.210549,4.452507,11002,Normales,Normaal,Sec,Droog,"Aube, crépuscule",En agglomération,Route régionale,Avec blessé(s) leger(s),Camionnette,Bicyclette,Entre 2 conducteurs: Par le côté (avant/derrière-flanc),1
2019,08,23,Anvers,Antwerpen,Province d’Anvers,Région flamande,51.271795,4.417608,11002,Normales,Normaal,Sec,Droog,"Nuit, éclairage public présent et allumé",Hors agglomération,Route régionale,Avec blessé(s) grave(s),Motocyclette,Bicyclette,Entre 2 conducteurs: Collision frontale,0
2019,08,11,Anvers,Antwerpen,Province d’Anvers,Région flamande,51.267937,4.46156,11002,Normales,Normaal,Sec,Droog,Jour,Hors agglomération,Route régionale,Avec blessé(s) leger(s),Bicyclette,Bicyclette,Entre 2 conducteurs: Collision frontale,0
2019,08,10,Anvers,Antwerpen,Province d’Anvers,Région flamande,51.209027,4.40258,11002,Normales,Normaal,"Inconnu, indéterminé",Onbekend,Jour,En agglomération,Route régionale,Avec blessé(s) leger(s),Bicyclette,Voiture,Entre 2 conducteurs: Par le côté (avant/derrière-flanc),1
2019,08,17,Anvers,Antwerpen,Province d’Anvers,Région flamande,51.205304,4.41891,11002,Normales,Normaal,Sec,Droog,Jour,En agglomération,Route communale,Avec blessé(s) leger(s),Voiture,Motocyclette,Entre 2 conducteurs: Collision frontale,0
2019,08,10,Anvers,Antwerpen,Province d’Anvers,Région flamande,51.24404,4.444645,11002,Pluie,Regenval,"Humide, mouillé, flaques","Nat, plassen",Jour,En agglomération,Route régionale,Avec blessé(s) leger(s),Cyclomoteur,Voiture,Entre 2 conducteurs: Par le côté (avant/derrière-flanc),1
2019,08,16,Anvers,Antwerpen,Province d’Anvers,Région flamande,51.186744,4.375509,11002,Normales,Normaal,Sec,Droog,Jour,En agglomération,Route régionale,Avec blessé(s) leger(s),Camionnette,Bicyclette,Entre 2 conducteurs: Par le côté (avant/derrière-flanc),0
2019,08,13,Zwijndrecht,Zwijndrecht,Province d’Anvers,Région flamande,51.199666,4.319473,11056,Pluie,Regenval,"Humide, mouillé, flaques","Nat, plassen",Jour,Hors agglomération,Route régionale,Avec blessé(s) leger(s),Voiture,Bicyclette,Entre 2 conducteurs: Par le côté (avant/derrière-flanc),1
2019,08,16,Anvers,Antwerpen,Province d’Anvers,Région flamande,51.27661,4.416111,11002,Pluie,Regenval,"Humide, mouillé, flaques","Nat, plassen",Jour,En agglomération,Route communale,Avec blessé(s) leger(s),Piéton,Bicyclette,Avec un piéton,0
2019,08,08,Anvers,Antwerpen,Province d’Anvers,Région flamande,51.21518,4.392848,11002,Normales,Normaal,Sec,Droog,Jour,En agglomération,Route communale,Avec blessé(s) leger(s),Voiture,Bicyclette,Entre 2 conducteurs: Par le côté (avant/derrière-flanc),0
2019,08,09,Anvers,Antwerpen,Province d’Anvers,Région flamande,51.213317,4.425991,11002,Normales,Normaal,Sec,Droog,Jour,En agglomération,Route communale,Avec blessé(s) leger(s),Voiture,Motocyclette,Entre 2 conducteurs: Par le côté (avant/derrière-flanc),1
2019,08,15,Anvers,Antwerpen,Province d’Anvers,Région flamande,51.209511,4.465226,11002,Normales,Normaal,Sec,Droog,Jour,En agglomération,Route régionale,Avec blessé(s) leger(s),Voiture,Cyclomoteur,Entre 2 conducteurs: Flanc contre flanc,0
2019,08,17,Anvers,Antwerpen,Province d’Anvers,Région flamande,51.207519,4.409388,11002,Normales,Normaal,Sec,Droog,Jour,En agglomération,Route régionale,Avec blessé(s) leger(s),Bicyclette,Bicyclette,Entre 2 conducteurs: Flanc contre flanc,0
2019,08,22,Anvers,Antwerpen,Province d’Anvers,Région flamande,51.213649,4.446194,11002,Pluie,Regenval,"Humide, mouillé, flaques","Nat, plassen","Nuit, éclairage public présent et allumé",Hors agglomération,Route régionale,Avec blessé(s) leger(s),Voiture,Bicyclette,Entre 2 conducteurs: Par le côté (avant/derrière-flanc),1
2019,08,06,Anvers,Antwerpen,Province d’Anvers,Région flamande,51.225143,4.378649,11002,Normales,Normaal,Sec,Droog,"Aube, crépuscule",En agglomération,Route communale,Avec blessé(s) leger(s),Voiture,Motocyclette,Entre 2 conducteurs: Par le côté (avant/derrière-flanc),1
2019,08,16,Anvers,Antwerpen,Province d’Anvers,Région flamande,51.235135,4.420452,11002,Normales,Normaal,Sec,Droog,Jour,En agglomération,Route régionale,Avec blessé(s) leger(s),Voiture,Bicyclette,Entre 2 conducteurs: Collision frontale,1
2019,08,14,Anvers,Antwerpen,Province d’Anvers,Région flamande,51.201118,4.391671,11002,Normales,Normaal,Sec,Droog,Jour,En agglomération,Route communale,Avec blessé(s) leger(s),Bicyclette,Piéton,Avec un piéton,0
2019,08,21,Anvers,Antwerpen,Province d’Anvers,Région flamande,51.176706,4.388992,11002,Normales,Normaal,Sec,Droog,"Nuit, éclairage public présent et allumé",En agglomération,Route régionale,Avec blessé(s) leger(s),Cyclomoteur,usager seul,"Un seul usager, pas d'obstacle (chute incl.)",1
2019,08,10,Anvers,Antwerpen,Province d’Anvers,Région flamande,51.21775,4.416746,11002,Normales,Normaal,Sec,Droog,Jour,En agglomération,Route communale,Avec blessé(s) leger(s),Voiture,Bicyclette,Entre 2 conducteurs: Flanc contre flanc,1
2019,08,15,Anvers,Antwerpen,Province d’Anvers,Région flamande,51.22805,4.44016,11002,Normales,Normaal,Sec,Droog,Jour,En agglomération,Route régionale,Avec blessé(s) leger(s),Bicyclette,Cyclomoteur,Entre 2 conducteurs: Par le côté (avant/derrière-flanc),1
2019,08,22,Anvers,Antwerpen,Province d’Anvers,Région flamande,51.193128,4.374661,11002,Normales,Normaal,Sec,Droog,"Nuit, éclairage public présent et allumé",En agglomération,Route communale,Avec blessé(s) leger(s),Voiture,Bicyclette,Entre 2 conducteurs: Collision frontale,1
2019,08,16,Anvers,Antwerpen,Province d’Anvers,Région flamande,51.196474,4.443021,11002,Normales,Normaal,Sec,Droog,Jour,En agglomération,Route communale,Avec blessé(s) leger(s),Bicyclette,Bicyclette,Entre 2 conducteurs: Collision frontale,1
2019,08,10,Anvers,Antwerpen,Province d’Anvers,Région flamande,,,11002,Normales,Normaal,Sec+Propre,Droog+Proper,Jour,En agglomération,Route communale,Avec blessé(s) grave(s),Bicyclette,usager/obstacle,Usager contre obstacle situé sur la chaussée,0
2019,08,19,Anvers,Antwerpen,Province d’Anvers,Région flamande,51.209713,4.455145,11002,Normales,Normaal,Sec,Droog,Jour,En agglomération,Route régionale,Avec blessé(s) leger(s),Cyclomoteur,Bicyclette,Entre 2 conducteurs: Par le côté (avant/derrière-flanc),0
2019,08,23,Anvers,Antwerpen,Province d’Anvers,Région flamande,51.212935,4.405051,11002,Normales,Normaal,Sec,Droog,"Nuit, éclairage public présent et allumé",En agglomération,Route communale,Avec blessé(s) leger(s),Bicyclette,Voiture,Entre 2 conducteurs: Collision frontale,1
2019,08,15,Anvers,Antwerpen,Province d’Anvers,Région flamande,51.182254,4.371383,11002,Normales,Normaal,Sec,Droog,Jour,En agglomération,Route communale,Avec blessé(s) leger(s),Bicyclette,Bicyclette,Entre 2 conducteurs: Flanc contre flanc,1
2019,08,14,Anvers,Antwerpen,Province d’Anvers,Région flamande,51.22775,4.401803,11002,Normales,Normaal,Sec,Droog,Jour,En agglomération,Route communale,Avec blessé(s) leger(s),Voiture,Motocyclette,Entre 2 conducteurs: Par l'arrière,0
2019,08,16,Anvers,Antwerpen,Province d’Anvers,Région flamande,51.17897,4.355403,11002,Normales,Normaal,Sec,Droog,Jour,En agglomération,Route communale,Avec blessé(s) grave(s),Voiture,Bicyclette,Entre 2 conducteurs: Par le côté (avant/derrière-flanc),1
2019,08,11,Anvers,Antwerpen,Province d’Anvers,Région flamande,51.251168,4.446211,11002,Normales,Normaal,Sec,Droog,Jour,En agglomération,Route communale,Avec blessé(s) leger(s),Bicyclette,Bicyclette,Entre 2 conducteurs: Par le côté (avant/derrière-flanc),0
2019,08,17,Anvers,Antwerpen,Province d’Anvers,Région flamande,51.203946,4.427586,11002,Normales,Normaal,Sec,Droog,Jour,En agglomération,Route communale,Avec blessé(s) leger(s),Bicyclette,Bicyclette,Entre 2 conducteurs: Flanc contre flanc,0
2019,08,10,Anvers,Antwerpen,Province d’Anvers,Région flamande,51.223146,4.436803,11002,Pluie,Regenval,"Humide, mouillé, flaques","Nat, plassen",Jour,En agglomération,Route communale,Avec blessé(s) leger(s),Bicyclette,Bicyclette,Entre 2 conducteurs: Par l'arrière,1
2019,08,14,Anvers,Antwerpen,Province d’Anvers,Région flamande,51.18092,4.43192,11002,Normales,Normaal,Sec,Droog,Jour,En agglomération,Route régionale,Avec blessé(s) leger(s),Camion,Motocyclette,Entre 2 conducteurs: Par l'arrière,0
2019,08,15,Anvers,Antwerpen,Province d’Anvers,Région flamande,51.223637,4.429147,11002,Normales,Normaal,Sec,Droog,Jour,En agglomération,Route communale,Avec blessé(s) leger(s),Bicyclette,Voiture,Entre 2 conducteurs: Par le côté (avant/derrière-flanc),0
2019,08,16,Anvers,Antwerpen,Province d’Anvers,Région flamande,51.180756,4.389097,11002,Normales,Normaal,Sec,Droog,Jour,En agglomération,Route régionale,Avec blessé(s) grave(s),Voiture,Cyclomoteur,Entre 2 conducteurs: Collision frontale,0
2019,08,08,Anvers,Antwerpen,Province d’Anvers,Région flamande,51.190353,4.404232,11002,Normales,Normaal,Sec,Droog,Jour,En agglomération,Route régionale,Avec blessé(s) leger(s),Autres,Bicyclette,Entre 2 conducteurs: Par le côté (avant/derrière-flanc),0
2019,08,08,Anvers,Antwerpen,Province d’Anvers,Région flamande,51.17049,4.426072,11002,Normales,Normaal,Sec,Droog,Jour,En agglomération,Route régionale,Avec blessé(s) leger(s),Voiture,Bicyclette,Entre 2 conducteurs: Par le côté (avant/derrière-flanc),1
2019,08,12,Anvers,Antwerpen,Province d’Anvers,Région flamande,,,11002,Normales,Normaal,Sec,Droog,Jour,En agglomération,inconnu,Avec blessé(s) leger(s),Motocyclette,usager/obstacle,Usager contre obstacle situé sur la chaussée,0
2019,08,08,Anvers,Antwerpen,Province d’Anvers,Région flamande,51.205459,4.42211,11002,Normales,Normaal,Sec,Droog,Jour,En agglomération,Route communale,Avec blessé(s) leger(s),Bicyclette,Voiture,Entre 2 conducteurs: Collision frontale,1
2019,08,13,Anvers,Antwerpen,Province d’Anvers,Région flamande,51.218039,4.410273,11002,Normales,Normaal,Sec,Droog,Jour,En agglomération,Route communale,Avec blessé(s) leger(s),Bicyclette,Bicyclette,Entre 2 conducteurs: Par le côté (avant/derrière-flanc),1
2019,08,14,Anvers,Antwerpen,Province d’Anvers,Région flamande,51.299106,4.411227,11002,Normales,Normaal,Sec,Droog,Jour,Hors agglomération,Route régionale,Avec blessé(s) leger(s),Voiture,Bicyclette,Entre 2 conducteurs: Par l'arrière,0
2019,08,15,Anvers,Antwerpen,Province d’Anvers,Région flamande,51.190743,4.424279,11002,Normales,Normaal,Sec,Droog,Jour,Hors agglomération,Route régionale,Avec blessé(s) leger(s),Bicyclette,Bicyclette,Entre 2 conducteurs: Flanc contre flanc,1
2019,08,19,Anvers,Antwerpen,Province d’Anvers,Région flamande,51.181935,4.394861,11002,Normales,Normaal,Sec,Droog,Jour,En agglomération,Route communale,Avec blessé(s) leger(s),Voiture,Bicyclette,Entre 2 conducteurs: Par le côté (avant/derrière-flanc),1
2019,08,12,Anvers,Antwerpen,Province d’Anvers,Région flamande,51.22831,4.479234,11002,Normales,Normaal,Sec,Droog,Jour,En agglomération,Route communale,Avec blessé(s) leger(s),Voiture,Bicyclette,Entre 2 conducteurs: Par le côté (avant/derrière-flanc),1
2019,08,19,Anvers,Antwerpen,Province d’Anvers,Région flamande,51.208841,4.4738,11002,Normales,Normaal,Sec,Droog,Jour,En agglomération,Route régionale,Avec blessé(s) leger(s),Bicyclette,Voiture,Entre 2 conducteurs: Par l'arrière,0
2019,08,08,Anvers,Antwerpen,Province d’Anvers,Région flamande,51.218218,4.406275,11002,Normales,Normaal,Sec,Droog,Jour,En agglomération,Route communale,Avec blessé(s) leger(s),Camionnette,Bicyclette,Entre 2 conducteurs: Par l'arrière,0
2019,08,18,Anvers,Antwerpen,Province d’Anvers,Région flamande,51.241621,4.433961,11002,Normales,Normaal,Sec,Droog,Jour,En agglomération,Route régionale,Avec blessé(s) leger(s),Piéton,Bicyclette,Avec un piéton,0
2019,08,17,Anvers,Antwerpen,Province d’Anvers,Région flamande,51.209748,4.408049,11002,Normales,Normaal,Sec,Droog,Jour,En agglomération,Route régionale,Avec blessé(s) leger(s),Bicyclette,Bicyclette,Entre 2 conducteurs: Collision frontale,1
2019,08,18,Anvers,Antwerpen,Province d’Anvers,Région flamande,51.191969,4.446206,11002,Normales,Normaal,Sec,Droog,Jour,En agglomération,Route communale,Avec blessé(s) leger(s),Cyclomoteur,Voiture,Entre 2 conducteurs: Collision frontale,0
2019,08,04,Anvers,Antwerpen,Province d’Anvers,Région flamande,51.233352,4.411086,11002,Pluie,Regenval,"Humide, mouillé, flaques","Nat, plassen","Nuit, éclairage public présent et allumé",En agglomération,Route communale,Avec blessé(s) leger(s),Voiture,Bicyclette,Entre 2 conducteurs: Par le côté (avant/derrière-flanc),1
2019,08,16,Anvers,Antwerpen,Province d’Anvers,Région flamande,51.23506,4.42808,11002,Normales,Normaal,Sec,Droog,Jour,En agglomération,Route régionale,Avec blessé(s) leger(s),Bicyclette,Bicyclette,Entre 2 conducteurs: Par le côté (avant/derrière-flanc),1
2019,08,19,Anvers,Antwerpen,Province d’Anvers,Région flamande,51.198794,4.413734,11002,Normales,Normaal,Sec,Droog,Jour,En agglomération,Route communale,Avec blessé(s) leger(s),Cyclomoteur,usager/obstacle,Usager contre obstacle situé hors chaussée,0
2019,08,00,Anvers,Antwerpen,Province d’Anvers,Région flamande,51.225009,4.414802,11002,Normales,Normaal,Sec,Droog,"Nuit, éclairage public présent et allumé",En agglomération,Route régionale,Avec blessé(s) leger(s),Bicyclette,Cyclomoteur,Entre 2 conducteurs: Par le côté (avant/derrière-flanc),0
2019,08,07,Anvers,Antwerpen,Province d’Anvers,Région flamande,51.184478,4.399329,11002,Normales,Normaal,Sec,Droog,Jour,En agglomération,Route communale,Avec blessé(s) leger(s),Motocyclette,Autres,Entre 2 conducteurs: Flanc contre flanc,0
2019,08,13,Anvers,Antwerpen,Province d’Anvers,Région flamande,51.204042,4.415418,11002,Normales,Normaal,Sec,Droog,Jour,En agglomération,Route communale,Avec blessé(s) leger(s),Bicyclette,Bicyclette,Entre 2 conducteurs: Par le côté (avant/derrière-flanc),0
2019,08,18,Anvers,Antwerpen,Province d’Anvers,Région flamande,51.218299,4.413549,11002,Normales,Normaal,Sec,Droog,Jour,En agglomération,Route communale,Avec blessé(s) leger(s),Bicyclette,Piéton,Avec un piéton,0
2019,08,19,Anvers,Antwerpen,Province d’Anvers,Région flamande,51.199927,4.457902,11002,Normales,Normaal,Sec,Droog,Jour,En agglomération,Route communale,Avec blessé(s) leger(s),Voiture,Cyclomoteur,Entre 2 conducteurs: Par le côté (avant/derrière-flanc),1
2019,08,17,Anvers,Antwerpen,Province d’Anvers,Région flamande,51.183196,4.39389,11002,Normales,Normaal,Sec,Droog,Jour,En agglomération,Route communale,Avec blessé(s) leger(s),Voiture,Bicyclette,Entre 2 conducteurs: Par le côté (avant/derrière-flanc),1
2019,08,18,Anvers,Antwerpen,Province d’Anvers,Région flamande,51.22912,4.424382,11002,Normales,Normaal,Sec,Droog,Jour,En agglomération,Route communale,Avec blessé(s) leger(s),Bicyclette,Piéton,Avec un piéton,0
2019,08,07,Anvers,Antwerpen,Province d’Anvers,Région flamande,51.18655,4.375263,11002,Normales,Normaal,Sec,Droog,Jour,En agglomération,Route régionale,Avec blessé(s) leger(s),Bicyclette,Bicyclette,Entre 2 conducteurs: Par le côté (avant/derrière-flanc),1
2019,08,18,Anvers,Antwerpen,Province d’Anvers,Région flamande,51.155941,4.382648,11002,Normales,Normaal,Sec,Droog,Jour,inconnu,Route régionale,Avec blessé(s) leger(s),Bicyclette,Voiture,Entre 2 conducteurs: Par le côté (avant/derrière-flanc),1
2019,08,16,Anvers,Antwerpen,Province d’Anvers,Région flamande,51.193751,4.414297,11002,Normales,Normaal,Sec,Droog,Jour,En agglomération,Route communale,Avec blessé(s) leger(s),Bicyclette,Voiture,Entre 2 conducteurs: Par le côté (avant/derrière-flanc),1
2019,08,22,Anvers,Antwerpen,Province d’Anvers,Région flamande,51.209713,4.463669,11002,Normales,Normaal,Sec,Droog,"Nuit, éclairage public présent et allumé",En agglomération,Route régionale,Avec blessé(s) leger(s),Bicyclette,usager/obstacle,Usager contre obstacle situé hors chaussée,1
2019,08,07,Anvers,Antwerpen,Province d’Anvers,Région flamande,51.185203,4.39197,11002,Normales,Normaal,Sec,Droog,Jour,En agglomération,Route régionale,Avec blessé(s) grave(s),Bicyclette,Piéton,Avec un piéton,0
2019,08,14,Anvers,Antwerpen,Province d’Anvers,Région flamande,51.228611,4.470105,11002,Normales,Normaal,Sec,Droog,Jour,En agglomération,Route communale,Avec blessé(s) leger(s),Bicyclette,Bicyclette,Entre 2 conducteurs: Par l'arrière,1
2019,08,00,Anvers,Antwerpen,Province d’Anvers,Région flamande,,,11002,Normales,Normaal,"Humide, mouillé, flaques","Nat, plassen","Nuit, éclairage public présent et allumé",Hors agglomération,Route communale,Avec blessé(s) leger(s),Bicyclette,usager seul,"Un seul usager, pas d'obstacle (chute incl.)",0
2019,08,08,Anvers,Antwerpen,Province d’Anvers,Région flamande,51.217328,4.419556,11002,Normales,Normaal,Sec,Droog,Jour,En agglomération,Route communale,Avec blessé(s) leger(s),Bicyclette,Bicyclette,Entre 2 conducteurs: Par le côté (avant/derrière-flanc),0
2019,08,13,Anvers,Antwerpen,Province d’Anvers,Région flamande,51.163187,4.385321,11002,Normales,Normaal,Sec,Droog,Jour,Hors agglomération,Route régionale,Avec blessé(s) leger(s),Voiture,Bicyclette,Entre 2 conducteurs: Par le côté (avant/derrière-flanc),1
2019,08,23,Anvers,Antwerpen,Province d’Anvers,Région flamande,51.220947,4.396961,11002,Normales,Normaal,Sec,Droog,"Nuit, éclairage public présent et allumé",En agglomération,Route communale,Avec blessé(s) leger(s),Voiture,Motocyclette,Entre 2 conducteurs: Par l'arrière,0
2019,08,12,Zwijndrecht,Zwijndrecht,Province d’Anvers,Région flamande,51.210554,4.345898,11056,Normales,Normaal,Sec,Droog,Jour,En agglomération,Route communale,Avec blessé(s) grave(s),Camionnette,Bicyclette,Entre 2 conducteurs: Par le côté (avant/derrière-flanc),0
2019,08,22,Hemiksem,Hemiksem,Province d’Anvers,Région flamande,51.135153,4.335233,11018,Normales,Normaal,Sec,Droog,"Nuit, éclairage public présent et allumé",En agglomération,Route régionale,Avec blessé(s) leger(s),Bicyclette,Bicyclette,Entre 2 conducteurs: Par le côté (avant/derrière-flanc),0
2019,08,14,Hemiksem,Hemiksem,Province d’Anvers,Région flamande,51.133203,4.339049,11018,Normales,Normaal,Sec,Droog,Jour,En agglomération,Route communale,Avec blessé(s) leger(s),Voiture,Bicyclette,Entre 2 conducteurs: Par le côté (avant/derrière-flanc),0
2019,08,20,Hemiksem,Hemiksem,Province d’Anvers,Région flamande,51.144372,4.347325,11018,Normales,Normaal,Sec,Droog,Jour,En agglomération,Route communale,Avec blessé(s) leger(s),Bicyclette,Voiture,Entre 2 conducteurs: Collision frontale,1
2019,08,07,Rumst,Rumst,Province d’Anvers,Région flamande,51.080972,4.431653,11037,Normales,Normaal,Sec,Droog,Jour,En agglomération,Route communale,Avec blessé(s) leger(s),Bicyclette,Piéton,Avec un piéton,0
2019,08,13,Boom,Boom,Province d’Anvers,Région flamande,51.094702,4.366265,11005,Normales,Normaal,Sec,Droog,Jour,En agglomération,Route régionale,Avec blessé(s) leger(s),Voiture,Bicyclette,Entre 2 conducteurs: Par le côté (avant/derrière-flanc),1
2019,08,13,Hemiksem,Hemiksem,Province d’Anvers,Région flamande,51.142466,4.338163,11018,Normales,Normaal,"Verglas, neige","Ijzel, sneeuw",Jour,En agglomération,Route régionale,Avec blessé(s) leger(s),Cyclomoteur,Voiture,Entre 2 conducteurs: Par le côté (avant/derrière-flanc),0
2019,08,07,Rumst,Rumst,Province d’Anvers,Région flamande,51.077459,4.445103,11037,Normales,Normaal,Sec,Droog,Jour,En agglomération,Route communale,Avec blessé(s) leger(s),Bicyclette,Cyclomoteur,Entre 2 conducteurs: Par l'arrière,0
2019,08,08,Rumst,Rumst,Province d’Anvers,Région flamande,51.099648,4.414921,11037,Normales,Normaal,Sec,Droog,Jour,En agglomération,Route communale,Avec blessé(s) leger(s),Camionnette,Bicyclette,Entre 2 conducteurs: Flanc contre flanc,0
2019,08,16,Hemiksem,Hemiksem,Province d’Anvers,Région flamande,51.134499,4.335296,11018,Normales,Normaal,Sec,Droog,Jour,En agglomération,Route régionale,Avec blessé(s) leger(s),Voiture,Cyclomoteur,Entre 2 conducteurs: Par le côté (avant/derrière-flanc),1
2019,08,20,Niel,Niel,Province d’Anvers,Région flamande,51.103853,4.333054,11030,Normales,Normaal,Sec,Droog,"Nuit, éclairage public présent et allumé",En agglomération,Route régionale,Avec blessé(s) leger(s),Voiture,Bicyclette,Entre 2 conducteurs: Par le côté (avant/derrière-flanc),1
2019,08,14,Rumst,Rumst,Province d’Anvers,Région flamande,51.106432,4.37237,11037,Normales,Normaal,Sec,Droog,Jour,En agglomération,Route communale,Avec blessé(s) leger(s),Bicyclette,Voiture,Entre 2 conducteurs: Par le côté (avant/derrière-flanc),0
2019,08,13,Boom,Boom,Province d’Anvers,Région flamande,51.090773,4.36517,11005,Normales,Normaal,Sec,Droog,Jour,En agglomération,Route régionale,Avec blessé(s) leger(s),Cyclomoteur,Voiture,Entre 2 conducteurs: Flanc contre flanc,1
2019,08,08,Kapellen,Kapellen,Province d’Anvers,Région flamande,,,11023,Normales,Normaal,Sec,Droog,Jour,En agglomération,Route régionale,Avec blessé(s) leger(s),Voiture,Bicyclette,Entre 2 conducteurs: Par le côté (avant/derrière-flanc),1
2019,08,17,Stabroek,Stabroek,Province d’Anvers,Région flamande,51.308436,4.405945,11044,Normales,Normaal,Sec,Droog,Jour,En agglomération,Route communale,Avec blessé(s) leger(s),Voiture,Bicyclette,Entre 2 conducteurs: Par le côté (avant/derrière-flanc),1
2019,08,14,Stabroek,Stabroek,Province d’Anvers,Région flamande,51.332598,4.366479,11044,Normales,Normaal,Sec,Droog,Jour,En agglomération,Route régionale,Avec blessé(s) grave(s),Bicyclette,Bicyclette,Entre 2 conducteurs: Collision frontale,0
2019,08,23,Schilde,Schilde,Province d’Anvers,Région flamande,51.241693,4.538919,11039,"Inconnues, indéterminées",Onbekend,"Inconnu, indéterminé",Onbekend,"Inconnu, indéterminé",Hors agglomération,Route communale,Avec blessé(s) grave(s),Bicyclette,Voiture,Entre 2 conducteurs: Par l'arrière,1
2019,08,18,Aartselaar,Aartselaar,Province d’Anvers,Région flamande,51.117573,4.394421,11001,Normales,Normaal,Sec,Droog,Jour,Hors agglomération,Route communale,Avec blessé(s) leger(s),Voiture,Motocyclette,Entre 2 conducteurs: Par l'arrière,1
2019,08,12,Kontich,Kontich,Province d’Anvers,Région flamande,51.133333,4.445794,11024,Normales,Normaal,Sec,Droog,Jour,En agglomération,Route régionale,Avec blessé(s) leger(s),Bicyclette,Voiture,Entre 2 conducteurs: Par le côté (avant/derrière-flanc),0
2019,08,16,Anvers,Antwerpen,Province d’Anvers,Région flamande,51.151774,4.398211,11002,Normales,Normaal,Sec,Droog,Jour,Hors agglomération,Route régionale,Avec blessé(s) leger(s),Bicyclette,Bicyclette,Entre 2 conducteurs: Par le côté (avant/derrière-flanc),0
2019,08,12,Aartselaar,Aartselaar,Province d’Anvers,Région flamande,51.144214,4.364131,11001,"Autre (fumée épaisse,...)","Andere (dikke rook,...)",Sec,Droog,Jour,Hors agglomération,Route communale,Avec blessé(s) leger(s),Bicyclette,Bicyclette,Entre 2 conducteurs: Collision frontale,0
2019,08,10,Kontich,Kontich,Province d’Anvers,Région flamande,51.13825,4.451637,11024,Normales,Normaal,Sec,Droog,Jour,En agglomération,Route régionale,Avec blessé(s) grave(s),Bicyclette,Bicyclette,Entre 2 conducteurs: Par le côté (avant/derrière-flanc),0
2019,08,10,Kontich,Kontich,Province d’Anvers,Région flamande,51.124585,4.45942,11024,Normales,Normaal,Sec,Droog,Jour,En agglomération,Route communale,Avec blessé(s) leger(s),Bicyclette,Voiture,Entre 2 conducteurs: Par le côté (avant/derrière-flanc),0
2019,08,14,Kontich,Kontich,Province d’Anvers,Région flamande,51.13664,4.457685,11024,Normales,Normaal,Sec,Droog,Jour,Hors agglomération,Route régionale,Avec blessé(s) grave(s),Voiture,Bicyclette,Entre 2 conducteurs: Par le côté (avant/derrière-flanc),0
2019,08,18,Aartselaar,Aartselaar,Province d’Anvers,Région flamande,51.139754,4.394838,11001,Normales,Normaal,Sec,Droog,Jour,En agglomération,Route communale,Avec blessé(s) leger(s),Camionnette,Cyclomoteur,Entre 2 conducteurs: Par le côté (avant/derrière-flanc),0
2019,08,16,Edegem,Edegem,Province d’Anvers,Région flamande,51.15512,4.43198,11013,Normales,Normaal,Sec,Droog,Jour,En agglomération,Route régionale,Avec blessé(s) leger(s),Cyclomoteur,Bicyclette,Entre 2 conducteurs: Par le côté (avant/derrière-flanc),0
2019,08,08,Edegem,Edegem,Province d’Anvers,Région flamande,51.160186,4.445598,11013,Normales,Normaal,Sec,Droog,Jour,En agglomération,Route communale,Avec blessé(s) leger(s),Bicyclette,Voiture,Entre 2 conducteurs: Par le côté (avant/derrière-flanc),1
2019,08,12,Kalmthout,Kalmthout,Province d’Anvers,Région flamande,51.389449,4.470051,11022,Normales,Normaal,Sec,Droog,Jour,En agglomération,Route communale,Avec blessé(s) grave(s),Bicyclette,usager seul,"Un seul usager, pas d'obstacle (chute incl.)",1
2019,08,14,Wuustwezel,Wuustwezel,Province d’Anvers,Région flamande,51.416729,4.542506,11053,Normales,Normaal,Sec,Droog,Jour,Hors agglomération,Route communale,Avec blessé(s) grave(s),Bicyclette,Voiture,Entre 2 conducteurs: Par le côté (avant/derrière-flanc),1
2019,08,14,Kalmthout,Kalmthout,Province d’Anvers,Région flamande,51.381543,4.473203,11022,Normales,Normaal,Propre,Proper,Jour,En agglomération,Route régionale,Avec blessé(s) leger(s),Voiture,Bicyclette,Entre 2 conducteurs: Par le côté (avant/derrière-flanc),0
2019,08,16,Wuustwezel,Wuustwezel,Province d’Anvers,Région flamande,51.36229,4.511882,11053,Normales,Normaal,Sec,Droog,Jour,Hors agglomération,Route communale,Avec blessé(s) leger(s),Cyclomoteur,Autres,Entre 2 conducteurs: Par le côté (avant/derrière-flanc),0
2019,08,17,Wuustwezel,Wuustwezel,Province d’Anvers,Région flamande,51.394541,4.603769,11053,Normales,Normaal,Propre,Proper,Jour,En agglomération,Route communale,Avec blessé(s) leger(s),Cyclomoteur,usager/obstacle,Usager contre obstacle situé hors chaussée,0
2019,08,17,Kalmthout,Kalmthout,Province d’Anvers,Région flamande,51.367735,4.461593,11022,"Inconnues, indéterminées",Onbekend,"Inconnu, indéterminé",Onbekend,"Inconnu, indéterminé",inconnu,Route communale,Avec blessé(s) leger(s),Bicyclette,Bicyclette,Entre 2 conducteurs: Flanc contre flanc,0
2019,08,21,Wuustwezel,Wuustwezel,Province d’Anvers,Région flamande,51.409373,4.669525,11053,Normales,Normaal,Sec,Droog,"Aube, crépuscule",Hors agglomération,Route communale,Avec blessé(s) grave(s),Voiture,Bicyclette,Entre 2 conducteurs: Par le côté (avant/derrière-flanc),1
2019,08,17,Wommelgem,Wommelgem,Province d’Anvers,Région flamande,51.196115,4.507389,11052,Normales,Normaal,Sec,Droog,Jour,En agglomération,Route régionale,Avec blessé(s) leger(s),Voiture,Cyclomoteur,Entre 2 conducteurs: Par le côté (avant/derrière-flanc),0
2019,08,14,Wijnegem,Wijnegem,Province d’Anvers,Région flamande,51.237212,4.490508,11050,Normales,Normaal,"Humide, mouillé, flaques","Nat, plassen",Jour,Hors agglomération,Route communale,Avec blessé(s) leger(s),Voiture,Bicyclette,Entre 2 conducteurs: Par le côté (avant/derrière-flanc),0
2019,08,11,Boechout,Boechout,Province d’Anvers,Région flamande,51.168754,4.492467,11004,Pluie,Regenval,"Humide, mouillé, flaques","Nat, plassen",Jour,Hors agglomération,Route régionale,Avec blessé(s) grave(s),Voiture,Cyclomoteur,Entre 2 conducteurs: Par le côté (avant/derrière-flanc),1
2019,08,15,Wommelgem,Wommelgem,Province d’Anvers,Région flamande,51.205918,4.524826,11052,Normales,Normaal,Sec,Droog,Jour,En agglomération,Route communale,Avec blessé(s) leger(s),Voiture,Bicyclette,Entre 2 conducteurs: Par l'arrière,0
2019,08,16,Borsbeek,Borsbeek,Province d’Anvers,Région flamande,,,11007,Normales,Normaal,Sec,Droog,Jour,Hors agglomération,Route régionale,Avec blessé(s) leger(s),Motocyclette,Voiture,Entre 2 conducteurs: Flanc contre flanc,0
2019,08,15,Wommelgem,Wommelgem,Province d’Anvers,Région flamande,51.196673,4.513354,11052,Normales,Normaal,Sec,Droog,Jour,En agglomération,Route régionale,Avec blessé(s) leger(s),Bicyclette,usager/obstacle,Usager contre obstacle situé sur la chaussée,0
2019,08,09,Mortsel,Mortsel,Province d’Anvers,Région flamande,51.170525,4.452688,11029,"Inconnues, indéterminées",Onbekend,"Inconnu, indéterminé",Onbekend,Jour,En agglomération,Route régionale,Avec blessé(s) leger(s),Bicyclette,usager/obstacle,Usager contre obstacle situé hors chaussée,0
2019,08,15,Borsbeek,Borsbeek,Province d’Anvers,Région flamande,51.187706,4.490409,11007,"Inconnues, indéterminées",Onbekend,"Inconnu, indéterminé",Onbekend,Jour,Hors agglomération,Route communale,Avec blessé(s) leger(s),Bicyclette,Voiture,Entre 2 conducteurs: Par le côté (avant/derrière-flanc),1
2019,08,16,Boechout,Boechout,Province d’Anvers,Région flamande,51.16016,4.525352,11004,Normales,Normaal,Sec,Droog,Jour,En agglomération,Route communale,Avec blessé(s) leger(s),Voiture,Bicyclette,Entre 2 conducteurs: Par le côté (avant/derrière-flanc),1
2019,08,19,Wommelgem,Wommelgem,Province d’Anvers,Région flamande,51.202649,4.522422,11052,Normales,Normaal,Sec,Droog,Jour,En agglomération,Route communale,Avec blessé(s) grave(s),Bicyclette,Voiture,Entre 2 conducteurs: Flanc contre flanc,0
2019,08,09,Wijnegem,Wijnegem,Province d’Anvers,Région flamande,51.233457,4.49959,11050,Normales,Normaal,Sec,Droog,Jour,Hors agglomération,Route régionale,Avec blessé(s) leger(s),Camionnette,Bicyclette,Entre 2 conducteurs: Par le côté (avant/derrière-flanc),1
2019,08,16,Mortsel,Mortsel,Province d’Anvers,Région flamande,51.169102,4.467151,11029,"Inconnues, indéterminées",Onbekend,"Inconnu, indéterminé",Onbekend,Jour,inconnu,Route régionale,Avec blessé(s) leger(s),Bicyclette,Piéton,Avec un piéton,0
2019,08,01,Wommelgem,Wommelgem,Province d’Anvers,Région flamande,,,11052,"Inconnues, indéterminées",Onbekend,"Inconnu, indéterminé",Onbekend,"Nuit, pas d'éclairage public présent",En agglomération,Route communale,Avec blessé(s) leger(s),Bicyclette,usager seul,"Un seul usager, pas d'obstacle (chute incl.)",0
2019,08,17,Borsbeek,Borsbeek,Province d’Anvers,Région flamande,51.19825,4.47705,11007,Normales,Normaal,Sec,Droog,Jour,En agglomération,Route communale,Avec blessé(s) leger(s),Voiture,Bicyclette,Entre 2 conducteurs: Par le côté (avant/derrière-flanc),1
2019,08,11,Brasschaat,Brasschaat,Province d’Anvers,Région flamande,51.281749,4.475483,11008,Normales,Normaal,Sec,Droog,Jour,Hors agglomération,Route régionale,Avec blessé(s) leger(s),Voiture,Bicyclette,Entre 2 conducteurs: Par le côté (avant/derrière-flanc),0
2019,08,06,Brasschaat,Brasschaat,Province d’Anvers,Région flamande,51.31328,4.513415,11008,Normales,Normaal,Sec,Droog,Jour,Hors agglomération,Route régionale,Avec blessé(s) grave(s),Voiture,Bicyclette,Entre 2 conducteurs: Par le côté (avant/derrière-flanc),1
2019,08,12,Brasschaat,Brasschaat,Province d’Anvers,Région flamande,,,11008,Normales,Normaal,Sec,Droog,Jour,En agglomération,Route régionale,Avec blessé(s) leger(s),Voiture,Bicyclette,Entre 2 conducteurs: Collision frontale,0
2019,08,16,Brasschaat,Brasschaat,Province d’Anvers,Région flamande,51.307921,4.507466,11008,Pluie,Regenval,"Humide, mouillé, flaques","Nat, plassen",Jour,Hors agglomération,Route régionale,Avec blessé(s) leger(s),Voiture,Motocyclette,Entre 2 conducteurs: Collision frontale,1
2019,08,07,Brasschaat,Brasschaat,Province d’Anvers,Région flamande,,,11008,Normales,Normaal,"Inconnu, indéterminé",Onbekend,Jour,En agglomération,Route communale,Avec blessé(s) leger(s),Autres,Bicyclette,Entre 2 conducteurs: Par le côté (avant/derrière-flanc),0
2019,08,08,Schoten,Schoten,Province d’Anvers,Région flamande,51.242772,4.472559,11040,Normales,Normaal,Sec,Droog,Jour,En agglomération,Route communale,Avec blessé(s) leger(s),Voiture,Bicyclette,Entre 2 conducteurs: Collision frontale,1
2019,08,13,Schoten,Schoten,Province d’Anvers,Région flamande,51.268002,4.463744,11040,Normales,Normaal,Sec,Droog,Jour,En agglomération,Route régionale,Avec blessé(s) leger(s),Cyclomoteur,Cyclomoteur,Entre 2 conducteurs: Collision frontale,0
2019,08,20,Schoten,Schoten,Province d’Anvers,Région flamande,51.275317,4.522663,11040,Normales,Normaal,Sec,Droog,Jour,Hors agglomération,Route régionale,Avec blessé(s) leger(s),Motocyclette,Voiture,Entre 2 conducteurs: Par l'arrière,0
2019,08,11,Schoten,Schoten,Province d’Anvers,Région flamande,51.243386,4.463345,11040,"Inconnues, indéterminées",Onbekend,"Inconnu, indéterminé",Onbekend,Jour,En agglomération,Route communale,Avec blessé(s) leger(s),Bicyclette,usager/obstacle,Usager contre obstacle situé sur la chaussée,1
2019,08,16,Schoten,Schoten,Province d’Anvers,Région flamande,51.295369,4.549747,11040,Normales,Normaal,Sec,Droog,Jour,Hors agglomération,Route régionale,Avec blessé(s) leger(s),Voiture,Motocyclette,Entre 2 conducteurs: Par le côté (avant/derrière-flanc),1
2019,08,10,Schoten,Schoten,Province d’Anvers,Région flamande,51.240378,4.476927,11040,Normales,Normaal,Sec,Droog,Jour,Hors agglomération,Route communale,Avec blessé(s) leger(s),Bicyclette,Bicyclette,Entre 2 conducteurs: Flanc contre flanc,0
2019,08,02,Schoten,Schoten,Province d’Anvers,Région flamande,51.256168,4.506945,11040,"Inconnues, indéterminées",Onbekend,"Inconnu, indéterminé",Onbekend,"Nuit, éclairage public présent, mais pas allumé",En agglomération,Route communale,Avec blessé(s) leger(s),Bicyclette,Voiture,Avec un piéton,0
2019,08,15,Ranst,Ranst,Province d’Anvers,Région flamande,51.193968,4.550707,11035,Normales,Normaal,Sec,Droog,Jour,Hors agglomération,Route régionale,Avec blessé(s) leger(s),Voiture,Cyclomoteur,Entre 2 conducteurs: Par le côté (avant/derrière-flanc),0
2019,08,17,Ranst,Ranst,Province d’Anvers,Région flamande,51.211335,4.625067,11035,Normales,Normaal,Sec,Droog,Jour,Hors agglomération,Route communale,Avec blessé(s) leger(s),Voiture,Bicyclette,Entre 2 conducteurs: Collision frontale,1
2019,08,13,Zandhoven,Zandhoven,Province d’Anvers,Région flamande,51.201207,4.644572,11054,Normales,Normaal,Sec,Droog,Jour,Hors agglomération,Route régionale,Avec blessé(s) leger(s),Voiture,Bicyclette,Entre 2 conducteurs: Par le côté (avant/derrière-flanc),0
2019,08,09,Ranst,Ranst,Province d’Anvers,Région flamande,51.193268,4.552123,11035,Normales,Normaal,Sec,Droog,Jour,Hors agglomération,Route régionale,Avec blessé(s) leger(s),Camionnette,Motocyclette,Entre 2 conducteurs: Par l'arrière,1
2019,08,17,Malle,Malle,Province d’Anvers,Région flamande,,,11057,"Inconnues, indéterminées",Onbekend,"Inconnu, indéterminé",Onbekend,Jour,En agglomération,Route régionale,Avec blessé(s) leger(s),Bicyclette,Bicyclette,Entre 2 conducteurs: Par l'arrière,0
2019,08,13,Brecht,Brecht,Province d’Anvers,Région flamande,51.291502,4.568372,11009,Normales,Normaal,Sec,Droog,Jour,En agglomération,Route communale,Avec blessé(s) leger(s),Voiture,Bicyclette,Entre 2 conducteurs: Par le côté (avant/derrière-flanc),1
2019,08,07,Zoersel,Zoersel,Province d’Anvers,Région flamande,,,11055,Normales,Normaal,Sec,Droog,Jour,Hors agglomération,Route communale,Avec blessé(s) leger(s),Voiture,Bicyclette,Entre 2 conducteurs: Par le côté (avant/derrière-flanc),1
2019,08,17,Turnhout,Turnhout,Province d’Anvers,Région flamande,51.337893,4.926421,13040,Normales,Normaal,Sec,Droog,Jour,Hors agglomération,Route communale,Avec blessé(s) leger(s),Motocyclette,usager/obstacle,Usager contre obstacle situé sur la chaussée,0
2019,08,16,Zoersel,Zoersel,Province d’Anvers,Région flamande,51.24676,4.703921,11055,Normales,Normaal,Sec,Droog,Jour,Hors agglomération,Route régionale,Avec blessé(s) leger(s),Motocyclette,Camionnette,Entre 2 conducteurs: Par l'arrière,0
2019,08,18,Zoersel,Zoersel,Province d’Anvers,Région flamande,51.268086,4.665293,11055,Normales,Normaal,Sec,Droog,Jour,Hors agglomération,Route communale,Avec blessé(s) leger(s),Voiture,Bicyclette,Entre 2 conducteurs: Collision frontale,1
2019,08,16,Brecht,Brecht,Province d’Anvers,Région flamande,51.30236,4.569483,11009,Normales,Normaal,Sec,Droog,Jour,En agglomération,Route communale,Avec blessé(s) leger(s),Bicyclette,Cyclomoteur,Entre 2 conducteurs: Flanc contre flanc,1
2019,08,14,Zoersel,Zoersel,Province d’Anvers,Région flamande,51.259986,4.710981,11055,Normales,Normaal,Sec,Droog,Jour,Hors agglomération,Route régionale,Avec tué(s),Motocyclette,Autres,Entre 2 conducteurs: Flanc contre flanc,0
2019,08,17,Bornem,Bornem,Province d’Anvers,Région flamande,51.103303,4.234228,12007,Normales,Normaal,Sec,Droog,Jour,En agglomération,Route régionale,Avec blessé(s) leger(s),Voiture,Bicyclette,Entre 2 conducteurs: Par le côté (avant/derrière-flanc),1
2019,08,17,Bornem,Bornem,Province d’Anvers,Région flamande,51.113654,4.204226,12007,Normales,Normaal,"Inconnu, indéterminé",Onbekend,Jour,Hors agglomération,Route communale,Avec blessé(s) grave(s),Bicyclette,Bicyclette,Entre 2 conducteurs: Par l'arrière,0
2019,08,16,Puurs-Sint-Amands,Puurs-Sint-Amands,Province d’Anvers,Région flamande,51.075166,4.272979,12041,Normales,Normaal,Sec,Droog,Jour,En agglomération,Route régionale,Avec blessé(s) leger(s),Voiture,Motocyclette,Entre 2 conducteurs: Par l'arrière,1
2019,08,08,Bornem,Bornem,Province d’Anvers,Région flamande,51.093283,4.21599,12007,Normales,Normaal,Sec,Droog,Jour,En agglomération,Route communale,Avec blessé(s) leger(s),Bicyclette,Voiture,Entre 2 conducteurs: Flanc contre flanc,0
2019,08,13,Puurs-Sint-Amands,Puurs-Sint-Amands,Province d’Anvers,Région flamande,51.060585,4.28156,12041,Normales,Normaal,Sec,Droog,Jour,En agglomération,Route communale,Avec blessé(s) grave(s),Voiture,Bicyclette,Entre 2 conducteurs: Par le côté (avant/derrière-flanc),0
2019,08,18,Bornem,Bornem,Province d’Anvers,Région flamande,51.103496,4.190256,12007,Normales,Normaal,Sec,Droog,Jour,Hors agglomération,Route communale,Avec blessé(s) leger(s),Bicyclette,Bicyclette,Entre 2 conducteurs: Collision frontale,0
2019,08,08,Sint-Katelijne-Waver,Sint-Katelijne-Waver,Province d’Anvers,Région flamande,51.056212,4.479707,12035,Normales,Normaal,Sec+Propre,Droog+Proper,Jour,Hors agglomération,Route régionale,Avec blessé(s) leger(s),Voiture,Bicyclette,Entre 2 conducteurs: Flanc contre flanc,1
2019,08,11,Bonheiden,Bonheiden,Province d’Anvers,Région flamande,51.030369,4.524048,12005,Normales,Normaal,Sec,Droog,Jour,Hors agglomération,Route communale,Avec blessé(s) leger(s),Voiture,Bicyclette,Entre 2 conducteurs: Par le côté (avant/derrière-flanc),1
2019,08,17,Bonheiden,Bonheiden,Province d’Anvers,Région flamande,,,12005,Normales,Normaal,Sec,Droog,Jour,Hors agglomération,Route communale,Avec blessé(s) leger(s),Cyclomoteur,Voiture,Entre 2 conducteurs: Par le côté (avant/derrière-flanc),1
2019,08,17,Putte,Putte,Province d’Anvers,Région flamande,51.056457,4.632453,12029,Normales,Normaal,Sec+Propre,Droog+Proper,Jour,En agglomération,Route régionale,Avec blessé(s) leger(s),Voiture,Bicyclette,Entre 2 conducteurs: Par le côté (avant/derrière-flanc),1
2019,08,09,Duffel,Duffel,Province d’Anvers,Région flamande,51.099839,4.505976,12009,Normales,Normaal,Sec,Droog,Jour,En agglomération,Route communale,Avec blessé(s) leger(s),Voiture,Cyclomoteur,Entre 2 conducteurs: Par le côté (avant/derrière-flanc),1
2019,08,16,Bonheiden,Bonheiden,Province d’Anvers,Région flamande,51.043731,4.537618,12005,Normales,Normaal,Sec,Droog,Jour,Hors agglomération,Route communale,Avec blessé(s) leger(s),Bicyclette,Camionnette,Entre 2 conducteurs: Par l'arrière,0
2019,08,13,Duffel,Duffel,Province d’Anvers,Région flamande,51.09358,4.51998,12009,Normales,Normaal,Sec,Droog,Jour,Hors agglomération,Route régionale,Avec blessé(s) leger(s),Cyclomoteur,Bicyclette,Entre 2 conducteurs: Collision frontale,1
2019,08,11,Duffel,Duffel,Province d’Anvers,Région flamande,51.093479,4.509397,12009,Normales,Normaal,Sec,Droog,Jour,En agglomération,Route régionale,Avec blessé(s) leger(s),Bicyclette,Camionnette,Entre 2 conducteurs: Par le côté (avant/derrière-flanc),1
2019,08,13,Lierre,Lier,Province d’Anvers,Région flamande,,,12021,Normales,Normaal,Sec,Droog,Jour,Hors agglomération,Route régionale,Avec blessé(s) leger(s),Voiture,Bicyclette,Entre 2 conducteurs: Par le côté (avant/derrière-flanc),0
2019,08,23,Lierre,Lier,Province d’Anvers,Région flamande,51.13124,4.531651,12021,Pluie,Regenval,"Humide, mouillé, flaques","Nat, plassen","Nuit, éclairage public présent et allumé",Hors agglomération,Route communale,Avec blessé(s) leger(s),Voiture,Bicyclette,Entre 2 conducteurs: Par le côté (avant/derrière-flanc),1
2019,08,10,Lierre,Lier,Province d’Anvers,Région flamande,51.139226,4.572718,12021,Normales,Normaal,Sec,Droog,Jour,En agglomération,Route régionale,Avec blessé(s) grave(s),Voiture,Cyclomoteur,Entre 2 conducteurs: Par le côté (avant/derrière-flanc),1
2019,08,17,Lierre,Lier,Province d’Anvers,Région flamande,51.130797,4.569703,12021,Normales,Normaal,Sec,Droog,Jour,En agglomération,Route régionale,Avec blessé(s) leger(s),Autres,Bicyclette,Entre 2 conducteurs: Flanc contre flanc,0
2019,08,13,Heist-op-den-Berg,Heist-op-den-Berg,Province d’Anvers,Région flamande,51.013336,4.710082,12014,Normales,Normaal,Sec,Droog,Jour,En agglomération,Route communale,Avec blessé(s) leger(s),Bicyclette,usager/obstacle,Usager contre obstacle situé hors chaussée,0
2019,08,09,Heist-op-den-Berg,Heist-op-den-Berg,Province d’Anvers,Région flamande,,,12014,Normales,Normaal,Sec,Droog,Jour,Hors agglomération,Route communale,Avec blessé(s) grave(s),Voiture,Bicyclette,Entre 2 conducteurs: Collision frontale,1
2019,08,20,Heist-op-den-Berg,Heist-op-den-Berg,Province d’Anvers,Région flamande,51.075126,4.715988,12014,Normales,Normaal,Sec,Droog,Jour,En agglomération,Route communale,Avec blessé(s) leger(s),Voiture,Cyclomoteur,Entre 2 conducteurs: Par le côté (avant/derrière-flanc),1
2019,08,20,Merksplas,Merksplas,Province d’Anvers,Région flamande,51.382817,4.899675,13023,Normales,Normaal,Sec,Droog,"Nuit, pas d'éclairage public présent",Hors agglomération,Route communale,Avec tué(s),Motocyclette,usager/obstacle,Usager contre obstacle situé hors chaussée,0
2019,08,16,Hoogstraten,Hoogstraten,Province d’Anvers,Région flamande,,,13014,Normales,Normaal,Sec,Droog,Jour,En agglomération,Route régionale,Avec blessé(s) leger(s),Bicyclette,Bicyclette,Entre 2 conducteurs: Collision frontale,0
2019,08,15,Hoogstraten,Hoogstraten,Province d’Anvers,Région flamande,51.398563,4.794465,13014,Normales,Normaal,Sec,Droog,Jour,En agglomération,Route communale,Avec blessé(s) leger(s),Voiture,Bicyclette,Entre 2 conducteurs: Par l'arrière,0
2019,08,18,Turnhout,Turnhout,Province d’Anvers,Région flamande,51.322224,4.941752,13040,Normales,Normaal,Sec,Droog,Jour,En agglomération,Route communale,Avec blessé(s) leger(s),Bicyclette,Voiture,Entre 2 conducteurs: Flanc contre flanc,0
2019,08,13,Turnhout,Turnhout,Province d’Anvers,Région flamande,51.325079,4.938845,13040,Normales,Normaal,Sec,Droog,Jour,En agglomération,Route communale,Avec blessé(s) leger(s),Cyclomoteur,Voiture,Entre 2 conducteurs: Par le côté (avant/derrière-flanc),1
2019,08,12,Kasterlee,Kasterlee,Province d’Anvers,Région flamande,51.239248,4.900902,13017,Normales,Normaal,Sec,Droog,Jour,En agglomération,Route communale,Avec blessé(s) grave(s),Voiture,Bicyclette,Entre 2 conducteurs: Par le côté (avant/derrière-flanc),1
2019,08,17,Turnhout,Turnhout,Province d’Anvers,Région flamande,51.324607,4.943629,13040,Normales,Normaal,Sec,Droog,Jour,En agglomération,Route communale,Avec blessé(s) leger(s),Bicyclette,Voiture,Entre 2 conducteurs: Flanc contre flanc,0
2019,08,16,Kasterlee,Kasterlee,Province d’Anvers,Région flamande,51.240568,4.899305,13017,"Inconnues, indéterminées",Onbekend,Sec,Droog,Jour,En agglomération,Route communale,Avec blessé(s) grave(s),Bicyclette,usager/obstacle,Usager contre obstacle situé hors chaussée,0
2019,08,14,Oud-Turnhout,Oud-Turnhout,Province d’Anvers,Région flamande,51.317876,4.98226,13031,Normales,Normaal,Sec,Droog,Jour,En agglomération,Route régionale,Avec blessé(s) leger(s),Voiture,Cyclomoteur,Entre 2 conducteurs: Par le côté (avant/derrière-flanc),1
2019,08,11,Turnhout,Turnhout,Province d’Anvers,Région flamande,51.323641,4.949617,13040,Normales,Normaal,Sec,Droog,Jour,En agglomération,Route communale,Avec blessé(s) leger(s),Bicyclette,Motocyclette,Entre 2 conducteurs: Par le côté (avant/derrière-flanc),1
2019,08,21,Turnhout,Turnhout,Province d’Anvers,Région flamande,51.331287,4.948398,13040,Normales,Normaal,Sec,Droog,"Nuit, éclairage public présent et allumé",En agglomération,Route communale,Avec blessé(s) leger(s),Bicyclette,Voiture,Entre 2 conducteurs: Par le côté (avant/derrière-flanc),0
2019,08,14,Vosselaar,Vosselaar,Province d’Anvers,Région flamande,51.301708,4.881776,13046,Normales,Normaal,Sec,Droog,Jour,En agglomération,Route communale,Avec blessé(s) leger(s),Voiture,Bicyclette,Entre 2 conducteurs: Par le côté (avant/derrière-flanc),1
2019,08,13,Turnhout,Turnhout,Province d’Anvers,Région flamande,51.328011,4.943479,13040,Normales,Normaal,Sec,Droog,Jour,En agglomération,Route communale,Avec blessé(s) leger(s),Motocyclette,usager seul,"Un seul usager, pas d'obstacle (chute incl.)",1
2019,08,10,Turnhout,Turnhout,Province d’Anvers,Région flamande,51.313587,4.925785,13040,Normales,Normaal,Sec,Droog,Jour,En agglomération,Route régionale,Avec blessé(s) leger(s),Voiture,Cyclomoteur,Entre 2 conducteurs: Par le côté (avant/derrière-flanc),1
2019,08,08,Turnhout,Turnhout,Province d’Anvers,Région flamande,,,13040,Normales,Normaal,Sec,Droog,Jour,En agglomération,Route communale,Avec blessé(s) leger(s),Bicyclette,Piéton,Avec un piéton,0
2019,08,11,Beerse,Beerse,Province d’Anvers,Région flamande,51.308256,4.841192,13004,Normales,Normaal,Sec,Droog,Jour,Hors agglomération,Route régionale,Avec blessé(s) leger(s),Camion,Bicyclette,Entre 2 conducteurs: Par le côté (avant/derrière-flanc),1
2019,08,18,Turnhout,Turnhout,Province d’Anvers,Région flamande,51.331405,4.95697,13040,Normales,Normaal,Sec,Droog,Jour,En agglomération,Route régionale,Avec blessé(s) leger(s),Bicyclette,Voiture,Entre 2 conducteurs: Par le côté (avant/derrière-flanc),0
2019,08,17,Kasterlee,Kasterlee,Province d’Anvers,Région flamande,51.2007,4.907627,13017,Normales,Normaal,Sec,Droog,Jour,Hors agglomération,Route communale,Avec blessé(s) leger(s),Voiture,Bicyclette,Entre 2 conducteurs: Flanc contre flanc,0
2019,08,22,Beerse,Beerse,Province d’Anvers,Région flamande,51.324537,4.856038,13004,Normales,Normaal,Sec,Droog,"Nuit, éclairage public présent et allumé",En agglomération,Route régionale,Avec tué(s),Camion,Bicyclette,Entre 2 conducteurs: Par le côté (avant/derrière-flanc),0
2019,08,21,Westerlo,Westerlo,Province d’Anvers,Région flamande,51.107777,4.914789,13049,Normales,Normaal,Sec,Droog,"Nuit, éclairage public présent et allumé",En agglomération,Route communale,Avec blessé(s) leger(s),Bicyclette,Bicyclette,Entre 2 conducteurs: Par l'arrière,0
2019,08,14,Heist-op-den-Berg,Heist-op-den-Berg,Province d’Anvers,Région flamande,,,12014,Normales,Normaal,Sec,Droog,Jour,Hors agglomération,Route communale,Avec blessé(s) leger(s),Bicyclette,Voiture,Entre 2 conducteurs: Par l'arrière,1
2019,08,16,Hulshout,Hulshout,Province d’Anvers,Région flamande,51.072608,4.804433,13016,Normales,Normaal,Sec,Droog,Jour,Hors agglomération,Route communale,Avec blessé(s) leger(s),Voiture,Bicyclette,Entre 2 conducteurs: Collision frontale,1
2019,08,16,Herselt,Herselt,Province d’Anvers,Région flamande,51.03527,4.824397,13013,Normales,Normaal,Sec,Droog,Jour,Hors agglomération,Route communale,Avec blessé(s) leger(s),Bicyclette,Bicyclette,Entre 2 conducteurs: Par le côté (avant/derrière-flanc),0
2019,08,18,Westerlo,Westerlo,Province d’Anvers,Région flamande,51.11265,4.912755,13049,Normales,Normaal,Sec,Droog,Jour,Hors agglomération,Route communale,Avec blessé(s) leger(s),Camionnette,Cyclomoteur,Entre 2 conducteurs: Par le côté (avant/derrière-flanc),1
2019,08,14,Geel,Geel,Province d’Anvers,Région flamande,51.157156,4.993798,13008,Normales,Normaal,Sec,Droog,Jour,En agglomération,Route régionale,Avec blessé(s) leger(s),Bicyclette,Voiture,Entre 2 conducteurs: Par le côté (avant/derrière-flanc),1
2019,08,16,Geel,Geel,Province d’Anvers,Région flamande,,,13008,Normales,Normaal,Sec,Droog,Jour,Hors agglomération,Route communale,Avec blessé(s) grave(s),Bicyclette,Bicyclette,Entre 2 conducteurs: Flanc contre flanc,0
2019,08,09,Geel,Geel,Province d’Anvers,Région flamande,51.148349,4.98306,13008,Normales,Normaal,Sec,Droog,Jour,Hors agglomération,Route régionale,Avec blessé(s) leger(s),Voiture,Bicyclette,Entre 2 conducteurs: Par le côté (avant/derrière-flanc),1
2019,08,08,Geel,Geel,Province d’Anvers,Région flamande,51.162707,4.990715,13008,Normales,Normaal,Sec,Droog,Jour,En agglomération,Route régionale,Avec blessé(s) leger(s),Voiture,Bicyclette,Entre 2 conducteurs: Par le côté (avant/derrière-flanc),1
2019,08,15,Beerse,Beerse,Province d’Anvers,Région flamande,51.311459,4.864212,13004,Normales,Normaal,Sec,Droog,Jour,Hors agglomération,Route régionale,Avec blessé(s) leger(s),Bicyclette,Voiture,Entre 2 conducteurs: Par le côté (avant/derrière-flanc),1
2019,08,14,Retie,Retie,Province d’Anvers,Région flamande,51.261317,5.091428,13036,Normales,Normaal,Sec,Droog,Jour,En agglomération,Route régionale,Avec blessé(s) leger(s),Bicyclette,Voiture,Entre 2 conducteurs: Par le côté (avant/derrière-flanc),0
2019,08,19,Mol,Mol,Province d’Anvers,Région flamande,51.194653,5.112421,13025,Normales,Normaal,Sec,Droog,Jour,Hors agglomération,Route communale,Avec blessé(s) leger(s),Voiture,Bicyclette,Entre 2 conducteurs: Par le côté (avant/derrière-flanc),1
2019,08,17,Dessel,Dessel,Province d’Anvers,Région flamande,51.234194,5.162484,13006,Normales,Normaal,Sec,Droog,Jour,Hors agglomération,Route communale,Avec blessé(s) leger(s),Bicyclette,Voiture,Entre 2 conducteurs: Par le côté (avant/derrière-flanc),1
2019,08,13,Balen,Balen,Province d’Anvers,Région flamande,51.170383,5.167737,13003,Normales,Normaal,Sec,Droog,Jour,Hors agglomération,Route régionale,Avec blessé(s) leger(s),Bicyclette,Bicyclette,Entre 2 conducteurs: Flanc contre flanc,1
2019,08,21,Herenthout,Herenthout,Province d’Anvers,Région flamande,51.141377,4.757422,13012,Normales,Normaal,Sec,Droog,"Nuit, éclairage public présent et allumé",En agglomération,Route communale,Avec blessé(s) leger(s),Voiture,Bicyclette,Entre 2 conducteurs: Par le côté (avant/derrière-flanc),0
2019,08,16,Herentals,Herentals,Province d’Anvers,Région flamande,51.178691,4.828144,13011,Normales,Normaal,Sec,Droog,Jour,En agglomération,Route communale,Avec blessé(s) leger(s),Voiture,Cyclomoteur,Entre 2 conducteurs: Par le côté (avant/derrière-flanc),1
2019,08,14,Herenthout,Herenthout,Province d’Anvers,Région flamande,51.14044,4.752162,13012,Normales,Normaal,Sec,Droog,Jour,En agglomération,Route communale,Avec blessé(s) leger(s),Cyclomoteur,Voiture,Entre 2 conducteurs: Par le côté (avant/derrière-flanc),1
2019,08,06,Herentals,Herentals,Province d’Anvers,Région flamande,51.167002,4.847259,13011,Normales,Normaal,Sec,Droog,Jour,Hors agglomération,Route régionale,Avec blessé(s) leger(s),Voiture,Bicyclette,Entre 2 conducteurs: Par le côté (avant/derrière-flanc),0
2019,08,09,Grobbendonk,Grobbendonk,Province d’Anvers,Région flamande,51.192671,4.737762,13010,Normales,Normaal,Sec,Droog,Jour,En agglomération,Route communale,Avec blessé(s) grave(s),Voiture,Bicyclette,Entre 2 conducteurs: Par le côté (avant/derrière-flanc),0
2019,08,23,Olen,Olen,Province d’Anvers,Région flamande,51.153918,4.851832,13029,Normales,Normaal,Sec,Droog,"Nuit, éclairage public présent et allumé",Hors agglomération,Route régionale,Avec blessé(s) grave(s),Cyclomoteur,usager/obstacle,Usager contre obstacle situé hors chaussée,0
2019,08,19,Herentals,Herentals,Province d’Anvers,Région flamande,51.18,4.855844,13011,Normales,Normaal,Sec,Droog,Jour,En agglomération,Route communale,Avec blessé(s) leger(s),Voiture,Bicyclette,Entre 2 conducteurs: Par le côté (avant/derrière-flanc),0
2019,08,14,Herenthout,Herenthout,Province d’Anvers,Région flamande,51.131316,4.763505,13012,Normales,Normaal,Sec,Droog,Jour,En agglomération,Route communale,Avec blessé(s) leger(s),Bicyclette,Voiture,Entre 2 conducteurs: Par le côté (avant/derrière-flanc),0
2019,08,18,Peer,Peer,Province de Limbourg,Région flamande,51.154532,5.502903,72030,Normales,Normaal,Sec,Droog,Jour,En agglomération,Route communale,Avec blessé(s) leger(s),Cyclomoteur,usager/obstacle,Usager contre obstacle situé hors chaussée,0
2019,08,15,Lommel,Lommel,Province de Limbourg,Région flamande,51.254388,5.312126,72020,Normales,Normaal,Propre,Proper,Jour,Hors agglomération,Route régionale,Avec blessé(s) leger(s),Voiture,Bicyclette,Entre 2 conducteurs: Par l'arrière,1
2019,08,14,Lommel,Lommel,Province de Limbourg,Région flamande,51.16386,5.269501,72020,Normales,Normaal,Sec,Droog,Jour,En agglomération,Route régionale,Avec blessé(s) grave(s),Autres,Bicyclette,Entre 2 conducteurs: Flanc contre flanc,0
2019,08,18,Lommel,Lommel,Province de Limbourg,Région flamande,51.224919,5.307847,72020,Normales,Normaal,Sec,Droog,Jour,Hors agglomération,Route communale,Avec blessé(s) leger(s),Voiture,Bicyclette,Entre 2 conducteurs: Par le côté (avant/derrière-flanc),1
2019,08,16,Lommel,Lommel,Province de Limbourg,Région flamande,51.234775,5.371498,72020,Normales,Normaal,Sec,Droog,Jour,En agglomération,Route communale,Avec blessé(s) leger(s),Cyclomoteur,Voiture,Entre 2 conducteurs: Par le côté (avant/derrière-flanc),0
2019,08,13,Lommel,Lommel,Province de Limbourg,Région flamande,51.23433,5.374759,72020,Normales,Normaal,"Humide, mouillé, flaques","Nat, plassen",Jour,En agglomération,Route régionale,Avec blessé(s) leger(s),Voiture,Bicyclette,Entre 2 conducteurs: Par le côté (avant/derrière-flanc),0
2019,08,11,Pelt,Pelt,Province de Limbourg,Région flamande,,,72043,Normales,Normaal,Sec,Droog,Jour,Hors agglomération,Route régionale,Avec blessé(s) leger(s),Bicyclette,Voiture,Entre 2 conducteurs: Par le côté (avant/derrière-flanc),1
2019,08,18,Pelt,Pelt,Province de Limbourg,Région flamande,51.223742,5.375219,72043,Normales,Normaal,Sec,Droog,Jour,Hors agglomération,Route communale,Avec blessé(s) leger(s),Voiture,Bicyclette,Entre 2 conducteurs: Par le côté (avant/derrière-flanc),1
2019,08,05,Hamont-Achel,Hamont-Achel,Province de Limbourg,Région flamande,51.272805,5.469411,72037,"Inconnues, indéterminées",Onbekend,Sec,Droog,"Aube, crépuscule",Hors agglomération,Route communale,Avec blessé(s) leger(s),Bicyclette,usager seul,"Un seul usager, pas d'obstacle (chute incl.)",0
2019,08,13,Pelt,Pelt,Province de Limbourg,Région flamande,51.214956,5.425468,72043,Normales,Normaal,Sec,Droog,Jour,En agglomération,Route régionale,Avec blessé(s) leger(s),Bicyclette,Voiture,Entre 2 conducteurs: Par le côté (avant/derrière-flanc),1
2019,08,10,Hamont-Achel,Hamont-Achel,Province de Limbourg,Région flamande,51.279602,5.477387,72037,Normales,Normaal,Sec,Droog,Jour,En agglomération,Route communale,Avec blessé(s) leger(s),Bicyclette,Voiture,Entre 2 conducteurs: Collision frontale,0
2019,08,11,Pelt,Pelt,Province de Limbourg,Région flamande,51.233892,5.386705,72043,Normales,Normaal,Sec,Droog,Jour,Hors agglomération,Route communale,Avec blessé(s) leger(s),Motocyclette,Camionnette,Entre 2 conducteurs: Flanc contre flanc,1
2019,08,13,Tessenderlo,Tessenderlo,Province de Limbourg,Région flamande,51.067366,5.039417,71057,Normales,Normaal,Sec,Droog,Jour,En agglomération,Route régionale,Avec blessé(s) leger(s),Voiture,Bicyclette,Entre 2 conducteurs: Par le côté (avant/derrière-flanc),1
2019,08,17,Beringen,Beringen,Province de Limbourg,Région flamande,51.066804,5.199308,71004,Normales,Normaal,Sec,Droog,Jour,Hors agglomération,Route communale,Avec blessé(s) leger(s),Bicyclette,Bicyclette,Entre 2 conducteurs: Par le côté (avant/derrière-flanc),1
2019,08,16,Heusden-Zolder,Heusden-Zolder,Province de Limbourg,Région flamande,51.028643,5.23438,71070,Normales,Normaal,Sec,Droog,Jour,En agglomération,Route communale,Avec blessé(s) leger(s),Bicyclette,Bicyclette,Entre 2 conducteurs: Collision frontale,1
2019,08,07,Heusden-Zolder,Heusden-Zolder,Province de Limbourg,Région flamande,,,71070,Normales,Normaal,Sec,Droog,Jour,En agglomération,Route régionale,Avec blessé(s) leger(s),Cyclomoteur,Voiture,Entre 2 conducteurs: Flanc contre flanc,1
2019,08,16,Heusden-Zolder,Heusden-Zolder,Province de Limbourg,Région flamande,,,71070,Normales,Normaal,Sec,Droog,Jour,En agglomération,Route régionale,Avec blessé(s) leger(s),Voiture,Bicyclette,Entre 2 conducteurs: Par le côté (avant/derrière-flanc),0
2019,08,14,Heusden-Zolder,Heusden-Zolder,Province de Limbourg,Région flamande,50.997069,5.24861,71070,Normales,Normaal,Sec,Droog,Jour,En agglomération,Route communale,Avec blessé(s) leger(s),Voiture,Bicyclette,Entre 2 conducteurs: Par le côté (avant/derrière-flanc),0
2019,08,14,Heusden-Zolder,Heusden-Zolder,Province de Limbourg,Région flamande,51.016455,5.335623,71070,Normales,Normaal,Sec,Droog,Jour,En agglomération,Route communale,Avec blessé(s) leger(s),Cyclomoteur,usager seul,"Un seul usager, pas d'obstacle (chute incl.)",0
2019,08,17,Gingelom,Gingelom,Province de Limbourg,Région flamande,50.721824,5.13023,71017,Normales,Normaal,Sec,Droog,Jour,En agglomération,Route communale,Avec blessé(s) leger(s),Cyclomoteur,usager seul,"Un seul usager, pas d'obstacle (chute incl.)",0
2019,08,14,Saint-Trond,Sint-Truiden,Province de Limbourg,Région flamande,50.814147,5.164654,71053,Normales,Normaal,Sec,Droog,Jour,En agglomération,Route régionale,Avec blessé(s) leger(s),Camionnette,Bicyclette,Entre 2 conducteurs: Par le côté (avant/derrière-flanc),0
2019,08,10,Saint-Trond,Sint-Truiden,Province de Limbourg,Région flamande,,,71053,Normales,Normaal,"Sale (sable, gravier, feuilles,...)","Vuil (zand, grint, bladeren,...)",Jour,Hors agglomération,Route communale,Avec blessé(s) leger(s),Motocyclette,usager/obstacle,Usager contre obstacle situé sur la chaussée,0
2019,08,23,Halen,Halen,Province de Limbourg,Région flamande,,,71020,"Inconnues, indéterminées",Onbekend,"Inconnu, indéterminé",Onbekend,"Inconnu, indéterminé",En agglomération,Route communale,Avec blessé(s) grave(s),Voiture,Bicyclette,Entre 2 conducteurs: Par le côté (avant/derrière-flanc),0
2019,08,12,Saint-Trond,Sint-Truiden,Province de Limbourg,Région flamande,50.814082,5.164037,71053,Normales,Normaal,Sec,Droog,Jour,En agglomération,Route régionale,Avec blessé(s) leger(s),Voiture,Cyclomoteur,Entre 2 conducteurs: Par le côté (avant/derrière-flanc),0
2019,08,17,Nieuwerkerken,Nieuwerkerken,Province de Limbourg,Région flamande,,,71045,Normales,Normaal,Sec,Droog,Jour,En agglomération,Route communale,Avec blessé(s) grave(s),Bicyclette,usager seul,"Un seul usager, pas d'obstacle (chute incl.)",0
2019,08,16,Saint-Trond,Sint-Truiden,Province de Limbourg,Région flamande,50.808837,5.194136,71053,Normales,Normaal,Sec,Droog,Jour,En agglomération,Route régionale,Avec blessé(s) leger(s),Voiture,Bicyclette,Entre 2 conducteurs: Par le côté (avant/derrière-flanc),0
2019,08,17,Nieuwerkerken,Nieuwerkerken,Province de Limbourg,Région flamande,50.886477,5.211043,71045,Normales,Normaal,Sec,Droog,Jour,En agglomération,Route communale,Avec blessé(s) leger(s),Voiture,Cyclomoteur,Entre 2 conducteurs: Collision frontale,1
2019,08,17,Bourg-Léopold,Leopoldsburg,Province de Limbourg,Région flamande,51.114569,5.24922,71034,Normales,Normaal,Sec,Droog,Jour,En agglomération,Route régionale,Avec blessé(s) leger(s),Voiture,Motocyclette,Entre 2 conducteurs: Par l'arrière,1
2019,08,06,Peer,Peer,Province de Limbourg,Région flamande,51.1811,5.476385,72030,Normales,Normaal,Sec,Droog,"Aube, crépuscule",Hors agglomération,Route régionale,Avec blessé(s) grave(s),Camion,Bicyclette,Entre 2 conducteurs: Par l'arrière,0
2019,08,15,Bourg-Léopold,Leopoldsburg,Province de Limbourg,Région flamande,51.111584,5.23713,71034,Normales,Normaal,Sec,Droog,Jour,Hors agglomération,Route régionale,Avec blessé(s) grave(s),Motocyclette,Camionnette,Entre 2 conducteurs: Par le côté (avant/derrière-flanc),0
2019,08,16,Peer,Peer,Province de Limbourg,Région flamande,51.135298,5.497062,72030,Normales,Normaal,Sec,Droog,Jour,Hors agglomération,Route régionale,Avec blessé(s) leger(s),Cyclomoteur,Voiture,Entre 2 conducteurs: Par le côté (avant/derrière-flanc),1
2019,08,21,Heers,Heers,Province de Limbourg,Région flamande,50.754612,5.302892,73022,Normales,Normaal,Propre,Proper,"Nuit, éclairage public présent et allumé",En agglomération,Route régionale,Avec blessé(s) grave(s),Motocyclette,usager/obstacle,Usager contre obstacle situé hors chaussée,0
2019,08,13,Kortessem,Kortessem,Province de Limbourg,Région flamande,,,73040,Normales,Normaal,"Sale (sable, gravier, feuilles,...)","Vuil (zand, grint, bladeren,...)",Jour,En agglomération,Route communale,Avec blessé(s) leger(s),Bicyclette,usager seul,"Un seul usager, pas d'obstacle (chute incl.)",0
2019,08,11,Alken,Alken,Province de Limbourg,Région flamande,50.874166,5.304098,73001,Normales,Normaal,Sec,Droog,Jour,En agglomération,Route communale,Avec blessé(s) leger(s),Cyclomoteur,usager/obstacle,Usager contre obstacle situé hors chaussée,0
2019,08,12,Looz,Borgloon,Province de Limbourg,Région flamande,50.798242,5.356135,73009,"Inconnues, indéterminées",Onbekend,"Inconnu, indéterminé",Onbekend,Jour,inconnu,Route régionale,Avec blessé(s) leger(s),Bicyclette,usager seul,"Un seul usager, pas d'obstacle (chute incl.)",1
2019,08,22,Alken,Alken,Province de Limbourg,Région flamande,50.865198,5.266779,73001,Normales,Normaal,Sec,Droog,"Nuit, éclairage public présent et allumé",Hors agglomération,Route communale,Avec blessé(s) leger(s),Voiture,Bicyclette,Entre 2 conducteurs: Collision frontale,0
2019,08,19,Tongres,Tongeren,Province de Limbourg,Région flamande,50.774687,5.469391,73083,Normales,Normaal,Sec,Droog,Jour,En agglomération,Route régionale,Avec blessé(s) leger(s),Camionnette,Cyclomoteur,Entre 2 conducteurs: Par le côté (avant/derrière-flanc),1
2019,08,18,Tongres,Tongeren,Province de Limbourg,Région flamande,50.783349,5.46572,73083,Normales,Normaal,Sec,Droog,Jour,En agglomération,Route régionale,Avec blessé(s) grave(s),Motocyclette,usager/obstacle,Usager contre obstacle situé hors chaussée,0
2019,08,14,Tongres,Tongeren,Province de Limbourg,Région flamande,50.768185,5.536423,73083,"Inconnues, indéterminées",Onbekend,"Inconnu, indéterminé",Onbekend,Jour,inconnu,Route communale,Avec blessé(s) grave(s),Bicyclette,Bicyclette,Entre 2 conducteurs: Par l'arrière,0
2019,08,16,Bilzen,Bilzen,Province de Limbourg,Région flamande,50.864915,5.506168,73006,Normales,Normaal,Sec,Droog,Jour,En agglomération,Route régionale,Avec blessé(s) leger(s),Voiture,Cyclomoteur,Entre 2 conducteurs: Par le côté (avant/derrière-flanc),0
2019,08,18,Bilzen,Bilzen,Province de Limbourg,Région flamande,50.8731,5.522116,73006,Normales,Normaal,Sec,Droog,Jour,En agglomération,Route régionale,Avec blessé(s) leger(s),Voiture,Cyclomoteur,Entre 2 conducteurs: Par le côté (avant/derrière-flanc),0
2019,08,09,Riemst,Riemst,Province de Limbourg,Région flamande,,,73066,Normales,Normaal,Sec,Droog,Jour,Hors agglomération,Route communale,Avec blessé(s) leger(s),Bicyclette,Bicyclette,Entre 2 conducteurs: Par l'arrière,0
2019,08,08,Bilzen,Bilzen,Province de Limbourg,Région flamande,50.868639,5.510423,73006,Normales,Normaal,Sec,Droog,Jour,En agglomération,Route régionale,Avec blessé(s) leger(s),Voiture,Bicyclette,Entre 2 conducteurs: Par le côté (avant/derrière-flanc),1
2019,08,15,Bilzen,Bilzen,Province de Limbourg,Région flamande,50.876832,5.575861,73006,Normales,Normaal,Sec,Droog,Jour,En agglomération,Route communale,Avec blessé(s) leger(s),Bicyclette,Voiture,Entre 2 conducteurs: Par le côté (avant/derrière-flanc),1
2019,08,13,Riemst,Riemst,Province de Limbourg,Région flamande,50.809534,5.599957,73066,Normales,Normaal,Sec,Droog,Jour,En agglomération,Route régionale,Avec blessé(s) leger(s),Cyclomoteur,Voiture,Entre 2 conducteurs: Par le côté (avant/derrière-flanc),1
2019,08,03,Bilzen,Bilzen,Province de Limbourg,Région flamande,50.885802,5.505933,73006,Normales,Normaal,Sec,Droog,"Nuit, éclairage public présent et allumé",Hors agglomération,Route communale,Avec blessé(s) leger(s),Cyclomoteur,usager/obstacle,Usager contre obstacle situé hors chaussée,1
2019,08,18,Fourons,Voeren,Province de Limbourg,Région flamande,,,73109,Normales,Normaal,Sec,Droog,Jour,Hors agglomération,Route communale,Avec blessé(s) grave(s),Bicyclette,Voiture,Entre 2 conducteurs: Flanc contre flanc,0
2019,08,08,Maaseik,Maaseik,Province de Limbourg,Région flamande,51.049567,5.664862,72021,Normales,Normaal,Sec,Droog,Jour,Hors agglomération,Route communale,Avec blessé(s) leger(s),Voiture,Bicyclette,Entre 2 conducteurs: Par le côté (avant/derrière-flanc),0
2019,08,12,Maaseik,Maaseik,Province de Limbourg,Région flamande,,,72021,Normales,Normaal,Sec,Droog,Jour,En agglomération,Route régionale,Avec blessé(s) leger(s),Voiture,Cyclomoteur,Entre 2 conducteurs: Par le côté (avant/derrière-flanc),0
2019,08,13,Maaseik,Maaseik,Province de Limbourg,Région flamande,51.087411,5.698573,72021,Normales,Normaal,Sec,Droog,Jour,En agglomération,Route communale,Avec blessé(s) leger(s),Motocyclette,Voiture,Entre 2 conducteurs: Par le côté (avant/derrière-flanc),0
2019,08,20,Bree,Bree,Province de Limbourg,Région flamande,51.141914,5.600822,72004,Normales,Normaal,Sec,Droog,"Aube, crépuscule",En agglomération,Route régionale,Avec blessé(s) grave(s),Bicyclette,usager seul,"Un seul usager, pas d'obstacle (chute incl.)",1
2019,08,12,Genk,Genk,Province de Limbourg,Région flamande,50.967105,5.505955,71016,Normales,Normaal,Sec,Droog,Jour,En agglomération,Route régionale,Avec blessé(s) leger(s),Bicyclette,Bicyclette,Entre 2 conducteurs: Flanc contre flanc,0
2019,08,11,Zutendaal,Zutendaal,Province de Limbourg,Région flamande,50.911918,5.537997,71067,Normales,Normaal,Sec,Droog,Jour,Hors agglomération,Route régionale,Avec blessé(s) leger(s),Voiture,Bicyclette,Entre 2 conducteurs: Par le côté (avant/derrière-flanc),0
2019,08,22,Genk,Genk,Province de Limbourg,Région flamande,50.982261,5.534152,71016,Normales,Normaal,Sec,Droog,"Nuit, éclairage public présent et allumé",Hors agglomération,Route régionale,Avec blessé(s) leger(s),Cyclomoteur,usager/obstacle,Usager contre obstacle situé hors chaussée,1
2019,08,19,Houthalen-Helchteren,Houthalen-Helchteren,Province de Limbourg,Région flamande,51.031225,5.376459,72039,Normales,Normaal,Sec,Droog,"Aube, crépuscule",En agglomération,Route régionale,Avec blessé(s) leger(s),Voiture,Motocyclette,Entre 2 conducteurs: Par le côté (avant/derrière-flanc),1
2019,08,14,Genk,Genk,Province de Limbourg,Région flamande,50.964263,5.487768,71016,Normales,Normaal,Sec,Droog,Jour,En agglomération,Route communale,Avec blessé(s) leger(s),Voiture,Cyclomoteur,Entre 2 conducteurs: Par le côté (avant/derrière-flanc),0
2019,08,19,Bree,Bree,Province de Limbourg,Région flamande,51.139241,5.607846,72004,Normales,Normaal,Sec,Droog,Jour,Hors agglomération,Route régionale,Avec blessé(s) leger(s),Bicyclette,Voiture,Entre 2 conducteurs: Par le côté (avant/derrière-flanc),1
2019,08,14,Zutendaal,Zutendaal,Province de Limbourg,Région flamande,50.93612,5.557231,71067,Normales,Normaal,Sec,Droog,Jour,Hors agglomération,Route régionale,Avec blessé(s) grave(s),Camionnette,Motocyclette,Entre 2 conducteurs: Par l'arrière,0
2019,08,09,Bree,Bree,Province de Limbourg,Région flamande,51.126748,5.656505,72004,Normales,Normaal,Sec,Droog,Jour,Hors agglomération,Route communale,Avec blessé(s) leger(s),Bicyclette,usager seul,"Un seul usager, pas d'obstacle (chute incl.)",0
2019,08,09,Bocholt,Bocholt,Province de Limbourg,Région flamande,51.173366,5.579638,72003,Normales,Normaal,Sec,Droog,Jour,En agglomération,Route régionale,Avec blessé(s) leger(s),Voiture,Bicyclette,Entre 2 conducteurs: Collision frontale,0
2019,08,16,Houthalen-Helchteren,Houthalen-Helchteren,Province de Limbourg,Région flamande,51.032073,5.380934,72039,"Inconnues, indéterminées",Onbekend,"Humide, mouillé, flaques","Nat, plassen",Jour,En agglomération,Route communale,Avec blessé(s) leger(s),Camionnette,Bicyclette,Entre 2 conducteurs: Par le côté (avant/derrière-flanc),1
2019,08,13,Genk,Genk,Province de Limbourg,Région flamande,50.963924,5.471477,71016,Normales,Normaal,Sec,Droog,Jour,Hors agglomération,Route régionale,Avec blessé(s) leger(s),Cyclomoteur,Bicyclette,Entre 2 conducteurs: Collision frontale,0
2019,08,14,Bocholt,Bocholt,Province de Limbourg,Région flamande,51.191129,5.510907,72003,Normales,Normaal,Sec,Droog,Jour,Hors agglomération,Route régionale,Avec blessé(s) leger(s),Camion,Bicyclette,Entre 2 conducteurs: Par l'arrière,1
2019,08,10,Houthalen-Helchteren,Houthalen-Helchteren,Province de Limbourg,Région flamande,51.024023,5.375139,72039,Normales,Normaal,Sec,Droog,Jour,Hors agglomération,Route communale,Avec blessé(s) leger(s),Bicyclette,Voiture,Entre 2 conducteurs: Par le côté (avant/derrière-flanc),1
2019,08,20,Genk,Genk,Province de Limbourg,Région flamande,50.972763,5.484119,71016,Normales,Normaal,Sec,Droog,"Aube, crépuscule",En agglomération,Route communale,Avec blessé(s) leger(s),Bicyclette,Voiture,Entre 2 conducteurs: Par le côté (avant/derrière-flanc),1
2019,08,14,Houthalen-Helchteren,Houthalen-Helchteren,Province de Limbourg,Région flamande,51.031246,5.376615,72039,Normales,Normaal,Sec,Droog,Jour,En agglomération,Route régionale,Avec blessé(s) leger(s),Cyclomoteur,Bicyclette,Entre 2 conducteurs: Par le côté (avant/derrière-flanc),1
2019,08,12,Bocholt,Bocholt,Province de Limbourg,Région flamande,,,72003,Normales,Normaal,Sec,Droog,Jour,Hors agglomération,Route régionale,Avec blessé(s) leger(s),Voiture,Motocyclette,Entre 2 conducteurs: Flanc contre flanc,0
2019,08,19,Genk,Genk,Province de Limbourg,Région flamande,50.992418,5.535153,71016,Normales,Normaal,Sec,Droog,Jour,Hors agglomération,Route régionale,Avec blessé(s) grave(s),Voiture,Motocyclette,Entre 2 conducteurs: Par le côté (avant/derrière-flanc),1
2019,08,22,Houthalen-Helchteren,Houthalen-Helchteren,Province de Limbourg,Région flamande,51.052793,5.382013,72039,Normales,Normaal,Sec,Droog,"Nuit, éclairage public présent et allumé",En agglomération,Route régionale,Avec blessé(s) grave(s),Voiture,Bicyclette,Entre 2 conducteurs: Par le côté (avant/derrière-flanc),1
2019,08,19,Kinrooi,Kinrooi,Province de Limbourg,Région flamande,,,72018,Normales,Normaal,Sec+Propre,Droog+Proper,Jour,Hors agglomération,Route communale,Avec blessé(s) grave(s),Motocyclette,usager/obstacle,Usager contre obstacle situé hors chaussée,0
2019,08,02,Oudsbergen,Oudsbergen,Province de Limbourg,Région flamande,51.05193,5.586181,72042,Normales,Normaal,Sec,Droog,"Nuit, éclairage public présent et allumé",Hors agglomération,Route communale,Avec tué(s),Voiture,Bicyclette,Entre 2 conducteurs: Par l'arrière,0
2019,08,13,Genk,Genk,Province de Limbourg,Région flamande,,,71016,Normales,Normaal,Sec,Droog,Jour,En agglomération,Route communale,Avec blessé(s) leger(s),Voiture,Cyclomoteur,Entre 2 conducteurs: Par le côté (avant/derrière-flanc),1
2019,08,23,Oudsbergen,Oudsbergen,Province de Limbourg,Région flamande,51.111146,5.501114,72042,Normales,Normaal,Sec,Droog,"Nuit, éclairage public présent et allumé",Hors agglomération,Route communale,Avec blessé(s) leger(s),Motocyclette,usager/obstacle,Usager contre obstacle situé hors chaussée,0
2019,08,20,Genk,Genk,Province de Limbourg,Région flamande,50.96144,5.505226,71016,Normales,Normaal,Sec,Droog,"Aube, crépuscule",En agglomération,Route communale,Avec blessé(s) leger(s),Bicyclette,Voiture,Entre 2 conducteurs: Par le côté (avant/derrière-flanc),1
2019,08,23,Bocholt,Bocholt,Province de Limbourg,Région flamande,51.188592,5.518264,72003,Normales,Normaal,Sec,Droog,"Nuit, éclairage public présent et allumé",En agglomération,Route communale,Avec blessé(s) leger(s),Cyclomoteur,usager seul,"Un seul usager, pas d'obstacle (chute incl.)",0
2019,08,22,Genk,Genk,Province de Limbourg,Région flamande,50.967135,5.451636,71016,Normales,Normaal,Sec,Droog,"Nuit, éclairage public présent et allumé",En agglomération,Route communale,Avec blessé(s) leger(s),Bicyclette,usager seul,"Un seul usager, pas d'obstacle (chute incl.)",0
2019,08,17,Louvain,Leuven,Province du Brabant flamand,Région flamande,50.874145,4.719902,24062,Normales,Normaal,Sec,Droog,Jour,En agglomération,Route régionale,Avec blessé(s) leger(s),Bicyclette,Bicyclette,Entre 2 conducteurs: Collision frontale,0
2019,08,15,Louvain,Leuven,Province du Brabant flamand,Région flamande,50.880865,4.715097,24062,Normales,Normaal,Sec,Droog,Jour,En agglomération,Route régionale,Avec blessé(s) leger(s),Bicyclette,Piéton,Avec un piéton,0
2019,08,15,Louvain,Leuven,Province du Brabant flamand,Région flamande,50.850069,4.722877,24062,Normales,Normaal,Sec,Droog,Jour,En agglomération,Route communale,Avec blessé(s) leger(s),Voiture,Cyclomoteur,Entre 2 conducteurs: Flanc contre flanc,0
2019,08,09,Louvain,Leuven,Province du Brabant flamand,Région flamande,50.867417,4.70936,24062,Normales,Normaal,Sec,Droog,Jour,En agglomération,Route communale,Avec blessé(s) leger(s),Bicyclette,Piéton,Avec un piéton,1
2019,08,14,Louvain,Leuven,Province du Brabant flamand,Région flamande,50.88701,4.707468,24062,Normales,Normaal,Sec,Droog,Jour,En agglomération,Route communale,Avec blessé(s) leger(s),Bicyclette,usager seul,"Un seul usager, pas d'obstacle (chute incl.)",0
2019,08,17,Louvain,Leuven,Province du Brabant flamand,Région flamande,50.879975,4.71567,24062,Normales,Normaal,Sec,Droog,Jour,En agglomération,Route communale,Avec blessé(s) grave(s),Bicyclette,Bicyclette,Entre 2 conducteurs: Collision frontale,0
2019,08,14,Louvain,Leuven,Province du Brabant flamand,Région flamande,50.873665,4.714448,24062,Normales,Normaal,Sec,Droog,Jour,En agglomération,Route régionale,Avec blessé(s) leger(s),Motocyclette,Voiture,Entre 2 conducteurs: Par l'arrière,1
2019,08,08,Louvain,Leuven,Province du Brabant flamand,Région flamande,50.867394,4.70054,24062,Normales,Normaal,Sec,Droog,Jour,En agglomération,Route communale,Avec blessé(s) leger(s),Voiture,Bicyclette,Entre 2 conducteurs: Par le côté (avant/derrière-flanc),0
2019,08,11,Louvain,Leuven,Province du Brabant flamand,Région flamande,50.861862,4.681111,24062,Normales,Normaal,Sec,Droog,Jour,En agglomération,Route communale,Avec blessé(s) leger(s),Piéton,Bicyclette,Avec un piéton,1
2019,08,17,Louvain,Leuven,Province du Brabant flamand,Région flamande,50.882249,4.717271,24062,Normales,Normaal,Sec,Droog,Jour,En agglomération,Route communale,Avec blessé(s) leger(s),Bicyclette,Bicyclette,Entre 2 conducteurs: Collision frontale,0
2019,08,18,Louvain,Leuven,Province du Brabant flamand,Région flamande,50.879965,4.707416,24062,Normales,Normaal,Sec,Droog,Jour,En agglomération,Route communale,Avec blessé(s) leger(s),Piéton,Bicyclette,Avec un piéton,0
2019,08,09,Louvain,Leuven,Province du Brabant flamand,Région flamande,50.871866,4.69206,24062,Normales,Normaal,Sec,Droog,Jour,En agglomération,Route régionale,Avec blessé(s) leger(s),Bicyclette,Piéton,Avec un piéton,0
2019,08,08,Louvain,Leuven,Province du Brabant flamand,Région flamande,50.887759,4.689098,24062,"Inconnues, indéterminées",Onbekend,Sec,Droog,Jour,Hors agglomération,Route régionale,Avec blessé(s) leger(s),Bicyclette,Bicyclette,Entre 2 conducteurs: Flanc contre flanc,0
2019,08,04,Louvain,Leuven,Province du Brabant flamand,Région flamande,50.879152,4.700744,24062,Normales,Normaal,Sec,Droog,"Nuit, éclairage public présent et allumé",En agglomération,Route communale,Avec blessé(s) leger(s),Bicyclette,usager/obstacle,Usager contre obstacle situé sur la chaussée,0
2019,08,17,Louvain,Leuven,Province du Brabant flamand,Région flamande,50.871975,4.716285,24062,Normales,Normaal,Sec,Droog,Jour,En agglomération,Route communale,Avec blessé(s) leger(s),Bicyclette,Piéton,Avec un piéton,1
2019,08,10,Louvain,Leuven,Province du Brabant flamand,Région flamande,50.871804,4.722487,24062,Normales,Normaal,Sec,Droog,Jour,En agglomération,Route régionale,Avec blessé(s) leger(s),Bicyclette,Voiture,Entre 2 conducteurs: Par le côté (avant/derrière-flanc),0
2019,08,18,Louvain,Leuven,Province du Brabant flamand,Région flamande,50.869056,4.707957,24062,Normales,Normaal,Sec,Droog,Jour,En agglomération,Route régionale,Avec blessé(s) leger(s),Camionnette,Cyclomoteur,Entre 2 conducteurs: Par le côté (avant/derrière-flanc),1
2019,08,17,Louvain,Leuven,Province du Brabant flamand,Région flamande,50.933781,4.706948,24062,Normales,Normaal,Propre,Proper,Jour,En agglomération,Route communale,Avec blessé(s) grave(s),Bicyclette,usager seul,"Un seul usager, pas d'obstacle (chute incl.)",0
2019,08,11,Louvain,Leuven,Province du Brabant flamand,Région flamande,50.861862,4.681111,24062,Normales,Normaal,Sec,Droog,Jour,En agglomération,Route communale,Avec blessé(s) leger(s),Bicyclette,usager seul,"Un seul usager, pas d'obstacle (chute incl.)",1
2019,08,08,Louvain,Leuven,Province du Brabant flamand,Région flamande,50.875691,4.708424,24062,Normales,Normaal,Sec,Droog,Jour,En agglomération,Route communale,Avec blessé(s) leger(s),Voiture,Bicyclette,Entre 2 conducteurs: Par le côté (avant/derrière-flanc),1
2019,08,10,Tielt-Winge,Tielt-Winge,Province du Brabant flamand,Région flamande,50.906652,4.903726,24135,Normales,Normaal,Sec,Droog,Jour,Hors agglomération,Route communale,Avec blessé(s) leger(s),Bicyclette,Bicyclette,Entre 2 conducteurs: Flanc contre flanc,1
2019,08,14,Bekkevoort,Bekkevoort,Province du Brabant flamand,Région flamande,,,24008,"Inconnues, indéterminées",Onbekend,"Inconnu, indéterminé",Onbekend,Jour,Hors agglomération,Route communale,Avec blessé(s) leger(s),Bicyclette,usager seul,"Un seul usager, pas d'obstacle (chute incl.)",0
2019,08,22,Tielt-Winge,Tielt-Winge,Province du Brabant flamand,Région flamande,50.942489,4.908929,24135,Normales,Normaal,Sec,Droog,"Nuit, éclairage public présent et allumé",En agglomération,Route communale,Avec blessé(s) grave(s),Bicyclette,usager/obstacle,Usager contre obstacle situé hors chaussée,1
2019,08,18,Glabbeek,Glabbeek,Province du Brabant flamand,Région flamande,50.869678,4.914542,24137,Normales,Normaal,Sec,Droog,Jour,Hors agglomération,Route communale,Avec blessé(s) leger(s),Voiture,Bicyclette,Entre 2 conducteurs: Par le côté (avant/derrière-flanc),1
2019,08,16,Bekkevoort,Bekkevoort,Province du Brabant flamand,Région flamande,50.943232,4.969353,24008,Normales,Normaal,Sec,Droog,Jour,En agglomération,Route régionale,Avec blessé(s) leger(s),Voiture,Cyclomoteur,Entre 2 conducteurs: Par le côté (avant/derrière-flanc),0
2019,08,18,Tielt-Winge,Tielt-Winge,Province du Brabant flamand,Région flamande,50.930662,4.85785,24135,Normales,Normaal,Propre,Proper,Jour,En agglomération,Route communale,Avec blessé(s) leger(s),Voiture,Cyclomoteur,Entre 2 conducteurs: Par le côté (avant/derrière-flanc),0
2019,08,11,Geetbets,Geetbets,Province du Brabant flamand,Région flamande,50.893089,5.111518,24028,Normales,Normaal,Sec,Droog,Jour,En agglomération,Route communale,Avec blessé(s) leger(s),Bicyclette,usager/obstacle,Usager contre obstacle situé hors chaussée,0
2019,08,17,Boutersem,Boutersem,Province du Brabant flamand,Région flamande,50.834294,4.854324,24016,Normales,Normaal,Sec,Droog,Jour,Hors agglomération,Route régionale,Avec blessé(s) leger(s),Bicyclette,Cyclomoteur,Entre 2 conducteurs: Par l'arrière,0
2019,08,16,Holsbeek,Holsbeek,Province du Brabant flamand,Région flamande,,,24043,"Inconnues, indéterminées",Onbekend,"Inconnu, indéterminé",Onbekend,Jour,Hors agglomération,Route communale,Avec blessé(s) leger(s),Bicyclette,usager/obstacle,Usager contre obstacle situé sur la chaussée,0
2019,08,15,Lubbeek,Lubbeek,Province du Brabant flamand,Région flamande,50.881148,4.81295,24066,Normales,Normaal,Sec,Droog,Jour,Hors agglomération,Route communale,Avec blessé(s) grave(s),Bicyclette,usager/obstacle,Usager contre obstacle situé sur la chaussée,0
2019,08,17,Lubbeek,Lubbeek,Province du Brabant flamand,Région flamande,50.899216,4.793936,24066,Normales,Normaal,Sec,Droog,Jour,Hors agglomération,Route communale,Avec blessé(s) leger(s),Camionnette,Bicyclette,Entre 2 conducteurs: Par le côté (avant/derrière-flanc),1
2019,08,17,Lubbeek,Lubbeek,Province du Brabant flamand,Région flamande,50.89959,4.837809,24066,"Inconnues, indéterminées",Onbekend,Sec,Droog,Jour,Hors agglomération,Route régionale,Avec blessé(s) leger(s),Voiture,Motocyclette,Entre 2 conducteurs: Par l'arrière,0
2019,08,16,Herent,Herent,Province du Brabant flamand,Région flamande,50.90424,4.68559,24038,Normales,Normaal,Sec,Droog,Jour,Hors agglomération,Route communale,Avec blessé(s) leger(s),Bicyclette,Bicyclette,Entre 2 conducteurs: Collision frontale,1
2019,08,19,Herent,Herent,Province du Brabant flamand,Région flamande,50.900996,4.621158,24038,Normales,Normaal,Sec,Droog,Jour,En agglomération,Route communale,Avec blessé(s) leger(s),Bicyclette,usager/obstacle,Usager contre obstacle situé sur la chaussée,0
2019,08,08,Kortenberg,Kortenberg,Province du Brabant flamand,Région flamande,50.8874,4.540543,24055,Normales,Normaal,Sec,Droog,Jour,En agglomération,Route régionale,Avec blessé(s) leger(s),Bicyclette,Voiture,Entre 2 conducteurs: Par le côté (avant/derrière-flanc),0
2019,08,17,Aarschot,Aarschot,Province du Brabant flamand,Région flamande,50.999416,4.83445,24001,Normales,Normaal,Sec,Droog,Jour,En agglomération,Route régionale,Avec tué(s),Motocyclette,Voiture,Entre 2 conducteurs: Par le côté (avant/derrière-flanc),0
2019,08,20,Aarschot,Aarschot,Province du Brabant flamand,Région flamande,50.975608,4.910907,24001,Normales,Normaal,Propre,Proper,"Nuit, éclairage public présent et allumé",Hors agglomération,Route régionale,Avec blessé(s) leger(s),Motocyclette,Camionnette,Entre 2 conducteurs: Par le côté (avant/derrière-flanc),0
2019,08,15,Aarschot,Aarschot,Province du Brabant flamand,Région flamande,50.994108,4.842827,24001,Normales,Normaal,Sec,Droog,Jour,Hors agglomération,Route régionale,Avec blessé(s) leger(s),Voiture,Bicyclette,Entre 2 conducteurs: Par le côté (avant/derrière-flanc),0
2019,08,23,Aarschot,Aarschot,Province du Brabant flamand,Région flamande,51.013172,4.871304,24001,Normales,Normaal,Sec,Droog,"Nuit, éclairage public présent et allumé",Hors agglomération,Route régionale,Avec blessé(s) grave(s),Motocyclette,usager/obstacle,Usager contre obstacle situé hors chaussée,0
2019,08,18,Keerbergen,Keerbergen,Province du Brabant flamand,Région flamande,51.003162,4.687529,24048,Normales,Normaal,Sec,Droog,Jour,Hors agglomération,Route communale,Avec blessé(s) leger(s),Bicyclette,usager seul,"Un seul usager, pas d'obstacle (chute incl.)",0
2019,08,08,Keerbergen,Keerbergen,Province du Brabant flamand,Région flamande,51.006475,4.62882,24048,Normales,Normaal,Sec,Droog,Jour,En agglomération,Route communale,Avec blessé(s) leger(s),Bicyclette,usager/obstacle,Usager contre obstacle situé hors chaussée,0
2019,08,08,Montaigu-Zichem,Scherpenheuvel-Zichem,Province du Brabant flamand,Région flamande,,,24134,Normales,Normaal,Sec,Droog,Jour,En agglomération,Route communale,Avec blessé(s) grave(s),Autres,Bicyclette,Entre 2 conducteurs: Par le côté (avant/derrière-flanc),0
2019,08,16,Diest,Diest,Province du Brabant flamand,Région flamande,,,24020,Normales,Normaal,Sec,Droog,Jour,En agglomération,Route régionale,Avec blessé(s) leger(s),Bicyclette,Voiture,Entre 2 conducteurs: Par le côté (avant/derrière-flanc),0
2019,08,09,Montaigu-Zichem,Scherpenheuvel-Zichem,Province du Brabant flamand,Région flamande,50.97869,4.947639,24134,Normales,Normaal,Sec,Droog,Jour,Hors agglomération,Route régionale,Avec blessé(s) grave(s),Voiture,Bicyclette,Entre 2 conducteurs: Par le côté (avant/derrière-flanc),0
2019,08,16,Diest,Diest,Province du Brabant flamand,Région flamande,50.989037,5.080278,24020,Normales,Normaal,Sec,Droog,Jour,Hors agglomération,Route communale,Avec blessé(s) leger(s),Camionnette,Bicyclette,Entre 2 conducteurs: Par le côté (avant/derrière-flanc),0
2019,08,08,Tremelo,Tremelo,Province du Brabant flamand,Région flamande,50.998604,4.721033,24109,Normales,Normaal,Sec+Propre,Droog+Proper,Jour,Hors agglomération,Route communale,Avec blessé(s) leger(s),Voiture,Bicyclette,Entre 2 conducteurs: Par le côté (avant/derrière-flanc),1
2019,08,08,Rotselaar,Rotselaar,Province du Brabant flamand,Région flamande,50.942497,4.738901,24094,Normales,Normaal,Sec+Propre,Droog+Proper,Jour,Hors agglomération,Route régionale,Avec blessé(s) leger(s),Voiture,Bicyclette,Entre 2 conducteurs: Par le côté (avant/derrière-flanc),0
2019,08,12,Tremelo,Tremelo,Province du Brabant flamand,Région flamande,50.988863,4.70895,24109,Normales,Normaal,Sec+Propre,Droog+Proper,Jour,En agglomération,Route communale,Avec blessé(s) leger(s),Autobus,Motocyclette,Entre 2 conducteurs: Par le côté (avant/derrière-flanc),1
2019,08,16,Tremelo,Tremelo,Province du Brabant flamand,Région flamande,51.00644,4.735083,24109,Normales,Normaal,Sec,Droog,Jour,Hors agglomération,Route communale,Avec blessé(s) leger(s),Voiture,Bicyclette,Entre 2 conducteurs: Par le côté (avant/derrière-flanc),1
2019,08,17,Rotselaar,Rotselaar,Province du Brabant flamand,Région flamande,50.946667,4.75017,24094,Normales,Normaal,Sec+Propre,Droog+Proper,Jour,En agglomération,Route régionale,Avec blessé(s) leger(s),Voiture,Bicyclette,Entre 2 conducteurs: Par le côté (avant/derrière-flanc),1
2019,08,14,Zaventem,Zaventem,Province du Brabant flamand,Région flamande,50.880459,4.482092,23094,Normales,Normaal,Sec,Droog,Jour,En agglomération,Route communale,Avec blessé(s) leger(s),Bicyclette,Voiture,Entre 2 conducteurs: Par le côté (avant/derrière-flanc),1
2019,08,22,Zaventem,Zaventem,Province du Brabant flamand,Région flamande,50.881147,4.466592,23094,Normales,Normaal,Sec,Droog,"Nuit, éclairage public présent et allumé",En agglomération,Route régionale,Mortellement blessé(s),Camionnette,Bicyclette,Entre 2 conducteurs: Par le côté (avant/derrière-flanc),1
2019,08,12,Wezembeek-Oppem,Wezembeek-Oppem,Province du Brabant flamand,Région flamande,50.848156,4.474812,23103,Normales,Normaal,"Humide, mouillé, flaques","Nat, plassen",Jour,Hors agglomération,Route communale,Avec blessé(s) leger(s),Cyclomoteur,Camionnette,Entre 2 conducteurs: Flanc contre flanc,0
2019,08,08,Kraainem,Kraainem,Province du Brabant flamand,Région flamande,50.848802,4.472873,23099,Normales,Normaal,Sec,Droog,Jour,En agglomération,Route régionale,Avec blessé(s) leger(s),Voiture,Motocyclette,Entre 2 conducteurs: Par le côté (avant/derrière-flanc),0
2019,08,21,Wezembeek-Oppem,Wezembeek-Oppem,Province du Brabant flamand,Région flamande,50.853512,4.483944,23103,Normales,Normaal,"Humide, mouillé, flaques","Nat, plassen","Aube, crépuscule",En agglomération,Route communale,Avec blessé(s) leger(s),Bicyclette,Voiture,Entre 2 conducteurs: Par le côté (avant/derrière-flanc),1
2019,08,19,Hoeilaart,Hoeilaart,Province du Brabant flamand,Région flamande,50.761022,4.455189,23033,Normales,Normaal,Sec,Droog,Jour,En agglomération,Route communale,Avec blessé(s) leger(s),Bicyclette,Voiture,Entre 2 conducteurs: Par le côté (avant/derrière-flanc),1
2019,08,14,Hoeilaart,Hoeilaart,Province du Brabant flamand,Région flamande,50.762154,4.500681,23033,Normales,Normaal,Sec,Droog,Jour,En agglomération,Route communale,Avec blessé(s) leger(s),Bicyclette,Voiture,Entre 2 conducteurs: Par le côté (avant/derrière-flanc),1
2019,08,21,Overijse,Overijse,Province du Brabant flamand,Région flamande,,,23062,Normales,Normaal,Sec,Droog,"Nuit, éclairage public présent et allumé",Hors agglomération,Route régionale,Avec blessé(s) leger(s),Bicyclette,Bicyclette,Entre 2 conducteurs: Collision frontale,0
2019,08,18,Overijse,Overijse,Province du Brabant flamand,Région flamande,,,23062,Normales,Normaal,Sec,Droog,Jour,En agglomération,Route régionale,Avec blessé(s) leger(s),Motocyclette,Voiture,Entre 2 conducteurs: Par l'arrière,0
2019,08,19,Drogenbos,Drogenbos,Province du Brabant flamand,Région flamande,50.805532,4.301724,23098,Normales,Normaal,Sec,Droog,Jour,Hors agglomération,Route régionale,Avec blessé(s) leger(s),Autobus,Bicyclette,Entre 2 conducteurs: Flanc contre flanc,0
2019,08,18,Lennik,Lennik,Province du Brabant flamand,Région flamande,,,23104,Normales,Normaal,Sec,Droog,Jour,En agglomération,Route communale,Avec blessé(s) leger(s),Bicyclette,usager/obstacle,Usager contre obstacle situé sur la chaussée,0
2019,08,10,Pepingen,Pepingen,Province du Brabant flamand,Région flamande,50.768746,4.136815,23064,Normales,Normaal,"Sale (sable, gravier, feuilles,...)","Vuil (zand, grint, bladeren,...)",Jour,Hors agglomération,Route régionale,Avec blessé(s) leger(s),Bicyclette,usager/obstacle,Usager contre obstacle situé sur la chaussée,1
2019,08,16,Lennik,Lennik,Province du Brabant flamand,Région flamande,,,23104,Normales,Normaal,Sec,Droog,Jour,Hors agglomération,Route communale,Avec blessé(s) leger(s),Bicyclette,Piéton,Avec un piéton,0
2019,08,09,Lennik,Lennik,Province du Brabant flamand,Région flamande,,,23104,Normales,Normaal,Sec,Droog,Jour,Hors agglomération,Route communale,Avec blessé(s) leger(s),Motocyclette,usager seul,"Un seul usager, pas d'obstacle (chute incl.)",1
2019,08,17,Liedekerke,Liedekerke,Province du Brabant flamand,Région flamande,,,23044,Normales,Normaal,Sec,Droog,Jour,En agglomération,Route régionale,Avec blessé(s) grave(s),Motocyclette,usager seul,"Un seul usager, pas d'obstacle (chute incl.)",0
2019,08,13,Vilvorde,Vilvoorde,Province du Brabant flamand,Région flamande,,,23088,"Inconnues, indéterminées",Onbekend,"Inconnu, indéterminé",Onbekend,Jour,inconnu,Route régionale,Avec blessé(s) leger(s),Bicyclette,usager/obstacle,Usager contre obstacle situé sur la chaussée,0
2019,08,18,Ternat,Ternat,Province du Brabant flamand,Région flamande,50.855392,4.154186,23086,Normales,Normaal,Sec,Droog,Jour,Hors agglomération,Route régionale,Avec blessé(s) leger(s),Voiture,Motocyclette,Entre 2 conducteurs: Par l'arrière,1
2019,08,17,Roosdaal,Roosdaal,Province du Brabant flamand,Région flamande,50.82555,4.074278,23097,Normales,Normaal,Sec,Droog,Jour,En agglomération,Route communale,Avec tué(s),Bicyclette,usager seul,"Un seul usager, pas d'obstacle (chute incl.)",0
2019,08,11,Liedekerke,Liedekerke,Province du Brabant flamand,Région flamande,50.870595,4.081473,23044,Normales,Normaal,Sec,Droog,Jour,En agglomération,Route communale,Avec blessé(s) leger(s),Bicyclette,Voiture,Entre 2 conducteurs: Par le côté (avant/derrière-flanc),1
2019,08,01,Affligem,Affligem,Province du Brabant flamand,Région flamande,50.892499,4.126269,23105,Normales,Normaal,"Humide, mouillé, flaques","Nat, plassen","Nuit, éclairage public présent et allumé",En agglomération,Route communale,Avec blessé(s) leger(s),Motocyclette,usager seul,"Un seul usager, pas d'obstacle (chute incl.)",0
2019,08,07,Merchtem,Merchtem,Province du Brabant flamand,Région flamande,50.918061,4.289427,23052,Normales,Normaal,Sec,Droog,Jour,Hors agglomération,Route communale,Avec blessé(s) grave(s),Camion,Motocyclette,Entre 2 conducteurs: Par le côté (avant/derrière-flanc),1
2019,08,15,Opwijk,Opwijk,Province du Brabant flamand,Région flamande,50.96316,4.215782,23060,Pluie,Regenval,"Humide, mouillé, flaques","Nat, plassen",Jour,En agglomération,Route régionale,Avec blessé(s) leger(s),Bicyclette,Bicyclette,Entre 2 conducteurs: Par le côté (avant/derrière-flanc),0
2019,08,12,Londerzeel,Londerzeel,Province du Brabant flamand,Région flamande,51.03255,4.292592,23045,Normales,Normaal,Sec,Droog,Jour,En agglomération,Route communale,Avec blessé(s) leger(s),Voiture,Bicyclette,Entre 2 conducteurs: Par le côté (avant/derrière-flanc),0
2019,08,11,Londerzeel,Londerzeel,Province du Brabant flamand,Région flamande,51.007072,4.323771,23045,Pluie,Regenval,"Humide, mouillé, flaques","Nat, plassen",Jour,En agglomération,Route communale,Avec blessé(s) leger(s),Motocyclette,usager seul,"Un seul usager, pas d'obstacle (chute incl.)",0
2019,08,17,Kapelle-op-den-Bos,Kapelle-op-den-Bos,Province du Brabant flamand,Région flamande,51.014376,4.35942,23039,Normales,Normaal,Sec,Droog,Jour,En agglomération,Route communale,Avec blessé(s) grave(s),Bicyclette,Voiture,Entre 2 conducteurs: Par l'arrière,0
2019,08,11,Kapelle-op-den-Bos,Kapelle-op-den-Bos,Province du Brabant flamand,Région flamande,50.980957,4.350128,23039,Normales,Normaal,Sec,Droog,Jour,En agglomération,Route communale,Avec blessé(s) leger(s),Piéton,Cyclomoteur,Avec un piéton,0
2019,08,15,Grimbergen,Grimbergen,Province du Brabant flamand,Région flamande,50.904948,4.337712,23025,Normales,Normaal,Sec,Droog,Jour,En agglomération,Route communale,Avec blessé(s) leger(s),Voiture,Bicyclette,Entre 2 conducteurs: Par le côté (avant/derrière-flanc),0
2019,08,08,Grimbergen,Grimbergen,Province du Brabant flamand,Région flamande,50.93216,4.370767,23025,Normales,Normaal,Sec,Droog,Jour,En agglomération,Route communale,Avec blessé(s) leger(s),Bicyclette,usager seul,"Un seul usager, pas d'obstacle (chute incl.)",0
2019,08,22,Grimbergen,Grimbergen,Province du Brabant flamand,Région flamande,50.929699,4.381861,23025,Pluie,Regenval,"Humide, mouillé, flaques","Nat, plassen","Nuit, éclairage public présent et allumé",En agglomération,Route régionale,Avec blessé(s) leger(s),Motocyclette,usager seul,"Un seul usager, pas d'obstacle (chute incl.)",0
2019,08,07,Machelen,Machelen,Province du Brabant flamand,Région flamande,50.919103,4.448971,23047,Normales,Normaal,Sec,Droog,Jour,En agglomération,Route régionale,Avec blessé(s) leger(s),Voiture,Bicyclette,Entre 2 conducteurs: Par le côté (avant/derrière-flanc),0
2019,08,21,Vilvorde,Vilvoorde,Province du Brabant flamand,Région flamande,50.912087,4.390477,23088,Normales,Normaal,Sec,Droog,"Aube, crépuscule",Hors agglomération,Route communale,Avec blessé(s) grave(s),Camionnette,Motocyclette,Entre 2 conducteurs: Par le côté (avant/derrière-flanc),1
2019,08,16,Zemst,Zemst,Province du Brabant flamand,Région flamande,50.984192,4.463274,23096,Normales,Normaal,Sec,Droog,Jour,En agglomération,Route régionale,Avec blessé(s) leger(s),Voiture,Bicyclette,Entre 2 conducteurs: Par le côté (avant/derrière-flanc),1
2019,08,10,Zemst,Zemst,Province du Brabant flamand,Région flamande,50.962546,4.455073,23096,Normales,Normaal,Sec,Droog,Jour,En agglomération,Route régionale,Avec blessé(s) leger(s),Voiture,Bicyclette,Entre 2 conducteurs: Par l'arrière,1
2019,08,15,Zemst,Zemst,Province du Brabant flamand,Région flamande,50.986925,4.47012,23096,Normales,Normaal,Sec,Droog,Jour,En agglomération,Route régionale,Avec blessé(s) leger(s),Voiture,Cyclomoteur,Entre 2 conducteurs: Par le côté (avant/derrière-flanc),0
2019,08,10,Gand,Gent,Province de Flandre orientale,Région flamande,51.022662,3.711602,44021,Normales,Normaal,Sec,Droog,Jour,En agglomération,Route communale,Avec blessé(s) leger(s),Motocyclette,Voiture,Entre 2 conducteurs: Collision frontale,1
2019,08,16,Gand,Gent,Province de Flandre orientale,Région flamande,51.078954,3.690292,44021,Normales,Normaal,Sec,Droog,Jour,En agglomération,Route communale,Avec blessé(s) leger(s),Voiture,Bicyclette,Entre 2 conducteurs: Par le côté (avant/derrière-flanc),1
2019,08,15,Gand,Gent,Province de Flandre orientale,Région flamande,51.030116,3.72256,44021,Normales,Normaal,Sec,Droog,Jour,En agglomération,Route communale,Avec blessé(s) leger(s),Voiture,Bicyclette,Entre 2 conducteurs: Par le côté (avant/derrière-flanc),1
2019,08,01,Gand,Gent,Province de Flandre orientale,Région flamande,51.033171,3.742271,44021,Normales,Normaal,Sec+Propre,Droog+Proper,"Nuit, éclairage public présent et allumé",En agglomération,Route régionale,Avec blessé(s) grave(s),Bicyclette,Voiture,Entre 2 conducteurs: Flanc contre flanc,0
2019,08,20,Gand,Gent,Province de Flandre orientale,Région flamande,51.034009,3.756326,44021,Normales,Normaal,Sec,Droog,"Aube, crépuscule",Hors agglomération,Route régionale,Avec blessé(s) leger(s),Motocyclette,Voiture,Entre 2 conducteurs: Flanc contre flanc,0
2019,08,08,Gand,Gent,Province de Flandre orientale,Région flamande,51.076736,3.797132,44021,Normales,Normaal,Sec,Droog,Jour,En agglomération,Route communale,Avec blessé(s) leger(s),Bicyclette,Bicyclette,Entre 2 conducteurs: Flanc contre flanc,1
2019,08,16,Gand,Gent,Province de Flandre orientale,Région flamande,51.07557,3.746039,44021,Normales,Normaal,Sec,Droog,Jour,Hors agglomération,Route communale,Avec blessé(s) leger(s),Bicyclette,Voiture,Entre 2 conducteurs: Par le côté (avant/derrière-flanc),1
2019,08,16,Gand,Gent,Province de Flandre orientale,Région flamande,,,44021,Normales,Normaal,Sec,Droog,Jour,En agglomération,Route régionale,Avec blessé(s) leger(s),Cyclomoteur,Voiture,Entre 2 conducteurs: Par le côté (avant/derrière-flanc),1
2019,08,10,Gand,Gent,Province de Flandre orientale,Région flamande,51.05522,3.726569,44021,Normales,Normaal,Sec,Droog,Jour,En agglomération,Route communale,Avec blessé(s) leger(s),Voiture,Bicyclette,Entre 2 conducteurs: Collision frontale,0
2019,08,13,Gand,Gent,Province de Flandre orientale,Région flamande,51.072446,3.709161,44021,Normales,Normaal,Sec,Droog,Jour,En agglomération,Route communale,Avec blessé(s) grave(s),Voiture,Bicyclette,Entre 2 conducteurs: Par le côté (avant/derrière-flanc),1
2019,08,12,Gand,Gent,Province de Flandre orientale,Région flamande,51.064586,3.718281,44021,Normales,Normaal,Sec,Droog,Jour,En agglomération,Route régionale,Avec blessé(s) leger(s),Bicyclette,Bicyclette,Entre 2 conducteurs: Par le côté (avant/derrière-flanc),1
2019,08,16,Gand,Gent,Province de Flandre orientale,Région flamande,51.078697,3.669948,44021,"Inconnues, indéterminées",Onbekend,Sec,Droog,Jour,En agglomération,Route communale,Avec blessé(s) leger(s),Bicyclette,usager/obstacle,Usager contre obstacle situé sur la chaussée,1
2019,08,17,Gand,Gent,Province de Flandre orientale,Région flamande,51.035026,3.738775,44021,Normales,Normaal,Propre,Proper,Jour,En agglomération,Route régionale,Avec blessé(s) leger(s),Voiture,Bicyclette,Entre 2 conducteurs: Par le côté (avant/derrière-flanc),1
2019,08,20,Gand,Gent,Province de Flandre orientale,Région flamande,51.072725,3.707953,44021,Normales,Normaal,Sec,Droog,Jour,En agglomération,Route communale,Avec blessé(s) leger(s),Bicyclette,Voiture,Entre 2 conducteurs: Par l'arrière,1
2019,08,13,Gand,Gent,Province de Flandre orientale,Région flamande,51.030549,3.76338,44021,Normales,Normaal,Sec,Droog,Jour,Hors agglomération,Route régionale,Avec blessé(s) leger(s),Voiture,Bicyclette,Entre 2 conducteurs: Par le côté (avant/derrière-flanc),0
2019,08,17,Gand,Gent,Province de Flandre orientale,Région flamande,51.036255,3.696946,44021,Normales,Normaal,Sec,Droog,Jour,En agglomération,Route communale,Avec blessé(s) leger(s),Bicyclette,Voiture,Entre 2 conducteurs: Par le côté (avant/derrière-flanc),0
2019,08,08,Gand,Gent,Province de Flandre orientale,Région flamande,51.044011,3.721799,44021,Normales,Normaal,"Humide, mouillé, flaques","Nat, plassen",Jour,En agglomération,Route communale,Avec blessé(s) leger(s),Bicyclette,usager/obstacle,Usager contre obstacle situé sur la chaussée,0
2019,08,22,Gand,Gent,Province de Flandre orientale,Région flamande,,,44021,Normales,Normaal,"Humide, mouillé, flaques","Nat, plassen","Nuit, éclairage public présent et allumé",En agglomération,Route communale,Avec blessé(s) leger(s),Voiture,Motocyclette,Entre 2 conducteurs: Par le côté (avant/derrière-flanc),0
2019,08,16,Gand,Gent,Province de Flandre orientale,Région flamande,51.036721,3.716166,44021,Normales,Normaal,Sec,Droog,Jour,En agglomération,Route régionale,Avec blessé(s) leger(s),Bicyclette,Voiture,Entre 2 conducteurs: Par le côté (avant/derrière-flanc),1
2019,08,12,Gand,Gent,Province de Flandre orientale,Région flamande,51.071658,3.709782,44021,Normales,Normaal,Sec,Droog,Jour,En agglomération,Route communale,Avec blessé(s) grave(s),Voiture,Cyclomoteur,Entre 2 conducteurs: Par l'arrière,0
2019,08,17,Gand,Gent,Province de Flandre orientale,Région flamande,51.054963,3.72619,44021,Normales,Normaal,Sec,Droog,Jour,En agglomération,Route communale,Avec blessé(s) leger(s),Voiture,Bicyclette,Entre 2 conducteurs: Par l'arrière,0
2019,08,17,Gand,Gent,Province de Flandre orientale,Région flamande,51.059088,3.704436,44021,Normales,Normaal,Sec,Droog,Jour,En agglomération,Route communale,Avec blessé(s) leger(s),Voiture,Bicyclette,Entre 2 conducteurs: Collision frontale,0
2019,08,17,Gand,Gent,Province de Flandre orientale,Région flamande,51.024574,3.709582,44021,Normales,Normaal,Sec,Droog,Jour,En agglomération,Route régionale,Avec blessé(s) leger(s),Bicyclette,Bicyclette,Entre 2 conducteurs: Collision frontale,1
2019,08,18,Gand,Gent,Province de Flandre orientale,Région flamande,51.068989,3.729605,44021,Normales,Normaal,Sec,Droog,Jour,En agglomération,Route communale,Avec blessé(s) leger(s),Bicyclette,Voiture,Entre 2 conducteurs: Par le côté (avant/derrière-flanc),1
2019,08,18,Gand,Gent,Province de Flandre orientale,Région flamande,51.055242,3.69605,44021,Normales,Normaal,Sec,Droog,Jour,En agglomération,Route régionale,Avec blessé(s) leger(s),Voiture,Bicyclette,Entre 2 conducteurs: Flanc contre flanc,0
2019,08,18,Gand,Gent,Province de Flandre orientale,Région flamande,51.067048,3.720428,44021,Normales,Normaal,Sec,Droog,Jour,En agglomération,Route régionale,Avec blessé(s) leger(s),Voiture,Cyclomoteur,Entre 2 conducteurs: Par le côté (avant/derrière-flanc),1
2019,08,12,Gand,Gent,Province de Flandre orientale,Région flamande,51.067523,3.73273,44021,Normales,Normaal,Sec,Droog,Jour,inconnu,Route communale,Avec blessé(s) leger(s),Cyclomoteur,usager/obstacle,Usager contre obstacle situé hors chaussée,0
2019,08,11,Gand,Gent,Province de Flandre orientale,Région flamande,51.054888,3.705496,44021,Normales,Normaal,Sec,Droog,Jour,En agglomération,Route régionale,Avec blessé(s) leger(s),Bicyclette,usager seul,"Un seul usager, pas d'obstacle (chute incl.)",0
2019,08,09,Gand,Gent,Province de Flandre orientale,Région flamande,51.042081,3.719213,44021,"Autre (fumée épaisse,...)","Andere (dikke rook,...)",Sec,Droog,Jour,En agglomération,Route régionale,Avec blessé(s) leger(s),Motocyclette,usager seul,"Un seul usager, pas d'obstacle (chute incl.)",1
2019,08,16,Gand,Gent,Province de Flandre orientale,Région flamande,51.065083,3.753006,44021,Normales,Normaal,Sec,Droog,Jour,En agglomération,Route régionale,Avec blessé(s) grave(s),Bicyclette,usager/obstacle,Usager contre obstacle situé hors chaussée,0
2019,08,18,Gand,Gent,Province de Flandre orientale,Région flamande,51.016754,3.710054,44021,Normales,Normaal,Sec,Droog,Jour,Hors agglomération,Autoroute,Avec blessé(s) leger(s),Bicyclette,Bicyclette,Entre 2 conducteurs: Flanc contre flanc,0
2019,08,05,Gand,Gent,Province de Flandre orientale,Région flamande,51.051999,3.754592,44021,Normales,Normaal,Sec,Droog,"Nuit, éclairage public présent et allumé",En agglomération,Route régionale,Avec blessé(s) grave(s),Autobus,Motocyclette,Entre 2 conducteurs: Collision frontale,1
2019,08,11,Gand,Gent,Province de Flandre orientale,Région flamande,51.061897,3.703272,44021,Normales,Normaal,Sec,Droog,Jour,En agglomération,Route communale,Avec blessé(s) leger(s),Bicyclette,Bicyclette,Entre 2 conducteurs: Par le côté (avant/derrière-flanc),0
2019,08,08,Gand,Gent,Province de Flandre orientale,Région flamande,51.074632,3.741765,44021,Normales,Normaal,Sec,Droog,Jour,En agglomération,Route régionale,Avec blessé(s) leger(s),Bicyclette,Voiture,Entre 2 conducteurs: Par le côté (avant/derrière-flanc),1
2019,08,16,Gand,Gent,Province de Flandre orientale,Région flamande,51.076581,3.712583,44021,Normales,Normaal,Sec,Droog,Jour,En agglomération,Route communale,Avec blessé(s) leger(s),Bicyclette,Voiture,Entre 2 conducteurs: Flanc contre flanc,1
2019,08,02,Gand,Gent,Province de Flandre orientale,Région flamande,51.058378,3.710093,44021,Normales,Normaal,Sec,Droog,"Nuit, éclairage public présent et allumé",En agglomération,Route régionale,Avec blessé(s) leger(s),Motocyclette,usager seul,"Un seul usager, pas d'obstacle (chute incl.)",0
2019,08,23,Gand,Gent,Province de Flandre orientale,Région flamande,51.040221,3.743868,44021,"Inconnues, indéterminées",Onbekend,"Inconnu, indéterminé",Onbekend,"Inconnu, indéterminé",En agglomération,Route régionale,Avec blessé(s) leger(s),Cyclomoteur,Bicyclette,Entre 2 conducteurs: Flanc contre flanc,0
2019,08,12,Gand,Gent,Province de Flandre orientale,Région flamande,51.04242,3.738672,44021,Normales,Normaal,Sec,Droog,Jour,En agglomération,Route communale,Avec blessé(s) leger(s),Bicyclette,Piéton,Avec un piéton,1
2019,08,07,Gand,Gent,Province de Flandre orientale,Région flamande,,,44021,"Inconnues, indéterminées",Onbekend,"Inconnu, indéterminé",Onbekend,"Aube, crépuscule",En agglomération,Route régionale,Avec blessé(s) leger(s),Bicyclette,Voiture,Entre 2 conducteurs: Par le côté (avant/derrière-flanc),1
2019,08,00,Gand,Gent,Province de Flandre orientale,Région flamande,,,44021,Normales,Normaal,Propre,Proper,"Nuit, éclairage public présent et allumé",En agglomération,Route communale,Avec blessé(s) leger(s),Voiture,Bicyclette,Entre 2 conducteurs: Par le côté (avant/derrière-flanc),1
2019,08,18,Gand,Gent,Province de Flandre orientale,Région flamande,51.052428,3.699695,44021,"Inconnues, indéterminées",Onbekend,"Inconnu, indéterminé",Onbekend,"Inconnu, indéterminé",En agglomération,Route régionale,Avec blessé(s) leger(s),Bicyclette,Voiture,Entre 2 conducteurs: Flanc contre flanc,1
2019,08,15,Gand,Gent,Province de Flandre orientale,Région flamande,51.006545,3.719663,44021,Normales,Normaal,Sec,Droog,Jour,En agglomération,Route communale,Avec blessé(s) leger(s),Bicyclette,usager seul,"Un seul usager, pas d'obstacle (chute incl.)",0
2019,08,14,Gand,Gent,Province de Flandre orientale,Région flamande,51.053189,3.700458,44021,Normales,Normaal,Sec,Droog,Jour,En agglomération,Route communale,Avec blessé(s) leger(s),Voiture,Cyclomoteur,Entre 2 conducteurs: Par le côté (avant/derrière-flanc),1
2019,08,15,Lochristi,Lochristi,Province de Flandre orientale,Région flamande,51.117196,3.890834,44034,Normales,Normaal,Sec,Droog,Jour,En agglomération,Route communale,Avec blessé(s) grave(s),Cyclomoteur,usager/obstacle,Usager contre obstacle situé hors chaussée,0
2019,08,16,Lochristi,Lochristi,Province de Flandre orientale,Région flamande,51.096254,3.833059,44034,"Inconnues, indéterminées",Onbekend,"Inconnu, indéterminé",Onbekend,"Inconnu, indéterminé",inconnu,Route régionale,Avec blessé(s) leger(s),Camionnette,Bicyclette,Entre 2 conducteurs: Flanc contre flanc,1
2019,08,12,Zelzate,Zelzate,Province de Flandre orientale,Région flamande,51.196517,3.826753,43018,Normales,Normaal,Sec,Droog,Jour,En agglomération,Route communale,Avec blessé(s) leger(s),Voiture,Bicyclette,Entre 2 conducteurs: Flanc contre flanc,0
2019,08,14,Wachtebeke,Wachtebeke,Province de Flandre orientale,Région flamande,51.173448,3.850133,44073,Normales,Normaal,Sec,Droog,Jour,En agglomération,Route régionale,Avec blessé(s) leger(s),Motocyclette,Voiture,Entre 2 conducteurs: Par le côté (avant/derrière-flanc),0
2019,08,16,Zelzate,Zelzate,Province de Flandre orientale,Région flamande,,,43018,"Inconnues, indéterminées",Onbekend,Sec,Droog,Jour,En agglomération,Route communale,Avec blessé(s) leger(s),Bicyclette,Cyclomoteur,Entre 2 conducteurs: Par le côté (avant/derrière-flanc),0
2019,08,19,Lochristi,Lochristi,Province de Flandre orientale,Région flamande,51.078635,3.88012,44034,Normales,Normaal,Sec,Droog,Jour,En agglomération,Route communale,Avec blessé(s) leger(s),Voiture,Motocyclette,Entre 2 conducteurs: Par le côté (avant/derrière-flanc),0
2019,08,17,Lokeren,Lokeren,Province de Flandre orientale,Région flamande,51.102691,3.96832,46014,Normales,Normaal,Sec,Droog,Jour,En agglomération,Route communale,Avec blessé(s) leger(s),Bicyclette,Bicyclette,Entre 2 conducteurs: Par le côté (avant/derrière-flanc),1
2019,08,15,Eeklo,Eeklo,Province de Flandre orientale,Région flamande,51.18177,3.576053,43005,Normales,Normaal,Sec,Droog,Jour,En agglomération,Route communale,Avec blessé(s) grave(s),Bicyclette,usager seul,"Un seul usager, pas d'obstacle (chute incl.)",0
2019,08,19,Kaprijke,Kaprijke,Province de Flandre orientale,Région flamande,51.185684,3.642717,43007,Normales,Normaal,Sec,Droog,Jour,Hors agglomération,Route régionale,Avec blessé(s) leger(s),Autres,Motocyclette,Entre 2 conducteurs: Par le côté (avant/derrière-flanc),1
2019,08,15,Eeklo,Eeklo,Province de Flandre orientale,Région flamande,51.18017,3.568836,43005,Normales,Normaal,Sec,Droog,Jour,En agglomération,Route communale,Avec blessé(s) leger(s),Bicyclette,Bicyclette,Entre 2 conducteurs: Par l'arrière,1
2019,08,00,Kaprijke,Kaprijke,Province de Flandre orientale,Région flamande,51.185118,3.611318,43007,"Inconnues, indéterminées",Onbekend,"Inconnu, indéterminé",Onbekend,"Inconnu, indéterminé",En agglomération,Route communale,Avec blessé(s) grave(s),Bicyclette,usager/obstacle,Usager contre obstacle situé hors chaussée,0
2019,08,19,Eeklo,Eeklo,Province de Flandre orientale,Région flamande,51.185355,3.566081,43005,Normales,Normaal,Sec,Droog,Jour,En agglomération,Route communale,Avec blessé(s) leger(s),Bicyclette,usager seul,"Un seul usager, pas d'obstacle (chute incl.)",0
2019,08,15,Kaprijke,Kaprijke,Province de Flandre orientale,Région flamande,51.237449,3.616684,43007,"Inconnues, indéterminées",Onbekend,"Inconnu, indéterminé",Onbekend,Jour,Hors agglomération,Route régionale,Avec blessé(s) leger(s),Bicyclette,usager/obstacle,Usager contre obstacle situé hors chaussée,0
2019,08,02,Eeklo,Eeklo,Province de Flandre orientale,Région flamande,51.204414,3.572292,43005,Normales,Normaal,Sec,Droog,"Nuit, éclairage public présent et allumé",Hors agglomération,Route régionale,Avec blessé(s) grave(s),Bicyclette,usager seul,"Un seul usager, pas d'obstacle (chute incl.)",0
2019,08,16,Eeklo,Eeklo,Province de Flandre orientale,Région flamande,51.19917,3.554074,43005,Normales,Normaal,Sec,Droog,Jour,En agglomération,Route régionale,Avec blessé(s) leger(s),Voiture,Bicyclette,Entre 2 conducteurs: Par le côté (avant/derrière-flanc),1
2019,08,18,Eeklo,Eeklo,Province de Flandre orientale,Région flamande,51.189418,3.529749,43005,"Inconnues, indéterminées",Onbekend,"Inconnu, indéterminé",Onbekend,"Inconnu, indéterminé",Hors agglomération,Route régionale,Avec blessé(s) leger(s),Voiture,Cyclomoteur,Entre 2 conducteurs: Par le côté (avant/derrière-flanc),1
2019,08,11,Eeklo,Eeklo,Province de Flandre orientale,Région flamande,51.187085,3.56081,43005,Normales,Normaal,Sec,Droog,Jour,En agglomération,Route régionale,Avec blessé(s) leger(s),Bicyclette,Cyclomoteur,Entre 2 conducteurs: Collision frontale,0
2019,08,15,Sint-Laureins,Sint-Laureins,Province de Flandre orientale,Région flamande,,,43014,Normales,Normaal,Sec,Droog,Jour,Hors agglomération,Route communale,Avec blessé(s) grave(s),Bicyclette,Bicyclette,Entre 2 conducteurs: Flanc contre flanc,0
2019,08,17,Kaprijke,Kaprijke,Province de Flandre orientale,Région flamande,51.186355,3.628557,43007,Normales,Normaal,Sec,Droog,Jour,En agglomération,Route communale,Avec blessé(s) leger(s),Voiture,Bicyclette,Entre 2 conducteurs: Par l'arrière,1
2019,08,17,Destelbergen,Destelbergen,Province de Flandre orientale,Région flamande,51.034106,3.810869,44013,Normales,Normaal,Sec,Droog,Jour,En agglomération,Route communale,Avec blessé(s) leger(s),Voiture,Bicyclette,Entre 2 conducteurs: Flanc contre flanc,0
2019,08,09,Brakel,Brakel,Province de Flandre orientale,Région flamande,,,45059,"Inconnues, indéterminées",Onbekend,"Inconnu, indéterminé",Onbekend,Jour,inconnu,Route communale,Avec blessé(s) leger(s),Bicyclette,Autres,Entre 2 conducteurs: Par le côté (avant/derrière-flanc),0
2019,08,18,Merelbeke,Merelbeke,Province de Flandre orientale,Région flamande,,,44043,Normales,Normaal,Sec,Droog,Jour,Hors agglomération,Autoroute,Avec blessé(s) leger(s),Bicyclette,Voiture,Entre 2 conducteurs: Par le côté (avant/derrière-flanc),0
2019,08,18,Merelbeke,Merelbeke,Province de Flandre orientale,Région flamande,51.002671,3.765229,44043,Normales,Normaal,Sec,Droog,Jour,En agglomération,Route communale,Avec blessé(s) leger(s),Voiture,Bicyclette,Entre 2 conducteurs: Par le côté (avant/derrière-flanc),1
2019,08,20,Merelbeke,Merelbeke,Province de Flandre orientale,Région flamande,50.963299,3.754953,44043,Normales,Normaal,Sec,Droog,"Nuit, éclairage public présent et allumé",En agglomération,Route communale,Avec blessé(s) leger(s),Camionnette,Motocyclette,Entre 2 conducteurs: Collision frontale,1
2019,08,17,Merelbeke,Merelbeke,Province de Flandre orientale,Région flamande,51.021609,3.752786,44043,Normales,Normaal,Sec,Droog,Jour,En agglomération,Route régionale,Avec blessé(s) leger(s),Voiture,Bicyclette,Entre 2 conducteurs: Flanc contre flanc,1
2019,08,15,Oosterzele,Oosterzele,Province de Flandre orientale,Région flamande,50.952212,3.814466,44052,Normales,Normaal,Sec,Droog,Jour,En agglomération,Route communale,Avec blessé(s) leger(s),Bicyclette,usager/obstacle,Usager contre obstacle situé sur la chaussée,0
2019,08,09,Merelbeke,Merelbeke,Province de Flandre orientale,Région flamande,,,44043,Normales,Normaal,Sec,Droog,Jour,Hors agglomération,Route communale,Avec blessé(s) leger(s),Bicyclette,Bicyclette,Entre 2 conducteurs: Flanc contre flanc,0
2019,08,08,Melle,Melle,Province de Flandre orientale,Région flamande,50.994454,3.801408,44040,Normales,Normaal,Sec,Droog,Jour,En agglomération,Route régionale,Avec blessé(s) leger(s),Voiture,Bicyclette,Entre 2 conducteurs: Par le côté (avant/derrière-flanc),0
2019,08,11,Destelbergen,Destelbergen,Province de Flandre orientale,Région flamande,51.054233,3.821327,44013,Normales,Normaal,Sec,Droog,Jour,En agglomération,Route communale,Avec blessé(s) grave(s),Bicyclette,Bicyclette,Entre 2 conducteurs: Par le côté (avant/derrière-flanc),0
2019,08,16,Destelbergen,Destelbergen,Province de Flandre orientale,Région flamande,51.028428,3.791039,44013,Normales,Normaal,Sec,Droog,Jour,En agglomération,Route régionale,Avec blessé(s) grave(s),Voiture,Bicyclette,Entre 2 conducteurs: Par le côté (avant/derrière-flanc),1
2019,08,03,Gavere,Gavere,Province de Flandre orientale,Région flamande,50.950577,3.685933,44020,Normales,Normaal,Sec,Droog,"Nuit, éclairage public présent et allumé",En agglomération,Route communale,Avec blessé(s) leger(s),Voiture,Bicyclette,Entre 2 conducteurs: Par le côté (avant/derrière-flanc),0
2019,08,18,Sint-Martens-Latem,Sint-Martens-Latem,Province de Flandre orientale,Région flamande,51.006599,3.627495,44064,Normales,Normaal,Sec,Droog,Jour,Hors agglomération,Route régionale,Avec blessé(s) leger(s),Bicyclette,usager seul,"Un seul usager, pas d'obstacle (chute incl.)",0
2019,08,08,Sint-Martens-Latem,Sint-Martens-Latem,Province de Flandre orientale,Région flamande,51.012354,3.641707,44064,Normales,Normaal,Sec+Propre,Droog+Proper,Jour,Hors agglomération,Route régionale,Avec blessé(s) leger(s),Voiture,Bicyclette,Entre 2 conducteurs: Par le côté (avant/derrière-flanc),0
2019,08,17,Gavere,Gavere,Province de Flandre orientale,Région flamande,50.933107,3.640385,44020,Normales,Normaal,Sec,Droog,Jour,En agglomération,Route communale,Avec blessé(s) leger(s),Bicyclette,usager seul,"Un seul usager, pas d'obstacle (chute incl.)",0
2019,08,19,Nazareth,Nazareth,Province de Flandre orientale,Région flamande,50.958042,3.55958,44048,Normales,Normaal,Sec,Droog,Jour,Hors agglomération,Route régionale,Avec blessé(s) leger(s),Bicyclette,usager seul,"Un seul usager, pas d'obstacle (chute incl.)",0
2019,08,16,Nazareth,Nazareth,Province de Flandre orientale,Région flamande,50.958596,3.59734,44048,"Autre (fumée épaisse,...)","Andere (dikke rook,...)",Sec,Droog,Jour,En agglomération,Route régionale,Avec blessé(s) leger(s),Bicyclette,usager/obstacle,Usager contre obstacle situé hors chaussée,0
2019,08,18,Sint-Martens-Latem,Sint-Martens-Latem,Province de Flandre orientale,Région flamande,51.002516,3.642267,44064,Normales,Normaal,Sec,Droog,Jour,En agglomération,Route communale,Avec blessé(s) leger(s),Bicyclette,usager seul,"Un seul usager, pas d'obstacle (chute incl.)",0
2019,08,11,Evergem,Evergem,Province de Flandre orientale,Région flamande,51.11262,3.705927,44019,Normales,Normaal,Sec,Droog,Jour,En agglomération,Route communale,Avec blessé(s) leger(s),Cyclomoteur,Voiture,Entre 2 conducteurs: Par le côté (avant/derrière-flanc),1
2019,08,21,Assenede,Assenede,Province de Flandre orientale,Région flamande,51.20512,3.766061,43002,Normales,Normaal,Sec,Droog,"Nuit, éclairage public présent et allumé",Hors agglomération,Route régionale,Avec blessé(s) leger(s),Cyclomoteur,Bicyclette,Entre 2 conducteurs: Par le côté (avant/derrière-flanc),0
2019,08,20,Evergem,Evergem,Province de Flandre orientale,Région flamande,,,44019,Normales,Normaal,Sec,Droog,"Nuit, éclairage public présent et allumé",Hors agglomération,Route régionale,Avec blessé(s) leger(s),Cyclomoteur,usager seul,"Un seul usager, pas d'obstacle (chute incl.)",0
2019,08,21,Assenede,Assenede,Province de Flandre orientale,Région flamande,51.227112,3.711724,43002,Normales,Normaal,Sec,Droog,"Nuit, éclairage public présent et allumé",Hors agglomération,Route régionale,Avec blessé(s) grave(s),Autres,Bicyclette,Entre 2 conducteurs: Flanc contre flanc,1
2019,08,17,Evergem,Evergem,Province de Flandre orientale,Région flamande,,,44019,Normales,Normaal,Sec,Droog,Jour,Hors agglomération,Route régionale,Avec blessé(s) leger(s),Bicyclette,Bicyclette,Entre 2 conducteurs: Par l'arrière,0
2019,08,18,Assenede,Assenede,Province de Flandre orientale,Région flamande,51.221999,3.75155,43002,Normales,Normaal,Sec,Droog,Jour,En agglomération,Route régionale,Avec blessé(s) leger(s),Voiture,Bicyclette,Entre 2 conducteurs: Par le côté (avant/derrière-flanc),1
2019,08,12,Evergem,Evergem,Province de Flandre orientale,Région flamande,51.139659,3.731946,44019,Pluie,Regenval,"Humide, mouillé, flaques","Nat, plassen",Jour,En agglomération,Route régionale,Avec blessé(s) leger(s),Voiture,Bicyclette,Entre 2 conducteurs: Par le côté (avant/derrière-flanc),0
2019,08,17,Evergem,Evergem,Province de Flandre orientale,Région flamande,51.135825,3.680003,44019,Normales,Normaal,Sec,Droog,Jour,En agglomération,Route régionale,Avec blessé(s) leger(s),Voiture,Bicyclette,Entre 2 conducteurs: Par le côté (avant/derrière-flanc),0
2019,08,17,Evergem,Evergem,Province de Flandre orientale,Région flamande,51.111476,3.702786,44019,Normales,Normaal,Sec,Droog,Jour,En agglomération,Route communale,Avec blessé(s) leger(s),Voiture,Cyclomoteur,Entre 2 conducteurs: Par le côté (avant/derrière-flanc),1
2019,08,14,Aalter,Aalter,Province de Flandre orientale,Région flamande,,,44084,Normales,Normaal,"Sale (sable, gravier, feuilles,...)","Vuil (zand, grint, bladeren,...)",Jour,Hors agglomération,Route communale,Avec blessé(s) leger(s),Bicyclette,usager seul,"Un seul usager, pas d'obstacle (chute incl.)",0
2019,08,09,Aalter,Aalter,Province de Flandre orientale,Région flamande,,,44084,Pluie,Regenval,"Humide, mouillé, flaques","Nat, plassen",Jour,Hors agglomération,Route communale,Avec blessé(s) grave(s),Voiture,Bicyclette,Entre 2 conducteurs: Par le côté (avant/derrière-flanc),1
2019,08,03,Maldegem,Maldegem,Province de Flandre orientale,Région flamande,51.208984,3.446425,43010,Normales,Normaal,Sec,Droog,"Nuit, éclairage public présent et allumé",En agglomération,Route régionale,Avec blessé(s) leger(s),Cyclomoteur,usager seul,"Un seul usager, pas d'obstacle (chute incl.)",0
2019,08,16,Gand,Gent,Province de Flandre orientale,Région flamande,51.039885,3.73523,44021,"Inconnues, indéterminées",Onbekend,"Inconnu, indéterminé",Onbekend,"Inconnu, indéterminé",En agglomération,Route régionale,Avec blessé(s) leger(s),Voiture,Bicyclette,Entre 2 conducteurs: Par le côté (avant/derrière-flanc),0
2019,08,13,Maldegem,Maldegem,Province de Flandre orientale,Région flamande,51.204206,3.453419,43010,Normales,Normaal,Sec,Droog,Jour,En agglomération,Route régionale,Avec blessé(s) leger(s),Voiture,Bicyclette,Entre 2 conducteurs: Flanc contre flanc,0
2019,08,13,Maldegem,Maldegem,Province de Flandre orientale,Région flamande,51.198218,3.385057,43010,Normales,Normaal,Sec,Droog,Jour,Hors agglomération,Route communale,Avec blessé(s) leger(s),Bicyclette,Voiture,Entre 2 conducteurs: Par le côté (avant/derrière-flanc),1
2019,08,13,Maldegem,Maldegem,Province de Flandre orientale,Région flamande,51.194459,3.48005,43010,Normales,Normaal,Sec,Droog,Jour,En agglomération,Route communale,Avec blessé(s) grave(s),Bicyclette,usager seul,"Un seul usager, pas d'obstacle (chute incl.)",1
2019,08,07,Maldegem,Maldegem,Province de Flandre orientale,Région flamande,51.209373,3.444296,43010,Normales,Normaal,Sec+Propre,Droog+Proper,Jour,En agglomération,Route régionale,Avec blessé(s) leger(s),Voiture,Bicyclette,Entre 2 conducteurs: Par le côté (avant/derrière-flanc),0
2019,08,12,Maldegem,Maldegem,Province de Flandre orientale,Région flamande,,,43010,Normales,Normaal,Sec+Propre,Droog+Proper,Jour,Hors agglomération,Route communale,Avec blessé(s) leger(s),Bicyclette,usager seul,"Un seul usager, pas d'obstacle (chute incl.)",0
2019,08,11,Mont-de-l’Enclus,Mont-de-l’Enclus,Province de Hainaut,Région wallonne,,,57095,Normales,Normaal,Sec,Droog,Jour,Hors agglomération,Route communale,Avec blessé(s) leger(s),Bicyclette,Bicyclette,Entre 2 conducteurs: Collision frontale,0
2019,08,15,Audenarde,Oudenaarde,Province de Flandre orientale,Région flamande,50.838222,3.657324,45035,Normales,Normaal,Sec,Droog,Jour,En agglomération,Route communale,Avec blessé(s) leger(s),Bicyclette,usager seul,"Un seul usager, pas d'obstacle (chute incl.)",0
2019,08,07,Audenarde,Oudenaarde,Province de Flandre orientale,Région flamande,50.862047,3.598229,45035,Normales,Normaal,Sec,Droog,Jour,Hors agglomération,Route régionale,Avec blessé(s) leger(s),Bicyclette,Camion,Entre 2 conducteurs: Par le côté (avant/derrière-flanc),0
2019,08,05,Kluisbergen,Kluisbergen,Province de Flandre orientale,Région flamande,50.776075,3.551692,45060,Normales,Normaal,Sec,Droog,"Nuit, pas d'éclairage public présent",Hors agglomération,Route communale,Avec blessé(s) grave(s),Bicyclette,usager seul,"Un seul usager, pas d'obstacle (chute incl.)",0
2019,08,11,Aalter,Aalter,Province de Flandre orientale,Région flamande,,,44084,"Inconnues, indéterminées",Onbekend,"Inconnu, indéterminé",Onbekend,Jour,Hors agglomération,inconnu,Avec blessé(s) leger(s),Voiture,Bicyclette,Entre 2 conducteurs: Par le côté (avant/derrière-flanc),0
2019,08,21,Audenarde,Oudenaarde,Province de Flandre orientale,Région flamande,,,45035,Normales,Normaal,Sec,Droog,"Nuit, éclairage public présent et allumé",Hors agglomération,Route régionale,Avec blessé(s) leger(s),Voiture,Cyclomoteur,Entre 2 conducteurs: Flanc contre flanc,0
2019,08,17,Audenarde,Oudenaarde,Province de Flandre orientale,Région flamande,50.841852,3.575764,45035,Normales,Normaal,Sec,Droog,Jour,Hors agglomération,Route communale,Avec blessé(s) leger(s),Voiture,Cyclomoteur,Entre 2 conducteurs: Par le côté (avant/derrière-flanc),0
2019,08,21,Audenarde,Oudenaarde,Province de Flandre orientale,Région flamande,50.82634,3.604163,45035,Normales,Normaal,Sec,Droog,"Nuit, éclairage public présent et allumé",Hors agglomération,Route régionale,Avec blessé(s) grave(s),Voiture,Motocyclette,Entre 2 conducteurs: Par le côté (avant/derrière-flanc),1
2019,08,17,Brakel,Brakel,Province de Flandre orientale,Région flamande,50.793983,3.748505,45059,Normales,Normaal,Sec,Droog,Jour,Hors agglomération,Route régionale,Avec blessé(s) grave(s),Voiture,Motocyclette,Entre 2 conducteurs: Par l'arrière,0
2019,08,11,Brakel,Brakel,Province de Flandre orientale,Région flamande,,,45059,Normales,Normaal,"Humide, mouillé, flaques","Nat, plassen",Jour,En agglomération,Route régionale,Avec blessé(s) leger(s),Voiture,Bicyclette,Entre 2 conducteurs: Flanc contre flanc,0
2019,08,17,Maarkedal,Maarkedal,Province de Flandre orientale,Région flamande,50.820941,3.651546,45064,Normales,Normaal,"Sale (sable, gravier, feuilles,...)","Vuil (zand, grint, bladeren,...)",Jour,Hors agglomération,Route communale,Avec blessé(s) leger(s),Cyclomoteur,usager/obstacle,Usager contre obstacle situé sur la chaussée,1
2019,08,10,Maarkedal,Maarkedal,Province de Flandre orientale,Région flamande,50.80402,3.698877,45064,Normales,Normaal,Sec,Droog,Jour,Hors agglomération,Route communale,Avec blessé(s) grave(s),Bicyclette,usager seul,"Un seul usager, pas d'obstacle (chute incl.)",0
2019,08,09,Renaix,Ronse,Province de Flandre orientale,Région flamande,50.749693,3.592576,45041,Pluie,Regenval,Propre,Proper,Jour,En agglomération,Route régionale,Avec blessé(s) leger(s),Bicyclette,Voiture,Entre 2 conducteurs: Par le côté (avant/derrière-flanc),0
2019,08,20,Renaix,Ronse,Province de Flandre orientale,Région flamande,50.749702,3.591801,45041,Normales,Normaal,Sec,Droog,"Aube, crépuscule",En agglomération,Route régionale,Avec blessé(s) leger(s),Bicyclette,Bicyclette,Entre 2 conducteurs: Par le côté (avant/derrière-flanc),0
2019,08,12,Grammont,Geraardsbergen,Province de Flandre orientale,Région flamande,50.772447,3.868832,41018,Normales,Normaal,Sec,Droog,Jour,En agglomération,Route régionale,Avec blessé(s) leger(s),Voiture,Motocyclette,Entre 2 conducteurs: Par l'arrière,1
2019,08,19,Brakel,Brakel,Province de Flandre orientale,Région flamande,,,45059,Normales,Normaal,Sec,Droog,Jour,En agglomération,Route communale,Avec blessé(s) leger(s),Bicyclette,Bicyclette,Entre 2 conducteurs: Collision frontale,0
2019,08,16,Grammont,Geraardsbergen,Province de Flandre orientale,Région flamande,50.778109,3.872554,41018,Normales,Normaal,Sec,Droog,Jour,En agglomération,Route régionale,Avec blessé(s) leger(s),Voiture,Bicyclette,Entre 2 conducteurs: Flanc contre flanc,0
2019,08,16,Zottegem,Zottegem,Province de Flandre orientale,Région flamande,,,41081,Normales,Normaal,Sec,Droog,Jour,En agglomération,Route communale,Avec blessé(s) leger(s),Bicyclette,usager seul,"Un seul usager, pas d'obstacle (chute incl.)",0
2019,08,10,Sint-Lievens-Houtem,Sint-Lievens-Houtem,Province de Flandre orientale,Région flamande,50.920238,3.857923,41063,Pluie,Regenval,"Humide, mouillé, flaques","Nat, plassen",Jour,En agglomération,Route régionale,Avec blessé(s) leger(s),Voiture,Bicyclette,Entre 2 conducteurs: Par le côté (avant/derrière-flanc),1
2019,08,10,Zottegem,Zottegem,Province de Flandre orientale,Région flamande,50.886897,3.841564,41081,Normales,Normaal,Sec,Droog,Jour,Hors agglomération,Route communale,Avec blessé(s) leger(s),Bicyclette,usager seul,"Un seul usager, pas d'obstacle (chute incl.)",0
2019,08,20,Zottegem,Zottegem,Province de Flandre orientale,Région flamande,50.871666,3.834071,41081,Normales,Normaal,Sec,Droog,Jour,En agglomération,Route communale,Avec blessé(s) leger(s),Voiture,Motocyclette,Entre 2 conducteurs: Par le côté (avant/derrière-flanc),0
2019,08,07,Herzele,Herzele,Province de Flandre orientale,Région flamande,50.905119,3.893951,41027,Normales,Normaal,Sec,Droog,Jour,En agglomération,Route régionale,Avec blessé(s) leger(s),Voiture,Bicyclette,Collision en chaîne (3 conducteurs ou plus),1
2019,08,18,Zottegem,Zottegem,Province de Flandre orientale,Région flamande,50.868108,3.790964,41081,Normales,Normaal,Sec,Droog,Jour,En agglomération,Route régionale,Avec blessé(s) leger(s),Bicyclette,Bicyclette,Entre 2 conducteurs: Par le côté (avant/derrière-flanc),0
2019,08,13,Zottegem,Zottegem,Province de Flandre orientale,Région flamande,50.86215,3.829292,41081,Normales,Normaal,Sec,Droog,Jour,En agglomération,Route communale,Avec blessé(s) leger(s),Bicyclette,Bicyclette,Entre 2 conducteurs: Par le côté (avant/derrière-flanc),1
2019,08,14,Herzele,Herzele,Province de Flandre orientale,Région flamande,50.884159,3.891669,41027,Normales,Normaal,Sec,Droog,Jour,En agglomération,Route régionale,Avec blessé(s) leger(s),Voiture,Bicyclette,Entre 2 conducteurs: Par le côté (avant/derrière-flanc),0
2019,08,11,Zottegem,Zottegem,Province de Flandre orientale,Région flamande,50.873485,3.834752,41081,Normales,Normaal,Sec,Droog,Jour,En agglomération,Route régionale,Avec blessé(s) leger(s),Cyclomoteur,Camionnette,Entre 2 conducteurs: Par le côté (avant/derrière-flanc),1
2019,08,14,Zottegem,Zottegem,Province de Flandre orientale,Région flamande,50.850694,3.778342,41081,Normales,Normaal,Sec,Droog,Jour,Hors agglomération,Route communale,Avec blessé(s) leger(s),Motocyclette,usager seul,"Un seul usager, pas d'obstacle (chute incl.)",1
2019,08,11,Zottegem,Zottegem,Province de Flandre orientale,Région flamande,50.874648,3.833249,41081,Normales,Normaal,Sec,Droog,Jour,Hors agglomération,Route régionale,Avec blessé(s) leger(s),Bicyclette,usager/obstacle,Usager contre obstacle situé hors chaussée,0
2019,08,19,Zottegem,Zottegem,Province de Flandre orientale,Région flamande,50.898551,3.829134,41081,Normales,Normaal,Sec,Droog,Jour,Hors agglomération,Route régionale,Avec blessé(s) leger(s),Bicyclette,Voiture,Entre 2 conducteurs: Par le côté (avant/derrière-flanc),1
2019,08,13,Zottegem,Zottegem,Province de Flandre orientale,Région flamande,50.869456,3.808638,41081,Normales,Normaal,Sec,Droog,Jour,En agglomération,Route communale,Avec blessé(s) leger(s),Voiture,Bicyclette,Entre 2 conducteurs: Flanc contre flanc,1
2019,08,23,Zottegem,Zottegem,Province de Flandre orientale,Région flamande,,,41081,Normales,Normaal,Sec,Droog,"Nuit, éclairage public présent, mais pas allumé",En agglomération,Route communale,Avec blessé(s) leger(s),Bicyclette,usager seul,"Un seul usager, pas d'obstacle (chute incl.)",0
2019,08,11,Herzele,Herzele,Province de Flandre orientale,Région flamande,50.884454,3.893125,41027,Normales,Normaal,Sec,Droog,Jour,En agglomération,Route régionale,Avec blessé(s) leger(s),Bicyclette,Voiture,Entre 2 conducteurs: Par le côté (avant/derrière-flanc),1
2019,08,02,Sint-Niklaas,Sint-Niklaas,Province de Flandre orientale,Région flamande,51.169824,4.139155,46021,Normales,Normaal,Sec,Droog,"Nuit, éclairage public présent et allumé",En agglomération,Route régionale,Avec blessé(s) leger(s),Motocyclette,usager/obstacle,Usager contre obstacle situé hors chaussée,1
2019,08,10,Sint-Niklaas,Sint-Niklaas,Province de Flandre orientale,Région flamande,51.177396,4.13219,46021,Normales,Normaal,Sec,Droog,Jour,En agglomération,Route communale,Avec blessé(s) leger(s),Bicyclette,Bicyclette,Entre 2 conducteurs: Flanc contre flanc,1
2019,08,13,Sint-Niklaas,Sint-Niklaas,Province de Flandre orientale,Région flamande,51.168478,4.131472,46021,"Inconnues, indéterminées",Onbekend,Sec,Droog,Jour,En agglomération,Route régionale,Avec blessé(s) grave(s),Voiture,Bicyclette,Entre 2 conducteurs: Flanc contre flanc,1
2019,08,14,Sint-Niklaas,Sint-Niklaas,Province de Flandre orientale,Région flamande,51.160031,4.148616,46021,Normales,Normaal,Sec,Droog,Jour,En agglomération,Route régionale,Avec blessé(s) grave(s),Camion,Bicyclette,Entre 2 conducteurs: Par le côté (avant/derrière-flanc),1
2019,08,10,Sint-Niklaas,Sint-Niklaas,Province de Flandre orientale,Région flamande,51.173935,4.151313,46021,Normales,Normaal,Sec,Droog,Jour,En agglomération,Route régionale,Avec blessé(s) leger(s),Bicyclette,Voiture,Entre 2 conducteurs: Par le côté (avant/derrière-flanc),1
2019,08,13,Sint-Niklaas,Sint-Niklaas,Province de Flandre orientale,Région flamande,51.180629,4.142521,46021,Normales,Normaal,Sec,Droog,Jour,En agglomération,Route communale,Avec blessé(s) leger(s),Voiture,Cyclomoteur,Entre 2 conducteurs: Par le côté (avant/derrière-flanc),0
2019,08,01,Sint-Niklaas,Sint-Niklaas,Province de Flandre orientale,Région flamande,51.193717,4.177502,46021,Normales,Normaal,Sec,Droog,"Nuit, éclairage public présent et allumé",En agglomération,Route communale,Avec blessé(s) leger(s),Cyclomoteur,usager seul,"Un seul usager, pas d'obstacle (chute incl.)",0
2019,08,08,Sint-Niklaas,Sint-Niklaas,Province de Flandre orientale,Région flamande,51.162071,4.136556,46021,"Inconnues, indéterminées",Onbekend,"Inconnu, indéterminé",Onbekend,"Inconnu, indéterminé",En agglomération,Route communale,Avec blessé(s) leger(s),Bicyclette,Autres,Entre 2 conducteurs: Flanc contre flanc,0
2019,08,16,Sint-Niklaas,Sint-Niklaas,Province de Flandre orientale,Région flamande,51.16352,4.133605,46021,Normales,Normaal,Sec,Droog,Jour,En agglomération,Route communale,Avec blessé(s) leger(s),Bicyclette,usager seul,"Un seul usager, pas d'obstacle (chute incl.)",0
2019,08,17,Sint-Niklaas,Sint-Niklaas,Province de Flandre orientale,Région flamande,51.162913,4.055741,46021,"Autre (fumée épaisse,...)","Andere (dikke rook,...)",Sec,Droog,Jour,En agglomération,Route communale,Avec blessé(s) grave(s),Bicyclette,usager/obstacle,Usager contre obstacle situé hors chaussée,0
2019,08,22,Sint-Niklaas,Sint-Niklaas,Province de Flandre orientale,Région flamande,51.150701,4.132818,46021,"Inconnues, indéterminées",Onbekend,Sec,Droog,"Nuit, éclairage public présent, mais pas allumé",Hors agglomération,Route régionale,Avec blessé(s) leger(s),Bicyclette,usager/obstacle,Usager contre obstacle situé hors chaussée,0
2019,08,20,Sint-Niklaas,Sint-Niklaas,Province de Flandre orientale,Région flamande,51.155875,4.136924,46021,Normales,Normaal,Sec,Droog,Jour,En agglomération,Route communale,Avec blessé(s) leger(s),Bicyclette,Voiture,Entre 2 conducteurs: Par le côté (avant/derrière-flanc),0
2019,08,14,Sint-Niklaas,Sint-Niklaas,Province de Flandre orientale,Région flamande,51.172502,4.140651,46021,Normales,Normaal,"Humide, mouillé, flaques","Nat, plassen",Jour,En agglomération,Route communale,Avec blessé(s) leger(s),Voiture,Bicyclette,Entre 2 conducteurs: Par le côté (avant/derrière-flanc),1
2019,08,12,Sint-Niklaas,Sint-Niklaas,Province de Flandre orientale,Région flamande,51.174724,4.112308,46021,Normales,Normaal,Sec,Droog,Jour,En agglomération,Route communale,Avec blessé(s) grave(s),Voiture,Bicyclette,Entre 2 conducteurs: Par le côté (avant/derrière-flanc),1
2019,08,17,Sint-Niklaas,Sint-Niklaas,Province de Flandre orientale,Région flamande,51.166736,4.174161,46021,Normales,Normaal,Sec,Droog,Jour,Hors agglomération,Route régionale,Avec blessé(s) leger(s),Voiture,Bicyclette,Entre 2 conducteurs: Par le côté (avant/derrière-flanc),1
2019,08,13,Sint-Niklaas,Sint-Niklaas,Province de Flandre orientale,Région flamande,,,46021,"Inconnues, indéterminées",Onbekend,"Inconnu, indéterminé",Onbekend,Jour,Hors agglomération,Route régionale,Avec blessé(s) leger(s),Bicyclette,Bicyclette,Entre 2 conducteurs: Collision frontale,0
2019,08,00,Sint-Niklaas,Sint-Niklaas,Province de Flandre orientale,Région flamande,51.17232,4.14056,46021,Normales,Normaal,Sec,Droog,"Nuit, éclairage public présent et allumé",En agglomération,Route communale,Avec blessé(s) leger(s),Bicyclette,usager seul,"Un seul usager, pas d'obstacle (chute incl.)",0
2019,08,16,Sint-Niklaas,Sint-Niklaas,Province de Flandre orientale,Région flamande,51.160481,4.16384,46021,Normales,Normaal,Sec,Droog,Jour,En agglomération,Route régionale,Avec blessé(s) leger(s),Voiture,Cyclomoteur,Entre 2 conducteurs: Par le côté (avant/derrière-flanc),0
2019,08,22,Tamise,Temse,Province de Flandre orientale,Région flamande,51.122635,4.221837,46025,Normales,Normaal,Sec,Droog,"Nuit, pas d'éclairage public présent",En agglomération,Route communale,Avec blessé(s) grave(s),Bicyclette,usager seul,"Un seul usager, pas d'obstacle (chute incl.)",0
2019,08,22,Tamise,Temse,Province de Flandre orientale,Région flamande,51.124872,4.276239,46025,Normales,Normaal,Sec,Droog,"Nuit, éclairage public présent et allumé",Hors agglomération,Route communale,Avec blessé(s) leger(s),Bicyclette,usager seul,"Un seul usager, pas d'obstacle (chute incl.)",0
2019,08,19,Tamise,Temse,Province de Flandre orientale,Région flamande,51.131557,4.193004,46025,Normales,Normaal,Sec,Droog,Jour,En agglomération,Route communale,Avec blessé(s) leger(s),Cyclomoteur,Voiture,Entre 2 conducteurs: Par le côté (avant/derrière-flanc),1
2019,08,07,Tamise,Temse,Province de Flandre orientale,Région flamande,51.110329,4.143944,46025,Pluie,Regenval,"Humide, mouillé, flaques","Nat, plassen","Aube, crépuscule",Hors agglomération,Route régionale,Avec blessé(s) leger(s),Cyclomoteur,Voiture,Entre 2 conducteurs: Par le côté (avant/derrière-flanc),0
2019,08,18,Tamise,Temse,Province de Flandre orientale,Région flamande,51.13508,4.186496,46025,Normales,Normaal,Sec,Droog,Jour,Hors agglomération,Route communale,Avec blessé(s) grave(s),Voiture,Motocyclette,Entre 2 conducteurs: Par le côté (avant/derrière-flanc),1
2019,08,09,Sint-Niklaas,Sint-Niklaas,Province de Flandre orientale,Région flamande,51.151413,4.190289,46021,"Inconnues, indéterminées",Onbekend,"Inconnu, indéterminé",Onbekend,Jour,Hors agglomération,Route communale,Avec blessé(s) leger(s),Bicyclette,Camion,Entre 2 conducteurs: Collision frontale,0
2019,08,16,Tamise,Temse,Province de Flandre orientale,Région flamande,51.13042,4.194228,46025,Normales,Normaal,Sec,Droog,Jour,En agglomération,Route communale,Avec blessé(s) leger(s),Bicyclette,Cyclomoteur,Entre 2 conducteurs: Collision frontale,0
2019,08,10,Kruibeke,Kruibeke,Province de Flandre orientale,Région flamande,51.173515,4.308288,46013,Normales,Normaal,Sec,Droog,Jour,En agglomération,Route communale,Avec blessé(s) leger(s),Bicyclette,Voiture,Entre 2 conducteurs: Flanc contre flanc,1
2019,08,18,Lokeren,Lokeren,Province de Flandre orientale,Région flamande,51.109717,3.972879,46014,Normales,Normaal,"Humide, mouillé, flaques","Nat, plassen",Jour,Hors agglomération,Route régionale,Avec blessé(s) leger(s),Voiture,Bicyclette,Entre 2 conducteurs: Par le côté (avant/derrière-flanc),0
2019,08,07,Lokeren,Lokeren,Province de Flandre orientale,Région flamande,,,46014,Normales,Normaal,Sec,Droog,Jour,Hors agglomération,Route régionale,Avec blessé(s) leger(s),Camion,Motocyclette,Entre 2 conducteurs: Flanc contre flanc,1
2019,08,13,Lokeren,Lokeren,Province de Flandre orientale,Région flamande,51.111629,3.984756,46014,Normales,Normaal,Sec,Droog,Jour,En agglomération,Route régionale,Avec blessé(s) leger(s),Cyclomoteur,Piéton,Avec un piéton,0
2019,08,15,Lokeren,Lokeren,Province de Flandre orientale,Région flamande,51.103513,3.987195,46014,Normales,Normaal,Sec,Droog,Jour,En agglomération,Route communale,Avec blessé(s) grave(s),Motocyclette,Voiture,Entre 2 conducteurs: Flanc contre flanc,0
2019,08,08,Lokeren,Lokeren,Province de Flandre orientale,Région flamande,51.111149,3.983251,46014,Normales,Normaal,Sec,Droog,Jour,En agglomération,Route régionale,Avec blessé(s) leger(s),Camion,Bicyclette,Entre 2 conducteurs: Par le côté (avant/derrière-flanc),1
2019,08,17,Lokeren,Lokeren,Province de Flandre orientale,Région flamande,51.102373,3.995294,46014,Normales,Normaal,Sec,Droog,Jour,En agglomération,Route régionale,Avec blessé(s) leger(s),Voiture,Bicyclette,Entre 2 conducteurs: Par le côté (avant/derrière-flanc),1
2019,08,21,Hamme,Hamme,Province de Flandre orientale,Région flamande,51.061331,4.151661,42008,"Inconnues, indéterminées",Onbekend,Sec,Droog,"Nuit, éclairage public présent et allumé",En agglomération,Route communale,Avec blessé(s) leger(s),Voiture,Bicyclette,Entre 2 conducteurs: Par le côté (avant/derrière-flanc),0
2019,08,15,Sint-Niklaas,Sint-Niklaas,Province de Flandre orientale,Région flamande,51.132649,4.077938,46021,Normales,Normaal,Sec,Droog,Jour,Hors agglomération,Route régionale,Avec blessé(s) leger(s),Bicyclette,Bicyclette,Entre 2 conducteurs: Par le côté (avant/derrière-flanc),0
2019,08,16,Waasmunster,Waasmunster,Province de Flandre orientale,Région flamande,51.123999,4.115598,42023,Normales,Normaal,Sec,Droog,Jour,En agglomération,Route communale,Avec blessé(s) leger(s),Bicyclette,Voiture,Entre 2 conducteurs: Flanc contre flanc,0
2019,08,05,Hamme,Hamme,Province de Flandre orientale,Région flamande,,,42008,"Inconnues, indéterminées",Onbekend,"Inconnu, indéterminé",Onbekend,"Inconnu, indéterminé",En agglomération,Route communale,Avec blessé(s) leger(s),Bicyclette,Camionnette,Entre 2 conducteurs: Flanc contre flanc,0
2019,08,14,Hamme,Hamme,Province de Flandre orientale,Région flamande,,,42008,Normales,Normaal,Sec,Droog,Jour,En agglomération,Route communale,Avec blessé(s) leger(s),Voiture,Cyclomoteur,Entre 2 conducteurs: Par le côté (avant/derrière-flanc),0
2019,08,12,Berlare,Berlare,Province de Flandre orientale,Région flamande,51.016976,4.005796,42003,Normales,Normaal,Sec,Droog,Jour,En agglomération,Route régionale,Avec blessé(s) grave(s),Voiture,Motocyclette,Entre 2 conducteurs: Par l'arrière,0
2019,08,10,Zele,Zele,Province de Flandre orientale,Région flamande,51.056799,4.014939,42028,Normales,Normaal,Sec,Droog,Jour,Hors agglomération,Route régionale,Avec blessé(s) leger(s),Voiture,Bicyclette,Entre 2 conducteurs: Collision frontale,1
2019,08,06,Zele,Zele,Province de Flandre orientale,Région flamande,51.074542,4.040457,42028,Normales,Normaal,Sec,Droog,Jour,En agglomération,Route communale,Avec blessé(s) leger(s),Voiture,Bicyclette,Entre 2 conducteurs: Par le côté (avant/derrière-flanc),0
2019,08,10,Zele,Zele,Province de Flandre orientale,Région flamande,51.054312,4.038936,42028,Normales,Normaal,Sec,Droog,Jour,En agglomération,Route communale,Avec blessé(s) leger(s),Voiture,Bicyclette,Entre 2 conducteurs: Par l'arrière,1
2019,08,12,Berlare,Berlare,Province de Flandre orientale,Région flamande,,,42003,Normales,Normaal,Sec,Droog,Jour,Hors agglomération,Route communale,Avec blessé(s) leger(s),Motocyclette,usager seul,"Un seul usager, pas d'obstacle (chute incl.)",0
2019,08,16,Hamme,Hamme,Province de Flandre orientale,Région flamande,51.099023,4.128057,42008,Normales,Normaal,Sec,Droog,Jour,En agglomération,Route communale,Avec blessé(s) leger(s),Bicyclette,Voiture,Entre 2 conducteurs: Par l'arrière,1
2019,08,19,Zele,Zele,Province de Flandre orientale,Région flamande,51.068284,4.044816,42028,Normales,Normaal,Sec,Droog,Jour,En agglomération,Route régionale,Avec blessé(s) leger(s),Camion,Bicyclette,Entre 2 conducteurs: Par le côté (avant/derrière-flanc),1
2019,08,12,Zele,Zele,Province de Flandre orientale,Région flamande,51.065651,4.037505,42028,Normales,Normaal,Sec,Droog,Jour,En agglomération,Route communale,Avec blessé(s) grave(s),Voiture,Bicyclette,Entre 2 conducteurs: Par le côté (avant/derrière-flanc),0
2019,08,09,Berlare,Berlare,Province de Flandre orientale,Région flamande,51.022791,3.965328,42003,Normales,Normaal,Sec,Droog,Jour,Hors agglomération,Route communale,Avec blessé(s) grave(s),Bicyclette,Bicyclette,Entre 2 conducteurs: Collision frontale,0
2019,08,12,Buggenhout,Buggenhout,Province de Flandre orientale,Région flamande,,,42004,"Inconnues, indéterminées",Onbekend,"Inconnu, indéterminé",Onbekend,Jour,En agglomération,Route communale,Avec blessé(s) grave(s),Piéton,Bicyclette,Avec un piéton,0
2019,08,08,Lebbeke,Lebbeke,Province de Flandre orientale,Région flamande,50.998805,4.125213,42011,Normales,Normaal,Sec,Droog,Jour,Hors agglomération,Route communale,Avec blessé(s) leger(s),Bicyclette,usager/obstacle,Usager contre obstacle situé hors chaussée,0
2019,08,19,Wetteren,Wetteren,Province de Flandre orientale,Région flamande,50.999121,3.903099,42025,Normales,Normaal,Sec,Droog,Jour,Hors agglomération,Route communale,Avec blessé(s) grave(s),Voiture,Cyclomoteur,Entre 2 conducteurs: Par le côté (avant/derrière-flanc),0
2019,08,16,Wetteren,Wetteren,Province de Flandre orientale,Région flamande,51.011138,3.909136,42025,Normales,Normaal,Sec,Droog,Jour,Hors agglomération,Route régionale,Avec blessé(s) leger(s),Voiture,Cyclomoteur,Entre 2 conducteurs: Flanc contre flanc,0
2019,08,14,Wetteren,Wetteren,Province de Flandre orientale,Région flamande,,,42025,"Inconnues, indéterminées",Onbekend,"Inconnu, indéterminé",Onbekend,Jour,inconnu,Route régionale,Avec blessé(s) leger(s),Bicyclette,usager seul,"Un seul usager, pas d'obstacle (chute incl.)",0
2019,08,09,Wetteren,Wetteren,Province de Flandre orientale,Région flamande,51.007559,3.888998,42025,"Inconnues, indéterminées",Onbekend,Sec,Droog,Jour,En agglomération,Route régionale,Avec blessé(s) leger(s),Bicyclette,Voiture,Entre 2 conducteurs: Flanc contre flanc,0
2019,08,10,Wetteren,Wetteren,Province de Flandre orientale,Région flamande,,,42025,"Inconnues, indéterminées",Onbekend,"Inconnu, indéterminé",Onbekend,Jour,inconnu,Route régionale,Avec blessé(s) leger(s),Voiture,Bicyclette,Entre 2 conducteurs: Par le côté (avant/derrière-flanc),0
2019,08,17,Laarne,Laarne,Province de Flandre orientale,Région flamande,51.027248,3.842974,42010,Normales,Normaal,Sec,Droog,Jour,En agglomération,Route communale,Avec blessé(s) leger(s),Voiture,Bicyclette,Entre 2 conducteurs: Par le côté (avant/derrière-flanc),0
2019,08,08,Wetteren,Wetteren,Province de Flandre orientale,Région flamande,51.001992,3.8834,42025,Normales,Normaal,Sec,Droog,Jour,En agglomération,Route communale,Avec blessé(s) leger(s),Bicyclette,usager seul,"Un seul usager, pas d'obstacle (chute incl.)",0
2019,08,14,Wetteren,Wetteren,Province de Flandre orientale,Région flamande,50.974646,3.832348,42025,Normales,Normaal,Sec,Droog,Jour,Hors agglomération,Route régionale,Avec blessé(s) leger(s),Motocyclette,usager seul,"Un seul usager, pas d'obstacle (chute incl.)",0
2019,08,17,Denderleeuw,Denderleeuw,Province de Flandre orientale,Région flamande,50.886812,4.078006,41011,Normales,Normaal,Sec,Droog,Jour,En agglomération,Route communale,Avec blessé(s) leger(s),Bicyclette,usager seul,"Un seul usager, pas d'obstacle (chute incl.)",1
2019,08,15,Haaltert,Haaltert,Province de Flandre orientale,Région flamande,50.909378,3.985242,41024,Normales,Normaal,Sec,Droog,Jour,En agglomération,Route communale,Avec blessé(s) grave(s),Bicyclette,usager/obstacle,Usager contre obstacle situé hors chaussée,0
2019,08,11,Denderleeuw,Denderleeuw,Province de Flandre orientale,Région flamande,50.876016,4.044522,41011,"Inconnues, indéterminées",Onbekend,Sec,Droog,Jour,En agglomération,Route communale,Avec blessé(s) leger(s),Bicyclette,usager seul,"Un seul usager, pas d'obstacle (chute incl.)",0
2019,08,16,Alost,Aalst,Province de Flandre orientale,Région flamande,,,41002,Normales,Normaal,Sec,Droog,Jour,En agglomération,Route communale,Avec blessé(s) leger(s),Voiture,Bicyclette,Entre 2 conducteurs: Par le côté (avant/derrière-flanc),1
2019,08,12,Alost,Aalst,Province de Flandre orientale,Région flamande,50.912931,4.077416,41002,Normales,Normaal,Sec,Droog,Jour,En agglomération,Route communale,Avec blessé(s) leger(s),Motocyclette,usager seul,"Un seul usager, pas d'obstacle (chute incl.)",0
2019,08,12,Alost,Aalst,Province de Flandre orientale,Région flamande,50.951722,4.134457,41002,Normales,Normaal,Sec,Droog,Jour,En agglomération,Route régionale,Avec blessé(s) leger(s),Bicyclette,usager seul,"Un seul usager, pas d'obstacle (chute incl.)",0
2019,08,07,Alost,Aalst,Province de Flandre orientale,Région flamande,50.935051,4.048924,41002,Normales,Normaal,Sec,Droog,Jour,En agglomération,Route communale,Avec blessé(s) leger(s),Camionnette,Motocyclette,Entre 2 conducteurs: Par l'arrière,0
2019,08,09,Alost,Aalst,Province de Flandre orientale,Région flamande,50.914004,4.035125,41002,Normales,Normaal,Sec,Droog,Jour,En agglomération,Route communale,Avec blessé(s) leger(s),Voiture,Bicyclette,Entre 2 conducteurs: Collision frontale,1
2019,08,05,Alost,Aalst,Province de Flandre orientale,Région flamande,50.945917,4.04,41002,Normales,Normaal,Sec,Droog,"Aube, crépuscule",En agglomération,Route communale,Avec blessé(s) leger(s),Voiture,Cyclomoteur,Entre 2 conducteurs: Par le côté (avant/derrière-flanc),1
2019,08,09,Alost,Aalst,Province de Flandre orientale,Région flamande,50.930435,4.101383,41002,Normales,Normaal,Sec,Droog,Jour,En agglomération,Route communale,Avec blessé(s) leger(s),Bicyclette,Voiture,Entre 2 conducteurs: Collision frontale,0
2019,08,19,Alost,Aalst,Province de Flandre orientale,Région flamande,50.920263,4.059537,41002,Normales,Normaal,Propre,Proper,Jour,En agglomération,Route communale,Avec blessé(s) leger(s),Bicyclette,Bicyclette,Entre 2 conducteurs: Collision frontale,0
2019,08,15,Alost,Aalst,Province de Flandre orientale,Région flamande,,,41002,Normales,Normaal,Sec,Droog,Jour,En agglomération,Route communale,Avec blessé(s) leger(s),Bicyclette,usager/obstacle,Usager contre obstacle situé sur la chaussée,0
2019,08,20,Alost,Aalst,Province de Flandre orientale,Région flamande,50.932878,4.03234,41002,Normales,Normaal,Sec,Droog,"Nuit, éclairage public présent et allumé",En agglomération,Route communale,Avec blessé(s) leger(s),Voiture,Cyclomoteur,Entre 2 conducteurs: Par le côté (avant/derrière-flanc),1
2019,08,18,Alost,Aalst,Province de Flandre orientale,Région flamande,50.942086,3.996564,41002,Normales,Normaal,Sec,Droog,Jour,En agglomération,Route régionale,Avec blessé(s) leger(s),Bicyclette,Voiture,Entre 2 conducteurs: Par le côté (avant/derrière-flanc),0
2019,08,20,Alost,Aalst,Province de Flandre orientale,Région flamande,50.944557,4.052086,41002,Normales,Normaal,Sec,Droog,Jour,En agglomération,Route régionale,Avec blessé(s) leger(s),Bicyclette,Voiture,Entre 2 conducteurs: Par le côté (avant/derrière-flanc),1
2019,08,16,Lede,Lede,Province de Flandre orientale,Région flamande,50.964501,3.977196,41034,Normales,Normaal,Sec,Droog,Jour,En agglomération,Route régionale,Avec blessé(s) grave(s),Voiture,Motocyclette,Entre 2 conducteurs: Par le côté (avant/derrière-flanc),0
2019,08,15,Erpe-Mere,Erpe-Mere,Province de Flandre orientale,Région flamande,50.919019,3.963467,41082,Normales,Normaal,Sec,Droog,Jour,En agglomération,Route communale,Avec blessé(s) leger(s),Bicyclette,Voiture,Entre 2 conducteurs: Par le côté (avant/derrière-flanc),0
2019,08,23,Ninove,Ninove,Province de Flandre orientale,Région flamande,50.854368,4.021564,41048,Normales,Normaal,Sec,Droog,"Nuit, éclairage public présent et allumé",Hors agglomération,Route communale,Avec tué(s),Motocyclette,usager/obstacle,Usager contre obstacle situé hors chaussée,0
2019,08,10,Ninove,Ninove,Province de Flandre orientale,Région flamande,,,41048,Normales,Normaal,Sec,Droog,Jour,Hors agglomération,Route communale,Avec blessé(s) leger(s),Bicyclette,Bicyclette,Entre 2 conducteurs: Collision frontale,0
2019,08,18,Termonde,Dendermonde,Province de Flandre orientale,Région flamande,51.04931,4.10142,42006,Normales,Normaal,Sec,Droog,Jour,En agglomération,Route communale,Avec blessé(s) grave(s),Bicyclette,Bicyclette,Entre 2 conducteurs: Par le côté (avant/derrière-flanc),0
2019,08,10,Termonde,Dendermonde,Province de Flandre orientale,Région flamande,51.002385,4.003602,42006,Normales,Normaal,Sec,Droog,Jour,En agglomération,Route régionale,Avec blessé(s) leger(s),Cyclomoteur,usager/obstacle,Usager contre obstacle situé hors chaussée,0
2019,08,10,Termonde,Dendermonde,Province de Flandre orientale,Région flamande,51.025636,4.102334,42006,Normales,Normaal,Sec,Droog,Jour,En agglomération,Route régionale,Avec blessé(s) leger(s),Camionnette,Bicyclette,Entre 2 conducteurs: Par le côté (avant/derrière-flanc),0
2019,08,17,Termonde,Dendermonde,Province de Flandre orientale,Région flamande,51.033445,4.172325,42006,Normales,Normaal,Sec,Droog,Jour,En agglomération,Route régionale,Avec blessé(s) leger(s),Voiture,Bicyclette,Entre 2 conducteurs: Par le côté (avant/derrière-flanc),1
2019,08,14,Termonde,Dendermonde,Province de Flandre orientale,Région flamande,51.018967,4.092691,42006,Normales,Normaal,Sec,Droog,Jour,En agglomération,Route communale,Avec blessé(s) leger(s),Bicyclette,Bicyclette,Entre 2 conducteurs: Par le côté (avant/derrière-flanc),0
2019,08,15,Termonde,Dendermonde,Province de Flandre orientale,Région flamande,51.019852,4.042676,42006,Normales,Normaal,Sec,Droog,Jour,En agglomération,Route régionale,Avec blessé(s) leger(s),Bicyclette,usager seul,"Un seul usager, pas d'obstacle (chute incl.)",0
2019,08,15,Bruges,Brugge,Province de Flandre occidentale,Région flamande,,,31005,Normales,Normaal,Sec,Droog,Jour,En agglomération,Route communale,Avec blessé(s) leger(s),Bicyclette,usager/obstacle,Usager contre obstacle situé sur la chaussée,0
2019,08,18,Bruges,Brugge,Province de Flandre occidentale,Région flamande,51.221069,3.217918,31005,Normales,Normaal,Sec,Droog,Jour,En agglomération,Route régionale,Avec blessé(s) leger(s),Cyclomoteur,Voiture,Entre 2 conducteurs: Flanc contre flanc,1
2019,08,08,Bruges,Brugge,Province de Flandre occidentale,Région flamande,,,31005,Normales,Normaal,Sec,Droog,Jour,Hors agglomération,Route communale,Avec blessé(s) leger(s),Voiture,Bicyclette,Entre 2 conducteurs: Collision frontale,0
2019,08,13,Bruges,Brugge,Province de Flandre occidentale,Région flamande,51.24024,3.248999,31005,Normales,Normaal,Sec,Droog,Jour,En agglomération,Route régionale,Avec blessé(s) leger(s),Bicyclette,usager seul,"Un seul usager, pas d'obstacle (chute incl.)",0
2019,08,08,Bruges,Brugge,Province de Flandre occidentale,Région flamande,51.210457,3.254081,31005,Normales,Normaal,Sec,Droog,Jour,En agglomération,Route communale,Avec blessé(s) leger(s),Voiture,Motocyclette,Entre 2 conducteurs: Par le côté (avant/derrière-flanc),1
2019,08,22,Bruges,Brugge,Province de Flandre occidentale,Région flamande,51.188566,3.204018,31005,Normales,Normaal,"Humide, mouillé, flaques","Nat, plassen","Nuit, éclairage public présent et allumé",En agglomération,Route communale,Avec blessé(s) leger(s),Voiture,Bicyclette,Entre 2 conducteurs: Par le côté (avant/derrière-flanc),0
2019,08,17,Bruges,Brugge,Province de Flandre occidentale,Région flamande,51.202139,3.193491,31005,Normales,Normaal,Sec,Droog,Jour,En agglomération,Route régionale,Avec blessé(s) leger(s),Voiture,Bicyclette,Entre 2 conducteurs: Par le côté (avant/derrière-flanc),1
2019,08,16,Bruges,Brugge,Province de Flandre occidentale,Région flamande,51.231141,3.203652,31005,Pluie,Regenval,"Humide, mouillé, flaques+Propre","Nat, plassen+Proper",Jour,En agglomération,Route communale,Avec blessé(s) leger(s),Bicyclette,Voiture,Entre 2 conducteurs: Collision frontale,0
2019,08,14,Bruges,Brugge,Province de Flandre occidentale,Région flamande,51.208613,3.224849,31005,Normales,Normaal,Sec,Droog,Jour,En agglomération,Route régionale,Avec blessé(s) leger(s),Cyclomoteur,Piéton,Avec un piéton,0
2019,08,13,Bruges,Brugge,Province de Flandre occidentale,Région flamande,,,31005,Normales,Normaal,Sec,Droog,Jour,Hors agglomération,Route communale,Avec blessé(s) leger(s),Bicyclette,Voiture,Entre 2 conducteurs: Par le côté (avant/derrière-flanc),0
2019,08,11,Bruges,Brugge,Province de Flandre occidentale,Région flamande,51.208038,3.247032,31005,Normales,Normaal,Sec,Droog,Jour,En agglomération,Route communale,Avec blessé(s) leger(s),Bicyclette,Voiture,Entre 2 conducteurs: Par le côté (avant/derrière-flanc),0
2019,08,08,Bruges,Brugge,Province de Flandre occidentale,Région flamande,51.294061,3.189085,31005,Normales,Normaal,Sec,Droog,Jour,En agglomération,Route communale,Avec blessé(s) leger(s),Cyclomoteur,Voiture,Entre 2 conducteurs: Par le côté (avant/derrière-flanc),0
2019,08,13,Bruges,Brugge,Province de Flandre occidentale,Région flamande,51.217425,3.23764,31005,Normales,Normaal,Sec,Droog,Jour,En agglomération,Route régionale,Avec blessé(s) grave(s),Bicyclette,usager seul,"Un seul usager, pas d'obstacle (chute incl.)",0
2019,08,17,Bruges,Brugge,Province de Flandre occidentale,Région flamande,,,31005,Normales,Normaal,Sec+Propre,Droog+Proper,Jour,Hors agglomération,Route communale,Avec blessé(s) grave(s),Bicyclette,Bicyclette,Entre 2 conducteurs: Par l'arrière,0
2019,08,11,Bruges,Brugge,Province de Flandre occidentale,Région flamande,,,31005,Normales,Normaal,Sec,Droog,Jour,En agglomération,Route communale,Avec blessé(s) leger(s),Bicyclette,Voiture,Entre 2 conducteurs: Par le côté (avant/derrière-flanc),0
2019,08,10,Bruges,Brugge,Province de Flandre occidentale,Région flamande,51.199219,3.21938,31005,Normales,Normaal,Sec,Droog,Jour,En agglomération,Route régionale,Avec blessé(s) leger(s),Motocyclette,Bicyclette,Entre 2 conducteurs: Par le côté (avant/derrière-flanc),1
2019,08,16,Bruges,Brugge,Province de Flandre occidentale,Région flamande,51.329266,3.203082,31005,Normales,Normaal,Sec,Droog,Jour,En agglomération,Route régionale,Avec blessé(s) leger(s),Bicyclette,Voiture,Entre 2 conducteurs: Par le côté (avant/derrière-flanc),1
2019,08,12,Bruges,Brugge,Province de Flandre occidentale,Région flamande,51.213488,3.247058,31005,Normales,Normaal,Sec,Droog,Jour,En agglomération,Route communale,Avec blessé(s) leger(s),Voiture,Bicyclette,Entre 2 conducteurs: Par le côté (avant/derrière-flanc),0
2019,08,18,Bruges,Brugge,Province de Flandre occidentale,Région flamande,51.188092,3.192796,31005,Normales,Normaal,Propre,Proper,Jour,En agglomération,Route régionale,Avec blessé(s) leger(s),Camion,Cyclomoteur,Entre 2 conducteurs: Flanc contre flanc,1
2019,08,20,Bruges,Brugge,Province de Flandre occidentale,Région flamande,51.189273,3.282615,31005,Normales,Normaal,Sec,Droog,Jour,En agglomération,Route régionale,Avec tué(s),Motocyclette,usager/obstacle,Usager contre obstacle situé hors chaussée,1
2019,08,14,Bruges,Brugge,Province de Flandre occidentale,Région flamande,51.206051,3.221215,31005,Normales,Normaal,Sec,Droog,Jour,En agglomération,Route régionale,Avec blessé(s) leger(s),Piéton,Bicyclette,Avec un piéton,0
2019,08,16,Bruges,Brugge,Province de Flandre occidentale,Région flamande,51.199985,3.207547,31005,Normales,Normaal,Sec,Droog,Jour,En agglomération,Route communale,Avec blessé(s) leger(s),Piéton,Bicyclette,Avec un piéton,0
2019,08,17,Knokke-Heist,Knokke-Heist,Province de Flandre occidentale,Région flamande,51.3491,3.288738,31043,Normales,Normaal,Sec,Droog,Jour,En agglomération,Route communale,Avec blessé(s) leger(s),Bicyclette,Voiture,Entre 2 conducteurs: Par l'arrière,0
2019,08,14,Blankenberge,Blankenberge,Province de Flandre occidentale,Région flamande,51.308734,3.128383,31004,"Vent violent, rafales","Sterke wind, rukwind",Sec,Droog,Jour,En agglomération,Route régionale,Avec blessé(s) leger(s),Bicyclette,Voiture,Entre 2 conducteurs: Par le côté (avant/derrière-flanc),0
2019,08,15,Knokke-Heist,Knokke-Heist,Province de Flandre occidentale,Région flamande,51.345726,3.261963,31043,Normales,Normaal,Sec,Droog,Jour,En agglomération,Route communale,Avec blessé(s) leger(s),Bicyclette,Bicyclette,Entre 2 conducteurs: Par l'arrière,1
2019,08,15,Knokke-Heist,Knokke-Heist,Province de Flandre occidentale,Région flamande,51.349356,3.279216,31043,Normales,Normaal,Sec,Droog,Jour,En agglomération,Route communale,Avec blessé(s) leger(s),Piéton,Bicyclette,Avec un piéton,0
2019,08,22,Knokke-Heist,Knokke-Heist,Province de Flandre occidentale,Région flamande,51.344557,3.268394,31043,Normales,Normaal,Sec,Droog,"Nuit, éclairage public présent et allumé",En agglomération,Route régionale,Avec blessé(s) leger(s),Voiture,Cyclomoteur,Entre 2 conducteurs: Par le côté (avant/derrière-flanc),1
2019,08,13,Knokke-Heist,Knokke-Heist,Province de Flandre occidentale,Région flamande,,,31043,Normales,Normaal,Sec,Droog,Jour,Hors agglomération,Route communale,Avec blessé(s) leger(s),Bicyclette,Voiture,Entre 2 conducteurs: Flanc contre flanc,0
2019,08,10,Knokke-Heist,Knokke-Heist,Province de Flandre occidentale,Région flamande,51.356312,3.30747,31043,Normales,Normaal,Sec,Droog,Jour,En agglomération,Route communale,Avec blessé(s) leger(s),Voiture,Bicyclette,Entre 2 conducteurs: Flanc contre flanc,0
2019,08,10,Knokke-Heist,Knokke-Heist,Province de Flandre occidentale,Région flamande,,,31043,Normales,Normaal,Sec,Droog,Jour,inconnu,Route communale,Avec blessé(s) leger(s),Bicyclette,Voiture,Entre 2 conducteurs: Par le côté (avant/derrière-flanc),0
2019,08,09,Knokke-Heist,Knokke-Heist,Province de Flandre occidentale,Région flamande,51.354028,3.311841,31043,Normales,Normaal,Sec,Droog,Jour,En agglomération,Route communale,Avec blessé(s) leger(s),Bicyclette,usager/obstacle,Usager contre obstacle situé sur la chaussée,1
2019,08,15,Knokke-Heist,Knokke-Heist,Province de Flandre occidentale,Région flamande,,,31043,Normales,Normaal,Sec,Droog,Jour,En agglomération,Route communale,Avec blessé(s) leger(s),Bicyclette,Bicyclette,Entre 2 conducteurs: Par l'arrière,0
2019,08,00,Knokke-Heist,Knokke-Heist,Province de Flandre occidentale,Région flamande,51.343542,3.255378,31043,"Inconnues, indéterminées",Onbekend,Sec,Droog,"Nuit, pas d'éclairage public présent",En agglomération,Route communale,Avec blessé(s) leger(s),Bicyclette,usager seul,"Un seul usager, pas d'obstacle (chute incl.)",0
2019,08,19,Knokke-Heist,Knokke-Heist,Province de Flandre occidentale,Région flamande,51.343775,3.287962,31043,Normales,Normaal,Sec,Droog,Jour,En agglomération,Route communale,Avec blessé(s) leger(s),Voiture,Bicyclette,Entre 2 conducteurs: Par le côté (avant/derrière-flanc),0
2019,08,20,Knokke-Heist,Knokke-Heist,Province de Flandre occidentale,Région flamande,51.357538,3.308189,31043,Normales,Normaal,Sec,Droog,Jour,En agglomération,Route communale,Avec blessé(s) grave(s),Bicyclette,usager seul,"Un seul usager, pas d'obstacle (chute incl.)",0
2019,08,05,Knokke-Heist,Knokke-Heist,Province de Flandre occidentale,Région flamande,,,31043,Normales,Normaal,Sec,Droog,"Nuit, éclairage public présent et allumé",En agglomération,Route communale,Avec blessé(s) leger(s),Bicyclette,Voiture,Entre 2 conducteurs: Par l'arrière,0
2019,08,17,Knokke-Heist,Knokke-Heist,Province de Flandre occidentale,Région flamande,51.353835,3.290948,31043,Normales,Normaal,Sec,Droog,Jour,En agglomération,Route communale,Avec blessé(s) leger(s),Autres,Bicyclette,Entre 2 conducteurs: Flanc contre flanc,0
2019,08,01,Knokke-Heist,Knokke-Heist,Province de Flandre occidentale,Région flamande,,,31043,Normales,Normaal,Sec,Droog,"Nuit, éclairage public présent et allumé",En agglomération,Route communale,Avec blessé(s) leger(s),Bicyclette,Camionnette,Entre 2 conducteurs: Par le côté (avant/derrière-flanc),0
2019,08,10,Knokke-Heist,Knokke-Heist,Province de Flandre occidentale,Région flamande,51.342611,3.284435,31043,Normales,Normaal,Sec,Droog,Jour,En agglomération,Route régionale,Avec blessé(s) leger(s),Voiture,Bicyclette,Entre 2 conducteurs: Par le côté (avant/derrière-flanc),1
2019,08,13,Knokke-Heist,Knokke-Heist,Province de Flandre occidentale,Région flamande,51.348345,3.289722,31043,Normales,Normaal,"Inconnu, indéterminé",Onbekend,Jour,En agglomération,Route communale,Avec blessé(s) leger(s),Bicyclette,Bicyclette,Entre 2 conducteurs: Flanc contre flanc,1
2019,08,17,Knokke-Heist,Knokke-Heist,Province de Flandre occidentale,Région flamande,51.347356,3.28336,31043,Normales,Normaal,Sec,Droog,Jour,En agglomération,Route communale,Avec blessé(s) leger(s),Cyclomoteur,Voiture,Entre 2 conducteurs: Par l'arrière,1
2019,08,11,Beernem,Beernem,Province de Flandre occidentale,Région flamande,51.126992,3.2915,31003,Normales,Normaal,Sec,Droog,Jour,Hors agglomération,Route régionale,Avec blessé(s) leger(s),Voiture,Bicyclette,Entre 2 conducteurs: Par l'arrière,1
2019,08,15,Oostkamp,Oostkamp,Province de Flandre occidentale,Région flamande,51.089572,3.188163,31022,Normales,Normaal,Sec,Droog,Jour,Hors agglomération,Route communale,Avec blessé(s) leger(s),Motocyclette,Voiture,Entre 2 conducteurs: Collision frontale,1
2019,08,08,Zedelgem,Zedelgem,Province de Flandre occidentale,Région flamande,51.161932,3.167949,31040,Normales,Normaal,Sec,Droog,Jour,Hors agglomération,Route régionale,Avec blessé(s) leger(s),Bicyclette,Cyclomoteur,Entre 2 conducteurs: Flanc contre flanc,1
2019,08,18,Beernem,Beernem,Province de Flandre occidentale,Région flamande,,,31003,Normales,Normaal,Sec,Droog,Jour,En agglomération,Route communale,Avec blessé(s) grave(s),Bicyclette,usager/obstacle,Usager contre obstacle situé hors chaussée,0
2019,08,17,Oostkamp,Oostkamp,Province de Flandre occidentale,Région flamande,51.09462,3.208035,31022,Normales,Normaal,Sec,Droog,Jour,En agglomération,Route communale,Avec blessé(s) grave(s),Bicyclette,Voiture,Entre 2 conducteurs: Flanc contre flanc,0
2019,08,16,Beernem,Beernem,Province de Flandre occidentale,Région flamande,51.11382,3.332342,31003,Normales,Normaal,Sec,Droog,Jour,Hors agglomération,Route communale,Avec blessé(s) leger(s),Voiture,Bicyclette,Entre 2 conducteurs: Collision frontale,0
2019,08,21,Knokke-Heist,Knokke-Heist,Province de Flandre occidentale,Région flamande,51.350247,3.281875,31043,"Inconnues, indéterminées",Onbekend,"Inconnu, indéterminé",Onbekend,"Inconnu, indéterminé",En agglomération,Route communale,Avec blessé(s) leger(s),Cyclomoteur,Autres,Entre 2 conducteurs: Par l'arrière,0
2019,08,11,Oostkamp,Oostkamp,Province de Flandre occidentale,Région flamande,51.109277,3.221374,31022,Normales,Normaal,Sec,Droog,Jour,Hors agglomération,Route régionale,Avec blessé(s) leger(s),Cyclomoteur,Voiture,Entre 2 conducteurs: Par le côté (avant/derrière-flanc),0
2019,08,15,Oostkamp,Oostkamp,Province de Flandre occidentale,Région flamande,51.177358,3.233671,31022,"Inconnues, indéterminées",Onbekend,Sec,Droog,Jour,En agglomération,Route régionale,Avec blessé(s) leger(s),Voiture,Cyclomoteur,Entre 2 conducteurs: Par le côté (avant/derrière-flanc),0
2019,08,17,Zedelgem,Zedelgem,Province de Flandre occidentale,Région flamande,,,31040,Normales,Normaal,Sec,Droog,Jour,Hors agglomération,inconnu,Avec blessé(s) grave(s),Bicyclette,usager seul,"Un seul usager, pas d'obstacle (chute incl.)",0
2019,08,10,Zedelgem,Zedelgem,Province de Flandre occidentale,Région flamande,,,31040,Normales,Normaal,Sec,Droog,Jour,Hors agglomération,inconnu,Avec blessé(s) grave(s),Bicyclette,usager seul,"Un seul usager, pas d'obstacle (chute incl.)",0
2019,08,09,Pittem,Pittem,Province de Flandre occidentale,Région flamande,51.015125,3.277853,37011,Normales,Normaal,Sec,Droog,Jour,Hors agglomération,Route communale,Avec blessé(s) grave(s),Voiture,Motocyclette,Entre 2 conducteurs: Par le côté (avant/derrière-flanc),0
2019,08,13,Wingene,Wingene,Province de Flandre occidentale,Région flamande,51.037738,3.203221,37018,Normales,Normaal,Sec,Droog,Jour,En agglomération,Route régionale,Avec blessé(s) grave(s),Voiture,Motocyclette,Entre 2 conducteurs: Par l'arrière,0
2019,08,07,Roulers,Roeselare,Province de Flandre occidentale,Région flamande,50.966886,3.134429,36015,Normales,Normaal,Sec,Droog,Jour,En agglomération,Route communale,Avec blessé(s) leger(s),Voiture,Bicyclette,Entre 2 conducteurs: Par l'arrière,0
2019,08,11,Ardooie,Ardooie,Province de Flandre occidentale,Région flamande,50.976563,3.190064,37020,Normales,Normaal,Sec,Droog,Jour,En agglomération,Route communale,Avec blessé(s) leger(s),Voiture,Bicyclette,Entre 2 conducteurs: Par le côté (avant/derrière-flanc),1
2019,08,14,Pittem,Pittem,Province de Flandre occidentale,Région flamande,50.970454,3.242727,37011,Normales,Normaal,Sec+Propre,Droog+Proper,Jour,Hors agglomération,Route régionale,Avec blessé(s) grave(s),Voiture,Bicyclette,Entre 2 conducteurs: Par le côté (avant/derrière-flanc),1
2019,08,14,Pittem,Pittem,Province de Flandre occidentale,Région flamande,50.993302,3.268204,37011,Normales,Normaal,Sec,Droog,Jour,En agglomération,Route régionale,Avec blessé(s) leger(s),Cyclomoteur,Piéton,Avec un piéton,0
2019,08,20,Oostkamp,Oostkamp,Province de Flandre occidentale,Région flamande,,,31022,Normales,Normaal,Sec,Droog,Jour,En agglomération,Route communale,Avec blessé(s) grave(s),Bicyclette,usager seul,"Un seul usager, pas d'obstacle (chute incl.)",0
2019,08,17,Wingene,Wingene,Province de Flandre occidentale,Région flamande,51.054855,3.277317,37018,Normales,Normaal,Sec,Droog,Jour,En agglomération,Route communale,Avec blessé(s) leger(s),Voiture,Bicyclette,Entre 2 conducteurs: Par le côté (avant/derrière-flanc),0
2019,08,06,Pittem,Pittem,Province de Flandre occidentale,Région flamande,50.989975,3.264326,37011,Normales,Normaal,Sec,Droog,"Aube, crépuscule",En agglomération,Route communale,Avec blessé(s) leger(s),Voiture,Bicyclette,Entre 2 conducteurs: Par l'arrière,1
2019,08,09,Ypres,Ieper,Province de Flandre occidentale,Région flamande,,,33011,Normales,Normaal,Sec,Droog,Jour,Hors agglomération,Route communale,Avec blessé(s) leger(s),Bicyclette,usager seul,"Un seul usager, pas d'obstacle (chute incl.)",0
2019,08,07,Lichtervelde,Lichtervelde,Province de Flandre occidentale,Région flamande,51.029444,3.14289,36011,"Inconnues, indéterminées",Onbekend,"Inconnu, indéterminé",Onbekend,"Inconnu, indéterminé",inconnu,Route communale,Avec blessé(s) leger(s),Bicyclette,Voiture,Entre 2 conducteurs: Par l'arrière,0
2019,08,15,Ichtegem,Ichtegem,Province de Flandre occidentale,Région flamande,,,35006,Normales,Normaal,Sec,Droog,Jour,Hors agglomération,Route régionale,Avec blessé(s) leger(s),Bicyclette,usager/obstacle,Usager contre obstacle situé sur la chaussée,0
2019,08,06,Wingene,Wingene,Province de Flandre occidentale,Région flamande,51.089903,3.276863,37018,Normales,Normaal,Sec,Droog,"Aube, crépuscule",Hors agglomération,Route communale,Avec blessé(s) leger(s),Bicyclette,Camion,Entre 2 conducteurs: Par l'arrière,0
2019,08,17,Tielt,Tielt,Province de Flandre occidentale,Région flamande,50.996602,3.330756,37015,Normales,Normaal,Sec,Droog,Jour,En agglomération,Route régionale,Avec blessé(s) leger(s),Camion,Bicyclette,Entre 2 conducteurs: Par le côté (avant/derrière-flanc),1
2019,08,15,Ardooie,Ardooie,Province de Flandre occidentale,Région flamande,50.973645,3.228326,37020,Normales,Normaal,Sec+Propre,Droog+Proper,Jour,Hors agglomération,Route communale,Avec blessé(s) leger(s),Motocyclette,usager/obstacle,Usager contre obstacle situé hors chaussée,1
2019,08,17,Ostende,Oostende,Province de Flandre occidentale,Région flamande,51.223081,2.942528,35013,Normales,Normaal,Sec,Droog,Jour,En agglomération,Route régionale,Avec blessé(s) leger(s),Voiture,Bicyclette,Entre 2 conducteurs: Collision frontale,0
2019,08,14,Ostende,Oostende,Province de Flandre occidentale,Région flamande,51.208874,2.917613,35013,Normales,Normaal,Sec,Droog,Jour,En agglomération,Route communale,Avec blessé(s) leger(s),Voiture,Bicyclette,Entre 2 conducteurs: Par le côté (avant/derrière-flanc),0
2019,08,15,Ostende,Oostende,Province de Flandre occidentale,Région flamande,51.228235,2.908545,35013,Normales,Normaal,Sec,Droog,Jour,En agglomération,Route régionale,Avec blessé(s) leger(s),Voiture,Bicyclette,Entre 2 conducteurs: Collision frontale,0
2019,08,08,Ostende,Oostende,Province de Flandre occidentale,Région flamande,51.217121,2.934915,35013,Normales,Normaal,"Sale (sable, gravier, feuilles,...)","Vuil (zand, grint, bladeren,...)",Jour,En agglomération,Route communale,Avec blessé(s) leger(s),Bicyclette,usager/obstacle,Usager contre obstacle situé sur la chaussée,0
2019,08,22,Ostende,Oostende,Province de Flandre occidentale,Région flamande,51.217413,2.888004,35013,"Inconnues, indéterminées",Onbekend,"Inconnu, indéterminé",Onbekend,"Inconnu, indéterminé",inconnu,Route régionale,Avec blessé(s) leger(s),Bicyclette,Piéton,Avec un piéton,1
2019,08,14,Ostende,Oostende,Province de Flandre occidentale,Région flamande,,,35013,Normales,Normaal,Sec,Droog,Jour,En agglomération,Route régionale,Avec blessé(s) leger(s),Bicyclette,Voiture,Entre 2 conducteurs: Flanc contre flanc,0
2019,08,07,Ostende,Oostende,Province de Flandre occidentale,Région flamande,51.211061,2.878856,35013,Normales,Normaal,Sec,Droog,Jour,En agglomération,Route régionale,Avec blessé(s) leger(s),Cyclomoteur,Camionnette,Entre 2 conducteurs: Par le côté (avant/derrière-flanc),1
2019,08,14,Ostende,Oostende,Province de Flandre occidentale,Région flamande,,,35013,Normales,Normaal,"Inconnu, indéterminé",Onbekend,Jour,En agglomération,Route régionale,Avec blessé(s) leger(s),Motocyclette,usager seul,"Un seul usager, pas d'obstacle (chute incl.)",0
2019,08,21,Ostende,Oostende,Province de Flandre occidentale,Région flamande,51.216314,2.890572,35013,Normales,Normaal,Sec,Droog,"Aube, crépuscule",En agglomération,Route régionale,Avec blessé(s) leger(s),Voiture,Bicyclette,Entre 2 conducteurs: Par le côté (avant/derrière-flanc),0
2019,08,15,Ostende,Oostende,Province de Flandre occidentale,Région flamande,51.217916,2.88406,35013,Normales,Normaal,Sec,Droog,Jour,En agglomération,Route régionale,Avec blessé(s) leger(s),Cyclomoteur,Voiture,Entre 2 conducteurs: Par le côté (avant/derrière-flanc),1
2019,08,19,Ostende,Oostende,Province de Flandre occidentale,Région flamande,51.227763,2.924654,35013,Normales,Normaal,Sec,Droog,Jour,En agglomération,Route communale,Avec blessé(s) leger(s),Piéton,Bicyclette,Avec un piéton,0
2019,08,11,Ostende,Oostende,Province de Flandre occidentale,Région flamande,51.224084,2.909008,35013,"Autre (fumée épaisse,...)","Andere (dikke rook,...)",Sec,Droog,Jour,En agglomération,Route régionale,Avec blessé(s) leger(s),Bicyclette,Piéton,Avec un piéton,1
2019,08,15,Ostende,Oostende,Province de Flandre occidentale,Région flamande,,,35013,Normales,Normaal,Sec,Droog,Jour,En agglomération,Route régionale,Avec blessé(s) leger(s),Piéton,Bicyclette,Avec un piéton,0
2019,08,11,Ostende,Oostende,Province de Flandre occidentale,Région flamande,51.232286,2.917562,35013,Normales,Normaal,Sec,Droog,Jour,En agglomération,Route communale,Avec blessé(s) leger(s),Motocyclette,Piéton,Avec un piéton,0
2019,08,21,Ostende,Oostende,Province de Flandre occidentale,Région flamande,51.224642,2.909154,35013,Normales,Normaal,Sec,Droog,Jour,En agglomération,Route régionale,Avec blessé(s) leger(s),Bicyclette,Voiture,Entre 2 conducteurs: Par l'arrière,1
2019,08,11,Ostende,Oostende,Province de Flandre occidentale,Région flamande,51.228101,2.92143,35013,Normales,Normaal,Sec,Droog,Jour,En agglomération,Route régionale,Avec blessé(s) leger(s),Piéton,Cyclomoteur,Avec un piéton,0
2019,08,13,Bredene,Bredene,Province de Flandre occidentale,Région flamande,51.252921,2.978555,35002,Normales,Normaal,Sec,Droog,Jour,En agglomération,Route régionale,Avec blessé(s) leger(s),Bicyclette,usager seul,"Un seul usager, pas d'obstacle (chute incl.)",0
2019,08,07,De Haan,De Haan,Province de Flandre occidentale,Région flamande,51.307348,3.098919,35029,Normales,Normaal,Sec,Droog,"Aube, crépuscule",Hors agglomération,Route régionale,Avec blessé(s) leger(s),Voiture,Bicyclette,Entre 2 conducteurs: Par le côté (avant/derrière-flanc),1
2019,08,17,Bredene,Bredene,Province de Flandre occidentale,Région flamande,51.22299,2.988873,35002,Normales,Normaal,Sec,Droog,Jour,En agglomération,Route régionale,Avec blessé(s) leger(s),Voiture,Bicyclette,Entre 2 conducteurs: Par le côté (avant/derrière-flanc),0
2019,08,18,Bredene,Bredene,Province de Flandre occidentale,Région flamande,51.250532,2.969821,35002,Normales,Normaal,Sec,Droog,Jour,En agglomération,Route régionale,Avec blessé(s) leger(s),Bicyclette,Bicyclette,Entre 2 conducteurs: Collision frontale,0
2019,08,11,De Haan,De Haan,Province de Flandre occidentale,Région flamande,51.276075,3.026742,35029,Normales,Normaal,Sec,Droog,Jour,En agglomération,Route régionale,Avec blessé(s) leger(s),Piéton,Bicyclette,Avec un piéton,0
2019,08,12,De Haan,De Haan,Province de Flandre occidentale,Région flamande,51.270609,3.03435,35029,Normales,Normaal,Sec,Droog,Jour,En agglomération,Route communale,Avec blessé(s) leger(s),Voiture,Bicyclette,Entre 2 conducteurs: Par le côté (avant/derrière-flanc),1
2019,08,17,De Haan,De Haan,Province de Flandre occidentale,Région flamande,51.28392,3.059156,35029,Normales,Normaal,Sec,Droog,Jour,En agglomération,Route régionale,Avec blessé(s) leger(s),Bicyclette,Bicyclette,Entre 2 conducteurs: Collision frontale,0
2019,08,10,Middelkerke,Middelkerke,Province de Flandre occidentale,Région flamande,51.1719,2.879124,35011,Normales,Normaal,Sec,Droog,Jour,En agglomération,Route régionale,Avec blessé(s) leger(s),Voiture,Bicyclette,Entre 2 conducteurs: Par le côté (avant/derrière-flanc),1
2019,08,10,Middelkerke,Middelkerke,Province de Flandre occidentale,Région flamande,51.166889,2.829377,35011,Normales,Normaal,Sec,Droog,Jour,Hors agglomération,Route régionale,Avec blessé(s) leger(s),Voiture,Motocyclette,Entre 2 conducteurs: Par l'arrière,0
2019,08,18,Middelkerke,Middelkerke,Province de Flandre occidentale,Région flamande,51.131319,2.816883,35011,Normales,Normaal,Sec,Droog,Jour,Hors agglomération,Route communale,Avec blessé(s) grave(s),Voiture,Bicyclette,Entre 2 conducteurs: Flanc contre flanc,0
2019,08,15,Ostende,Oostende,Province de Flandre occidentale,Région flamande,51.192829,2.90081,35013,Normales,Normaal,Sec,Droog,Jour,En agglomération,Route régionale,Avec blessé(s) leger(s),Voiture,Motocyclette,Entre 2 conducteurs: Par le côté (avant/derrière-flanc),1
2019,08,10,Middelkerke,Middelkerke,Province de Flandre occidentale,Région flamande,51.164132,2.769998,35011,Normales,Normaal,Sec,Droog,Jour,En agglomération,Route communale,Avec blessé(s) grave(s),Bicyclette,Bicyclette,Entre 2 conducteurs: Par le côté (avant/derrière-flanc),0
2019,08,17,Middelkerke,Middelkerke,Province de Flandre occidentale,Région flamande,51.187506,2.819419,35011,Normales,Normaal,Sec,Droog,Jour,En agglomération,Route communale,Avec blessé(s) grave(s),Voiture,Cyclomoteur,Entre 2 conducteurs: Par le côté (avant/derrière-flanc),0
2019,08,01,Torhout,Torhout,Province de Flandre occidentale,Région flamande,51.067977,3.102718,31033,Normales,Normaal,Sec,Droog,"Nuit, éclairage public présent, mais pas allumé",En agglomération,Route régionale,Avec blessé(s) leger(s),Cyclomoteur,usager seul,"Un seul usager, pas d'obstacle (chute incl.)",1
2019,08,17,Oudenburg,Oudenburg,Province de Flandre occidentale,Région flamande,51.178629,3.040506,35014,Normales,Normaal,Sec+Propre,Droog+Proper,Jour,En agglomération,Route communale,Avec blessé(s) leger(s),Voiture,Bicyclette,Entre 2 conducteurs: Par le côté (avant/derrière-flanc),1
2019,08,17,Torhout,Torhout,Province de Flandre occidentale,Région flamande,51.055021,3.111528,31033,Normales,Normaal,Sec,Droog,Jour,En agglomération,Route communale,Avec blessé(s) grave(s),Camion,Bicyclette,Entre 2 conducteurs: Par le côté (avant/derrière-flanc),1
2019,08,17,Ichtegem,Ichtegem,Province de Flandre occidentale,Région flamande,51.098468,3.036704,35006,Normales,Normaal,Sec,Droog,Jour,Hors agglomération,Route régionale,Avec blessé(s) leger(s),Voiture,Motocyclette,Entre 2 conducteurs: Par le côté (avant/derrière-flanc),1
2019,08,09,Gistel,Gistel,Province de Flandre occidentale,Région flamande,51.151731,2.950318,35005,Normales,Normaal,Sec,Droog,Jour,En agglomération,Route régionale,Avec blessé(s) leger(s),Camionnette,Motocyclette,Entre 2 conducteurs: Par le côté (avant/derrière-flanc),0
2019,08,10,Gistel,Gistel,Province de Flandre occidentale,Région flamande,51.14653,2.951232,35005,Normales,Normaal,Sec,Droog,Jour,En agglomération,Route régionale,Avec blessé(s) leger(s),Motocyclette,usager seul,"Un seul usager, pas d'obstacle (chute incl.)",0
2019,08,08,Ichtegem,Ichtegem,Province de Flandre occidentale,Région flamande,51.160031,3.033263,35006,Normales,Normaal,Sec,Droog,Jour,Hors agglomération,Route communale,Avec blessé(s) leger(s),Voiture,Bicyclette,Entre 2 conducteurs: Par le côté (avant/derrière-flanc),1
2019,08,15,Torhout,Torhout,Province de Flandre occidentale,Région flamande,51.082704,3.116401,31033,Normales,Normaal,Sec,Droog,Jour,Hors agglomération,Route régionale,Avec blessé(s) leger(s),Voiture,Bicyclette,Entre 2 conducteurs: Par le côté (avant/derrière-flanc),1
2019,08,13,Izegem,Izegem,Province de Flandre occidentale,Région flamande,50.920914,3.216148,36008,Normales,Normaal,Sec,Droog,Jour,En agglomération,Route communale,Avec blessé(s) grave(s),Motocyclette,Voiture,Entre 2 conducteurs: Collision frontale,1
2019,08,11,Izegem,Izegem,Province de Flandre occidentale,Région flamande,50.915244,3.211593,36008,Normales,Normaal,Sec,Droog,Jour,En agglomération,Route communale,Avec blessé(s) leger(s),Bicyclette,Piéton,Avec un piéton,0
2019,08,17,Izegem,Izegem,Province de Flandre occidentale,Région flamande,50.93771,3.188452,36008,Normales,Normaal,Sec,Droog,Jour,En agglomération,Route communale,Avec blessé(s) leger(s),Bicyclette,Voiture,Entre 2 conducteurs: Collision frontale,1
2019,08,17,Roulers,Roeselare,Province de Flandre occidentale,Région flamande,50.948312,3.121468,36015,Normales,Normaal,Sec,Droog,Jour,En agglomération,Route régionale,Avec blessé(s) leger(s),Cyclomoteur,usager/obstacle,Usager contre obstacle situé sur la chaussée,0
2019,08,09,Roulers,Roeselare,Province de Flandre occidentale,Région flamande,,,36015,Normales,Normaal,Sec,Droog,Jour,En agglomération,Route régionale,Avec blessé(s) leger(s),Voiture,Bicyclette,Entre 2 conducteurs: Flanc contre flanc,0
2019,08,07,Izegem,Izegem,Province de Flandre occidentale,Région flamande,50.910321,3.208667,36008,Normales,Normaal,Sec,Droog,"Aube, crépuscule",En agglomération,Route communale,Avec blessé(s) leger(s),Bicyclette,Camionnette,Entre 2 conducteurs: Par l'arrière,0
2019,08,11,Roulers,Roeselare,Province de Flandre occidentale,Région flamande,50.946946,3.127537,36015,Normales,Normaal,Sec,Droog,Jour,En agglomération,Route communale,Avec blessé(s) leger(s),Bicyclette,Piéton,Avec un piéton,1
2019,08,18,Izegem,Izegem,Province de Flandre occidentale,Région flamande,50.908573,3.209907,36008,Normales,Normaal,Sec,Droog,Jour,En agglomération,Route régionale,Avec blessé(s) leger(s),Cyclomoteur,Voiture,Entre 2 conducteurs: Par le côté (avant/derrière-flanc),1
2019,08,17,Izegem,Izegem,Province de Flandre occidentale,Région flamande,50.906826,3.194387,36008,Normales,Normaal,Sec,Droog,Jour,En agglomération,Route communale,Avec blessé(s) leger(s),Bicyclette,Bicyclette,Entre 2 conducteurs: Par le côté (avant/derrière-flanc),0
2019,08,20,Roulers,Roeselare,Province de Flandre occidentale,Région flamande,50.952561,3.142405,36015,Normales,Normaal,Sec,Droog,Jour,En agglomération,Route régionale,Avec blessé(s) leger(s),Bicyclette,Voiture,Entre 2 conducteurs: Flanc contre flanc,0
2019,08,09,Ingelmunster,Ingelmunster,Province de Flandre occidentale,Région flamande,50.92057,3.253539,36007,Normales,Normaal,Sec,Droog,Jour,En agglomération,Route régionale,Avec blessé(s) leger(s),Voiture,Bicyclette,Entre 2 conducteurs: Par le côté (avant/derrière-flanc),1
2019,08,10,Wielsbeke,Wielsbeke,Province de Flandre occidentale,Région flamande,50.903363,3.37077,37017,Normales,Normaal,Sec,Droog,Jour,Hors agglomération,Route communale,Avec blessé(s) leger(s),Bicyclette,Voiture,Entre 2 conducteurs: Par le côté (avant/derrière-flanc),0
2019,08,17,Menin,Menen,Province de Flandre occidentale,Région flamande,,,34027,"Inconnues, indéterminées",Onbekend,"Inconnu, indéterminé",Onbekend,"Inconnu, indéterminé",En agglomération,Route communale,Avec blessé(s) leger(s),Bicyclette,Voiture,Entre 2 conducteurs: Par l'arrière,0
2019,08,08,Wevelgem,Wevelgem,Province de Flandre occidentale,Région flamande,,,34041,Normales,Normaal,Sec,Droog,Jour,En agglomération,Route régionale,Avec blessé(s) grave(s),Camionnette,Cyclomoteur,Entre 2 conducteurs: Flanc contre flanc,0
2019,08,20,Menin,Menen,Province de Flandre occidentale,Région flamande,50.794568,3.197431,34027,"Inconnues, indéterminées",Onbekend,"Inconnu, indéterminé",Onbekend,"Inconnu, indéterminé",En agglomération,Route communale,Avec blessé(s) leger(s),Bicyclette,Voiture,Entre 2 conducteurs: Par l'arrière,0
2019,08,19,Ledegem,Ledegem,Province de Flandre occidentale,Région flamande,,,36010,Normales,Normaal,Sec,Droog,Jour,Hors agglomération,Route communale,Avec blessé(s) leger(s),Bicyclette,Bicyclette,Entre 2 conducteurs: Collision frontale,1
2019,08,10,Wevelgem,Wevelgem,Province de Flandre occidentale,Région flamande,50.840198,3.201438,34041,Normales,Normaal,Sec,Droog,Jour,En agglomération,Route communale,Avec blessé(s) leger(s),Voiture,Bicyclette,Entre 2 conducteurs: Par le côté (avant/derrière-flanc),1
2019,08,07,Menin,Menen,Province de Flandre occidentale,Région flamande,50.79251,3.123484,34027,Normales,Normaal,Sec,Droog,Jour,En agglomération,Route régionale,Avec blessé(s) leger(s),Voiture,Bicyclette,Entre 2 conducteurs: Par le côté (avant/derrière-flanc),1
2019,08,12,Menin,Menen,Province de Flandre occidentale,Région flamande,50.805356,3.1279,34027,Normales,Normaal,Sec,Droog,Jour,En agglomération,Route communale,Avec blessé(s) leger(s),Voiture,Bicyclette,Entre 2 conducteurs: Flanc contre flanc,0
2019,08,19,Courtrai,Kortrijk,Province de Flandre occidentale,Région flamande,50.797226,3.241775,34022,Normales,Normaal,Sec,Droog,Jour,Hors agglomération,Route régionale,Avec blessé(s) grave(s),Motocyclette,Voiture,Entre 2 conducteurs: Par le côté (avant/derrière-flanc),0
2019,08,17,Courtrai,Kortrijk,Province de Flandre occidentale,Région flamande,,,34022,Normales,Normaal,Sec,Droog,Jour,En agglomération,Route communale,Avec blessé(s) leger(s),Cyclomoteur,Autres,Entre 2 conducteurs: Par le côté (avant/derrière-flanc),0
2019,08,16,Courtrai,Kortrijk,Province de Flandre occidentale,Région flamande,50.809415,3.230062,34022,Normales,Normaal,Sec,Droog,Jour,En agglomération,Route communale,Avec blessé(s) leger(s),Camionnette,Cyclomoteur,Entre 2 conducteurs: Par l'arrière,0
2019,08,18,Courtrai,Kortrijk,Province de Flandre occidentale,Région flamande,50.831795,3.281661,34022,Normales,Normaal,"Humide, mouillé, flaques","Nat, plassen",Jour,En agglomération,Route communale,Avec blessé(s) grave(s),Bicyclette,Piéton,Avec un piéton,0
2019,08,16,Courtrai,Kortrijk,Province de Flandre occidentale,Région flamande,,,34022,Normales,Normaal,Sec,Droog,Jour,En agglomération,Route communale,Avec blessé(s) leger(s),Cyclomoteur,Voiture,Entre 2 conducteurs: Par le côté (avant/derrière-flanc),0
2019,08,21,Courtrai,Kortrijk,Province de Flandre occidentale,Région flamande,50.818823,3.296893,34022,Normales,Normaal,Sec,Droog,"Aube, crépuscule",Hors agglomération,Route régionale,Avec blessé(s) leger(s),Voiture,Bicyclette,Entre 2 conducteurs: Par le côté (avant/derrière-flanc),1
2019,08,18,Courtrai,Kortrijk,Province de Flandre occidentale,Région flamande,50.816878,3.277664,34022,Normales,Normaal,Sec,Droog,Jour,En agglomération,Route communale,Avec blessé(s) leger(s),Voiture,Bicyclette,Entre 2 conducteurs: Par le côté (avant/derrière-flanc),1
2019,08,17,Courtrai,Kortrijk,Province de Flandre occidentale,Région flamande,50.82544,3.26149,34022,Normales,Normaal,Sec,Droog,Jour,En agglomération,Route communale,Avec blessé(s) leger(s),Bicyclette,Voiture,Entre 2 conducteurs: Par le côté (avant/derrière-flanc),0
2019,08,16,Courtrai,Kortrijk,Province de Flandre occidentale,Région flamande,50.83816,3.284704,34022,Normales,Normaal,Sec,Droog,Jour,En agglomération,Route régionale,Avec blessé(s) leger(s),Voiture,Bicyclette,Entre 2 conducteurs: Par le côté (avant/derrière-flanc),0
2019,08,15,Courtrai,Kortrijk,Province de Flandre occidentale,Région flamande,50.823141,3.280828,34022,Normales,Normaal,Sec,Droog,Jour,En agglomération,Route communale,Avec blessé(s) leger(s),Voiture,Bicyclette,Entre 2 conducteurs: Par le côté (avant/derrière-flanc),1
2019,08,19,Courtrai,Kortrijk,Province de Flandre occidentale,Région flamande,50.823043,3.272876,34022,Normales,Normaal,Sec,Droog,Jour,En agglomération,Route communale,Avec blessé(s) leger(s),Voiture,Bicyclette,Entre 2 conducteurs: Par l'arrière,0
2019,08,11,Waregem,Waregem,Province de Flandre occidentale,Région flamande,50.877646,3.436486,34040,Normales,Normaal,Sec,Droog,Jour,En agglomération,Route communale,Avec blessé(s) leger(s),Bicyclette,Bicyclette,Entre 2 conducteurs: Par le côté (avant/derrière-flanc),0
2019,08,19,Waregem,Waregem,Province de Flandre occidentale,Région flamande,50.871745,3.415836,34040,Normales,Normaal,Sec,Droog,Jour,En agglomération,Route communale,Avec blessé(s) leger(s),Voiture,Bicyclette,Entre 2 conducteurs: Par le côté (avant/derrière-flanc),1
2019,08,07,Waregem,Waregem,Province de Flandre occidentale,Région flamande,50.889688,3.445204,34040,Normales,Normaal,Sec,Droog,Jour,En agglomération,Route régionale,Avec blessé(s) leger(s),Voiture,Bicyclette,Entre 2 conducteurs: Par le côté (avant/derrière-flanc),1
2019,08,18,Waregem,Waregem,Province de Flandre occidentale,Région flamande,50.903439,3.409995,34040,Normales,Normaal,Sec,Droog,Jour,En agglomération,Route régionale,Avec blessé(s) leger(s),Cyclomoteur,Camionnette,Entre 2 conducteurs: Par le côté (avant/derrière-flanc),1
2019,08,01,Waregem,Waregem,Province de Flandre occidentale,Région flamande,50.889733,3.429405,34040,Normales,Normaal,Sec,Droog,"Nuit, éclairage public présent et allumé",En agglomération,Route régionale,Avec blessé(s) leger(s),Voiture,Bicyclette,Entre 2 conducteurs: Par l'arrière,0
2019,08,12,Waregem,Waregem,Province de Flandre occidentale,Région flamande,50.889322,3.345736,34040,Normales,Normaal,Sec,Droog,Jour,En agglomération,Route communale,Avec blessé(s) leger(s),Cyclomoteur,Voiture,Entre 2 conducteurs: Par le côté (avant/derrière-flanc),1
2019,08,18,Zwevegem,Zwevegem,Province de Flandre occidentale,Région flamande,,,34042,Normales,Normaal,Sec,Droog,Jour,Hors agglomération,Route communale,Avec blessé(s) grave(s),Bicyclette,usager seul,"Un seul usager, pas d'obstacle (chute incl.)",0
2019,08,15,Zwevegem,Zwevegem,Province de Flandre occidentale,Région flamande,,,34042,Normales,Normaal,Sec,Droog,Jour,Hors agglomération,Route communale,Avec blessé(s) leger(s),Bicyclette,usager seul,"Un seul usager, pas d'obstacle (chute incl.)",0
2019,08,17,Waregem,Waregem,Province de Flandre occidentale,Région flamande,50.889688,3.445204,34040,Normales,Normaal,Sec,Droog,Jour,En agglomération,Route régionale,Avec blessé(s) leger(s),Voiture,Bicyclette,Entre 2 conducteurs: Par le côté (avant/derrière-flanc),1
2019,08,22,Deerlijk,Deerlijk,Province de Flandre occidentale,Région flamande,50.85955,3.377841,34009,Normales,Normaal,Sec,Droog,"Nuit, pas d'éclairage public présent",En agglomération,Route communale,Avec blessé(s) leger(s),Voiture,Cyclomoteur,Entre 2 conducteurs: Par le côté (avant/derrière-flanc),1
2019,08,07,Harelbeke,Harelbeke,Province de Flandre occidentale,Région flamande,50.835749,3.335477,34013,"Inconnues, indéterminées",Onbekend,"Inconnu, indéterminé",Onbekend,"Inconnu, indéterminé",inconnu,Route communale,Avec blessé(s) leger(s),Bicyclette,Camionnette,Entre 2 conducteurs: Par le côté (avant/derrière-flanc),1
2019,08,16,Harelbeke,Harelbeke,Province de Flandre occidentale,Région flamande,,,34013,"Inconnues, indéterminées",Onbekend,"Inconnu, indéterminé",Onbekend,"Inconnu, indéterminé",Hors agglomération,Route communale,Avec blessé(s) leger(s),Bicyclette,Piéton,Avec un piéton,0
2019,08,19,Deerlijk,Deerlijk,Province de Flandre occidentale,Région flamande,50.85955,3.377841,34009,Normales,Normaal,Sec,Droog,Jour,Hors agglomération,Route communale,Avec blessé(s) leger(s),Camion,Bicyclette,Entre 2 conducteurs: Par le côté (avant/derrière-flanc),1
2019,08,09,Harelbeke,Harelbeke,Province de Flandre occidentale,Région flamande,50.836896,3.325731,34013,Normales,Normaal,Sec,Droog,Jour,En agglomération,Route communale,Avec blessé(s) leger(s),Bicyclette,Voiture,Entre 2 conducteurs: Flanc contre flanc,0
2019,08,18,Furnes,Veurne,Province de Flandre occidentale,Région flamande,51.07414,2.666891,38025,Normales,Normaal,Sec,Droog,Jour,En agglomération,Route communale,Avec blessé(s) leger(s),Cyclomoteur,Voiture,Entre 2 conducteurs: Par le côté (avant/derrière-flanc),0
2019,08,18,Furnes,Veurne,Province de Flandre occidentale,Région flamande,51.073795,2.667967,38025,Normales,Normaal,Sec,Droog,Jour,En agglomération,Route régionale,Avec blessé(s) leger(s),Voiture,Bicyclette,Entre 2 conducteurs: Par l'arrière,0
2019,08,14,Furnes,Veurne,Province de Flandre occidentale,Région flamande,51.070773,2.659096,38025,Normales,Normaal,Sec,Droog,Jour,En agglomération,Route communale,Avec blessé(s) leger(s),Voiture,Bicyclette,Entre 2 conducteurs: Flanc contre flanc,0
2019,08,10,Furnes,Veurne,Province de Flandre occidentale,Région flamande,51.079146,2.652013,38025,Normales,Normaal,Sec,Droog,Jour,En agglomération,Route régionale,Avec blessé(s) leger(s),Voiture,Motocyclette,Entre 2 conducteurs: Par l'arrière,0
2019,08,21,Kortemark,Kortemark,Province de Flandre occidentale,Région flamande,51.030909,3.043876,32011,Normales,Normaal,Sec,Droog,"Nuit, éclairage public présent et allumé",En agglomération,Route communale,Avec blessé(s) leger(s),Voiture,Cyclomoteur,Entre 2 conducteurs: Par le côté (avant/derrière-flanc),1
2019,08,10,Houthulst,Houthulst,Province de Flandre occidentale,Région flamande,50.995253,2.913261,32006,Normales,Normaal,Sec,Droog,Jour,En agglomération,Route régionale,Avec blessé(s) leger(s),Bicyclette,usager seul,"Un seul usager, pas d'obstacle (chute incl.)",0
2019,08,09,Dixmude,Diksmuide,Province de Flandre occidentale,Région flamande,51.082652,2.857021,32003,Normales,Normaal,Sec,Droog,Jour,Hors agglomération,Route communale,Avec blessé(s) grave(s),Voiture,Bicyclette,Entre 2 conducteurs: Par le côté (avant/derrière-flanc),1
2019,08,15,Nieuport,Nieuwpoort,Province de Flandre occidentale,Région flamande,51.132297,2.748827,38016,Normales,Normaal,Sec,Droog,Jour,En agglomération,Route communale,Avec blessé(s) leger(s),Voiture,Bicyclette,Entre 2 conducteurs: Par le côté (avant/derrière-flanc),1
2019,08,11,La Panne,De Panne,Province de Flandre occidentale,Région flamande,51.098555,2.58135,38008,Normales,Normaal,Sec,Droog,Jour,En agglomération,Route communale,Avec blessé(s) leger(s),Bicyclette,Piéton,Avec un piéton,0
2019,08,14,Koksijde,Koksijde,Province de Flandre occidentale,Région flamande,51.116276,2.638315,38014,Normales,Normaal,Sec,Droog,Jour,En agglomération,Route communale,Avec blessé(s) leger(s),Voiture,Bicyclette,Entre 2 conducteurs: Par le côté (avant/derrière-flanc),1
2019,08,12,Nieuport,Nieuwpoort,Province de Flandre occidentale,Région flamande,51.146649,2.710305,38016,Normales,Normaal,Sec,Droog,Jour,En agglomération,Route communale,Avec blessé(s) leger(s),Bicyclette,Bicyclette,Entre 2 conducteurs: Par l'arrière,1
2019,08,12,La Panne,De Panne,Province de Flandre occidentale,Région flamande,51.068941,2.603937,38008,Normales,Normaal,Sec,Droog,Jour,Hors agglomération,Route régionale,Avec blessé(s) leger(s),Bicyclette,Voiture,Entre 2 conducteurs: Par le côté (avant/derrière-flanc),1
2019,08,11,La Panne,De Panne,Province de Flandre occidentale,Région flamande,51.086777,2.600106,38008,Normales,Normaal,Sec,Droog,Jour,Hors agglomération,Route régionale,Avec blessé(s) leger(s),Autres,Bicyclette,Entre 2 conducteurs: Flanc contre flanc,0
2019,08,19,Koksijde,Koksijde,Province de Flandre occidentale,Région flamande,51.10982,2.610706,38014,Normales,Normaal,Sec,Droog,Jour,En agglomération,Route régionale,Avec blessé(s) leger(s),Motocyclette,Motocyclette,Entre 2 conducteurs: Par l'arrière,1
2019,08,17,Koksijde,Koksijde,Province de Flandre occidentale,Région flamande,51.109485,2.665284,38014,Normales,Normaal,Sec,Droog,Jour,Hors agglomération,Route communale,Avec blessé(s) leger(s),Bicyclette,Cyclomoteur,Entre 2 conducteurs: Collision frontale,0
2019,08,21,Koksijde,Koksijde,Province de Flandre occidentale,Région flamande,51.112436,2.66175,38014,Normales,Normaal,Sec,Droog,Jour,En agglomération,Route communale,Avec blessé(s) grave(s),Voiture,Bicyclette,Entre 2 conducteurs: Par le côté (avant/derrière-flanc),1
2019,08,11,Koksijde,Koksijde,Province de Flandre occidentale,Région flamande,51.115971,2.641367,38014,Normales,Normaal,Sec,Droog,Jour,En agglomération,Route communale,Avec blessé(s) leger(s),Voiture,Bicyclette,Entre 2 conducteurs: Par le côté (avant/derrière-flanc),1
2019,08,18,La Panne,De Panne,Province de Flandre occidentale,Région flamande,51.081553,2.602065,38008,Normales,Normaal,Sec,Droog,Jour,En agglomération,Route régionale,Avec blessé(s) leger(s),Voiture,Bicyclette,Entre 2 conducteurs: Par le côté (avant/derrière-flanc),0
2019,08,16,Nieuport,Nieuwpoort,Province de Flandre occidentale,Région flamande,51.14461,2.707461,38016,Normales,Normaal,Sec,Droog,Jour,En agglomération,Route régionale,Avec blessé(s) leger(s),Voiture,Motocyclette,Entre 2 conducteurs: Par le côté (avant/derrière-flanc),0
2019,08,09,Koksijde,Koksijde,Province de Flandre occidentale,Région flamande,51.116289,2.679786,38014,Normales,Normaal,Sec,Droog,Jour,En agglomération,Route communale,Avec blessé(s) leger(s),Bicyclette,Voiture,Entre 2 conducteurs: Par le côté (avant/derrière-flanc),0
2019,08,14,Nieuport,Nieuwpoort,Province de Flandre occidentale,Région flamande,51.133182,2.746854,38016,Normales,Normaal,Sec,Droog,Jour,En agglomération,Route régionale,Avec blessé(s) leger(s),Camionnette,Bicyclette,Entre 2 conducteurs: Par le côté (avant/derrière-flanc),0
2019,08,21,Anvers,Antwerpen,Province d’Anvers,Région flamande,,,11002,Pluie,Regenval,"Humide, mouillé, flaques","Nat, plassen","Nuit, éclairage public présent et allumé",Hors agglomération,Route communale,Avec blessé(s) leger(s),Motocyclette,usager/obstacle,Usager contre obstacle situé sur la chaussée,0
2019,08,11,Ypres,Ieper,Province de Flandre occidentale,Région flamande,50.842871,2.889198,33011,Normales,Normaal,Sec,Droog,Jour,Hors agglomération,Route régionale,Avec blessé(s) leger(s),Bicyclette,Voiture,Entre 2 conducteurs: Par le côté (avant/derrière-flanc),0
2019,08,11,Poperinge,Poperinge,Province de Flandre occidentale,Région flamande,50.849004,2.727032,33021,Normales,Normaal,Sec,Droog,Jour,En agglomération,Route communale,Avec blessé(s) grave(s),Bicyclette,Voiture,Entre 2 conducteurs: Par l'arrière,0
2019,08,13,Ypres,Ieper,Province de Flandre occidentale,Région flamande,,,33011,Normales,Normaal,Sec+Propre,Droog+Proper,Jour,Hors agglomération,Route régionale,Avec blessé(s) leger(s),Cyclomoteur,usager/obstacle,Usager contre obstacle situé sur la chaussée,0
2019,08,22,Ypres,Ieper,Province de Flandre occidentale,Région flamande,50.873001,2.839809,33011,Normales,Normaal,Sec,Droog,"Nuit, éclairage public présent et allumé",Hors agglomération,Route régionale,Avec blessé(s) leger(s),Voiture,Motocyclette,Entre 2 conducteurs: Par le côté (avant/derrière-flanc),0
2019,08,01,Ypres,Ieper,Province de Flandre occidentale,Région flamande,,,33011,Normales,Normaal,Sec,Droog,"Nuit, éclairage public présent et allumé",Hors agglomération,Route communale,Avec blessé(s) grave(s),Cyclomoteur,usager seul,"Un seul usager, pas d'obstacle (chute incl.)",0
2019,08,10,Zonnebeke,Zonnebeke,Province de Flandre occidentale,Région flamande,50.850064,3.004239,33037,Pluie,Regenval,"Humide, mouillé, flaques","Nat, plassen",Jour,Hors agglomération,Route communale,Avec blessé(s) leger(s),Bicyclette,Voiture,Entre 2 conducteurs: Flanc contre flanc,1
2019,08,12,Zonnebeke,Zonnebeke,Province de Flandre occidentale,Région flamande,50.90153,3.024622,33037,Normales,Normaal,Sec,Droog,Jour,Hors agglomération,Route communale,Avec blessé(s) grave(s),Voiture,Motocyclette,Entre 2 conducteurs: Par le côté (avant/derrière-flanc),0
2019,08,17,Staden,Staden,Province de Flandre occidentale,Région flamande,50.956673,3.077203,36019,Normales,Normaal,Sec,Droog,Jour,Hors agglomération,Route communale,Avec blessé(s) leger(s),Voiture,Bicyclette,Entre 2 conducteurs: Par le côté (avant/derrière-flanc),0
2019,08,10,Zonnebeke,Zonnebeke,Province de Flandre occidentale,Région flamande,50.922186,3.05772,33037,Normales,Normaal,Sec,Droog,Jour,Hors agglomération,Route communale,Avec blessé(s) leger(s),Camionnette,Bicyclette,Entre 2 conducteurs: Par le côté (avant/derrière-flanc),1
2019,08,17,Zonnebeke,Zonnebeke,Province de Flandre occidentale,Région flamande,50.874241,2.99168,33037,"Autre (fumée épaisse,...)","Andere (dikke rook,...)",Sec,Droog,Jour,En agglomération,Route régionale,Avec blessé(s) leger(s),Voiture,Cyclomoteur,Entre 2 conducteurs: Par l'arrière,0
2019,08,10,Vleteren,Vleteren,Province de Flandre occidentale,Région flamande,50.920934,2.716337,33041,Normales,Normaal,Sec,Droog,Jour,Hors agglomération,Route communale,Avec blessé(s) leger(s),Voiture,Bicyclette,Entre 2 conducteurs: Par le côté (avant/derrière-flanc),1
2019,08,12,Heuvelland,Heuvelland,Province de Flandre occidentale,Région flamande,50.796513,2.733895,33039,Normales,Normaal,Sec,Droog,Jour,Hors agglomération,Route communale,Avec blessé(s) leger(s),Motocyclette,usager seul,"Un seul usager, pas d'obstacle (chute incl.)",0
2019,08,15,Moorslede,Moorslede,Province de Flandre occidentale,Région flamande,50.847845,3.125011,36012,Normales,Normaal,Sec,Droog,Jour,En agglomération,Route communale,Avec blessé(s) leger(s),Bicyclette,Voiture,Entre 2 conducteurs: Flanc contre flanc,0
2019,08,11,Ypres,Ieper,Province de Flandre occidentale,Région flamande,50.85849,2.890576,33011,Normales,Normaal,"Humide, mouillé, flaques","Nat, plassen",Jour,En agglomération,Route régionale,Avec blessé(s) grave(s),Bicyclette,Voiture,Entre 2 conducteurs: Flanc contre flanc,0
2019,08,07,Ypres,Ieper,Province de Flandre occidentale,Région flamande,50.828312,2.857509,33011,Normales,Normaal,Sec+Propre,Droog+Proper,Jour,Hors agglomération,Route régionale,Avec blessé(s) leger(s),Voiture,Bicyclette,Entre 2 conducteurs: Par le côté (avant/derrière-flanc),1
2019,08,15,Heuvelland,Heuvelland,Province de Flandre occidentale,Région flamande,50.813669,2.730111,33039,Normales,Normaal,Sec,Droog,Jour,Hors agglomération,Route communale,Avec blessé(s) grave(s),Bicyclette,Camionnette,Entre 2 conducteurs: Par le côté (avant/derrière-flanc),1
2019,08,16,Wervik,Wervik,Province de Flandre occidentale,Région flamande,50.79689,3.042524,33029,Normales,Normaal,Sec,Droog,Jour,Hors agglomération,Route régionale,Avec blessé(s) leger(s),Voiture,Motocyclette,Entre 2 conducteurs: Par le côté (avant/derrière-flanc),1
2019,08,14,Ypres,Ieper,Province de Flandre occidentale,Région flamande,50.848744,2.779902,33011,Normales,Normaal,Sec,Droog,Jour,En agglomération,Route communale,Avec blessé(s) leger(s),Camionnette,Bicyclette,Entre 2 conducteurs: Par le côté (avant/derrière-flanc),0
2019,08,19,Langemark-Poelkapelle,Langemark-Poelkapelle,Province de Flandre occidentale,Région flamande,50.932132,2.855504,33040,Normales,Normaal,Sec,Droog,Jour,Hors agglomération,Route régionale,Avec blessé(s) grave(s),Motocyclette,usager/obstacle,Usager contre obstacle situé hors chaussée,0
2019,08,09,Langemark-Poelkapelle,Langemark-Poelkapelle,Province de Flandre occidentale,Région flamande,,,33040,Normales,Normaal,Sec,Droog,Jour,En agglomération,Route régionale,Avec blessé(s) leger(s),Bicyclette,usager/obstacle,Usager contre obstacle situé sur la chaussée,0
2019,08,10,Wielsbeke,Wielsbeke,Province de Flandre occidentale,Région flamande,,,37017,"Inconnues, indéterminées",Onbekend,"Inconnu, indéterminé",Onbekend,Jour,inconnu,inconnu,Avec blessé(s) leger(s),Bicyclette,Bicyclette,Entre 2 conducteurs: Par le côté (avant/derrière-flanc),0
2019,08,01,Poperinge,Poperinge,Province de Flandre occidentale,Région flamande,50.841383,2.648152,33021,Normales,Normaal,"Sale (sable, gravier, feuilles,...)","Vuil (zand, grint, bladeren,...)","Nuit, pas d'éclairage public présent",Hors agglomération,Route communale,Avec blessé(s) leger(s),Bicyclette,usager/obstacle,Usager contre obstacle situé sur la chaussée,1
2019,08,06,Zonnebeke,Zonnebeke,Province de Flandre occidentale,Région flamande,50.835074,3.012454,33037,Normales,Normaal,Sec,Droog,Jour,Hors agglomération,Route régionale,Avec blessé(s) leger(s),Camionnette,Bicyclette,Entre 2 conducteurs: Par le côté (avant/derrière-flanc),1
2019,08,18,Moorslede,Moorslede,Province de Flandre occidentale,Région flamande,50.896431,3.07032,36012,"Autre (fumée épaisse,...)","Andere (dikke rook,...)",Sec,Droog,Jour,En agglomération,Route communale,Avec blessé(s) leger(s),Bicyclette,Voiture,Entre 2 conducteurs: Par le côté (avant/derrière-flanc),0
2019,08,14,Maasmechelen,Maasmechelen,Province de Limbourg,Région flamande,50.964098,5.695478,73107,Normales,Normaal,Sec,Droog,Jour,Hors agglomération,Route régionale,Avec blessé(s) leger(s),Voiture,Bicyclette,Entre 2 conducteurs: Flanc contre flanc,1
2019,08,10,Lanaken,Lanaken,Province de Limbourg,Région flamande,50.882617,5.671717,73042,Normales,Normaal,Sec,Droog,Jour,En agglomération,Route régionale,Avec blessé(s) leger(s),Cyclomoteur,Voiture,Entre 2 conducteurs: Par le côté (avant/derrière-flanc),0
2019,08,09,Lanaken,Lanaken,Province de Limbourg,Région flamande,,,73042,Normales,Normaal,Sec,Droog,Jour,En agglomération,Route régionale,Avec blessé(s) leger(s),Bicyclette,Voiture,Entre 2 conducteurs: Flanc contre flanc,0
2019,08,18,Maasmechelen,Maasmechelen,Province de Limbourg,Région flamande,50.968986,5.69131,73107,Normales,Normaal,Sec,Droog,Jour,En agglomération,Route communale,Avec blessé(s) leger(s),Voiture,Cyclomoteur,Entre 2 conducteurs: Par le côté (avant/derrière-flanc),0
2019,08,22,Maasmechelen,Maasmechelen,Province de Limbourg,Région flamande,,,73107,Normales,Normaal,Sec,Droog,"Nuit, éclairage public présent et allumé",En agglomération,Route communale,Avec blessé(s) leger(s),Cyclomoteur,Voiture,Collision en chaîne (3 conducteurs ou plus),1
2019,08,16,Maasmechelen,Maasmechelen,Province de Limbourg,Région flamande,,,73107,Normales,Normaal,Sec,Droog,Jour,Hors agglomération,Route régionale,Avec blessé(s) leger(s),Cyclomoteur,Bicyclette,Entre 2 conducteurs: Flanc contre flanc,0
2019,08,05,Anvers,Antwerpen,Province d’Anvers,Région flamande,51.241365,4.402031,11002,Normales,Normaal,Sec,Droog,"Nuit, éclairage public présent et allumé",Hors agglomération,Route communale,Avec blessé(s) leger(s),Cyclomoteur,usager/obstacle,Usager contre obstacle situé hors chaussée,0
2019,08,07,Anvers,Antwerpen,Province d’Anvers,Région flamande,,,11002,Normales,Normaal,Sec,Droog,Jour,Hors agglomération,Route communale,Avec blessé(s) grave(s),Voiture,Bicyclette,Entre 2 conducteurs: Collision frontale,0
2019,08,14,Anvers,Antwerpen,Province d’Anvers,Région flamande,,,11002,Normales,Normaal,Sec,Droog,Jour,Hors agglomération,Route communale,Avec blessé(s) leger(s),Bicyclette,Bicyclette,Entre 2 conducteurs: Collision frontale,0
2019,08,06,Anvers,Antwerpen,Province d’Anvers,Région flamande,51.242907,4.373497,11002,Normales,Normaal,Sec,Droog,Jour,Hors agglomération,Route communale,Avec blessé(s) leger(s),Bicyclette,Bicyclette,Entre 2 conducteurs: Par le côté (avant/derrière-flanc),0
2019,08,17,Beveren,Beveren,Province de Flandre orientale,Région flamande,,,46003,Normales,Normaal,Sec,Droog,Jour,Hors agglomération,Route communale,Avec blessé(s) leger(s),Bicyclette,Voiture,Entre 2 conducteurs: Par le côté (avant/derrière-flanc),0
2019,08,11,Gand,Gent,Province de Flandre orientale,Région flamande,,,44021,Pluie,Regenval,"Humide, mouillé, flaques","Nat, plassen",Jour,Hors agglomération,Route régionale,Avec blessé(s) leger(s),Voiture,Bicyclette,Entre 2 conducteurs: Par l'arrière,0
2019,08,13,Beveren,Beveren,Province de Flandre orientale,Région flamande,,,46003,Normales,Normaal,Sec,Droog,Jour,Hors agglomération,Route communale,Avec blessé(s) grave(s),Motocyclette,Voiture,Entre 2 conducteurs: Collision frontale,0
2019,08,15,Gand,Gent,Province de Flandre orientale,Région flamande,51.107231,3.733748,44021,Normales,Normaal,Sec,Droog,Jour,Hors agglomération,Route régionale,Avec blessé(s) grave(s),Camion,Motocyclette,Entre 2 conducteurs: Flanc contre flanc,0
2019,08,22,Sint-Gillis-Waas,Sint-Gillis-Waas,Province de Flandre orientale,Région flamande,51.25903,4.091098,46020,Pluie,Regenval,"Humide, mouillé, flaques","Nat, plassen","Nuit, éclairage public présent et allumé",En agglomération,Route communale,Avec blessé(s) leger(s),Voiture,Bicyclette,Entre 2 conducteurs: Par le côté (avant/derrière-flanc),0
2019,08,23,Beveren,Beveren,Province de Flandre orientale,Région flamande,51.199297,4.235764,46003,Normales,Normaal,Sec+Propre,Droog+Proper,"Nuit, éclairage public présent et allumé",En agglomération,Route régionale,Avec blessé(s) leger(s),Voiture,Bicyclette,Entre 2 conducteurs: Flanc contre flanc,1
2019,08,16,Stekene,Stekene,Province de Flandre orientale,Région flamande,51.21311,4.028852,46024,Normales,Normaal,Sec,Droog,Jour,En agglomération,Route communale,Avec blessé(s) leger(s),Bicyclette,Voiture,Entre 2 conducteurs: Flanc contre flanc,0
2019,08,17,Sint-Gillis-Waas,Sint-Gillis-Waas,Province de Flandre orientale,Région flamande,,,46020,Normales,Normaal,Sec,Droog,Jour,Hors agglomération,Route communale,Avec blessé(s) leger(s),Bicyclette,Bicyclette,Entre 2 conducteurs: Flanc contre flanc,0
2019,08,11,Beveren,Beveren,Province de Flandre orientale,Région flamande,51.260653,4.182553,46003,Normales,Normaal,Sec,Droog,Jour,En agglomération,Route communale,Avec blessé(s) leger(s),Motocyclette,Motocyclette,Collision en chaîne (3 conducteurs ou plus),0
2019,08,16,Beveren,Beveren,Province de Flandre orientale,Région flamande,51.219317,4.27773,46003,Normales,Normaal,Sec,Droog,Jour,En agglomération,Route régionale,Avec blessé(s) leger(s),Voiture,Bicyclette,Entre 2 conducteurs: Par le côté (avant/derrière-flanc),1
2019,08,18,Beveren,Beveren,Province de Flandre orientale,Région flamande,51.222254,4.227946,46003,Normales,Normaal,Sec,Droog,Jour,Hors agglomération,Route communale,Avec blessé(s) leger(s),Bicyclette,Camionnette,Entre 2 conducteurs: Par le côté (avant/derrière-flanc),1
2019,08,05,Sint-Gillis-Waas,Sint-Gillis-Waas,Province de Flandre orientale,Région flamande,51.201135,4.122744,46020,Normales,Normaal,Sec,Droog,"Nuit, éclairage public présent et allumé",Hors agglomération,Route communale,Avec blessé(s) leger(s),Voiture,Cyclomoteur,Entre 2 conducteurs: Collision frontale,1
2019,08,19,Beveren,Beveren,Province de Flandre orientale,Région flamande,51.220636,4.292463,46003,"Inconnues, indéterminées",Onbekend,"Inconnu, indéterminé",Onbekend,"Inconnu, indéterminé",inconnu,Route régionale,Avec blessé(s) leger(s),Bicyclette,Voiture,Entre 2 conducteurs: Collision frontale,0
2019,08,17,Sint-Gillis-Waas,Sint-Gillis-Waas,Province de Flandre orientale,Région flamande,51.230567,4.092874,46020,Normales,Normaal,Sec,Droog,Jour,Hors agglomération,Route communale,Avec blessé(s) leger(s),Voiture,Bicyclette,Entre 2 conducteurs: Par le côté (avant/derrière-flanc),1
2019,08,14,Beveren,Beveren,Province de Flandre orientale,Région flamande,51.217693,4.267848,46003,Normales,Normaal,Sec,Droog,Jour,En agglomération,Route régionale,Avec blessé(s) leger(s),Bicyclette,Voiture,Entre 2 conducteurs: Par le côté (avant/derrière-flanc),0
2019,08,11,Sint-Gillis-Waas,Sint-Gillis-Waas,Province de Flandre orientale,Région flamande,,,46020,Normales,Normaal,Sec,Droog,Jour,Hors agglomération,Route communale,Avec blessé(s) leger(s),Voiture,Bicyclette,Entre 2 conducteurs: Par le côté (avant/derrière-flanc),1
2019,08,13,Beveren,Beveren,Province de Flandre orientale,Région flamande,51.226861,4.190652,46003,Normales,Normaal,Sec,Droog,Jour,Hors agglomération,Route régionale,Avec blessé(s) grave(s),Motocyclette,Camionnette,Entre 2 conducteurs: Par l'arrière,0
2019,08,13,Beveren,Beveren,Province de Flandre orientale,Région flamande,51.220035,4.28329,46003,Normales,Normaal,Sec,Droog,Jour,En agglomération,Route régionale,Avec blessé(s) leger(s),Bicyclette,Voiture,Entre 2 conducteurs: Flanc contre flanc,0
2019,08,17,Beveren,Beveren,Province de Flandre orientale,Région flamande,51.222442,4.282318,46003,Normales,Normaal,Sec,Droog,Jour,En agglomération,Route communale,Avec blessé(s) leger(s),Voiture,Bicyclette,Entre 2 conducteurs: Par le côté (avant/derrière-flanc),1
2019,08,18,Beersel,Beersel,Province du Brabant flamand,Région flamande,50.76652,4.27877,23003,Normales,Normaal,Sec,Droog,Jour,En agglomération,Route communale,Avec tué(s),Bicyclette,Voiture,Entre 2 conducteurs: Par le côté (avant/derrière-flanc),1
2019,08,18,Hal,Halle,Province du Brabant flamand,Région flamande,50.733058,4.238644,23027,Normales,Normaal,Sec,Droog,Jour,En agglomération,Route communale,Avec blessé(s) grave(s),Motocyclette,usager/obstacle,Usager contre obstacle situé hors chaussée,0
2019,08,15,Hal,Halle,Province du Brabant flamand,Région flamande,50.743778,4.203094,23027,Normales,Normaal,Sec+Propre,Droog+Proper,Jour,Hors agglomération,Route régionale,Avec blessé(s) leger(s),Voiture,Motocyclette,Entre 2 conducteurs: Par le côté (avant/derrière-flanc),0
2019,08,16,Sint-Pieters-Leeuw,Sint-Pieters-Leeuw,Province du Brabant flamand,Région flamande,,,23077,Normales,Normaal,Sec,Droog,Jour,En agglomération,Route communale,Avec blessé(s) leger(s),Voiture,Bicyclette,Entre 2 conducteurs: Collision frontale,1
2019,08,12,Hal,Halle,Province du Brabant flamand,Région flamande,50.717384,4.262585,23027,Normales,Normaal,Sec,Droog,Jour,En agglomération,Route communale,Avec blessé(s) leger(s),Bicyclette,Voiture,Entre 2 conducteurs: Par le côté (avant/derrière-flanc),1
2019,08,22,Hal,Halle,Province du Brabant flamand,Région flamande,,,23027,"Vent violent, rafales","Sterke wind, rukwind","Humide, mouillé, flaques","Nat, plassen","Nuit, éclairage public présent, mais pas allumé",En agglomération,Route communale,Avec blessé(s) leger(s),Cyclomoteur,usager seul,"Un seul usager, pas d'obstacle (chute incl.)",0
2019,08,17,Hal,Halle,Province du Brabant flamand,Région flamande,50.758105,4.20226,23027,Normales,Normaal,Sec,Droog,Jour,En agglomération,Route communale,Avec blessé(s) leger(s),Voiture,Bicyclette,Entre 2 conducteurs: Collision frontale,1
2019,08,15,Hal,Halle,Province du Brabant flamand,Région flamande,50.743689,4.245533,23027,Normales,Normaal,Sec,Droog,Jour,En agglomération,Route communale,Avec blessé(s) leger(s),Bicyclette,Voiture,Entre 2 conducteurs: Collision frontale,1
2019,08,15,Beersel,Beersel,Province du Brabant flamand,Région flamande,50.761977,4.276696,23003,Normales,Normaal,"Humide, mouillé, flaques","Nat, plassen",Jour,En agglomération,Route communale,Avec blessé(s) leger(s),Voiture,Motocyclette,Entre 2 conducteurs: Par le côté (avant/derrière-flanc),1
2019,08,19,Hal,Halle,Province du Brabant flamand,Région flamande,50.733325,4.241619,23027,Normales,Normaal,Sec,Droog,Jour,En agglomération,Route communale,Avec blessé(s) leger(s),Cyclomoteur,usager seul,"Un seul usager, pas d'obstacle (chute incl.)",0
2019,08,14,Willebroek,Willebroek,Province d’Anvers,Région flamande,51.057098,4.362727,12040,Normales,Normaal,Sec,Droog,Jour,En agglomération,Route communale,Avec blessé(s) leger(s),Bicyclette,Autres,Entre 2 conducteurs: Flanc contre flanc,0
2019,08,22,Malines,Mechelen,Province d’Anvers,Région flamande,51.027791,4.470713,12025,Normales,Normaal,Sec,Droog,"Nuit, éclairage public présent et allumé",En agglomération,Route régionale,Avec blessé(s) leger(s),Bicyclette,Bicyclette,Entre 2 conducteurs: Collision frontale,0
2019,08,18,Malines,Mechelen,Province d’Anvers,Région flamande,51.021036,4.477226,12025,"Inconnues, indéterminées",Onbekend,"Inconnu, indéterminé",Onbekend,Jour,En agglomération,Route régionale,Avec blessé(s) leger(s),Motocyclette,Voiture,Entre 2 conducteurs: Par le côté (avant/derrière-flanc),1
2019,08,22,Malines,Mechelen,Province d’Anvers,Région flamande,51.03442,4.510236,12025,Normales,Normaal,Sec,Droog,"Nuit, éclairage public présent et allumé",En agglomération,Route régionale,Avec blessé(s) leger(s),Bicyclette,Autobus,Entre 2 conducteurs: Flanc contre flanc,0
2019,08,12,Malines,Mechelen,Province d’Anvers,Région flamande,51.022988,4.474749,12025,Normales,Normaal,Sec,Droog,Jour,En agglomération,Route communale,Avec blessé(s) leger(s),Bicyclette,Camionnette,Entre 2 conducteurs: Par l'arrière,0
2019,08,08,Malines,Mechelen,Province d’Anvers,Région flamande,51.028356,4.482252,12025,Normales,Normaal,Sec,Droog,Jour,En agglomération,Route régionale,Avec blessé(s) leger(s),Bicyclette,Bicyclette,Entre 2 conducteurs: Flanc contre flanc,0
2019,08,12,Hasselt,Hasselt,Province de Limbourg,Région flamande,50.941823,5.323132,71022,"Inconnues, indéterminées",Onbekend,Sec,Droog,Jour,Hors agglomération,Route régionale,Avec blessé(s) leger(s),Bicyclette,Camionnette,Entre 2 conducteurs: Par le côté (avant/derrière-flanc),1
2019,08,14,Hasselt,Hasselt,Province de Limbourg,Région flamande,50.930545,5.344829,71022,Normales,Normaal,Sec,Droog,Jour,En agglomération,Route régionale,Avec blessé(s) leger(s),Cyclomoteur,Bicyclette,Entre 2 conducteurs: Collision frontale,0
2019,08,15,Hasselt,Hasselt,Province de Limbourg,Région flamande,50.920384,5.33912,71022,Pluie,Regenval,"Humide, mouillé, flaques","Nat, plassen",Jour,En agglomération,Route communale,Avec blessé(s) leger(s),Voiture,Bicyclette,Entre 2 conducteurs: Par l'arrière,0
2019,08,09,Diepenbeek,Diepenbeek,Province de Limbourg,Région flamande,50.912392,5.45647,71011,Normales,Normaal,Sec,Droog,Jour,Hors agglomération,Route communale,Avec blessé(s) leger(s),Voiture,Bicyclette,Entre 2 conducteurs: Par l'arrière,0
2019,08,09,Halen,Halen,Province de Limbourg,Région flamande,50.955914,5.09385,71020,Normales,Normaal,"Humide, mouillé, flaques","Nat, plassen",Jour,Hors agglomération,Route communale,Avec blessé(s) leger(s),Voiture,Bicyclette,Entre 2 conducteurs: Par le côté (avant/derrière-flanc),0
2019,08,17,Lummen,Lummen,Province de Limbourg,Région flamande,51.013996,5.138745,71037,Normales,Normaal,Sec,Droog,Jour,Hors agglomération,Route communale,Avec blessé(s) grave(s),Voiture,Bicyclette,Entre 2 conducteurs: Par le côté (avant/derrière-flanc),1
2019,08,09,Hasselt,Hasselt,Province de Limbourg,Région flamande,50.969433,5.359563,71022,Normales,Normaal,Sec,Droog,Jour,Hors agglomération,Route régionale,Avec blessé(s) leger(s),Camionnette,Cyclomoteur,Entre 2 conducteurs: Par le côté (avant/derrière-flanc),0
2019,08,14,Hasselt,Hasselt,Province de Limbourg,Région flamande,50.931508,5.331057,71022,Normales,Normaal,Sec,Droog,Jour,En agglomération,Route communale,Avec blessé(s) leger(s),Autres,Cyclomoteur,Entre 2 conducteurs: Par le côté (avant/derrière-flanc),1
2019,08,18,Diepenbeek,Diepenbeek,Province de Limbourg,Région flamande,50.920223,5.394189,71011,"Inconnues, indéterminées",Onbekend,"Inconnu, indéterminé",Onbekend,Jour,En agglomération,Route communale,Avec blessé(s) leger(s),Bicyclette,usager/obstacle,Usager contre obstacle situé sur la chaussée,0
2019,08,14,Hasselt,Hasselt,Province de Limbourg,Région flamande,50.925975,5.366382,71022,Normales,Normaal,Sec,Droog,Jour,En agglomération,Route régionale,Avec blessé(s) leger(s),Bicyclette,Bicyclette,Entre 2 conducteurs: Collision frontale,1
2019,08,22,Hasselt,Hasselt,Province de Limbourg,Région flamande,50.935315,5.339942,71022,Normales,Normaal,Sec,Droog,"Nuit, éclairage public présent et allumé",En agglomération,Route régionale,Avec blessé(s) grave(s),Bicyclette,Motocyclette,Entre 2 conducteurs: Par le côté (avant/derrière-flanc),0
2019,08,12,Mortsel,Mortsel,Province d’Anvers,Région flamande,51.174192,4.441241,11029,"Inconnues, indéterminées",Onbekend,"Inconnu, indéterminé",Onbekend,Jour,inconnu,Route régionale,Avec blessé(s) leger(s),Bicyclette,Piéton,Avec un piéton,0
2019,08,16,Hasselt,Hasselt,Province de Limbourg,Région flamande,,,71022,"Inconnues, indéterminées",Onbekend,"Inconnu, indéterminé",Onbekend,Jour,Hors agglomération,Route communale,Avec blessé(s) leger(s),Voiture,Cyclomoteur,Entre 2 conducteurs: Flanc contre flanc,0
2019,08,15,Zonhoven,Zonhoven,Province de Limbourg,Région flamande,,,71066,Normales,Normaal,Sec,Droog,Jour,Hors agglomération,Route communale,Avec blessé(s) grave(s),Bicyclette,Cyclomoteur,Entre 2 conducteurs: Collision frontale,0
2019,08,19,Hasselt,Hasselt,Province de Limbourg,Région flamande,50.949733,5.399587,71022,Normales,Normaal,Sec,Droog,Jour,Hors agglomération,Route régionale,Avec blessé(s) grave(s),Camionnette,Cyclomoteur,Entre 2 conducteurs: Flanc contre flanc,1
2019,08,03,Hasselt,Hasselt,Province de Limbourg,Région flamande,50.956688,5.264405,71022,Normales,Normaal,Sec,Droog,"Nuit, éclairage public présent et allumé",Hors agglomération,Route régionale,Avec blessé(s) grave(s),Bicyclette,usager seul,"Un seul usager, pas d'obstacle (chute incl.)",0
2019,08,15,Hasselt,Hasselt,Province de Limbourg,Région flamande,,,71022,Normales,Normaal,Sec,Droog,Jour,En agglomération,Route communale,Avec blessé(s) leger(s),Voiture,Bicyclette,Entre 2 conducteurs: Par le côté (avant/derrière-flanc),1
2019,08,14,Lummen,Lummen,Province de Limbourg,Région flamande,50.971929,5.225762,71037,Normales,Normaal,Sec,Droog,Jour,Hors agglomération,Route régionale,Avec blessé(s) leger(s),Camionnette,Bicyclette,Entre 2 conducteurs: Par le côté (avant/derrière-flanc),1
2019,08,17,Herck-la-Ville,Herk-de-Stad,Province de Limbourg,Région flamande,50.938748,5.172574,71024,Pluie,Regenval,"Humide, mouillé, flaques","Nat, plassen",Jour,En agglomération,Route régionale,Avec blessé(s) leger(s),Voiture,Bicyclette,Entre 2 conducteurs: Par le côté (avant/derrière-flanc),1
2019,08,16,Herck-la-Ville,Herk-de-Stad,Province de Limbourg,Région flamande,,,71024,Normales,Normaal,"Inconnu, indéterminé",Onbekend,Jour,Hors agglomération,Route régionale,Avec blessé(s) grave(s),Motocyclette,Voiture,Entre 2 conducteurs: Par le côté (avant/derrière-flanc),1
2019,08,14,Halen,Halen,Province de Limbourg,Région flamande,50.975977,5.097637,71020,Pluie,Regenval,"Humide, mouillé, flaques","Nat, plassen",Jour,En agglomération,Route communale,Avec blessé(s) leger(s),Bicyclette,Bicyclette,Entre 2 conducteurs: Collision frontale,1
2019,08,18,Hasselt,Hasselt,Province de Limbourg,Région flamande,50.949334,5.307627,71022,Normales,Normaal,Sec,Droog,Jour,En agglomération,Route communale,Avec blessé(s) leger(s),Camionnette,Bicyclette,Entre 2 conducteurs: Par le côté (avant/derrière-flanc),0
2019,08,13,Hasselt,Hasselt,Province de Limbourg,Région flamande,50.94306,5.329185,71022,Normales,Normaal,Sec,Droog,Jour,Hors agglomération,Route régionale,Avec blessé(s) leger(s),Motocyclette,usager seul,"Un seul usager, pas d'obstacle (chute incl.)",0
2019,08,17,Bertem,Bertem,Province du Brabant flamand,Région flamande,50.86104,4.62762,24009,Normales,Normaal,Sec,Droog,Jour,En agglomération,Route communale,Avec blessé(s) leger(s),Voiture,Bicyclette,Entre 2 conducteurs: Par le côté (avant/derrière-flanc),1
2019,08,16,Tervuren,Tervuren,Province du Brabant flamand,Région flamande,50.860205,4.534875,24104,Normales,Normaal,Sec,Droog,Jour,En agglomération,Route communale,Avec blessé(s) leger(s),Voiture,Bicyclette,Entre 2 conducteurs: Par le côté (avant/derrière-flanc),1
2019,08,14,Oud-Heverlee,Oud-Heverlee,Province du Brabant flamand,Région flamande,,,24086,Normales,Normaal,Sec,Droog,Jour,Hors agglomération,Route régionale,Avec blessé(s) leger(s),Bicyclette,usager/obstacle,Usager contre obstacle situé hors chaussée,0
2019,08,17,Tirlemont,Tienen,Province du Brabant flamand,Région flamande,,,24107,Normales,Normaal,Sec,Droog,Jour,En agglomération,Route communale,Avec blessé(s) leger(s),Voiture,Bicyclette,Entre 2 conducteurs: Par le côté (avant/derrière-flanc),1
2019,08,14,Tirlemont,Tienen,Province du Brabant flamand,Région flamande,50.798245,4.982305,24107,Normales,Normaal,Sec,Droog,Jour,En agglomération,Route régionale,Avec blessé(s) leger(s),Voiture,Cyclomoteur,Entre 2 conducteurs: Par le côté (avant/derrière-flanc),0
2019,08,07,Hoegaarden,Hoegaarden,Province du Brabant flamand,Région flamande,,,24041,Normales,Normaal,Sec,Droog,Jour,Hors agglomération,Route régionale,Avec blessé(s) leger(s),Camionnette,Bicyclette,Entre 2 conducteurs: Par le côté (avant/derrière-flanc),0
2019,08,12,Tirlemont,Tienen,Province du Brabant flamand,Région flamande,50.7793,4.969814,24107,Normales,Normaal,Sec,Droog,Jour,Hors agglomération,Route communale,Avec blessé(s) leger(s),Motocyclette,usager seul,"Un seul usager, pas d'obstacle (chute incl.)",1
2019,08,22,Lievegem,Lievegem,Province de Flandre orientale,Région flamande,51.092649,3.644361,44085,Normales,Normaal,Sec,Droog,"Nuit, éclairage public présent et allumé",Hors agglomération,Route communale,Avec blessé(s) grave(s),Bicyclette,Piéton,Avec un piéton,0
2019,08,08,Lievegem,Lievegem,Province de Flandre orientale,Région flamande,51.090852,3.612866,44085,Normales,Normaal,Sec,Droog,Jour,Hors agglomération,Route communale,Avec blessé(s) leger(s),Voiture,Bicyclette,Entre 2 conducteurs: Par l'arrière,0
2019,08,12,Lievegem,Lievegem,Province de Flandre orientale,Région flamande,51.150215,3.594896,44085,Normales,Normaal,Sec+Propre,Droog+Proper,Jour,En agglomération,Route communale,Avec blessé(s) leger(s),Cyclomoteur,Voiture,Entre 2 conducteurs: Par le côté (avant/derrière-flanc),0
2019,08,07,Deinze,Deinze,Province de Flandre orientale,Région flamande,50.985697,3.525894,44083,Normales,Normaal,Sec,Droog,Jour,En agglomération,Route communale,Avec blessé(s) leger(s),Camionnette,Bicyclette,Entre 2 conducteurs: Par l'arrière,0
2019,08,08,Lievegem,Lievegem,Province de Flandre orientale,Région flamande,,,44085,Normales,Normaal,Sec,Droog,Jour,En agglomération,Route communale,Avec blessé(s) leger(s),Voiture,Bicyclette,Entre 2 conducteurs: Par le côté (avant/derrière-flanc),1
2019,08,20,Deinze,Deinze,Province de Flandre orientale,Région flamande,50.995608,3.532811,44083,Normales,Normaal,Sec,Droog,Jour,Hors agglomération,Route communale,Avec blessé(s) leger(s),Bicyclette,Bicyclette,Entre 2 conducteurs: Par le côté (avant/derrière-flanc),1
2019,08,11,Deinze,Deinze,Province de Flandre orientale,Région flamande,50.978254,3.529599,44083,Normales,Normaal,Sec,Droog,Jour,En agglomération,Route régionale,Avec blessé(s) grave(s),Bicyclette,Voiture,Entre 2 conducteurs: Par le côté (avant/derrière-flanc),0
2019,08,17,Lievegem,Lievegem,Province de Flandre orientale,Région flamande,,,44085,"Inconnues, indéterminées",Onbekend,"Inconnu, indéterminé",Onbekend,"Inconnu, indéterminé",En agglomération,Route communale,Avec blessé(s) leger(s),Bicyclette,Autres,Entre 2 conducteurs: Collision frontale,1
2019,08,13,Deinze,Deinze,Province de Flandre orientale,Région flamande,50.981394,3.547927,44083,Normales,Normaal,Sec,Droog,Jour,Hors agglomération,Route régionale,Avec blessé(s) leger(s),Voiture,Bicyclette,Entre 2 conducteurs: Flanc contre flanc,1
2019,08,22,Neupré,Neupré,Province de Liège,Région wallonne,,,62121,Normales,Normaal,Sec,Droog,"Nuit, éclairage public présent et allumé",Hors agglomération,Route régionale,Avec blessé(s) grave(s),Voiture,Motocyclette,Entre 2 conducteurs: Par l'arrière,0
2019,08,19,Neupré,Neupré,Province de Liège,Région wallonne,,,62121,"Inconnues, indéterminées",Onbekend,"Inconnu, indéterminé",Onbekend,"Aube, crépuscule",En agglomération,Route communale,Avec blessé(s) leger(s),Cyclomoteur,usager/obstacle,Usager contre obstacle situé sur la chaussée,0
2019,08,14,Visé,Wezet,Province de Liège,Région wallonne,,,62108,Normales,Normaal,Sec,Droog,Jour,Hors agglomération,Route communale,Avec blessé(s) leger(s),Bicyclette,Bicyclette,Entre 2 conducteurs: Par le côté (avant/derrière-flanc),0
2019,08,11,Oupeye,Oupeye,Province de Liège,Région wallonne,,,62079,Normales,Normaal,Sec,Droog,Jour,Hors agglomération,Route communale,Avec blessé(s) leger(s),Cyclomoteur,Voiture,Entre 2 conducteurs: Par l'arrière,0
2019,08,09,Bullange,Büllingen,Province de Liège,Région wallonne,50.408276,6.291488,63012,Normales,Normaal,Sec,Droog,Jour,inconnu,Route communale,Avec blessé(s) leger(s),Bicyclette,usager/obstacle,Usager contre obstacle situé sur la chaussée,0
2019,08,13,Mouscron,Moeskroen,Province de Hainaut,Région wallonne,,,57096,Normales,Normaal,Sec,Droog,Jour,Hors agglomération,Route communale,Avec blessé(s) leger(s),Motocyclette,usager seul,"Un seul usager, pas d'obstacle (chute incl.)",0
2019,08,07,Courtrai,Kortrijk,Province de Flandre occidentale,Région flamande,50.800679,3.284465,34022,"Inconnues, indéterminées",Onbekend,"Inconnu, indéterminé",Onbekend,Jour,En agglomération,Route régionale,Avec blessé(s) leger(s),Motocyclette,usager seul,"Un seul usager, pas d'obstacle (chute incl.)",1
2019,08,23,Bruxelles,Brussel,,Région de Bruxelles-Capitale,50.845436,4.390791,21004,Normales,Normaal,Sec,Droog,"Nuit, éclairage public présent et allumé",En agglomération,Route régionale,Avec blessé(s) leger(s),Motocyclette,Voiture,Entre 2 conducteurs: Par l'arrière,0
2019,08,13,Anvers,Antwerpen,Province d’Anvers,Région flamande,51.231815,4.453515,11002,Normales,Normaal,Sec,Droog,Jour,En agglomération,Route régionale,Avec blessé(s) leger(s),Bicyclette,Voiture,Entre 2 conducteurs: Par l'arrière,0
2019,08,00,Anvers,Antwerpen,Province d’Anvers,Région flamande,,,11002,"Inconnues, indéterminées",Onbekend,"Inconnu, indéterminé",Onbekend,"Inconnu, indéterminé",inconnu,Route régionale,Avec blessé(s) leger(s),Cyclomoteur,Cyclomoteur,Entre 2 conducteurs: Flanc contre flanc,0
2019,08,17,Anvers,Antwerpen,Province d’Anvers,Région flamande,,,11002,Normales,Normaal,Sec,Droog,Jour,En agglomération,Route communale,Avec blessé(s) leger(s),Bicyclette,Voiture,Entre 2 conducteurs: Par le côté (avant/derrière-flanc),0
2019,08,10,Anvers,Antwerpen,Province d’Anvers,Région flamande,,,11002,"Inconnues, indéterminées",Onbekend,"Verglas, neige","Ijzel, sneeuw",Jour,inconnu,Route communale,Avec blessé(s) leger(s),Bicyclette,usager seul,"Un seul usager, pas d'obstacle (chute incl.)",0
2019,08,21,Duffel,Duffel,Province d’Anvers,Région flamande,,,12009,Normales,Normaal,Sec,Droog,"Nuit, éclairage public présent et allumé",En agglomération,Route communale,Avec blessé(s) leger(s),Bicyclette,Autres,Entre 2 conducteurs: Flanc contre flanc,0
2019,08,12,Meerhout,Meerhout,Province d’Anvers,Région flamande,,,13021,Normales,Normaal,Sec,Droog,Jour,Hors agglomération,Route communale,Avec blessé(s) grave(s),Autres,Bicyclette,Entre 2 conducteurs: Par le côté (avant/derrière-flanc),0
2019,08,20,Herentals,Herentals,Province d’Anvers,Région flamande,,,13011,Normales,Normaal,"Humide, mouillé, flaques","Nat, plassen","Aube, crépuscule",Hors agglomération,Route communale,Avec blessé(s) grave(s),Bicyclette,Bicyclette,Entre 2 conducteurs: Par le côté (avant/derrière-flanc),1
2019,08,14,Genk,Genk,Province de Limbourg,Région flamande,50.965109,5.47375,71016,Normales,Normaal,Sec,Droog,Jour,Hors agglomération,Route régionale,Avec blessé(s) grave(s),Bicyclette,usager seul,"Un seul usager, pas d'obstacle (chute incl.)",0
2019,08,08,Genk,Genk,Province de Limbourg,Région flamande,50.965036,5.476436,71016,"Inconnues, indéterminées",Onbekend,"Inconnu, indéterminé",Onbekend,Jour,Hors agglomération,Route régionale,Avec blessé(s) leger(s),Bicyclette,Voiture,Entre 2 conducteurs: Flanc contre flanc,0
2019,08,19,Rotselaar,Rotselaar,Province du Brabant flamand,Région flamande,50.959856,4.760929,24094,"Inconnues, indéterminées",Onbekend,"Inconnu, indéterminé",Onbekend,"Inconnu, indéterminé",En agglomération,Route communale,Avec blessé(s) leger(s),Bicyclette,Bicyclette,Entre 2 conducteurs: Par le côté (avant/derrière-flanc),0
2019,08,07,Gand,Gent,Province de Flandre orientale,Région flamande,51.021742,3.709248,44021,Normales,Normaal,Sec,Droog,Jour,En agglomération,Route régionale,Avec blessé(s) leger(s),Voiture,Bicyclette,Entre 2 conducteurs: Flanc contre flanc,1
2019,08,17,Gand,Gent,Province de Flandre orientale,Région flamande,51.034964,3.754389,44021,"Inconnues, indéterminées",Onbekend,"Inconnu, indéterminé",Onbekend,"Inconnu, indéterminé",En agglomération,Route régionale,Avec blessé(s) leger(s),Bicyclette,Voiture,Entre 2 conducteurs: Flanc contre flanc,0
2019,08,13,Anzegem,Anzegem,Province de Flandre occidentale,Région flamande,,,34002,"Inconnues, indéterminées",Onbekend,"Inconnu, indéterminé",Onbekend,Jour,Hors agglomération,Route communale,Avec blessé(s) leger(s),Bicyclette,Bicyclette,Entre 2 conducteurs: Par le côté (avant/derrière-flanc),0
2019,08,05,Ninove,Ninove,Province de Flandre orientale,Région flamande,50.848869,3.943099,41048,"Inconnues, indéterminées",Onbekend,"Inconnu, indéterminé",Onbekend,"Inconnu, indéterminé",En agglomération,Route communale,Avec blessé(s) leger(s),Bicyclette,Bicyclette,Entre 2 conducteurs: Collision frontale,0
2019,08,08,Termonde,Dendermonde,Province de Flandre orientale,Région flamande,51.037578,4.126117,42006,Normales,Normaal,Sec,Droog,Jour,Hors agglomération,Route régionale,Avec blessé(s) leger(s),Cyclomoteur,usager seul,"Un seul usager, pas d'obstacle (chute incl.)",1
2019,08,08,Roulers,Roeselare,Province de Flandre occidentale,Région flamande,50.946161,3.128153,36015,Normales,Normaal,Sec,Droog,Jour,En agglomération,Route communale,Avec blessé(s) grave(s),Bicyclette,usager/obstacle,Usager contre obstacle situé sur la chaussée,1
2019,08,12,Izegem,Izegem,Province de Flandre occidentale,Région flamande,50.901143,3.192021,36008,"Inconnues, indéterminées",Onbekend,"Inconnu, indéterminé",Onbekend,Jour,En agglomération,Route communale,Avec blessé(s) leger(s),Bicyclette,usager/obstacle,Usager contre obstacle situé sur la chaussée,0
2019,08,07,Dentergem,Dentergem,Province de Flandre occidentale,Région flamande,50.932646,3.40039,37002,"Inconnues, indéterminées",Onbekend,"Inconnu, indéterminé",Onbekend,"Inconnu, indéterminé",inconnu,Route communale,Avec blessé(s) leger(s),Bicyclette,Autres,Entre 2 conducteurs: Flanc contre flanc,0
2019,08,22,Courtrai,Kortrijk,Province de Flandre occidentale,Région flamande,,,34022,Normales,Normaal,Sec,Droog,"Nuit, éclairage public présent et allumé",En agglomération,Route communale,Avec blessé(s) leger(s),Bicyclette,usager/obstacle,Usager contre obstacle situé hors chaussée,0
2019,08,14,Dixmude,Diksmuide,Province de Flandre occidentale,Région flamande,51.031857,2.865815,32003,Normales,Normaal,Sec,Droog,Jour,En agglomération,Route régionale,Avec blessé(s) leger(s),Camionnette,Bicyclette,Entre 2 conducteurs: Par le côté (avant/derrière-flanc),0
2019,08,21,Lanaken,Lanaken,Province de Limbourg,Région flamande,50.915695,5.685576,73042,Normales,Normaal,Sec,Droog,"Nuit, pas d'éclairage public présent",En agglomération,Route communale,Avec blessé(s) leger(s),Cyclomoteur,usager/obstacle,Usager contre obstacle situé sur la chaussée,0
2019,08,16,Herstal,Herstal,Province de Liège,Région wallonne,,,62051,Normales,Normaal,Propre,Proper,Jour,En agglomération,Route communale,Avec blessé(s) leger(s),Motocyclette,Voiture,Entre 2 conducteurs: Par le côté (avant/derrière-flanc),0
2019,08,14,Oupeye,Oupeye,Province de Liège,Région wallonne,,,62079,Normales,Normaal,Sec+Propre,Droog+Proper,Jour,En agglomération,Route régionale,Avec blessé(s) leger(s),Bicyclette,usager seul,"Un seul usager, pas d'obstacle (chute incl.)",0
2019,08,17,Bruxelles,Brussel,,Région de Bruxelles-Capitale,,,21004,Normales,Normaal,Propre,Proper,"Aube, crépuscule",En agglomération,Route régionale,Avec blessé(s) leger(s),Camionnette,Bicyclette,Entre 2 conducteurs: Flanc contre flanc,1
2019,08,18,Lendelede,Lendelede,Province de Flandre occidentale,Région flamande,,,34025,Normales,Normaal,Sec,Droog,Jour,Hors agglomération,Route communale,Avec blessé(s) leger(s),Camion,Bicyclette,Entre 2 conducteurs: Par le côté (avant/derrière-flanc),0
2019,08,17,Termonde,Dendermonde,Province de Flandre orientale,Région flamande,,,42006,Normales,Normaal,Sec,Droog,Jour,Hors agglomération,Route communale,Avec blessé(s) grave(s),Bicyclette,Camion,Entre 2 conducteurs: Par le côté (avant/derrière-flanc),0
2019,08,18,Termonde,Dendermonde,Province de Flandre orientale,Région flamande,,,42006,Normales,Normaal,Sec,Droog,Jour,Hors agglomération,Route communale,Avec blessé(s) leger(s),Bicyclette,Camion,Entre 2 conducteurs: Par le côté (avant/derrière-flanc),0
2019,08,13,Gand,Gent,Province de Flandre orientale,Région flamande,,,44021,Normales,Normaal,Sec,Droog,Jour,En agglomération,Route régionale,Avec blessé(s) leger(s),Motocyclette,Voiture,Entre 2 conducteurs: Par le côté (avant/derrière-flanc),0
2019,08,12,Visé,Wezet,Province de Liège,Région wallonne,,,62108,Normales,Normaal,Sec+Propre,Droog+Proper,Jour,En agglomération,Route communale,Avec blessé(s) leger(s),Bicyclette,Voiture,Entre 2 conducteurs: Flanc contre flanc,1
2019,08,16,Louvain,Leuven,Province du Brabant flamand,Région flamande,,,24062,Normales,Normaal,Sec,Droog,Jour,En agglomération,Route communale,Avec blessé(s) grave(s),Bicyclette,usager seul,"Un seul usager, pas d'obstacle (chute incl.)",0
2019,08,17,Middelkerke,Middelkerke,Province de Flandre occidentale,Région flamande,,,35011,"Inconnues, indéterminées",Onbekend,Sec,Droog,Jour,En agglomération,Route communale,Avec blessé(s) leger(s),Bicyclette,usager seul,"Un seul usager, pas d'obstacle (chute incl.)",0
