site_id,site_location,site_lat,site_lon,site_district,direction_in,direction_out,route_id,route_short_name,route_long_name,route_type,route_type_name,route_url,nearest_stop_id,nearest_stop_name,nearest_stop_lat,nearest_stop_lon,distance_km
1,Machelen,50.91618331151478,4.456121776137429,Machelen,Machelen Cyclists rich. Brucargo,Machelen Cyclists richting Machelen,32200,R20,Zaventem Brussels Airport - Vilvoorde - Jette UZ,3,Bus,https://www.delijn.be/nl/lijnen/3220/?richtingCode=0,303590,Machelen Heirbaan,50.91817,4.44833,0.589
1,Machelen,50.91618331151478,4.456121776137429,Machelen,Machelen Cyclists rich. Brucargo,Machelen Cyclists richting Machelen,32251,25,(Nederokkerzeel) -Kortenberg - Steenokkerzeel - Vilvoorde -,3,Bus,https://www.delijn.be/nl/lijnen/3225/?richtingCode=1,303590,Machelen Heirbaan,50.91817,4.44833,0.589
1,Machelen,50.91618331151478,4.456121776137429,Machelen,Machelen Cyclists rich. Brucargo,Machelen Cyclists richting Machelen,32210,21,Zaventem Brussels Airport -Vilvoorde - Grimbergen - Merchtem,3,Bus,https://www.delijn.be/nl/lijnen/3221/?richtingCode=0,303590,Machelen Heirbaan,50.91817,4.44833,0.589
1,Machelen,50.91618331151478,4.456121776137429,Machelen,Machelen Cyclists rich. Brucargo,Machelen Cyclists richting Machelen,32211,21,Merchtem - Grimbergen - Vilvoorde -Zaventem Brussels Airport,3,Bus,https://www.delijn.be/nl/lijnen/3221/?richtingCode=1,303589,Machelen Heirbaan,50.918,4.44801,0.603
1,Machelen,50.91618331151478,4.456121776137429,Machelen,Machelen Cyclists rich. Brucargo,Machelen Cyclists richting Machelen,32250,25,Vilvoorde - Steenokkerzeel - Kortenberg - (Nederokkerzeel),3,Bus,https://www.delijn.be/nl/lijnen/3225/?richtingCode=0,303589,Machelen Heirbaan,50.918,4.44801,0.603
1,Machelen,50.91618331151478,4.456121776137429,Machelen,Machelen Cyclists rich. Brucargo,Machelen Cyclists richting Machelen,32201,R20,Jette UZ - Vilvoorde - Zaventem Brussels Airport,3,Bus,https://www.delijn.be/nl/lijnen/3220/?richtingCode=1,303589,Machelen Heirbaan,50.918,4.44801,0.603
1,Machelen,50.91618331151478,4.456121776137429,Machelen,Machelen Cyclists rich. Brucargo,Machelen Cyclists richting Machelen,35380,538,Vilvoorde - Diegem Lo - Zaventem Atheneum,3,Bus,https://www.delijn.be/nl/lijnen/3538/?richtingCode=0,306392,Machelen Kwekerijstraat,50.91709,4.4475,0.613
1,Machelen,50.91618331151478,4.456121776137429,Machelen,Machelen Cyclists rich. Brucargo,Machelen Cyclists richting Machelen,35381,538,Zaventem Atheneum - Diegem Lo - Vilvoorde,3,Bus,https://www.delijn.be/nl/lijnen/3538/?richtingCode=1,306393,Machelen Kwekerijstraat,50.91748,4.44713,0.647
1,Machelen,50.91618331151478,4.456121776137429,Machelen,Machelen Cyclists rich. Brucargo,Machelen Cyclists richting Machelen,32271,R27,Keerbergen - Haacht - Brussel Noord,3,Bus,https://www.delijn.be/nl/lijnen/3227/?richtingCode=1,310538,Machelen Cargo 758,50.90872,4.4554,0.831
2,Brasschaat 2,51.27512,4.47169,Brasschaat,Brasschaat 2 Fietsers rich Merksem,Brasschaat 2 Fietsers rich Brasschaat,16400,64,Loenhout - Wuustwezel - Brasschaat - Antwerpen,3,Bus,https://www.delijn.be/nl/lijnen/1640/?richtingCode=0,105727,Brasschaat Voshollei,51.27566,4.47237,0.076
2,Brasschaat 2,51.27512,4.47169,Brasschaat,Brasschaat 2 Fietsers rich Merksem,Brasschaat 2 Fietsers rich Brasschaat,16420,642,Maria ter Heide - Antwerpen via Miksebaan,3,Bus,https://www.delijn.be/nl/lijnen/1642/?richtingCode=0,105727,Brasschaat Voshollei,51.27566,4.47237,0.076
2,Brasschaat 2,51.27512,4.47169,Brasschaat,Brasschaat 2 Fietsers rich Merksem,Brasschaat 2 Fietsers rich Brasschaat,16421,642,Antwerpen - Maria ter Heide via Miksebaan,3,Bus,https://www.delijn.be/nl/lijnen/1642/?richtingCode=1,105728,Brasschaat Voshollei,51.27634,4.47357,0.188
2,Brasschaat 2,51.27512,4.47169,Brasschaat,Brasschaat 2 Fietsers rich Merksem,Brasschaat 2 Fietsers rich Brasschaat,16401,64,Antwerpen - Brasschaat - Wuustwezel - Loenhout,3,Bus,https://www.delijn.be/nl/lijnen/1640/?richtingCode=1,105728,Brasschaat Voshollei,51.27634,4.47357,0.188
2,Brasschaat 2,51.27512,4.47169,Brasschaat,Brasschaat 2 Fietsers rich Merksem,Brasschaat 2 Fietsers rich Brasschaat,16451,645,scholen Brasschaat - Wuustwezel - Loenhout,3,Bus,https://www.delijn.be/nl/lijnen/1645/?richtingCode=1,105728,Brasschaat Voshollei,51.27634,4.47357,0.188
2,Brasschaat 2,51.27512,4.47169,Brasschaat,Brasschaat 2 Fietsers rich Merksem,Brasschaat 2 Fietsers rich Brasschaat,16701,67,(Merksem) - Kapellen - Essen,3,Bus,https://www.delijn.be/nl/lijnen/1670/?richtingCode=1,108780,Brasschaat Sint-Michielscollege,51.27207,4.45849,0.979
2,Brasschaat 2,51.27512,4.47169,Brasschaat,Brasschaat 2 Fietsers rich Merksem,Brasschaat 2 Fietsers rich Brasschaat,16501,65,Merksem Zwaantjeslei - Kapellen,3,Bus,https://www.delijn.be/nl/lijnen/1650/?richtingCode=1,108780,Brasschaat Sint-Michielscollege,51.27207,4.45849,0.979
2,Brasschaat 2,51.27512,4.47169,Brasschaat,Brasschaat 2 Fietsers rich Merksem,Brasschaat 2 Fietsers rich Brasschaat,16591,659,Ekeren-Donk - Hoogstraten,3,Bus,https://www.delijn.be/nl/lijnen/1659/?richtingCode=1,108780,Brasschaat Sint-Michielscollege,51.27207,4.45849,0.979
2,Brasschaat 2,51.27512,4.47169,Brasschaat,Brasschaat 2 Fietsers rich Merksem,Brasschaat 2 Fietsers rich Brasschaat,16700,67,Essen - Kapellen - (Merksem),3,Bus,https://www.delijn.be/nl/lijnen/1670/?richtingCode=0,108775,Ekeren Sint-Michielscollege,51.27215,4.45813,0.999
2,Brasschaat 2,51.27512,4.47169,Brasschaat,Brasschaat 2 Fietsers rich Merksem,Brasschaat 2 Fietsers rich Brasschaat,16590,659,Hoogstraten - Ekeren-Donk,3,Bus,https://www.delijn.be/nl/lijnen/1659/?richtingCode=0,108775,Ekeren Sint-Michielscollege,51.27215,4.45813,0.999
2,Brasschaat 2,51.27512,4.47169,Brasschaat,Brasschaat 2 Fietsers rich Merksem,Brasschaat 2 Fietsers rich Brasschaat,16500,65,Kapellen - Merksem Zwaantjeslei,3,Bus,https://www.delijn.be/nl/lijnen/1650/?richtingCode=0,108775,Ekeren Sint-Michielscollege,51.27215,4.45813,0.999
3,Brasschaat 1,51.27503,4.47222,Brasschaat,Brasschaat 1 Fietsers rich Merksem,Brasschaat 1 Fietsers rich Brasschaat,16400,64,Loenhout - Wuustwezel - Brasschaat - Antwerpen,3,Bus,https://www.delijn.be/nl/lijnen/1640/?richtingCode=0,105727,Brasschaat Voshollei,51.27566,4.47237,0.071
3,Brasschaat 1,51.27503,4.47222,Brasschaat,Brasschaat 1 Fietsers rich Merksem,Brasschaat 1 Fietsers rich Brasschaat,16420,642,Maria ter Heide - Antwerpen via Miksebaan,3,Bus,https://www.delijn.be/nl/lijnen/1642/?richtingCode=0,105727,Brasschaat Voshollei,51.27566,4.47237,0.071
3,Brasschaat 1,51.27503,4.47222,Brasschaat,Brasschaat 1 Fietsers rich Merksem,Brasschaat 1 Fietsers rich Brasschaat,16421,642,Antwerpen - Maria ter Heide via Miksebaan,3,Bus,https://www.delijn.be/nl/lijnen/1642/?richtingCode=1,105728,Brasschaat Voshollei,51.27634,4.47357,0.173
3,Brasschaat 1,51.27503,4.47222,Brasschaat,Brasschaat 1 Fietsers rich Merksem,Brasschaat 1 Fietsers rich Brasschaat,16401,64,Antwerpen - Brasschaat - Wuustwezel - Loenhout,3,Bus,https://www.delijn.be/nl/lijnen/1640/?richtingCode=1,105728,Brasschaat Voshollei,51.27634,4.47357,0.173
3,Brasschaat 1,51.27503,4.47222,Brasschaat,Brasschaat 1 Fietsers rich Merksem,Brasschaat 1 Fietsers rich Brasschaat,16451,645,scholen Brasschaat - Wuustwezel - Loenhout,3,Bus,https://www.delijn.be/nl/lijnen/1645/?richtingCode=1,105728,Brasschaat Voshollei,51.27634,4.47357,0.173
4,Balen 1,51.16023,5.19011,Balen,Balen 1 Fietsers rich Leopoldsburg,Balen 1 Fietsers rich Balen,11721,172,Leopoldsburg - Heppen - Balen - Gompel - Mol,3,Bus,https://www.delijn.be/nl/lijnen/1172/?richtingCode=1,400354,Schoor Kapel,51.16154,5.18742,0.238
4,Balen 1,51.16023,5.19011,Balen,Balen 1 Fietsers rich Leopoldsburg,Balen 1 Fietsers rich Balen,11720,172,Mol - Gompel - Balen - Heppen - Leopoldsburg,3,Bus,https://www.delijn.be/nl/lijnen/1172/?richtingCode=0,400355,Schoor Kapel,51.16167,5.18709,0.265
5,Balen 2,51.16018,5.19003,Balen,Balen 2 Fietsers rich Balen,Balen 2 Fietsers rich Leopoldsburg,11721,172,Leopoldsburg - Heppen - Balen - Gompel - Mol,3,Bus,https://www.delijn.be/nl/lijnen/1172/?richtingCode=1,400354,Schoor Kapel,51.16154,5.18742,0.237
5,Balen 2,51.16018,5.19003,Balen,Balen 2 Fietsers rich Balen,Balen 2 Fietsers rich Leopoldsburg,11720,172,Mol - Gompel - Balen - Heppen - Leopoldsburg,3,Bus,https://www.delijn.be/nl/lijnen/1172/?richtingCode=0,400355,Schoor Kapel,51.16167,5.18709,0.264
6,Evergem 2,51.10894,3.70298,Evergem,Evergem 2 Fietsers rich Wondelgem,Evergem 2 Fietsers rich Hulleken,25510,551,Evergem - Sleidinge - Ertvelde - Zelzate,3,Bus,https://www.delijn.be/nl/lijnen/2551/?richtingCode=0,211857,Evergem Spoorwegstraat,51.10772,3.70538,0.216
6,Evergem 2,51.10894,3.70298,Evergem,Evergem 2 Fietsers rich Wondelgem,Evergem 2 Fietsers rich Hulleken,25620,562,Gent Sint-Pieters - Evergem - Sleidinge-Waarschoot-Eeklo,3,Bus,https://www.delijn.be/nl/lijnen/2562/?richtingCode=0,211857,Evergem Spoorwegstraat,51.10772,3.70538,0.216
6,Evergem 2,51.10894,3.70298,Evergem,Evergem 2 Fietsers rich Wondelgem,Evergem 2 Fietsers rich Hulleken,25660,56,Gent Zuid - Evergem - Sleidinge - Kaprijke - Eeklo,3,Bus,https://www.delijn.be/nl/lijnen/2566/?richtingCode=0,211857,Evergem Spoorwegstraat,51.10772,3.70538,0.216
6,Evergem 2,51.10894,3.70298,Evergem,Evergem 2 Fietsers rich Wondelgem,Evergem 2 Fietsers rich Hulleken,25640,564,Gent Zuid - Evergem - Ertvelde - Oosteeklo - Bassevelde,3,Bus,https://www.delijn.be/nl/lijnen/2564/?richtingCode=0,211857,Evergem Spoorwegstraat,51.10772,3.70538,0.216
6,Evergem 2,51.10894,3.70298,Evergem,Evergem 2 Fietsers rich Wondelgem,Evergem 2 Fietsers rich Hulleken,25650,565,Gent Zuid - Evergem - Doornzele,3,Bus,https://www.delijn.be/nl/lijnen/2565/?richtingCode=0,211857,Evergem Spoorwegstraat,51.10772,3.70538,0.216
6,Evergem 2,51.10894,3.70298,Evergem,Evergem 2 Fietsers rich Wondelgem,Evergem 2 Fietsers rich Hulleken,25630,563,Gent Zuid - Evergem - Ertvelde - Assenede - Boekhoute,3,Bus,https://www.delijn.be/nl/lijnen/2563/?richtingCode=0,211857,Evergem Spoorwegstraat,51.10772,3.70538,0.216
6,Evergem 2,51.10894,3.70298,Evergem,Evergem 2 Fietsers rich Wondelgem,Evergem 2 Fietsers rich Hulleken,26811,681,Evergem - Belzele - Vinderhoute - Gent Rabot,3,Bus,https://www.delijn.be/nl/lijnen/2681/?richtingCode=1,211857,Evergem Spoorwegstraat,51.10772,3.70538,0.216
6,Evergem 2,51.10894,3.70298,Evergem,Evergem 2 Fietsers rich Wondelgem,Evergem 2 Fietsers rich Hulleken,25661,56,Eeklo - Kaprijke - Sleidinge - Evergem - Gent Zuid,3,Bus,https://www.delijn.be/nl/lijnen/2566/?richtingCode=1,210857,Evergem Spoorwegstraat,51.10762,3.7053,0.219
6,Evergem 2,51.10894,3.70298,Evergem,Evergem 2 Fietsers rich Wondelgem,Evergem 2 Fietsers rich Hulleken,25621,562,Eeklo-Waarschoot-Sleidinge - Evergem - Gent Sint-Pieters,3,Bus,https://www.delijn.be/nl/lijnen/2562/?richtingCode=1,210857,Evergem Spoorwegstraat,51.10762,3.7053,0.219
6,Evergem 2,51.10894,3.70298,Evergem,Evergem 2 Fietsers rich Wondelgem,Evergem 2 Fietsers rich Hulleken,25511,551,Zelzate - Ertvelde - Sleidinge - Evergem,3,Bus,https://www.delijn.be/nl/lijnen/2551/?richtingCode=1,210857,Evergem Spoorwegstraat,51.10762,3.7053,0.219
6,Evergem 2,51.10894,3.70298,Evergem,Evergem 2 Fietsers rich Wondelgem,Evergem 2 Fietsers rich Hulleken,25631,563,Boekhoute - Assenede - Ertvelde - Evergem - Gent Zuid,3,Bus,https://www.delijn.be/nl/lijnen/2563/?richtingCode=1,210857,Evergem Spoorwegstraat,51.10762,3.7053,0.219
6,Evergem 2,51.10894,3.70298,Evergem,Evergem 2 Fietsers rich Wondelgem,Evergem 2 Fietsers rich Hulleken,25641,564,Bassevelde - Oosteeklo - Ertvelde - Evergem - Gent Zuid,3,Bus,https://www.delijn.be/nl/lijnen/2564/?richtingCode=1,210857,Evergem Spoorwegstraat,51.10762,3.7053,0.219
6,Evergem 2,51.10894,3.70298,Evergem,Evergem 2 Fietsers rich Wondelgem,Evergem 2 Fietsers rich Hulleken,25651,565,Doornzele - Evergem - Gent Zuid,3,Bus,https://www.delijn.be/nl/lijnen/2565/?richtingCode=1,210857,Evergem Spoorwegstraat,51.10762,3.7053,0.219
6,Evergem 2,51.10894,3.70298,Evergem,Evergem 2 Fietsers rich Wondelgem,Evergem 2 Fietsers rich Hulleken,26810,681,Gent Rabot - Vinderhoute - Belzele - Evergem,3,Bus,https://www.delijn.be/nl/lijnen/2681/?richtingCode=0,210857,Evergem Spoorwegstraat,51.10762,3.7053,0.219
6,Evergem 2,51.10894,3.70298,Evergem,Evergem 2 Fietsers rich Wondelgem,Evergem 2 Fietsers rich Hulleken,25491,54,Doornzele - Evergem - Belzele,3,Bus,https://www.delijn.be/nl/lijnen/2549/?richtingCode=1,203018,Evergem Kerkhof,51.11153,3.70222,0.293
6,Evergem 2,51.10894,3.70298,Evergem,Evergem 2 Fietsers rich Wondelgem,Evergem 2 Fietsers rich Hulleken,25490,54,Belzele - Evergem - Doornzele,3,Bus,https://www.delijn.be/nl/lijnen/2549/?richtingCode=0,203655,Evergem Kerkhof,51.1117,3.70322,0.307
7,Evergem 1,51.1089,3.70317,Evergem,Evergem_1 [Bike IN] / Evergem 1 Fietsers rich Wondelgem,Evergem_1 [Bike OUT] / Evergem 1 Fietsers rich Hulleken,25510,551,Evergem - Sleidinge - Ertvelde - Zelzate,3,Bus,https://www.delijn.be/nl/lijnen/2551/?richtingCode=0,211857,Evergem Spoorwegstraat,51.10772,3.70538,0.203
7,Evergem 1,51.1089,3.70317,Evergem,Evergem_1 [Bike IN] / Evergem 1 Fietsers rich Wondelgem,Evergem_1 [Bike OUT] / Evergem 1 Fietsers rich Hulleken,25620,562,Gent Sint-Pieters - Evergem - Sleidinge-Waarschoot-Eeklo,3,Bus,https://www.delijn.be/nl/lijnen/2562/?richtingCode=0,211857,Evergem Spoorwegstraat,51.10772,3.70538,0.203
7,Evergem 1,51.1089,3.70317,Evergem,Evergem_1 [Bike IN] / Evergem 1 Fietsers rich Wondelgem,Evergem_1 [Bike OUT] / Evergem 1 Fietsers rich Hulleken,25660,56,Gent Zuid - Evergem - Sleidinge - Kaprijke - Eeklo,3,Bus,https://www.delijn.be/nl/lijnen/2566/?richtingCode=0,211857,Evergem Spoorwegstraat,51.10772,3.70538,0.203
7,Evergem 1,51.1089,3.70317,Evergem,Evergem_1 [Bike IN] / Evergem 1 Fietsers rich Wondelgem,Evergem_1 [Bike OUT] / Evergem 1 Fietsers rich Hulleken,25640,564,Gent Zuid - Evergem - Ertvelde - Oosteeklo - Bassevelde,3,Bus,https://www.delijn.be/nl/lijnen/2564/?richtingCode=0,211857,Evergem Spoorwegstraat,51.10772,3.70538,0.203
7,Evergem 1,51.1089,3.70317,Evergem,Evergem_1 [Bike IN] / Evergem 1 Fietsers rich Wondelgem,Evergem_1 [Bike OUT] / Evergem 1 Fietsers rich Hulleken,25650,565,Gent Zuid - Evergem - Doornzele,3,Bus,https://www.delijn.be/nl/lijnen/2565/?richtingCode=0,211857,Evergem Spoorwegstraat,51.10772,3.70538,0.203
7,Evergem 1,51.1089,3.70317,Evergem,Evergem_1 [Bike IN] / Evergem 1 Fietsers rich Wondelgem,Evergem_1 [Bike OUT] / Evergem 1 Fietsers rich Hulleken,25630,563,Gent Zuid - Evergem - Ertvelde - Assenede - Boekhoute,3,Bus,https://www.delijn.be/nl/lijnen/2563/?richtingCode=0,211857,Evergem Spoorwegstraat,51.10772,3.70538,0.203
7,Evergem 1,51.1089,3.70317,Evergem,Evergem_1 [Bike IN] / Evergem 1 Fietsers rich Wondelgem,Evergem_1 [Bike OUT] / Evergem 1 Fietsers rich Hulleken,26811,681,Evergem - Belzele - Vinderhoute - Gent Rabot,3,Bus,https://www.delijn.be/nl/lijnen/2681/?richtingCode=1,211857,Evergem Spoorwegstraat,51.10772,3.70538,0.203
7,Evergem 1,51.1089,3.70317,Evergem,Evergem_1 [Bike IN] / Evergem 1 Fietsers rich Wondelgem,Evergem_1 [Bike OUT] / Evergem 1 Fietsers rich Hulleken,25661,56,Eeklo - Kaprijke - Sleidinge - Evergem - Gent Zuid,3,Bus,https://www.delijn.be/nl/lijnen/2566/?richtingCode=1,210857,Evergem Spoorwegstraat,51.10762,3.7053,0.206
7,Evergem 1,51.1089,3.70317,Evergem,Evergem_1 [Bike IN] / Evergem 1 Fietsers rich Wondelgem,Evergem_1 [Bike OUT] / Evergem 1 Fietsers rich Hulleken,25621,562,Eeklo-Waarschoot-Sleidinge - Evergem - Gent Sint-Pieters,3,Bus,https://www.delijn.be/nl/lijnen/2562/?richtingCode=1,210857,Evergem Spoorwegstraat,51.10762,3.7053,0.206
7,Evergem 1,51.1089,3.70317,Evergem,Evergem_1 [Bike IN] / Evergem 1 Fietsers rich Wondelgem,Evergem_1 [Bike OUT] / Evergem 1 Fietsers rich Hulleken,25511,551,Zelzate - Ertvelde - Sleidinge - Evergem,3,Bus,https://www.delijn.be/nl/lijnen/2551/?richtingCode=1,210857,Evergem Spoorwegstraat,51.10762,3.7053,0.206
7,Evergem 1,51.1089,3.70317,Evergem,Evergem_1 [Bike IN] / Evergem 1 Fietsers rich Wondelgem,Evergem_1 [Bike OUT] / Evergem 1 Fietsers rich Hulleken,25631,563,Boekhoute - Assenede - Ertvelde - Evergem - Gent Zuid,3,Bus,https://www.delijn.be/nl/lijnen/2563/?richtingCode=1,210857,Evergem Spoorwegstraat,51.10762,3.7053,0.206
7,Evergem 1,51.1089,3.70317,Evergem,Evergem_1 [Bike IN] / Evergem 1 Fietsers rich Wondelgem,Evergem_1 [Bike OUT] / Evergem 1 Fietsers rich Hulleken,25641,564,Bassevelde - Oosteeklo - Ertvelde - Evergem - Gent Zuid,3,Bus,https://www.delijn.be/nl/lijnen/2564/?richtingCode=1,210857,Evergem Spoorwegstraat,51.10762,3.7053,0.206
7,Evergem 1,51.1089,3.70317,Evergem,Evergem_1 [Bike IN] / Evergem 1 Fietsers rich Wondelgem,Evergem_1 [Bike OUT] / Evergem 1 Fietsers rich Hulleken,25651,565,Doornzele - Evergem - Gent Zuid,3,Bus,https://www.delijn.be/nl/lijnen/2565/?richtingCode=1,210857,Evergem Spoorwegstraat,51.10762,3.7053,0.206
7,Evergem 1,51.1089,3.70317,Evergem,Evergem_1 [Bike IN] / Evergem 1 Fietsers rich Wondelgem,Evergem_1 [Bike OUT] / Evergem 1 Fietsers rich Hulleken,26810,681,Gent Rabot - Vinderhoute - Belzele - Evergem,3,Bus,https://www.delijn.be/nl/lijnen/2681/?richtingCode=0,210857,Evergem Spoorwegstraat,51.10762,3.7053,0.206
7,Evergem 1,51.1089,3.70317,Evergem,Evergem_1 [Bike IN] / Evergem 1 Fietsers rich Wondelgem,Evergem_1 [Bike OUT] / Evergem 1 Fietsers rich Hulleken,25491,54,Doornzele - Evergem - Belzele,3,Bus,https://www.delijn.be/nl/lijnen/2549/?richtingCode=1,203018,Evergem Kerkhof,51.11153,3.70222,0.3
7,Evergem 1,51.1089,3.70317,Evergem,Evergem_1 [Bike IN] / Evergem 1 Fietsers rich Wondelgem,Evergem_1 [Bike OUT] / Evergem 1 Fietsers rich Hulleken,25490,54,Belzele - Evergem - Doornzele,3,Bus,https://www.delijn.be/nl/lijnen/2549/?richtingCode=0,203655,Evergem Kerkhof,51.1117,3.70322,0.311
8,Heist op den Berg 1,51.06759,4.68823,Heist-op-den-Berg,Heist op den Berg Fietsers rich Mechelen,Heist op den Berg Fietsers rich Heist op den Berg,15340,534,Heist - Putte - Keerbergen scholen,3,Bus,https://www.delijn.be/nl/lijnen/1534/?richtingCode=0,108118,Beerzel Kroonstraat,51.06719,4.68559,0.19
8,Heist op den Berg 1,51.06759,4.68823,Heist-op-den-Berg,Heist op den Berg Fietsers rich Mechelen,Heist op den Berg Fietsers rich Heist op den Berg,15190,519,Heist-op-den-Berg - Beerzel - Putte - Waver scholen,3,Bus,https://www.delijn.be/nl/lijnen/1519/?richtingCode=0,108118,Beerzel Kroonstraat,51.06719,4.68559,0.19
8,Heist op den Berg 1,51.06759,4.68823,Heist-op-den-Berg,Heist op den Berg Fietsers rich Mechelen,Heist op den Berg Fietsers rich Heist op den Berg,15111,51b,Herentals - Heist-op-den-Berg - Mechelen,3,Bus,https://www.delijn.be/nl/lijnen/1511/?richtingCode=1,108118,Beerzel Kroonstraat,51.06719,4.68559,0.19
8,Heist op den Berg 1,51.06759,4.68823,Heist-op-den-Berg,Heist op den Berg Fietsers rich Mechelen,Heist op den Berg Fietsers rich Heist op den Berg,15101,51a,Geel - Westerlo - Hulshout - Heist-op-den-Berg - Mechelen,3,Bus,https://www.delijn.be/nl/lijnen/1510/?richtingCode=1,108118,Beerzel Kroonstraat,51.06719,4.68559,0.19
8,Heist op den Berg 1,51.06759,4.68823,Heist-op-den-Berg,Heist op den Berg Fietsers rich Mechelen,Heist op den Berg Fietsers rich Heist op den Berg,15191,519,Waver scholen - Putte - Beerzel - Heist-op-den-Berg,3,Bus,https://www.delijn.be/nl/lijnen/1519/?richtingCode=1,108107,Beerzel Kroonstraat,51.06639,4.68523,0.248
8,Heist op den Berg 1,51.06759,4.68823,Heist-op-den-Berg,Heist op den Berg Fietsers rich Mechelen,Heist op den Berg Fietsers rich Heist op den Berg,15341,534,Keerbergen scholen - Putte - Heist,3,Bus,https://www.delijn.be/nl/lijnen/1534/?richtingCode=1,108107,Beerzel Kroonstraat,51.06639,4.68523,0.248
8,Heist op den Berg 1,51.06759,4.68823,Heist-op-den-Berg,Heist op den Berg Fietsers rich Mechelen,Heist op den Berg Fietsers rich Heist op den Berg,15110,51b,Mechelen - Heist-op-den-Berg - Herentals,3,Bus,https://www.delijn.be/nl/lijnen/1511/?richtingCode=0,108117,Beerzel Kroonstraat,51.06682,4.68444,0.278
8,Heist op den Berg 1,51.06759,4.68823,Heist-op-den-Berg,Heist op den Berg Fietsers rich Mechelen,Heist op den Berg Fietsers rich Heist op den Berg,15100,51a,Mechelen - Heist-op-den-Berg - Hulshout - Westerlo - Geel,3,Bus,https://www.delijn.be/nl/lijnen/1510/?richtingCode=0,108117,Beerzel Kroonstraat,51.06682,4.68444,0.278
9,Heist op den Berg 2,51.06904,4.69524,Heist-op-den-Berg,Heist op den Berg 2 Fietsers rich Mechelen,Heist op den Berg 2 Fietsers rich Heist op den Berg,15340,534,Heist - Putte - Keerbergen scholen,3,Bus,https://www.delijn.be/nl/lijnen/1534/?richtingCode=0,108121,Heist-op-den-Berg Kruispunt,51.06893,4.69412,0.079
9,Heist op den Berg 2,51.06904,4.69524,Heist-op-den-Berg,Heist op den Berg 2 Fietsers rich Mechelen,Heist op den Berg 2 Fietsers rich Heist op den Berg,15190,519,Heist-op-den-Berg - Beerzel - Putte - Waver scholen,3,Bus,https://www.delijn.be/nl/lijnen/1519/?richtingCode=0,108121,Heist-op-den-Berg Kruispunt,51.06893,4.69412,0.079
9,Heist op den Berg 2,51.06904,4.69524,Heist-op-den-Berg,Heist op den Berg 2 Fietsers rich Mechelen,Heist op den Berg 2 Fietsers rich Heist op den Berg,15111,51b,Herentals - Heist-op-den-Berg - Mechelen,3,Bus,https://www.delijn.be/nl/lijnen/1511/?richtingCode=1,108121,Heist-op-den-Berg Kruispunt,51.06893,4.69412,0.079
9,Heist op den Berg 2,51.06904,4.69524,Heist-op-den-Berg,Heist op den Berg 2 Fietsers rich Mechelen,Heist op den Berg 2 Fietsers rich Heist op den Berg,15101,51a,Geel - Westerlo - Hulshout - Heist-op-den-Berg - Mechelen,3,Bus,https://www.delijn.be/nl/lijnen/1510/?richtingCode=1,108121,Heist-op-den-Berg Kruispunt,51.06893,4.69412,0.079
9,Heist op den Berg 2,51.06904,4.69524,Heist-op-den-Berg,Heist op den Berg 2 Fietsers rich Mechelen,Heist op den Berg 2 Fietsers rich Heist op den Berg,15191,519,Waver scholen - Putte - Beerzel - Heist-op-den-Berg,3,Bus,https://www.delijn.be/nl/lijnen/1519/?richtingCode=1,108119,Heist-op-den-Berg Kruispunt,51.06879,4.69407,0.086
9,Heist op den Berg 2,51.06904,4.69524,Heist-op-den-Berg,Heist op den Berg 2 Fietsers rich Mechelen,Heist op den Berg 2 Fietsers rich Heist op den Berg,15341,534,Keerbergen scholen - Putte - Heist,3,Bus,https://www.delijn.be/nl/lijnen/1534/?richtingCode=1,108119,Heist-op-den-Berg Kruispunt,51.06879,4.69407,0.086
9,Heist op den Berg 2,51.06904,4.69524,Heist-op-den-Berg,Heist op den Berg 2 Fietsers rich Mechelen,Heist op den Berg 2 Fietsers rich Heist op den Berg,15110,51b,Mechelen - Heist-op-den-Berg - Herentals,3,Bus,https://www.delijn.be/nl/lijnen/1511/?richtingCode=0,108119,Heist-op-den-Berg Kruispunt,51.06879,4.69407,0.086
9,Heist op den Berg 2,51.06904,4.69524,Heist-op-den-Berg,Heist op den Berg 2 Fietsers rich Mechelen,Heist op den Berg 2 Fietsers rich Heist op den Berg,15100,51a,Mechelen - Heist-op-den-Berg - Hulshout - Westerlo - Geel,3,Bus,https://www.delijn.be/nl/lijnen/1510/?richtingCode=0,108119,Heist-op-den-Berg Kruispunt,51.06879,4.69407,0.086
9,Heist op den Berg 2,51.06904,4.69524,Heist-op-den-Berg,Heist op den Berg 2 Fietsers rich Mechelen,Heist op den Berg 2 Fietsers rich Heist op den Berg,17500,75,Heist-op-den-Berg - Schriek - Tremelo,3,Bus,https://www.delijn.be/nl/lijnen/1750/?richtingCode=0,108122,Heist-op-den-Berg Kapel,51.07187,4.70271,0.609
9,Heist op den Berg 2,51.06904,4.69524,Heist-op-den-Berg,Heist op den Berg 2 Fietsers rich Mechelen,Heist op den Berg 2 Fietsers rich Heist op den Berg,11601,160,Heist-op-den-Berg - Pijpelheide - Begijnendijk - Aarschot,3,Bus,https://www.delijn.be/nl/lijnen/1160/?richtingCode=1,108122,Heist-op-den-Berg Kapel,51.07187,4.70271,0.609
9,Heist op den Berg 2,51.06904,4.69524,Heist-op-den-Berg,Heist op den Berg 2 Fietsers rich Mechelen,Heist op den Berg 2 Fietsers rich Heist op den Berg,18490,849,Heist-op-den-Berg - Herenthout - Grobbendonk - Vorselaar,3,Bus,https://www.delijn.be/nl/lijnen/1849/?richtingCode=0,108122,Heist-op-den-Berg Kapel,51.07187,4.70271,0.609
9,Heist op den Berg 2,51.06904,4.69524,Heist-op-den-Berg,Heist op den Berg 2 Fietsers rich Mechelen,Heist op den Berg 2 Fietsers rich Heist op den Berg,15151,515,Heist-op-den-Berg Scholen - Herselt,3,Bus,https://www.delijn.be/nl/lijnen/1515/?richtingCode=1,108122,Heist-op-den-Berg Kapel,51.07187,4.70271,0.609
9,Heist op den Berg 2,51.06904,4.69524,Heist-op-den-Berg,Heist op den Berg 2 Fietsers rich Mechelen,Heist op den Berg 2 Fietsers rich Heist op den Berg,15800,58,Lier - Koningshooikt - Berlaar - Heist-op-den-Berg,3,Bus,https://www.delijn.be/nl/lijnen/1580/?richtingCode=0,108122,Heist-op-den-Berg Kapel,51.07187,4.70271,0.609
9,Heist op den Berg 2,51.06904,4.69524,Heist-op-den-Berg,Heist op den Berg 2 Fietsers rich Mechelen,Heist op den Berg 2 Fietsers rich Heist op den Berg,11611,161,Heist-op-den-Berg - Booischot - Begijnendijk - Aarschot,3,Bus,https://www.delijn.be/nl/lijnen/1161/?richtingCode=1,108122,Heist-op-den-Berg Kapel,51.07187,4.70271,0.609
9,Heist op den Berg 2,51.06904,4.69524,Heist-op-den-Berg,Heist op den Berg 2 Fietsers rich Mechelen,Heist op den Berg 2 Fietsers rich Heist op den Berg,18491,849,Vorselaar - Grobbendonk - Herenthout - Heist-op-den-Berg,3,Bus,https://www.delijn.be/nl/lijnen/1849/?richtingCode=1,109620,Heist-op-den-Berg College,51.07334,4.70191,0.668
9,Heist op den Berg 2,51.06904,4.69524,Heist-op-den-Berg,Heist op den Berg 2 Fietsers rich Mechelen,Heist op den Berg 2 Fietsers rich Heist op den Berg,15150,515,Herselt - Heist -op-den-Berg Scholen,3,Bus,https://www.delijn.be/nl/lijnen/1515/?richtingCode=0,109620,Heist-op-den-Berg College,51.07334,4.70191,0.668
9,Heist op den Berg 2,51.06904,4.69524,Heist-op-den-Berg,Heist op den Berg 2 Fietsers rich Mechelen,Heist op den Berg 2 Fietsers rich Heist op den Berg,11610,161,Aarschot - Booischot - Begijnendijk - Heist-op-den-Berg,3,Bus,https://www.delijn.be/nl/lijnen/1161/?richtingCode=0,109620,Heist-op-den-Berg College,51.07334,4.70191,0.668
9,Heist op den Berg 2,51.06904,4.69524,Heist-op-den-Berg,Heist op den Berg 2 Fietsers rich Mechelen,Heist op den Berg 2 Fietsers rich Heist op den Berg,17501,75,Tremelo - Schriek - Heist-op-den-Berg,3,Bus,https://www.delijn.be/nl/lijnen/1750/?richtingCode=1,109620,Heist-op-den-Berg College,51.07334,4.70191,0.668
9,Heist op den Berg 2,51.06904,4.69524,Heist-op-den-Berg,Heist op den Berg 2 Fietsers rich Mechelen,Heist op den Berg 2 Fietsers rich Heist op den Berg,11600,160,Aarschot - Begijnendijk - Pijpelheide - Heist-op-den-Berg,3,Bus,https://www.delijn.be/nl/lijnen/1160/?richtingCode=0,109620,Heist-op-den-Berg College,51.07334,4.70191,0.668
9,Heist op den Berg 2,51.06904,4.69524,Heist-op-den-Berg,Heist op den Berg 2 Fietsers rich Mechelen,Heist op den Berg 2 Fietsers rich Heist op den Berg,15801,58,Heist-op-den-Berg - Berlaar - Koningshooikt - Lier,3,Bus,https://www.delijn.be/nl/lijnen/1580/?richtingCode=1,108123,Heist-op-den-Berg Kapel,51.07248,4.70369,0.703
10,Aalst 2,50.93549,4.01571,Aalst,Aalst_2 Fietser rich Zurendries,Aalst_2 Fietser rich Aalst,20231,2,AZORG Merestraat - Erembodegem - Aalst Station,3,Bus,https://www.delijn.be/nl/lijnen/2023/?richtingCode=1,217022,Aalst Crematorium,50.93493,4.01303,0.198
10,Aalst 2,50.93549,4.01571,Aalst,Aalst_2 Fietser rich Zurendries,Aalst_2 Fietser rich Aalst,20230,2,Aalst Station - Erembodegem - AZORG Merestraat,3,Bus,https://www.delijn.be/nl/lijnen/2023/?richtingCode=0,216022,Aalst Crematorium,50.93477,4.01306,0.202
10,Aalst 2,50.93549,4.01571,Aalst,Aalst_2 Fietser rich Zurendries,Aalst_2 Fietser rich Aalst,21070,1,AZORG Merestraat - Station - Oude Abdijstraat,3,Bus,https://www.delijn.be/nl/lijnen/2107/?richtingCode=0,216095,Aalst AZORG Merestraat,50.93506,4.01942,0.264
10,Aalst 2,50.93549,4.01571,Aalst,Aalst_2 Fietser rich Zurendries,Aalst_2 Fietser rich Aalst,21071,1,Aalst Oude Abdijstraat - Station - AZORG Merestraat,3,Bus,https://www.delijn.be/nl/lijnen/2107/?richtingCode=1,216095,Aalst AZORG Merestraat,50.93506,4.01942,0.264
10,Aalst 2,50.93549,4.01571,Aalst,Aalst_2 Fietser rich Zurendries,Aalst_2 Fietser rich Aalst,22090,209,Massemen - Oordegem - Impe - Erpe Vijfhuizen - Aalst,3,Bus,https://www.delijn.be/nl/lijnen/2209/?richtingCode=0,206522,Aalst Welvaartstraat,50.93913,4.0194,0.48
10,Aalst 2,50.93549,4.01571,Aalst,Aalst_2 Fietser rich Zurendries,Aalst_2 Fietser rich Aalst,22540,254,Uitbergen - Lede - Erpe Vijfhuizen - Aalst,3,Bus,https://www.delijn.be/nl/lijnen/2254/?richtingCode=0,206522,Aalst Welvaartstraat,50.93913,4.0194,0.48
10,Aalst 2,50.93549,4.01571,Aalst,Aalst_2 Fietser rich Zurendries,Aalst_2 Fietser rich Aalst,22521,252,Zottegem - Hillegem - Borsbeke - Vlekkem - Erpe - Aalst,3,Bus,https://www.delijn.be/nl/lijnen/2252/?richtingCode=1,206522,Aalst Welvaartstraat,50.93913,4.0194,0.48
10,Aalst 2,50.93549,4.01571,Aalst,Aalst_2 Fietser rich Zurendries,Aalst_2 Fietser rich Aalst,22050,20,Gent Sint-Pieters - Melle - Oordegem -Erpe Vijfhuizen -Aalst,3,Bus,https://www.delijn.be/nl/lijnen/2205/?richtingCode=0,206522,Aalst Welvaartstraat,50.93913,4.0194,0.48
10,Aalst 2,50.93549,4.01571,Aalst,Aalst_2 Fietser rich Zurendries,Aalst_2 Fietser rich Aalst,22531,253,Herzele - Ressegem - Erpe - Aalst,3,Bus,https://www.delijn.be/nl/lijnen/2253/?richtingCode=1,206522,Aalst Welvaartstraat,50.93913,4.0194,0.48
10,Aalst 2,50.93549,4.01571,Aalst,Aalst_2 Fietser rich Zurendries,Aalst_2 Fietser rich Aalst,22571,25,Zottegem - Herzele - Houtem - Burst - Erpe - Aalst,3,Bus,https://www.delijn.be/nl/lijnen/2257/?richtingCode=1,206522,Aalst Welvaartstraat,50.93913,4.0194,0.48
10,Aalst 2,50.93549,4.01571,Aalst,Aalst_2 Fietser rich Zurendries,Aalst_2 Fietser rich Aalst,22520,252,Aalst - Erpe - Vlekkem - Borsbeke - Hillegem - Zottegem,3,Bus,https://www.delijn.be/nl/lijnen/2252/?richtingCode=0,217522,Aalst Welvaartstraat,50.93928,4.01941,0.495
10,Aalst 2,50.93549,4.01571,Aalst,Aalst_2 Fietser rich Zurendries,Aalst_2 Fietser rich Aalst,22530,253,Aalst - Erpe - Ressegem - Herzele,3,Bus,https://www.delijn.be/nl/lijnen/2253/?richtingCode=0,217522,Aalst Welvaartstraat,50.93928,4.01941,0.495
10,Aalst 2,50.93549,4.01571,Aalst,Aalst_2 Fietser rich Zurendries,Aalst_2 Fietser rich Aalst,22570,25,Aalst - Erpe - Burst - Houtem - Herzele - Zottegem,3,Bus,https://www.delijn.be/nl/lijnen/2257/?richtingCode=0,217522,Aalst Welvaartstraat,50.93928,4.01941,0.495
10,Aalst 2,50.93549,4.01571,Aalst,Aalst_2 Fietser rich Zurendries,Aalst_2 Fietser rich Aalst,22051,20,Aalst -Erpe Vijfhuizen -Oordegem -Melle - Gent Sint-Pieters,3,Bus,https://www.delijn.be/nl/lijnen/2205/?richtingCode=1,217522,Aalst Welvaartstraat,50.93928,4.01941,0.495
10,Aalst 2,50.93549,4.01571,Aalst,Aalst_2 Fietser rich Zurendries,Aalst_2 Fietser rich Aalst,22091,209,Aalst - Erpe Vijfhuizen - Impe - Oordegem - Massemen,3,Bus,https://www.delijn.be/nl/lijnen/2209/?richtingCode=1,217522,Aalst Welvaartstraat,50.93928,4.01941,0.495
10,Aalst 2,50.93549,4.01571,Aalst,Aalst_2 Fietser rich Zurendries,Aalst_2 Fietser rich Aalst,22541,254,Aalst - Erpe Vijfhuizen - Lede - Uitbergen,3,Bus,https://www.delijn.be/nl/lijnen/2254/?richtingCode=1,217522,Aalst Welvaartstraat,50.93928,4.01941,0.495
10,Aalst 2,50.93549,4.01571,Aalst,Aalst_2 Fietser rich Zurendries,Aalst_2 Fietser rich Aalst,28750,87,Aalst - Haaltert - Aspelare - Geraardsbergen,3,Bus,https://www.delijn.be/nl/lijnen/2875/?richtingCode=0,207063,Nieuwerkerken Odisee,50.93141,4.02213,0.639
10,Aalst 2,50.93549,4.01571,Aalst,Aalst_2 Fietser rich Zurendries,Aalst_2 Fietser rich Aalst,28070,80,Aalst - Ede - Mere - Aaigem - Heldergem,3,Bus,https://www.delijn.be/nl/lijnen/2807/?richtingCode=0,207063,Nieuwerkerken Odisee,50.93141,4.02213,0.639
10,Aalst 2,50.93549,4.01571,Aalst,Aalst_2 Fietser rich Zurendries,Aalst_2 Fietser rich Aalst,28020,802,Aalst - Ede - Haaltert - Heldergem - Woubrechtegem,3,Bus,https://www.delijn.be/nl/lijnen/2802/?richtingCode=0,207063,Nieuwerkerken Odisee,50.93141,4.02213,0.639
10,Aalst 2,50.93549,4.01571,Aalst,Aalst_2 Fietser rich Zurendries,Aalst_2 Fietser rich Aalst,28030,803,Aalst - Ede - Kerksken Stichelen,3,Bus,https://www.delijn.be/nl/lijnen/2803/?richtingCode=0,207063,Nieuwerkerken Odisee,50.93141,4.02213,0.639
10,Aalst 2,50.93549,4.01571,Aalst,Aalst_2 Fietser rich Zurendries,Aalst_2 Fietser rich Aalst,28040,804,Aalst - Mere - Burst - Heldergem,3,Bus,https://www.delijn.be/nl/lijnen/2804/?richtingCode=0,207063,Nieuwerkerken Odisee,50.93141,4.02213,0.639
10,Aalst 2,50.93549,4.01571,Aalst,Aalst_2 Fietser rich Zurendries,Aalst_2 Fietser rich Aalst,28751,87,Geraardsbergen - Aspelare - Haaltert - Aalst,3,Bus,https://www.delijn.be/nl/lijnen/2875/?richtingCode=1,206063,Nieuwerkerken Odisee,50.9313,4.02206,0.644
10,Aalst 2,50.93549,4.01571,Aalst,Aalst_2 Fietser rich Zurendries,Aalst_2 Fietser rich Aalst,28071,80,Heldergem - Aaigem - Mere - Ede - Aalst,3,Bus,https://www.delijn.be/nl/lijnen/2807/?richtingCode=1,206063,Nieuwerkerken Odisee,50.9313,4.02206,0.644
10,Aalst 2,50.93549,4.01571,Aalst,Aalst_2 Fietser rich Zurendries,Aalst_2 Fietser rich Aalst,28021,802,Woubrechtegem - Heldergem - Haaltert - Ede - Aalst,3,Bus,https://www.delijn.be/nl/lijnen/2802/?richtingCode=1,206063,Nieuwerkerken Odisee,50.9313,4.02206,0.644
10,Aalst 2,50.93549,4.01571,Aalst,Aalst_2 Fietser rich Zurendries,Aalst_2 Fietser rich Aalst,28041,804,Heldergem - Burst - Mere - Aalst,3,Bus,https://www.delijn.be/nl/lijnen/2804/?richtingCode=1,206063,Nieuwerkerken Odisee,50.9313,4.02206,0.644
10,Aalst 2,50.93549,4.01571,Aalst,Aalst_2 Fietser rich Zurendries,Aalst_2 Fietser rich Aalst,28031,803,Kerksken Stichelen - Ede - Aalst,3,Bus,https://www.delijn.be/nl/lijnen/2803/?richtingCode=1,206063,Nieuwerkerken Odisee,50.9313,4.02206,0.644
10,Aalst 2,50.93549,4.01571,Aalst,Aalst_2 Fietser rich Zurendries,Aalst_2 Fietser rich Aalst,24021,402,Asse - Meldert - Aalst,3,Bus,https://www.delijn.be/nl/lijnen/2402/?richtingCode=1,217081,Aalst TechniGo,50.94238,4.02231,0.895
10,Aalst 2,50.93549,4.01571,Aalst,Aalst_2 Fietser rich Zurendries,Aalst_2 Fietser rich Aalst,25910,591,Aalst - Hofstade - Lede - Serskamp - Wetteren,3,Bus,https://www.delijn.be/nl/lijnen/2591/?richtingCode=0,217081,Aalst TechniGo,50.94238,4.02231,0.895
10,Aalst 2,50.93549,4.01571,Aalst,Aalst_2 Fietser rich Zurendries,Aalst_2 Fietser rich Aalst,29130,913,Aalst - Wieze - Denderbelle - Dendermonde,3,Bus,https://www.delijn.be/nl/lijnen/2913/?richtingCode=0,217081,Aalst TechniGo,50.94238,4.02231,0.895
10,Aalst 2,50.93549,4.01571,Aalst,Aalst_2 Fietser rich Zurendries,Aalst_2 Fietser rich Aalst,24041,404,Opwijk - Meldert - Aalst,3,Bus,https://www.delijn.be/nl/lijnen/2404/?richtingCode=1,217081,Aalst TechniGo,50.94238,4.02231,0.895
10,Aalst 2,50.93549,4.01571,Aalst,Aalst_2 Fietser rich Zurendries,Aalst_2 Fietser rich Aalst,25970,59,Aalst - Hofstade - Lede - Oordegem - Wetteren,3,Bus,https://www.delijn.be/nl/lijnen/2597/?richtingCode=0,217081,Aalst TechniGo,50.94238,4.02231,0.895
10,Aalst 2,50.93549,4.01571,Aalst,Aalst_2 Fietser rich Zurendries,Aalst_2 Fietser rich Aalst,23140,314,Aalst - Denderhoutem - Ninove,3,Bus,https://www.delijn.be/nl/lijnen/2314/?richtingCode=0,217081,Aalst TechniGo,50.94238,4.02231,0.895
10,Aalst 2,50.93549,4.01571,Aalst,Aalst_2 Fietser rich Zurendries,Aalst_2 Fietser rich Aalst,24030,403,Aalst - Moorsel - Baardegem - Droeshout - Opwijk,3,Bus,https://www.delijn.be/nl/lijnen/2403/?richtingCode=0,217081,Aalst TechniGo,50.94238,4.02231,0.895
10,Aalst 2,50.93549,4.01571,Aalst,Aalst_2 Fietser rich Zurendries,Aalst_2 Fietser rich Aalst,29131,913,Dendermonde - Denderbelle - Wieze - Aalst,3,Bus,https://www.delijn.be/nl/lijnen/2913/?richtingCode=1,217081,Aalst TechniGo,50.94238,4.02231,0.895
10,Aalst 2,50.93549,4.01571,Aalst,Aalst_2 Fietser rich Zurendries,Aalst_2 Fietser rich Aalst,24070,40,Aalst - Moorsel - Opwijk (- Londerzeel),3,Bus,https://www.delijn.be/nl/lijnen/2407/?richtingCode=0,217081,Aalst TechniGo,50.94238,4.02231,0.895
10,Aalst 2,50.93549,4.01571,Aalst,Aalst_2 Fietser rich Zurendries,Aalst_2 Fietser rich Aalst,24071,40,(Londerzeel -) Opwijk - Moorsel - Aalst,3,Bus,https://www.delijn.be/nl/lijnen/2407/?richtingCode=1,217081,Aalst TechniGo,50.94238,4.02231,0.895
10,Aalst 2,50.93549,4.01571,Aalst,Aalst_2 Fietser rich Zurendries,Aalst_2 Fietser rich Aalst,24031,403,Opwijk - Droeshout - Baardegem - Moorsel - Aalst,3,Bus,https://www.delijn.be/nl/lijnen/2403/?richtingCode=1,217081,Aalst TechniGo,50.94238,4.02231,0.895
10,Aalst 2,50.93549,4.01571,Aalst,Aalst_2 Fietser rich Zurendries,Aalst_2 Fietser rich Aalst,25971,59,Wetteren - Oordegem - Lede - Hofstade - Aalst,3,Bus,https://www.delijn.be/nl/lijnen/2597/?richtingCode=1,217081,Aalst TechniGo,50.94238,4.02231,0.895
10,Aalst 2,50.93549,4.01571,Aalst,Aalst_2 Fietser rich Zurendries,Aalst_2 Fietser rich Aalst,24020,402,Aalst - Meldert - Asse,3,Bus,https://www.delijn.be/nl/lijnen/2402/?richtingCode=0,217081,Aalst TechniGo,50.94238,4.02231,0.895
10,Aalst 2,50.93549,4.01571,Aalst,Aalst_2 Fietser rich Zurendries,Aalst_2 Fietser rich Aalst,23141,314,Ninove - Denderhoutem  - Aalst,3,Bus,https://www.delijn.be/nl/lijnen/2314/?richtingCode=1,217081,Aalst TechniGo,50.94238,4.02231,0.895
10,Aalst 2,50.93549,4.01571,Aalst,Aalst_2 Fietser rich Zurendries,Aalst_2 Fietser rich Aalst,24040,404,Aalst - Meldert - Opwijk,3,Bus,https://www.delijn.be/nl/lijnen/2404/?richtingCode=0,217081,Aalst TechniGo,50.94238,4.02231,0.895
10,Aalst 2,50.93549,4.01571,Aalst,Aalst_2 Fietser rich Zurendries,Aalst_2 Fietser rich Aalst,25911,591,Wetteren - Serskamp - Lede - Hofstade - Aalst,3,Bus,https://www.delijn.be/nl/lijnen/2591/?richtingCode=1,217081,Aalst TechniGo,50.94238,4.02231,0.895
11,Aalst 3,50.93385,4.01647,Aalst,Aalst 3 Fietser rich Zurendries,Aalst 3 Fietser rich Aalst,21070,1,AZORG Merestraat - Station - Oude Abdijstraat,3,Bus,https://www.delijn.be/nl/lijnen/2107/?richtingCode=0,216095,Aalst AZORG Merestraat,50.93506,4.01942,0.247
11,Aalst 3,50.93385,4.01647,Aalst,Aalst 3 Fietser rich Zurendries,Aalst 3 Fietser rich Aalst,20231,2,AZORG Merestraat - Erembodegem - Aalst Station,3,Bus,https://www.delijn.be/nl/lijnen/2023/?richtingCode=1,216095,Aalst AZORG Merestraat,50.93506,4.01942,0.247
11,Aalst 3,50.93385,4.01647,Aalst,Aalst 3 Fietser rich Zurendries,Aalst 3 Fietser rich Aalst,21071,1,Aalst Oude Abdijstraat - Station - AZORG Merestraat,3,Bus,https://www.delijn.be/nl/lijnen/2107/?richtingCode=1,216095,Aalst AZORG Merestraat,50.93506,4.01942,0.247
11,Aalst 3,50.93385,4.01647,Aalst,Aalst 3 Fietser rich Zurendries,Aalst 3 Fietser rich Aalst,20230,2,Aalst Station - Erembodegem - AZORG Merestraat,3,Bus,https://www.delijn.be/nl/lijnen/2023/?richtingCode=0,216095,Aalst AZORG Merestraat,50.93506,4.01942,0.247
11,Aalst 3,50.93385,4.01647,Aalst,Aalst 3 Fietser rich Zurendries,Aalst 3 Fietser rich Aalst,28750,87,Aalst - Haaltert - Aspelare - Geraardsbergen,3,Bus,https://www.delijn.be/nl/lijnen/2875/?richtingCode=0,207063,Nieuwerkerken Odisee,50.93141,4.02213,0.481
11,Aalst 3,50.93385,4.01647,Aalst,Aalst 3 Fietser rich Zurendries,Aalst 3 Fietser rich Aalst,28070,80,Aalst - Ede - Mere - Aaigem - Heldergem,3,Bus,https://www.delijn.be/nl/lijnen/2807/?richtingCode=0,207063,Nieuwerkerken Odisee,50.93141,4.02213,0.481
11,Aalst 3,50.93385,4.01647,Aalst,Aalst 3 Fietser rich Zurendries,Aalst 3 Fietser rich Aalst,28020,802,Aalst - Ede - Haaltert - Heldergem - Woubrechtegem,3,Bus,https://www.delijn.be/nl/lijnen/2802/?richtingCode=0,207063,Nieuwerkerken Odisee,50.93141,4.02213,0.481
11,Aalst 3,50.93385,4.01647,Aalst,Aalst 3 Fietser rich Zurendries,Aalst 3 Fietser rich Aalst,28030,803,Aalst - Ede - Kerksken Stichelen,3,Bus,https://www.delijn.be/nl/lijnen/2803/?richtingCode=0,207063,Nieuwerkerken Odisee,50.93141,4.02213,0.481
11,Aalst 3,50.93385,4.01647,Aalst,Aalst 3 Fietser rich Zurendries,Aalst 3 Fietser rich Aalst,28040,804,Aalst - Mere - Burst - Heldergem,3,Bus,https://www.delijn.be/nl/lijnen/2804/?richtingCode=0,207063,Nieuwerkerken Odisee,50.93141,4.02213,0.481
11,Aalst 3,50.93385,4.01647,Aalst,Aalst 3 Fietser rich Zurendries,Aalst 3 Fietser rich Aalst,28751,87,Geraardsbergen - Aspelare - Haaltert - Aalst,3,Bus,https://www.delijn.be/nl/lijnen/2875/?richtingCode=1,206063,Nieuwerkerken Odisee,50.9313,4.02206,0.484
11,Aalst 3,50.93385,4.01647,Aalst,Aalst 3 Fietser rich Zurendries,Aalst 3 Fietser rich Aalst,28071,80,Heldergem - Aaigem - Mere - Ede - Aalst,3,Bus,https://www.delijn.be/nl/lijnen/2807/?richtingCode=1,206063,Nieuwerkerken Odisee,50.9313,4.02206,0.484
11,Aalst 3,50.93385,4.01647,Aalst,Aalst 3 Fietser rich Zurendries,Aalst 3 Fietser rich Aalst,28021,802,Woubrechtegem - Heldergem - Haaltert - Ede - Aalst,3,Bus,https://www.delijn.be/nl/lijnen/2802/?richtingCode=1,206063,Nieuwerkerken Odisee,50.9313,4.02206,0.484
11,Aalst 3,50.93385,4.01647,Aalst,Aalst 3 Fietser rich Zurendries,Aalst 3 Fietser rich Aalst,28041,804,Heldergem - Burst - Mere - Aalst,3,Bus,https://www.delijn.be/nl/lijnen/2804/?richtingCode=1,206063,Nieuwerkerken Odisee,50.9313,4.02206,0.484
11,Aalst 3,50.93385,4.01647,Aalst,Aalst 3 Fietser rich Zurendries,Aalst 3 Fietser rich Aalst,28031,803,Kerksken Stichelen - Ede - Aalst,3,Bus,https://www.delijn.be/nl/lijnen/2803/?richtingCode=1,206063,Nieuwerkerken Odisee,50.9313,4.02206,0.484
11,Aalst 3,50.93385,4.01647,Aalst,Aalst 3 Fietser rich Zurendries,Aalst 3 Fietser rich Aalst,22090,209,Massemen - Oordegem - Impe - Erpe Vijfhuizen - Aalst,3,Bus,https://www.delijn.be/nl/lijnen/2209/?richtingCode=0,206522,Aalst Welvaartstraat,50.93913,4.0194,0.622
11,Aalst 3,50.93385,4.01647,Aalst,Aalst 3 Fietser rich Zurendries,Aalst 3 Fietser rich Aalst,22540,254,Uitbergen - Lede - Erpe Vijfhuizen - Aalst,3,Bus,https://www.delijn.be/nl/lijnen/2254/?richtingCode=0,206522,Aalst Welvaartstraat,50.93913,4.0194,0.622
11,Aalst 3,50.93385,4.01647,Aalst,Aalst 3 Fietser rich Zurendries,Aalst 3 Fietser rich Aalst,22521,252,Zottegem - Hillegem - Borsbeke - Vlekkem - Erpe - Aalst,3,Bus,https://www.delijn.be/nl/lijnen/2252/?richtingCode=1,206522,Aalst Welvaartstraat,50.93913,4.0194,0.622
11,Aalst 3,50.93385,4.01647,Aalst,Aalst 3 Fietser rich Zurendries,Aalst 3 Fietser rich Aalst,22050,20,Gent Sint-Pieters - Melle - Oordegem -Erpe Vijfhuizen -Aalst,3,Bus,https://www.delijn.be/nl/lijnen/2205/?richtingCode=0,206522,Aalst Welvaartstraat,50.93913,4.0194,0.622
11,Aalst 3,50.93385,4.01647,Aalst,Aalst 3 Fietser rich Zurendries,Aalst 3 Fietser rich Aalst,22531,253,Herzele - Ressegem - Erpe - Aalst,3,Bus,https://www.delijn.be/nl/lijnen/2253/?richtingCode=1,206522,Aalst Welvaartstraat,50.93913,4.0194,0.622
11,Aalst 3,50.93385,4.01647,Aalst,Aalst 3 Fietser rich Zurendries,Aalst 3 Fietser rich Aalst,22571,25,Zottegem - Herzele - Houtem - Burst - Erpe - Aalst,3,Bus,https://www.delijn.be/nl/lijnen/2257/?richtingCode=1,206522,Aalst Welvaartstraat,50.93913,4.0194,0.622
11,Aalst 3,50.93385,4.01647,Aalst,Aalst 3 Fietser rich Zurendries,Aalst 3 Fietser rich Aalst,22520,252,Aalst - Erpe - Vlekkem - Borsbeke - Hillegem - Zottegem,3,Bus,https://www.delijn.be/nl/lijnen/2252/?richtingCode=0,217522,Aalst Welvaartstraat,50.93928,4.01941,0.638
11,Aalst 3,50.93385,4.01647,Aalst,Aalst 3 Fietser rich Zurendries,Aalst 3 Fietser rich Aalst,22530,253,Aalst - Erpe - Ressegem - Herzele,3,Bus,https://www.delijn.be/nl/lijnen/2253/?richtingCode=0,217522,Aalst Welvaartstraat,50.93928,4.01941,0.638
11,Aalst 3,50.93385,4.01647,Aalst,Aalst 3 Fietser rich Zurendries,Aalst 3 Fietser rich Aalst,22570,25,Aalst - Erpe - Burst - Houtem - Herzele - Zottegem,3,Bus,https://www.delijn.be/nl/lijnen/2257/?richtingCode=0,217522,Aalst Welvaartstraat,50.93928,4.01941,0.638
11,Aalst 3,50.93385,4.01647,Aalst,Aalst 3 Fietser rich Zurendries,Aalst 3 Fietser rich Aalst,22051,20,Aalst -Erpe Vijfhuizen -Oordegem -Melle - Gent Sint-Pieters,3,Bus,https://www.delijn.be/nl/lijnen/2205/?richtingCode=1,217522,Aalst Welvaartstraat,50.93928,4.01941,0.638
11,Aalst 3,50.93385,4.01647,Aalst,Aalst 3 Fietser rich Zurendries,Aalst 3 Fietser rich Aalst,22091,209,Aalst - Erpe Vijfhuizen - Impe - Oordegem - Massemen,3,Bus,https://www.delijn.be/nl/lijnen/2209/?richtingCode=1,217522,Aalst Welvaartstraat,50.93928,4.01941,0.638
11,Aalst 3,50.93385,4.01647,Aalst,Aalst 3 Fietser rich Zurendries,Aalst 3 Fietser rich Aalst,22541,254,Aalst - Erpe Vijfhuizen - Lede - Uitbergen,3,Bus,https://www.delijn.be/nl/lijnen/2254/?richtingCode=1,217522,Aalst Welvaartstraat,50.93928,4.01941,0.638
12,Tervuren,50.81896,4.47803,Kraainem,Tervuren Fietsers rich Brussel,Tervuren Fietsers rich Tervuren,35550,555,Leuven - Sint-Pieters-Woluwe,3,Bus,https://www.delijn.be/nl/lijnen/3555/?richtingCode=0,306176,Kraainem Middenlaan,50.82073,4.4795,0.222
12,Tervuren,50.81896,4.47803,Kraainem,Tervuren Fietsers rich Brussel,Tervuren Fietsers rich Tervuren,30801,R80,Leuven - Tervuren - Kraainem,3,Bus,https://www.delijn.be/nl/lijnen/3080/?richtingCode=1,306176,Kraainem Middenlaan,50.82073,4.4795,0.222
12,Tervuren,50.81896,4.47803,Kraainem,Tervuren Fietsers rich Brussel,Tervuren Fietsers rich Tervuren,30800,R80,Kraainem - Tervuren - Leuven,3,Bus,https://www.delijn.be/nl/lijnen/3080/?richtingCode=0,302810,Kraainem Middenlaan,50.82074,4.48062,0.269
12,Tervuren,50.81896,4.47803,Kraainem,Tervuren Fietsers rich Brussel,Tervuren Fietsers rich Tervuren,35551,555,Sint-Pieters-Woluwe - Leuven,3,Bus,https://www.delijn.be/nl/lijnen/3555/?richtingCode=1,302810,Kraainem Middenlaan,50.82074,4.48062,0.269
13,Gent,51.03018,3.70146,Gent,Gent Fietsers rich Drongen,Gent Fietsers rich Zwijnaarde,27751,77,Beervelde - Lochristi - Gent - St.-Martens-Latem - Deinze,3,Bus,https://www.delijn.be/nl/lijnen/2775/?richtingCode=1,212159,Gent Tuinwijklaan,51.03149,3.70675,0.398
13,Gent,51.03018,3.70146,Gent,Gent Fietsers rich Drongen,Gent Fietsers rich Zwijnaarde,20021,T1,Stelplaats - Ledeberg - Zuid - Sint-Pieters- Flanders Expo,0,Tram,https://www.delijn.be/nl/lijnen/2002/?richtingCode=1,212159,Gent Tuinwijklaan,51.03149,3.70675,0.398
13,Gent,51.03018,3.70146,Gent,Gent Fietsers rich Drongen,Gent Fietsers rich Zwijnaarde,27651,76,Wachtebeke - Lochristi - Gent - De Pinte,3,Bus,https://www.delijn.be/nl/lijnen/2765/?richtingCode=1,212159,Gent Tuinwijklaan,51.03149,3.70675,0.398
13,Gent,51.03018,3.70146,Gent,Gent Fietsers rich Drongen,Gent Fietsers rich Zwijnaarde,27851,78,Lokeren - Lochristi - Gent - St.-Martens-Latem - Deinze,3,Bus,https://www.delijn.be/nl/lijnen/2785/?richtingCode=1,212159,Gent Tuinwijklaan,51.03149,3.70675,0.398
13,Gent,51.03018,3.70146,Gent,Gent Fietsers rich Drongen,Gent Fietsers rich Zwijnaarde,20071,T1,Moscou - Zuid - Kouter - Sint-Pietersstation- Flanders Expo,0,Tram,https://www.delijn.be/nl/lijnen/2007/?richtingCode=1,212159,Gent Tuinwijklaan,51.03149,3.70675,0.398
13,Gent,51.03018,3.70146,Gent,Gent Fietsers rich Drongen,Gent Fietsers rich Zwijnaarde,24910,491,Gent Sint-Pieters - Merelbeke - Lemberge - Herzele,3,Bus,https://www.delijn.be/nl/lijnen/2491/?richtingCode=0,212159,Gent Tuinwijklaan,51.03149,3.70675,0.398
13,Gent,51.03018,3.70146,Gent,Gent Fietsers rich Drongen,Gent Fietsers rich Zwijnaarde,24810,481,Gent Sint-Pieters - Merelbeke - Gavere - Zottegem,3,Bus,https://www.delijn.be/nl/lijnen/2481/?richtingCode=0,212159,Gent Tuinwijklaan,51.03149,3.70675,0.398
13,Gent,51.03018,3.70146,Gent,Gent Fietsers rich Drongen,Gent Fietsers rich Zwijnaarde,27161,716,Gent Sint-Pieters - Zevergem - Nazareth - Lozer - Zingem,3,Bus,https://www.delijn.be/nl/lijnen/2716/?richtingCode=1,212159,Gent Tuinwijklaan,51.03149,3.70675,0.398
13,Gent,51.03018,3.70146,Gent,Gent Fietsers rich Drongen,Gent Fietsers rich Zwijnaarde,24950,49,Gent Sint-Pieters - Merelbeke - Herzele (-Geraardsbergen),3,Bus,https://www.delijn.be/nl/lijnen/2495/?richtingCode=0,212159,Gent Tuinwijklaan,51.03149,3.70675,0.398
13,Gent,51.03018,3.70146,Gent,Gent Fietsers rich Drongen,Gent Fietsers rich Zwijnaarde,25001,50,Brugge - Maldegem - Eeklo - Drongen - Gent Sint-Pieters,3,Bus,https://www.delijn.be/nl/lijnen/2500/?richtingCode=1,212159,Gent Tuinwijklaan,51.03149,3.70675,0.398
13,Gent,51.03018,3.70146,Gent,Gent Fietsers rich Drongen,Gent Fietsers rich Zwijnaarde,27151,71,Oostakker - Gent - Zwijnaarde Klosse - Nazareth - Deinze,3,Bus,https://www.delijn.be/nl/lijnen/2715/?richtingCode=1,212159,Gent Tuinwijklaan,51.03149,3.70675,0.398
13,Gent,51.03018,3.70146,Gent,Gent Fietsers rich Drongen,Gent Fietsers rich Zwijnaarde,27051,70,Oostakker - Gent - Zwijnaarde Technologiepark,3,Bus,https://www.delijn.be/nl/lijnen/2705/?richtingCode=1,212159,Gent Tuinwijklaan,51.03149,3.70675,0.398
13,Gent,51.03018,3.70146,Gent,Gent Fietsers rich Drongen,Gent Fietsers rich Zwijnaarde,24860,48,Gent Sint-Pieters - Merelbeke - Gavere - Meilegem,3,Bus,https://www.delijn.be/nl/lijnen/2486/?richtingCode=0,212159,Gent Tuinwijklaan,51.03149,3.70675,0.398
13,Gent,51.03018,3.70146,Gent,Gent Fietsers rich Drongen,Gent Fietsers rich Zwijnaarde,27850,78,Deinze - St.-Martens-Latem - Gent - Lochristi - Lokeren,3,Bus,https://www.delijn.be/nl/lijnen/2785/?richtingCode=0,213159,Gent Tuinwijklaan,51.0315,3.70693,0.41
13,Gent,51.03018,3.70146,Gent,Gent Fietsers rich Drongen,Gent Fietsers rich Zwijnaarde,27650,76,De Pinte - Gent - Lochristi - Wachtebeke,3,Bus,https://www.delijn.be/nl/lijnen/2765/?richtingCode=0,213159,Gent Tuinwijklaan,51.0315,3.70693,0.41
13,Gent,51.03018,3.70146,Gent,Gent Fietsers rich Drongen,Gent Fietsers rich Zwijnaarde,27750,77,Deinze - St.-Martens-Latem - Gent - Lochristi - Beervelde,3,Bus,https://www.delijn.be/nl/lijnen/2775/?richtingCode=0,213159,Gent Tuinwijklaan,51.0315,3.70693,0.41
13,Gent,51.03018,3.70146,Gent,Gent Fietsers rich Drongen,Gent Fietsers rich Zwijnaarde,20020,T1,Flanders Expo - Sint-Pieters - Zuid - Ledeberg - Stelplaats,0,Tram,https://www.delijn.be/nl/lijnen/2002/?richtingCode=0,213159,Gent Tuinwijklaan,51.0315,3.70693,0.41
13,Gent,51.03018,3.70146,Gent,Gent Fietsers rich Drongen,Gent Fietsers rich Zwijnaarde,20070,T1,Flanders Expo - Sint-Pietersstation - Kouter - Zuid - Moscou,0,Tram,https://www.delijn.be/nl/lijnen/2007/?richtingCode=0,213159,Gent Tuinwijklaan,51.0315,3.70693,0.41
13,Gent,51.03018,3.70146,Gent,Gent Fietsers rich Drongen,Gent Fietsers rich Zwijnaarde,24811,481,Zottegem - Gavere - Merelbeke - Gent Sint-Pieters,3,Bus,https://www.delijn.be/nl/lijnen/2481/?richtingCode=1,213159,Gent Tuinwijklaan,51.0315,3.70693,0.41
13,Gent,51.03018,3.70146,Gent,Gent Fietsers rich Drongen,Gent Fietsers rich Zwijnaarde,27050,70,Zwijnaarde Technologiepark - Gent - Oostakker,3,Bus,https://www.delijn.be/nl/lijnen/2705/?richtingCode=0,213159,Gent Tuinwijklaan,51.0315,3.70693,0.41
13,Gent,51.03018,3.70146,Gent,Gent Fietsers rich Drongen,Gent Fietsers rich Zwijnaarde,27150,71,Deinze - Nazareth - Zwijnaarde Klosse - Gent - Oostakker,3,Bus,https://www.delijn.be/nl/lijnen/2715/?richtingCode=0,213159,Gent Tuinwijklaan,51.0315,3.70693,0.41
13,Gent,51.03018,3.70146,Gent,Gent Fietsers rich Drongen,Gent Fietsers rich Zwijnaarde,24911,491,Herzele - Lemberge - Merelbeke - Gent Sint-Pieters,3,Bus,https://www.delijn.be/nl/lijnen/2491/?richtingCode=1,213159,Gent Tuinwijklaan,51.0315,3.70693,0.41
13,Gent,51.03018,3.70146,Gent,Gent Fietsers rich Drongen,Gent Fietsers rich Zwijnaarde,24861,48,Meilegem - Gavere - Merelbeke - Gent Sint-Pieters,3,Bus,https://www.delijn.be/nl/lijnen/2486/?richtingCode=1,213159,Gent Tuinwijklaan,51.0315,3.70693,0.41
13,Gent,51.03018,3.70146,Gent,Gent Fietsers rich Drongen,Gent Fietsers rich Zwijnaarde,24951,49,(Geraardsbergen-) Herzele - Merelbeke - Gent Sint-Pieters,3,Bus,https://www.delijn.be/nl/lijnen/2495/?richtingCode=1,213159,Gent Tuinwijklaan,51.0315,3.70693,0.41
13,Gent,51.03018,3.70146,Gent,Gent Fietsers rich Drongen,Gent Fietsers rich Zwijnaarde,25000,50,Gent Sint-Pieters - Drongen - Eeklo - Maldegem - Brugge,3,Bus,https://www.delijn.be/nl/lijnen/2500/?richtingCode=0,213159,Gent Tuinwijklaan,51.0315,3.70693,0.41
13,Gent,51.03018,3.70146,Gent,Gent Fietsers rich Drongen,Gent Fietsers rich Zwijnaarde,27160,716,Zingem - Lozer - Nazareth - Zevergem - Gent Sint-Pieters,3,Bus,https://www.delijn.be/nl/lijnen/2716/?richtingCode=0,213159,Gent Tuinwijklaan,51.0315,3.70693,0.41
13,Gent,51.03018,3.70146,Gent,Gent Fietsers rich Drongen,Gent Fietsers rich Zwijnaarde,23450,34,(Leerne/De Pinte-) Gent - Destelbergen - Laarne-Wetteren,3,Bus,https://www.delijn.be/nl/lijnen/2345/?richtingCode=0,201595,Gent Roosakker,51.03646,3.70261,0.703
13,Gent,51.03018,3.70146,Gent,Gent Fietsers rich Drongen,Gent Fietsers rich Zwijnaarde,29070,907,Snelbus Gent Sint-Pieters - Mariakerke VISO-AHS,3,Bus,https://www.delijn.be/nl/lijnen/2907/?richtingCode=0,212923,Gent Sint-Pietersstation perron 23,51.034949,3.708217,0.71
13,Gent,51.03018,3.70146,Gent,Gent Fietsers rich Drongen,Gent Fietsers rich Zwijnaarde,28391,839,Snelbus Drongen Mirto - Gent Sint-Pieters,3,Bus,https://www.delijn.be/nl/lijnen/2839/?richtingCode=1,212923,Gent Sint-Pietersstation perron 23,51.034949,3.708217,0.71
13,Gent,51.03018,3.70146,Gent,Gent Fietsers rich Drongen,Gent Fietsers rich Zwijnaarde,28330,833,Gent Sint-Pieters - Drongen - Leerne - Nevele - Deinze,3,Bus,https://www.delijn.be/nl/lijnen/2833/?richtingCode=0,212923,Gent Sint-Pietersstation perron 23,51.034949,3.708217,0.71
13,Gent,51.03018,3.70146,Gent,Gent Fietsers rich Drongen,Gent Fietsers rich Zwijnaarde,28340,834,Gent Sint-Pieters - Drongen - Leerne - Nevele-Lotenhulle,3,Bus,https://www.delijn.be/nl/lijnen/2834/?richtingCode=0,212923,Gent Sint-Pietersstation perron 23,51.034949,3.708217,0.71
13,Gent,51.03018,3.70146,Gent,Gent Fietsers rich Drongen,Gent Fietsers rich Zwijnaarde,28390,839,Snelbus Gent Sint-Pieters - Drongen Mirto,3,Bus,https://www.delijn.be/nl/lijnen/2839/?richtingCode=0,212923,Gent Sint-Pietersstation perron 23,51.034949,3.708217,0.71
13,Gent,51.03018,3.70146,Gent,Gent Fietsers rich Drongen,Gent Fietsers rich Zwijnaarde,29080,908,Gent Sint-Pieters - Rooigem - Mariakerke VISO-AHS,3,Bus,https://www.delijn.be/nl/lijnen/2908/?richtingCode=0,212922,Gent Sint-Pietersstation perron 22,51.034974,3.708226,0.713
13,Gent,51.03018,3.70146,Gent,Gent Fietsers rich Drongen,Gent Fietsers rich Zwijnaarde,23451,34,Wetteren-Laarne - Destelbergen - Gent (-Leerne/De Pinte),3,Bus,https://www.delijn.be/nl/lijnen/2345/?richtingCode=1,200595,Gent Roosakker,51.03671,3.70192,0.727
13,Gent,51.03018,3.70146,Gent,Gent Fietsers rich Drongen,Gent Fietsers rich Zwijnaarde,20320,T3,Zwijnaarde - Sint-Pieters - Zuid - Ledeberg - Stelplaats,0,Tram,https://www.delijn.be/nl/lijnen/2032/?richtingCode=0,201341,Gent Sint-Pietersaalststraat,51.03116,3.71391,0.877
13,Gent,51.03018,3.70146,Gent,Gent Fietsers rich Drongen,Gent Fietsers rich Zwijnaarde,20420,T4,Gent UZ - Sint-Pieters - Rabot - Muide - Lange Steenstraat,0,Tram,https://www.delijn.be/nl/lijnen/2042/?richtingCode=0,201341,Gent Sint-Pietersaalststraat,51.03116,3.71391,0.877
13,Gent,51.03018,3.70146,Gent,Gent Fietsers rich Drongen,Gent Fietsers rich Zwijnaarde,20350,T3,Zwijnaarde - Sint-Pietersstation - Kouter - Zuid - Moscou,0,Tram,https://www.delijn.be/nl/lijnen/2035/?richtingCode=0,201341,Gent Sint-Pietersaalststraat,51.03116,3.71391,0.877
13,Gent,51.03018,3.70146,Gent,Gent Fietsers rich Drongen,Gent Fietsers rich Zwijnaarde,20550,T4,UZ Gent - Gentbrugge Stelplaats,0,Tram,https://www.delijn.be/nl/lijnen/2055/?richtingCode=0,201341,Gent Sint-Pietersaalststraat,51.03116,3.71391,0.877
13,Gent,51.03018,3.70146,Gent,Gent Fietsers rich Drongen,Gent Fietsers rich Zwijnaarde,20390,P3,Pendelbus Zwijnaarde Sint-Pietersstation Heuvelpoort Zuid,3,Bus,https://www.delijn.be/nl/lijnen/2039/?richtingCode=0,201341,Gent Sint-Pietersaalststraat,51.03116,3.71391,0.877
13,Gent,51.03018,3.70146,Gent,Gent Fietsers rich Drongen,Gent Fietsers rich Zwijnaarde,24361,436,Merelbeke Kwenenbos - Merelbeke Flora - Gent Sint-Pieters,3,Bus,https://www.delijn.be/nl/lijnen/2436/?richtingCode=1,204916,Gent Sint-Pietersstation perron 6,51.03662,3.70875,0.879
13,Gent,51.03018,3.70146,Gent,Gent Fietsers rich Drongen,Gent Fietsers rich Zwijnaarde,24360,436,Gent Sint-Pieters - Merelbeke Flora - Merelbeke Kwenenbos,3,Bus,https://www.delijn.be/nl/lijnen/2436/?richtingCode=0,204916,Gent Sint-Pietersstation perron 6,51.03662,3.70875,0.879
13,Gent,51.03018,3.70146,Gent,Gent Fietsers rich Drongen,Gent Fietsers rich Zwijnaarde,20391,P3,Pendelbus Zuid Heuvelpoort Sint-Pietersstation Zwijnaarde,3,Bus,https://www.delijn.be/nl/lijnen/2039/?richtingCode=1,204917,Gent Sint-Pietersstation perron 7,51.0366,3.70883,0.88
13,Gent,51.03018,3.70146,Gent,Gent Fietsers rich Drongen,Gent Fietsers rich Zwijnaarde,20551,T4,Gentbrugge Stelplaats - UZ Gent,0,Tram,https://www.delijn.be/nl/lijnen/2055/?richtingCode=1,200341,Gent Sint-Pietersaalststraat,51.03099,3.71408,0.887
13,Gent,51.03018,3.70146,Gent,Gent Fietsers rich Drongen,Gent Fietsers rich Zwijnaarde,20451,T4,Lange Steenstraat - Muide - Rabot - Sint-Pietersstation - UZ,0,Tram,https://www.delijn.be/nl/lijnen/2045/?richtingCode=1,200341,Gent Sint-Pietersaalststraat,51.03099,3.71408,0.887
13,Gent,51.03018,3.70146,Gent,Gent Fietsers rich Drongen,Gent Fietsers rich Zwijnaarde,20351,T3,Moscou - Zuid - Kouter - Sint-Pietersstation - Zwijnaarde,0,Tram,https://www.delijn.be/nl/lijnen/2035/?richtingCode=1,200341,Gent Sint-Pietersaalststraat,51.03099,3.71408,0.887
13,Gent,51.03018,3.70146,Gent,Gent Fietsers rich Drongen,Gent Fietsers rich Zwijnaarde,20321,T3,Stelplaats - Ledeberg - Zuid - Sint-Pieters - Zwijnaarde,0,Tram,https://www.delijn.be/nl/lijnen/2032/?richtingCode=1,200341,Gent Sint-Pietersaalststraat,51.03099,3.71408,0.887
13,Gent,51.03018,3.70146,Gent,Gent Fietsers rich Drongen,Gent Fietsers rich Zwijnaarde,21941,19,Blaarmeersen - Sint-Pietersstation - Arteveldestadion,3,Bus,https://www.delijn.be/nl/lijnen/2194/?richtingCode=1,204918,Gent Sint-Pietersstation perron 8,51.03654,3.70916,0.889
13,Gent,51.03018,3.70146,Gent,Gent Fietsers rich Drongen,Gent Fietsers rich Zwijnaarde,21940,19,Arteveldestadion - Sint-Pietersstation - Blaarmeersen,3,Bus,https://www.delijn.be/nl/lijnen/2194/?richtingCode=0,204918,Gent Sint-Pietersstation perron 8,51.03654,3.70916,0.889
13,Gent,51.03018,3.70146,Gent,Gent Fietsers rich Drongen,Gent Fietsers rich Zwijnaarde,26050,60,Gent Sint-Pieters - Lovendegem - Zomergem (- Ursel),3,Bus,https://www.delijn.be/nl/lijnen/2605/?richtingCode=0,205913,Gent Sint-Pietersstation perron 13,51.03652,3.70931,0.893
13,Gent,51.03018,3.70146,Gent,Gent Fietsers rich Drongen,Gent Fietsers rich Zwijnaarde,23490,349,Gent Sint-Pieters - Destelbergen - Kalken - Overmere-Zele,3,Bus,https://www.delijn.be/nl/lijnen/2349/?richtingCode=0,205913,Gent Sint-Pietersstation perron 13,51.03652,3.70931,0.893
13,Gent,51.03018,3.70146,Gent,Gent Fietsers rich Drongen,Gent Fietsers rich Zwijnaarde,26051,60,(Ursel -) Zomergem - Lovendegem - Gent Sint-Pieters,3,Bus,https://www.delijn.be/nl/lijnen/2605/?richtingCode=1,205913,Gent Sint-Pietersstation perron 13,51.03652,3.70931,0.893
13,Gent,51.03018,3.70146,Gent,Gent Fietsers rich Drongen,Gent Fietsers rich Zwijnaarde,23491,349,Zele-Overmere - Kalken - Destelbergen - Gent Sint-Pieters,3,Bus,https://www.delijn.be/nl/lijnen/2349/?richtingCode=1,205913,Gent Sint-Pietersstation perron 13,51.03652,3.70931,0.893
13,Gent,51.03018,3.70146,Gent,Gent Fietsers rich Drongen,Gent Fietsers rich Zwijnaarde,28341,834,Lotenhulle-Nevele - Leerne - Drongen - Gent Sint-Pieters,3,Bus,https://www.delijn.be/nl/lijnen/2834/?richtingCode=1,205914,Gent Sint-Pietersstation perron 14,51.0365,3.7094,0.896
13,Gent,51.03018,3.70146,Gent,Gent Fietsers rich Drongen,Gent Fietsers rich Zwijnaarde,29081,908,Mariakerke VISO-AHS - Rooigem - Gent Sint-Pieters,3,Bus,https://www.delijn.be/nl/lijnen/2908/?richtingCode=1,205914,Gent Sint-Pietersstation perron 14,51.0365,3.7094,0.896
13,Gent,51.03018,3.70146,Gent,Gent Fietsers rich Drongen,Gent Fietsers rich Zwijnaarde,23480,348,Gent Sint-Pieters - Destelbergen - Beervelde - Lokeren,3,Bus,https://www.delijn.be/nl/lijnen/2348/?richtingCode=0,205914,Gent Sint-Pietersstation perron 14,51.0365,3.7094,0.896
13,Gent,51.03018,3.70146,Gent,Gent Fietsers rich Drongen,Gent Fietsers rich Zwijnaarde,28331,833,Deinze - Nevele - Leerne - Drongen - Gent Sint-Pieters,3,Bus,https://www.delijn.be/nl/lijnen/2833/?richtingCode=1,205914,Gent Sint-Pietersstation perron 14,51.0365,3.7094,0.896
13,Gent,51.03018,3.70146,Gent,Gent Fietsers rich Drongen,Gent Fietsers rich Zwijnaarde,29071,907,Snelbus Mariakerke VISO-AHS - Gent Sint-Pieters,3,Bus,https://www.delijn.be/nl/lijnen/2907/?richtingCode=1,205914,Gent Sint-Pietersstation perron 14,51.0365,3.7094,0.896
13,Gent,51.03018,3.70146,Gent,Gent Fietsers rich Drongen,Gent Fietsers rich Zwijnaarde,25621,562,Eeklo-Waarschoot-Sleidinge - Evergem - Gent Sint-Pieters,3,Bus,https://www.delijn.be/nl/lijnen/2562/?richtingCode=1,205915,Gent Sint-Pietersstation perron 15,51.03653,3.70949,0.902
13,Gent,51.03018,3.70146,Gent,Gent Fietsers rich Drongen,Gent Fietsers rich Zwijnaarde,27381,738,Overslag - Wachtebeke - Oostakker Edugo - Gent Sint-Pieters,3,Bus,https://www.delijn.be/nl/lijnen/2738/?richtingCode=1,205915,Gent Sint-Pietersstation perron 15,51.03653,3.70949,0.902
13,Gent,51.03018,3.70146,Gent,Gent Fietsers rich Drongen,Gent Fietsers rich Zwijnaarde,27380,738,Gent Sint-Pieters - Oostakker Edugo - Wachtebeke - Overslag,3,Bus,https://www.delijn.be/nl/lijnen/2738/?richtingCode=0,205915,Gent Sint-Pietersstation perron 15,51.03653,3.70949,0.902
13,Gent,51.03018,3.70146,Gent,Gent Fietsers rich Drongen,Gent Fietsers rich Zwijnaarde,27410,741,Gent Sint-Pieters - Oostakker Edugo - Zaffelare - Lokeren,3,Bus,https://www.delijn.be/nl/lijnen/2741/?richtingCode=0,205915,Gent Sint-Pietersstation perron 15,51.03653,3.70949,0.902
13,Gent,51.03018,3.70146,Gent,Gent Fietsers rich Drongen,Gent Fietsers rich Zwijnaarde,27411,741,Lokeren - Zaffelare - Oostakker Edugo - Gent Sint-Pieters,3,Bus,https://www.delijn.be/nl/lijnen/2741/?richtingCode=1,205915,Gent Sint-Pietersstation perron 15,51.03653,3.70949,0.902
13,Gent,51.03018,3.70146,Gent,Gent Fietsers rich Drongen,Gent Fietsers rich Zwijnaarde,25550,55,Gent Sint-Pieters - Langerbrugge - Ertvelde - Zelzate,3,Bus,https://www.delijn.be/nl/lijnen/2555/?richtingCode=0,205915,Gent Sint-Pietersstation perron 15,51.03653,3.70949,0.902
13,Gent,51.03018,3.70146,Gent,Gent Fietsers rich Drongen,Gent Fietsers rich Zwijnaarde,25620,562,Gent Sint-Pieters - Evergem - Sleidinge-Waarschoot-Eeklo,3,Bus,https://www.delijn.be/nl/lijnen/2562/?richtingCode=0,205915,Gent Sint-Pietersstation perron 15,51.03653,3.70949,0.902
13,Gent,51.03018,3.70146,Gent,Gent Fietsers rich Drongen,Gent Fietsers rich Zwijnaarde,27370,737,Gent Sint-Pieters - Oostakker Edugo - Wachtebeke - Zelzate,3,Bus,https://www.delijn.be/nl/lijnen/2737/?richtingCode=0,205915,Gent Sint-Pietersstation perron 15,51.03653,3.70949,0.902
13,Gent,51.03018,3.70146,Gent,Gent Fietsers rich Drongen,Gent Fietsers rich Zwijnaarde,25551,55,Zelzate - Ertvelde - Langerbrugge - Gent Sint-Pieters,3,Bus,https://www.delijn.be/nl/lijnen/2555/?richtingCode=1,205915,Gent Sint-Pietersstation perron 15,51.03653,3.70949,0.902
13,Gent,51.03018,3.70146,Gent,Gent Fietsers rich Drongen,Gent Fietsers rich Zwijnaarde,27371,737,Zelzate - Wachtebeke - Oostakker Edugo - Gent Sint-Pieters,3,Bus,https://www.delijn.be/nl/lijnen/2737/?richtingCode=1,205915,Gent Sint-Pietersstation perron 15,51.03653,3.70949,0.902
13,Gent,51.03018,3.70146,Gent,Gent Fietsers rich Drongen,Gent Fietsers rich Zwijnaarde,22390,239,Snelbus Gent Sint-Pieters - Melle - Kwatrecht Mariagaard,3,Bus,https://www.delijn.be/nl/lijnen/2239/?richtingCode=0,205921,Gent Sint-Pietersstation perron 21,51.035881,3.712293,0.988
13,Gent,51.03018,3.70146,Gent,Gent Fietsers rich Drongen,Gent Fietsers rich Zwijnaarde,20970,9a,Wondelgem - Kolegem - Sint-Pietersstation - Gentbrugge,3,Bus,https://www.delijn.be/nl/lijnen/2097/?richtingCode=0,205921,Gent Sint-Pietersstation perron 21,51.035881,3.712293,0.988
13,Gent,51.03018,3.70146,Gent,Gent Fietsers rich Drongen,Gent Fietsers rich Zwijnaarde,22050,20,Gent Sint-Pieters - Melle - Oordegem -Erpe Vijfhuizen -Aalst,3,Bus,https://www.delijn.be/nl/lijnen/2205/?richtingCode=0,205921,Gent Sint-Pietersstation perron 21,51.035881,3.712293,0.988
13,Gent,51.03018,3.70146,Gent,Gent Fietsers rich Drongen,Gent Fietsers rich Zwijnaarde,20980,9b,Wondelgem - Mariakerke - Sint-Pietersstation - Gentbrugge,3,Bus,https://www.delijn.be/nl/lijnen/2098/?richtingCode=0,205921,Gent Sint-Pietersstation perron 21,51.035881,3.712293,0.988
13,Gent,51.03018,3.70146,Gent,Gent Fietsers rich Drongen,Gent Fietsers rich Zwijnaarde,22370,237,Gent Sint-Pieters - Heusden - Wetteren - Dendermonde,3,Bus,https://www.delijn.be/nl/lijnen/2237/?richtingCode=0,205921,Gent Sint-Pietersstation perron 21,51.035881,3.712293,0.988
13,Gent,51.03018,3.70146,Gent,Gent Fietsers rich Drongen,Gent Fietsers rich Zwijnaarde,22380,238,Gent Sint-Pieters - Melle - Wetteren - Dendermonde,3,Bus,https://www.delijn.be/nl/lijnen/2238/?richtingCode=0,205921,Gent Sint-Pietersstation perron 21,51.035881,3.712293,0.988
13,Gent,51.03018,3.70146,Gent,Gent Fietsers rich Drongen,Gent Fietsers rich Zwijnaarde,23481,348,Lokeren - Beervelde - Destelbergen - Gent Sint-Pieters,3,Bus,https://www.delijn.be/nl/lijnen/2348/?richtingCode=1,205919,Gent Sint-Pietersstation perron 19,51.0361,3.71212,0.994
13,Gent,51.03018,3.70146,Gent,Gent Fietsers rich Drongen,Gent Fietsers rich Zwijnaarde,20981,9b,Gentbrugge - Sint-Pietersstation - Mariakerke - Wondelgem,3,Bus,https://www.delijn.be/nl/lijnen/2098/?richtingCode=1,205919,Gent Sint-Pietersstation perron 19,51.0361,3.71212,0.994
13,Gent,51.03018,3.70146,Gent,Gent Fietsers rich Drongen,Gent Fietsers rich Zwijnaarde,20971,9a,Gentbrugge - Sint-Pietersstation - Kolegem - Wondelgem,3,Bus,https://www.delijn.be/nl/lijnen/2097/?richtingCode=1,205919,Gent Sint-Pietersstation perron 19,51.0361,3.71212,0.994
14,Genk,50.97172,5.48927,Genk,Genk Fietsers rich Genk,Genk Fietsers rich Winterslag,44630,463,Boxberg - Genk,3,Bus,https://www.delijn.be/nl/lijnen/4463/?richtingCode=0,402382,Winterslag Kerkstraat,50.97282,5.48754,0.172
14,Genk,50.97172,5.48927,Genk,Genk Fietsers rich Genk,Genk Fietsers rich Winterslag,44620,462,Zonhoven - Genk,3,Bus,https://www.delijn.be/nl/lijnen/4462/?richtingCode=0,402382,Winterslag Kerkstraat,50.97282,5.48754,0.172
14,Genk,50.97172,5.48927,Genk,Genk Fietsers rich Genk,Genk Fietsers rich Winterslag,44631,463,Genk - Boxberg,3,Bus,https://www.delijn.be/nl/lijnen/4463/?richtingCode=1,402383,Winterslag Kerkstraat,50.97278,5.48734,0.179
14,Genk,50.97172,5.48927,Genk,Genk Fietsers rich Genk,Genk Fietsers rich Winterslag,44621,462,Genk - Zonhoven,3,Bus,https://www.delijn.be/nl/lijnen/4462/?richtingCode=1,402383,Winterslag Kerkstraat,50.97278,5.48734,0.179
14,Genk,50.97172,5.48927,Genk,Genk Fietsers rich Genk,Genk Fietsers rich Winterslag,47731,3,Genk Station - Bokrijk,3,Bus,https://www.delijn.be/nl/lijnen/4773/?richtingCode=1,402393,Winterslag Stiemerbeek,50.97494,5.4934,0.46
14,Genk,50.97172,5.48927,Genk,Genk Fietsers rich Genk,Genk Fietsers rich Winterslag,47730,3,Bokrijk - Genk Station,3,Bus,https://www.delijn.be/nl/lijnen/4773/?richtingCode=0,402392,Winterslag Stiemerbeek,50.975,5.49343,0.467
14,Genk,50.97172,5.48927,Genk,Genk Fietsers rich Genk,Genk Fietsers rich Winterslag,43101,31,Beringen - Genk,3,Bus,https://www.delijn.be/nl/lijnen/4310/?richtingCode=1,402120,Genk Erfstraat,50.974407,5.497139,0.627
14,Genk,50.97172,5.48927,Genk,Genk Fietsers rich Genk,Genk Fietsers rich Winterslag,48001,80,Bree - Genk,3,Bus,https://www.delijn.be/nl/lijnen/4800/?richtingCode=1,402120,Genk Erfstraat,50.974407,5.497139,0.627
14,Genk,50.97172,5.48927,Genk,Genk Fietsers rich Genk,Genk Fietsers rich Winterslag,43131,313,Houthalen-Helchteren - Genk,3,Bus,https://www.delijn.be/nl/lijnen/4313/?richtingCode=1,402120,Genk Erfstraat,50.974407,5.497139,0.627
14,Genk,50.97172,5.48927,Genk,Genk Fietsers rich Genk,Genk Fietsers rich Winterslag,43100,31,Genk - Beringen,3,Bus,https://www.delijn.be/nl/lijnen/4310/?richtingCode=0,410932,Genk Erfstraat,50.97461,5.497456,0.657
14,Genk,50.97172,5.48927,Genk,Genk Fietsers rich Genk,Genk Fietsers rich Winterslag,48000,80,Genk - Bree,3,Bus,https://www.delijn.be/nl/lijnen/4800/?richtingCode=0,410932,Genk Erfstraat,50.97461,5.497456,0.657
14,Genk,50.97172,5.48927,Genk,Genk Fietsers rich Genk,Genk Fietsers rich Winterslag,43130,313,Genk - Houthalen-Helchteren,3,Bus,https://www.delijn.be/nl/lijnen/4313/?richtingCode=0,410932,Genk Erfstraat,50.97461,5.497456,0.657
14,Genk,50.97172,5.48927,Genk,Genk Fietsers rich Genk,Genk Fietsers rich Winterslag,47710,1,Sledderlo - Zwartberg,3,Bus,https://www.delijn.be/nl/lijnen/4771/?richtingCode=0,402312,Genk Station perron 2,50.96666,5.4959,0.729
14,Genk,50.97172,5.48927,Genk,Genk Fietsers rich Genk,Genk Fietsers rich Winterslag,47711,1,Zwartberg - Sledderlo,3,Bus,https://www.delijn.be/nl/lijnen/4771/?richtingCode=1,402312,Genk Station perron 2,50.96666,5.4959,0.729
14,Genk,50.97172,5.48927,Genk,Genk Fietsers rich Genk,Genk Fietsers rich Winterslag,47740,4,Termien - Genk Station,3,Bus,https://www.delijn.be/nl/lijnen/4774/?richtingCode=0,402313,Genk Station perron 1,50.96657,5.49576,0.731
14,Genk,50.97172,5.48927,Genk,Genk Fietsers rich Genk,Genk Fietsers rich Winterslag,43611,36a,Hasselt - Genk,3,Bus,https://www.delijn.be/nl/lijnen/4361/?richtingCode=1,402313,Genk Station perron 1,50.96657,5.49576,0.731
14,Genk,50.97172,5.48927,Genk,Genk Fietsers rich Genk,Genk Fietsers rich Winterslag,43621,36b,Hasselt - Genk,3,Bus,https://www.delijn.be/nl/lijnen/4362/?richtingCode=1,402313,Genk Station perron 1,50.96657,5.49576,0.731
14,Genk,50.97172,5.48927,Genk,Genk Fietsers rich Genk,Genk Fietsers rich Winterslag,47741,4,Genk Station - Termien,3,Bus,https://www.delijn.be/nl/lijnen/4774/?richtingCode=1,402313,Genk Station perron 1,50.96657,5.49576,0.731
14,Genk,50.97172,5.48927,Genk,Genk Fietsers rich Genk,Genk Fietsers rich Winterslag,43610,36a,Genk - Hasselt,3,Bus,https://www.delijn.be/nl/lijnen/4361/?richtingCode=0,402313,Genk Station perron 1,50.96657,5.49576,0.731
14,Genk,50.97172,5.48927,Genk,Genk Fietsers rich Genk,Genk Fietsers rich Winterslag,43620,36b,Genk - Hasselt,3,Bus,https://www.delijn.be/nl/lijnen/4362/?richtingCode=0,402313,Genk Station perron 1,50.96657,5.49576,0.731
14,Genk,50.97172,5.48927,Genk,Genk Fietsers rich Genk,Genk Fietsers rich Winterslag,48031,803,Opglabbeek Bewel - Genk,3,Bus,https://www.delijn.be/nl/lijnen/4803/?richtingCode=1,402313,Genk Station perron 1,50.96657,5.49576,0.731
14,Genk,50.97172,5.48927,Genk,Genk Fietsers rich Genk,Genk Fietsers rich Winterslag,48030,803,Genk - Opglabbeek Bewel,3,Bus,https://www.delijn.be/nl/lijnen/4803/?richtingCode=0,402313,Genk Station perron 1,50.96657,5.49576,0.731
14,Genk,50.97172,5.48927,Genk,Genk Fietsers rich Genk,Genk Fietsers rich Winterslag,47721,2,Camerlo - Genk Station,3,Bus,https://www.delijn.be/nl/lijnen/4772/?richtingCode=1,402311,Genk Station perron 3,50.96669,5.49603,0.733
14,Genk,50.97172,5.48927,Genk,Genk Fietsers rich Genk,Genk Fietsers rich Winterslag,47720,2,Genk Station - Camerlo,3,Bus,https://www.delijn.be/nl/lijnen/4772/?richtingCode=0,402311,Genk Station perron 3,50.96669,5.49603,0.733
14,Genk,50.97172,5.48927,Genk,Genk Fietsers rich Genk,Genk Fietsers rich Winterslag,41070,107,Tongeren - Genk,3,Bus,https://www.delijn.be/nl/lijnen/4107/?richtingCode=0,402309,Genk Station perron 5,50.96658,5.49601,0.741
14,Genk,50.97172,5.48927,Genk,Genk Fietsers rich Genk,Genk Fietsers rich Winterslag,47760,6,Genk Station - Ziekenhuis,3,Bus,https://www.delijn.be/nl/lijnen/4776/?richtingCode=0,402309,Genk Station perron 5,50.96658,5.49601,0.741
14,Genk,50.97172,5.48927,Genk,Genk Fietsers rich Genk,Genk Fietsers rich Winterslag,41090,109,Genk - Tongeren,3,Bus,https://www.delijn.be/nl/lijnen/4109/?richtingCode=0,402309,Genk Station perron 5,50.96658,5.49601,0.741
14,Genk,50.97172,5.48927,Genk,Genk Fietsers rich Genk,Genk Fietsers rich Winterslag,41091,109,Tongeren - Genk,3,Bus,https://www.delijn.be/nl/lijnen/4109/?richtingCode=1,402309,Genk Station perron 5,50.96658,5.49601,0.741
14,Genk,50.97172,5.48927,Genk,Genk Fietsers rich Genk,Genk Fietsers rich Winterslag,47761,6,Ziekenhuis - Genk Station,3,Bus,https://www.delijn.be/nl/lijnen/4776/?richtingCode=1,402309,Genk Station perron 5,50.96658,5.49601,0.741
14,Genk,50.97172,5.48927,Genk,Genk Fietsers rich Genk,Genk Fietsers rich Winterslag,41071,107,Genk - Tongeren,3,Bus,https://www.delijn.be/nl/lijnen/4107/?richtingCode=1,402309,Genk Station perron 5,50.96658,5.49601,0.741
14,Genk,50.97172,5.48927,Genk,Genk Fietsers rich Genk,Genk Fietsers rich Winterslag,47750,5,Genk-Zuid - Zwartberg,3,Bus,https://www.delijn.be/nl/lijnen/4775/?richtingCode=0,402310,Genk Station perron 4,50.96657,5.49599,0.741
14,Genk,50.97172,5.48927,Genk,Genk Fietsers rich Genk,Genk Fietsers rich Winterslag,47751,5,Zwartberg - Genk-Zuid,3,Bus,https://www.delijn.be/nl/lijnen/4775/?richtingCode=1,402310,Genk Station perron 4,50.96657,5.49599,0.741
14,Genk,50.97172,5.48927,Genk,Genk Fietsers rich Genk,Genk Fietsers rich Winterslag,44500,45,Genk - Maastricht,3,Bus,https://www.delijn.be/nl/lijnen/4450/?richtingCode=0,402310,Genk Station perron 4,50.96657,5.49599,0.741
14,Genk,50.97172,5.48927,Genk,Genk Fietsers rich Genk,Genk Fietsers rich Winterslag,44581,458,Genk - Lanaken,3,Bus,https://www.delijn.be/nl/lijnen/4458/?richtingCode=1,402310,Genk Station perron 4,50.96657,5.49599,0.741
14,Genk,50.97172,5.48927,Genk,Genk Fietsers rich Genk,Genk Fietsers rich Winterslag,44580,458,Lanaken - Genk,3,Bus,https://www.delijn.be/nl/lijnen/4458/?richtingCode=0,402310,Genk Station perron 4,50.96657,5.49599,0.741
14,Genk,50.97172,5.48927,Genk,Genk Fietsers rich Genk,Genk Fietsers rich Winterslag,44501,45,Maastricht - Genk,3,Bus,https://www.delijn.be/nl/lijnen/4450/?richtingCode=1,402310,Genk Station perron 4,50.96657,5.49599,0.741
14,Genk,50.97172,5.48927,Genk,Genk Fietsers rich Genk,Genk Fietsers rich Winterslag,48051,805,Neerpelt - Genk Sneldienst,3,Bus,https://www.delijn.be/nl/lijnen/4805/?richtingCode=1,402308,Genk Station perron 6,50.96667,5.49621,0.743
14,Genk,50.97172,5.48927,Genk,Genk Fietsers rich Genk,Genk Fietsers rich Winterslag,48080,808,Genk - Bree,3,Bus,https://www.delijn.be/nl/lijnen/4808/?richtingCode=0,402308,Genk Station perron 6,50.96667,5.49621,0.743
14,Genk,50.97172,5.48927,Genk,Genk Fietsers rich Genk,Genk Fietsers rich Winterslag,48081,808,Bree - Genk,3,Bus,https://www.delijn.be/nl/lijnen/4808/?richtingCode=1,402308,Genk Station perron 6,50.96667,5.49621,0.743
14,Genk,50.97172,5.48927,Genk,Genk Fietsers rich Genk,Genk Fietsers rich Winterslag,47770,7,Genk - Zutendaal,3,Bus,https://www.delijn.be/nl/lijnen/4777/?richtingCode=0,402308,Genk Station perron 6,50.96667,5.49621,0.743
14,Genk,50.97172,5.48927,Genk,Genk Fietsers rich Genk,Genk Fietsers rich Winterslag,48050,805,Genk - Neerpelt Sneldienst,3,Bus,https://www.delijn.be/nl/lijnen/4805/?richtingCode=0,402308,Genk Station perron 6,50.96667,5.49621,0.743
14,Genk,50.97172,5.48927,Genk,Genk Fietsers rich Genk,Genk Fietsers rich Winterslag,47771,7,Zutendaal - Genk,3,Bus,https://www.delijn.be/nl/lijnen/4777/?richtingCode=1,402308,Genk Station perron 6,50.96667,5.49621,0.743
14,Genk,50.97172,5.48927,Genk,Genk Fietsers rich Genk,Genk Fietsers rich Winterslag,48060,806,Opglabbeek - Genk,3,Bus,https://www.delijn.be/nl/lijnen/4806/?richtingCode=0,402308,Genk Station perron 6,50.96667,5.49621,0.743
14,Genk,50.97172,5.48927,Genk,Genk Fietsers rich Genk,Genk Fietsers rich Winterslag,48061,806,Genk - Opglabbeek,3,Bus,https://www.delijn.be/nl/lijnen/4806/?richtingCode=1,402308,Genk Station perron 6,50.96667,5.49621,0.743
14,Genk,50.97172,5.48927,Genk,Genk Fietsers rich Genk,Genk Fietsers rich Winterslag,42791,279,Genk - Kinrooi,3,Bus,https://www.delijn.be/nl/lijnen/4279/?richtingCode=1,402308,Genk Station perron 6,50.96667,5.49621,0.743
14,Genk,50.97172,5.48927,Genk,Genk Fietsers rich Genk,Genk Fietsers rich Winterslag,48040,804,Genk - Overpelt,3,Bus,https://www.delijn.be/nl/lijnen/4804/?richtingCode=0,402308,Genk Station perron 6,50.96667,5.49621,0.743
14,Genk,50.97172,5.48927,Genk,Genk Fietsers rich Genk,Genk Fietsers rich Winterslag,42790,279,Kinrooi - Genk,3,Bus,https://www.delijn.be/nl/lijnen/4279/?richtingCode=0,402308,Genk Station perron 6,50.96667,5.49621,0.743
14,Genk,50.97172,5.48927,Genk,Genk Fietsers rich Genk,Genk Fietsers rich Winterslag,48041,804,Overpelt - Genk,3,Bus,https://www.delijn.be/nl/lijnen/4804/?richtingCode=1,402308,Genk Station perron 6,50.96667,5.49621,0.743
14,Genk,50.97172,5.48927,Genk,Genk Fietsers rich Genk,Genk Fietsers rich Winterslag,42751,275,Genk-Opoeteren,3,Bus,https://www.delijn.be/nl/lijnen/4275/?richtingCode=1,402306,Genk Station perron 8,50.96666,5.49634,0.749
14,Genk,50.97172,5.48927,Genk,Genk Fietsers rich Genk,Genk Fietsers rich Winterslag,42710,X27,Maaseik - Genk,3,Bus,https://www.delijn.be/nl/lijnen/4271/?richtingCode=0,402306,Genk Station perron 8,50.96666,5.49634,0.749
14,Genk,50.97172,5.48927,Genk,Genk Fietsers rich Genk,Genk Fietsers rich Winterslag,42700,27,Genk - Maaseik,3,Bus,https://www.delijn.be/nl/lijnen/4270/?richtingCode=0,402306,Genk Station perron 8,50.96666,5.49634,0.749
14,Genk,50.97172,5.48927,Genk,Genk Fietsers rich Genk,Genk Fietsers rich Winterslag,42750,275,Opoeteren-Genk,3,Bus,https://www.delijn.be/nl/lijnen/4275/?richtingCode=0,402306,Genk Station perron 8,50.96666,5.49634,0.749
14,Genk,50.97172,5.48927,Genk,Genk Fietsers rich Genk,Genk Fietsers rich Winterslag,42770,277,Stokkem - Genk,3,Bus,https://www.delijn.be/nl/lijnen/4277/?richtingCode=0,402306,Genk Station perron 8,50.96666,5.49634,0.749
14,Genk,50.97172,5.48927,Genk,Genk Fietsers rich Genk,Genk Fietsers rich Winterslag,41290,129,Genk - Kiewit BEWEL,3,Bus,https://www.delijn.be/nl/lijnen/4129/?richtingCode=0,402306,Genk Station perron 8,50.96666,5.49634,0.749
14,Genk,50.97172,5.48927,Genk,Genk Fietsers rich Genk,Genk Fietsers rich Winterslag,42771,277,Genk - Stokkem,3,Bus,https://www.delijn.be/nl/lijnen/4277/?richtingCode=1,402306,Genk Station perron 8,50.96666,5.49634,0.749
14,Genk,50.97172,5.48927,Genk,Genk Fietsers rich Genk,Genk Fietsers rich Winterslag,42711,X27,Genk - Maaseik,3,Bus,https://www.delijn.be/nl/lijnen/4271/?richtingCode=1,402306,Genk Station perron 8,50.96666,5.49634,0.749
14,Genk,50.97172,5.48927,Genk,Genk Fietsers rich Genk,Genk Fietsers rich Winterslag,42701,27,Maaseik - Genk,3,Bus,https://www.delijn.be/nl/lijnen/4270/?richtingCode=1,402306,Genk Station perron 8,50.96666,5.49634,0.749
14,Genk,50.97172,5.48927,Genk,Genk Fietsers rich Genk,Genk Fietsers rich Winterslag,41291,129,Kiewit BEWEL - Genk,3,Bus,https://www.delijn.be/nl/lijnen/4129/?richtingCode=1,402306,Genk Station perron 8,50.96666,5.49634,0.749
14,Genk,50.97172,5.48927,Genk,Genk Fietsers rich Genk,Genk Fietsers rich Winterslag,43301,33,Neerpelt - Genk,3,Bus,https://www.delijn.be/nl/lijnen/4330/?richtingCode=1,402307,Genk Station perron 7,50.96656,5.49621,0.752
14,Genk,50.97172,5.48927,Genk,Genk Fietsers rich Genk,Genk Fietsers rich Winterslag,43300,33,Genk - Neerpelt,3,Bus,https://www.delijn.be/nl/lijnen/4330/?richtingCode=0,402307,Genk Station perron 7,50.96656,5.49621,0.752
14,Genk,50.97172,5.48927,Genk,Genk Fietsers rich Genk,Genk Fietsers rich Winterslag,44611,461,Boxberg - Genk Station,3,Bus,https://www.delijn.be/nl/lijnen/4461/?richtingCode=1,402307,Genk Station perron 7,50.96656,5.49621,0.752
14,Genk,50.97172,5.48927,Genk,Genk Fietsers rich Genk,Genk Fietsers rich Winterslag,43370,337,Peer - Genk,3,Bus,https://www.delijn.be/nl/lijnen/4337/?richtingCode=0,402307,Genk Station perron 7,50.96656,5.49621,0.752
14,Genk,50.97172,5.48927,Genk,Genk Fietsers rich Genk,Genk Fietsers rich Winterslag,43371,337,Genk - Peer,3,Bus,https://www.delijn.be/nl/lijnen/4337/?richtingCode=1,402307,Genk Station perron 7,50.96656,5.49621,0.752
14,Genk,50.97172,5.48927,Genk,Genk Fietsers rich Genk,Genk Fietsers rich Winterslag,44610,461,Genk Station - Boxberg,3,Bus,https://www.delijn.be/nl/lijnen/4461/?richtingCode=0,402307,Genk Station perron 7,50.96656,5.49621,0.752
14,Genk,50.97172,5.48927,Genk,Genk Fietsers rich Genk,Genk Fietsers rich Winterslag,43150,315,Houthalen - Genk,3,Bus,https://www.delijn.be/nl/lijnen/4315/?richtingCode=0,402305,Genk Station perron 9,50.96665,5.49645,0.755
14,Genk,50.97172,5.48927,Genk,Genk Fietsers rich Genk,Genk Fietsers rich Winterslag,43120,312,Genk - Zwartberg,3,Bus,https://www.delijn.be/nl/lijnen/4312/?richtingCode=0,402305,Genk Station perron 9,50.96665,5.49645,0.755
14,Genk,50.97172,5.48927,Genk,Genk Fietsers rich Genk,Genk Fietsers rich Winterslag,43151,315,Genk - Houthalen,3,Bus,https://www.delijn.be/nl/lijnen/4315/?richtingCode=1,402305,Genk Station perron 9,50.96665,5.49645,0.755
14,Genk,50.97172,5.48927,Genk,Genk Fietsers rich Genk,Genk Fietsers rich Winterslag,44651,465,Genk - Houthalen,3,Bus,https://www.delijn.be/nl/lijnen/4465/?richtingCode=1,402305,Genk Station perron 9,50.96665,5.49645,0.755
14,Genk,50.97172,5.48927,Genk,Genk Fietsers rich Genk,Genk Fietsers rich Winterslag,44650,465,Houthalen - Genk,3,Bus,https://www.delijn.be/nl/lijnen/4465/?richtingCode=0,402305,Genk Station perron 9,50.96665,5.49645,0.755
14,Genk,50.97172,5.48927,Genk,Genk Fietsers rich Genk,Genk Fietsers rich Winterslag,43121,312,Zwartberg - Genk,3,Bus,https://www.delijn.be/nl/lijnen/4312/?richtingCode=1,402305,Genk Station perron 9,50.96665,5.49645,0.755
14,Genk,50.97172,5.48927,Genk,Genk Fietsers rich Genk,Genk Fietsers rich Winterslag,41001,10,Tongeren - Genk,3,Bus,https://www.delijn.be/nl/lijnen/4100/?richtingCode=1,402304,Genk Station perron 10,50.96666,5.49648,0.756
14,Genk,50.97172,5.48927,Genk,Genk Fietsers rich Genk,Genk Fietsers rich Winterslag,41000,10,Genk - Tongeren,3,Bus,https://www.delijn.be/nl/lijnen/4100/?richtingCode=0,402304,Genk Station perron 10,50.96666,5.49648,0.756
14,Genk,50.97172,5.48927,Genk,Genk Fietsers rich Genk,Genk Fietsers rich Winterslag,41200,12,Hasselt - Genk,3,Bus,https://www.delijn.be/nl/lijnen/4120/?richtingCode=0,402303,Genk Station perron 11,50.96666,5.49659,0.761
14,Genk,50.97172,5.48927,Genk,Genk Fietsers rich Genk,Genk Fietsers rich Winterslag,41201,12,Genk - Hasselt,3,Bus,https://www.delijn.be/nl/lijnen/4120/?richtingCode=1,402303,Genk Station perron 11,50.96666,5.49659,0.761
14,Genk,50.97172,5.48927,Genk,Genk Fietsers rich Genk,Genk Fietsers rich Winterslag,44401,44,Maasmechelen - Hasselt,3,Bus,https://www.delijn.be/nl/lijnen/4440/?richtingCode=1,402302,Genk Station perron 12,50.96666,5.49663,0.763
14,Genk,50.97172,5.48927,Genk,Genk Fietsers rich Genk,Genk Fietsers rich Winterslag,44400,44,Hasselt - Maasmechelen,3,Bus,https://www.delijn.be/nl/lijnen/4440/?richtingCode=0,402301,Genk Station perron 13,50.96666,5.49672,0.767
15,Oostende 2,51.21371,2.92743,Oostende,Oostende 2 Fietser rich. Gistel,Oostende 2 Fietser rich  Oostende,50380,3,Oostende Station - Baanhof,3,Bus,https://www.delijn.be/nl/lijnen/5038/?richtingCode=0,501283,Oostende Dahlialaan,51.21374,2.92742,0.003
15,Oostende 2,51.21371,2.92743,Oostende,Oostende 2 Fietser rich. Gistel,Oostende 2 Fietser rich  Oostende,53050,305,Oostende - Baanhof - Gistel,3,Bus,https://www.delijn.be/nl/lijnen/5305/?richtingCode=0,501283,Oostende Dahlialaan,51.21374,2.92742,0.003
15,Oostende 2,51.21371,2.92743,Oostende,Oostende 2 Fietser rich. Gistel,Oostende 2 Fietser rich  Oostende,50381,3,Oostende Baanhof - Station,3,Bus,https://www.delijn.be/nl/lijnen/5038/?richtingCode=1,506283,Oostende Dahlialaan,51.21401,2.92748,0.034
15,Oostende 2,51.21371,2.92743,Oostende,Oostende 2 Fietser rich. Gistel,Oostende 2 Fietser rich  Oostende,53051,305,Gistel - Baanhof - Oostende,3,Bus,https://www.delijn.be/nl/lijnen/5305/?richtingCode=1,506283,Oostende Dahlialaan,51.21401,2.92748,0.034
15,Oostende 2,51.21371,2.92743,Oostende,Oostende 2 Fietser rich. Gistel,Oostende 2 Fietser rich  Oostende,59050,5,Oostende Station - Stene Dorp,3,Bus,https://www.delijn.be/nl/lijnen/5905/?richtingCode=0,501312,Stene Lotuslaan,51.21,2.92379,0.484
15,Oostende 2,51.21371,2.92743,Oostende,Oostende 2 Fietser rich. Gistel,Oostende 2 Fietser rich  Oostende,53001,30,Oostende - Oudenburg - Westkerke - Jabbeke - Brugge,3,Bus,https://www.delijn.be/nl/lijnen/5300/?richtingCode=1,501474,Oostende Gouwelozestraat,51.21781,2.92505,0.485
15,Oostende 2,51.21371,2.92743,Oostende,Oostende 2 Fietser rich. Gistel,Oostende 2 Fietser rich  Oostende,53000,30,Brugge - Jabbeke - Westkerke - Oudenburg - Oostende,3,Bus,https://www.delijn.be/nl/lijnen/5300/?richtingCode=0,506474,Oostende Gouwelozestraat,51.21793,2.92505,0.498
15,Oostende 2,51.21371,2.92743,Oostende,Oostende 2 Fietser rich. Gistel,Oostende 2 Fietser rich  Oostende,59010,1,Marie-Joséplein - Visserskaai - Oostende Station - Konterdam,3,Bus,https://www.delijn.be/nl/lijnen/5901/?richtingCode=0,511302,Oostende AZO Damiaan,51.218,2.93306,0.618
15,Oostende 2,51.21371,2.92743,Oostende,Oostende 2 Fietser rich. Gistel,Oostende 2 Fietser rich  Oostende,59011,1,Konterdam - Oostende Station - Visserskaai - Marie-Joséplein,3,Bus,https://www.delijn.be/nl/lijnen/5901/?richtingCode=1,516302,Oostende AZO Damiaan,51.21809,2.93306,0.625
15,Oostende 2,51.21371,2.92743,Oostende,Oostende 2 Fietser rich. Gistel,Oostende 2 Fietser rich  Oostende,59071,7,Oostende Steensedijk - Station,3,Bus,https://www.delijn.be/nl/lijnen/5907/?richtingCode=1,506565,Oostende Vogelzangdreef,51.21551,2.91582,0.833
15,Oostende 2,51.21371,2.92743,Oostende,Oostende 2 Fietser rich. Gistel,Oostende 2 Fietser rich  Oostende,59070,7,Oostende Station - Steensedijk,3,Bus,https://www.delijn.be/nl/lijnen/5907/?richtingCode=0,501565,Oostende Vogelzangdreef,51.21511,2.91494,0.884
16,Kortrijk 1,50.83332,3.27777,Kortrijk,Kortrijk 1 Fietsers rich Harelbeke,Kortrijk 1 Fietsers rich Kortrijk,57561,75,Deinze - Zulte - Waregem - Harelbeke - Kortrijk,3,Bus,https://www.delijn.be/nl/lijnen/5756/?richtingCode=1,508374,Kortrijk Gentpoort,50.83365,3.27786,0.037
16,Kortrijk 1,50.83332,3.27777,Kortrijk,Kortrijk 1 Fietsers rich Harelbeke,Kortrijk 1 Fietsers rich Kortrijk,57560,75,Kortrijk - Harelbeke - Waregem - Zulte - Deinze,3,Bus,https://www.delijn.be/nl/lijnen/5756/?richtingCode=0,503374,Kortrijk Gentpoort,50.83269,3.27671,0.102
16,Kortrijk 1,50.83332,3.27777,Kortrijk,Kortrijk 1 Fietsers rich Harelbeke,Kortrijk 1 Fietsers rich Kortrijk,57091,709,Anzegem - Deerlijk - Harelbeke - Stasegem - Kortrijk,3,Bus,https://www.delijn.be/nl/lijnen/5709/?richtingCode=1,503425,Kortrijk Sint-Janskerk,50.82916,3.28191,0.546
16,Kortrijk 1,50.83332,3.27777,Kortrijk,Kortrijk 1 Fietsers rich Harelbeke,Kortrijk 1 Fietsers rich Kortrijk,57001,70,Waregem - Deerlijk - Harelbeke - Stasegem - Kortrijk,3,Bus,https://www.delijn.be/nl/lijnen/5700/?richtingCode=1,503425,Kortrijk Sint-Janskerk,50.82916,3.28191,0.546
16,Kortrijk 1,50.83332,3.27777,Kortrijk,Kortrijk 1 Fietsers rich Harelbeke,Kortrijk 1 Fietsers rich Kortrijk,57000,70,Kortrijk - Stasegem -Harelbeke - Deerlijk - Waregem,3,Bus,https://www.delijn.be/nl/lijnen/5700/?richtingCode=0,503109,Kortrijk Sint-Janskerk,50.82881,3.28165,0.571
16,Kortrijk 1,50.83332,3.27777,Kortrijk,Kortrijk 1 Fietsers rich Harelbeke,Kortrijk 1 Fietsers rich Kortrijk,57090,709,Kortrijk - Stasegem - Harelbeke - Deerlijk - Anzegem,3,Bus,https://www.delijn.be/nl/lijnen/5709/?richtingCode=0,503109,Kortrijk Sint-Janskerk,50.82881,3.28165,0.571
17,Kortrijk 2,50.83339,3.27773,Kortrijk,Kortrijk 2 Fietsers rich Harelbeke,Kortrijk 2 Fietsers rich Kortrijk,57561,75,Deinze - Zulte - Waregem - Harelbeke - Kortrijk,3,Bus,https://www.delijn.be/nl/lijnen/5756/?richtingCode=1,508374,Kortrijk Gentpoort,50.83365,3.27786,0.03
17,Kortrijk 2,50.83339,3.27773,Kortrijk,Kortrijk 2 Fietsers rich Harelbeke,Kortrijk 2 Fietsers rich Kortrijk,57560,75,Kortrijk - Harelbeke - Waregem - Zulte - Deinze,3,Bus,https://www.delijn.be/nl/lijnen/5756/?richtingCode=0,503374,Kortrijk Gentpoort,50.83269,3.27671,0.106
17,Kortrijk 2,50.83339,3.27773,Kortrijk,Kortrijk 2 Fietsers rich Harelbeke,Kortrijk 2 Fietsers rich Kortrijk,57091,709,Anzegem - Deerlijk - Harelbeke - Stasegem - Kortrijk,3,Bus,https://www.delijn.be/nl/lijnen/5709/?richtingCode=1,503425,Kortrijk Sint-Janskerk,50.82916,3.28191,0.554
17,Kortrijk 2,50.83339,3.27773,Kortrijk,Kortrijk 2 Fietsers rich Harelbeke,Kortrijk 2 Fietsers rich Kortrijk,57001,70,Waregem - Deerlijk - Harelbeke - Stasegem - Kortrijk,3,Bus,https://www.delijn.be/nl/lijnen/5700/?richtingCode=1,503425,Kortrijk Sint-Janskerk,50.82916,3.28191,0.554
17,Kortrijk 2,50.83339,3.27773,Kortrijk,Kortrijk 2 Fietsers rich Harelbeke,Kortrijk 2 Fietsers rich Kortrijk,57000,70,Kortrijk - Stasegem -Harelbeke - Deerlijk - Waregem,3,Bus,https://www.delijn.be/nl/lijnen/5700/?richtingCode=0,503109,Kortrijk Sint-Janskerk,50.82881,3.28165,0.579
17,Kortrijk 2,50.83339,3.27773,Kortrijk,Kortrijk 2 Fietsers rich Harelbeke,Kortrijk 2 Fietsers rich Kortrijk,57090,709,Kortrijk - Stasegem - Harelbeke - Deerlijk - Anzegem,3,Bus,https://www.delijn.be/nl/lijnen/5709/?richtingCode=0,503109,Kortrijk Sint-Janskerk,50.82881,3.28165,0.579
18,Oostende 1,51.21378,2.92765,Oostende,Oostende 1 Fietsers rich. Oostende,Oostende 1 Fietsers rich. Gistel,50380,3,Oostende Station - Baanhof,3,Bus,https://www.delijn.be/nl/lijnen/5038/?richtingCode=0,501283,Oostende Dahlialaan,51.21374,2.92742,0.017
18,Oostende 1,51.21378,2.92765,Oostende,Oostende 1 Fietsers rich. Oostende,Oostende 1 Fietsers rich. Gistel,53050,305,Oostende - Baanhof - Gistel,3,Bus,https://www.delijn.be/nl/lijnen/5305/?richtingCode=0,501283,Oostende Dahlialaan,51.21374,2.92742,0.017
18,Oostende 1,51.21378,2.92765,Oostende,Oostende 1 Fietsers rich. Oostende,Oostende 1 Fietsers rich. Gistel,50381,3,Oostende Baanhof - Station,3,Bus,https://www.delijn.be/nl/lijnen/5038/?richtingCode=1,506283,Oostende Dahlialaan,51.21401,2.92748,0.028
18,Oostende 1,51.21378,2.92765,Oostende,Oostende 1 Fietsers rich. Oostende,Oostende 1 Fietsers rich. Gistel,53051,305,Gistel - Baanhof - Oostende,3,Bus,https://www.delijn.be/nl/lijnen/5305/?richtingCode=1,506283,Oostende Dahlialaan,51.21401,2.92748,0.028
18,Oostende 1,51.21378,2.92765,Oostende,Oostende 1 Fietsers rich. Oostende,Oostende 1 Fietsers rich. Gistel,53001,30,Oostende - Oudenburg - Westkerke - Jabbeke - Brugge,3,Bus,https://www.delijn.be/nl/lijnen/5300/?richtingCode=1,501474,Oostende Gouwelozestraat,51.21781,2.92505,0.483
18,Oostende 1,51.21378,2.92765,Oostende,Oostende 1 Fietsers rich. Oostende,Oostende 1 Fietsers rich. Gistel,53000,30,Brugge - Jabbeke - Westkerke - Oudenburg - Oostende,3,Bus,https://www.delijn.be/nl/lijnen/5300/?richtingCode=0,506474,Oostende Gouwelozestraat,51.21793,2.92505,0.496
18,Oostende 1,51.21378,2.92765,Oostende,Oostende 1 Fietsers rich. Oostende,Oostende 1 Fietsers rich. Gistel,59050,5,Oostende Station - Stene Dorp,3,Bus,https://www.delijn.be/nl/lijnen/5905/?richtingCode=0,501312,Stene Lotuslaan,51.21,2.92379,0.499
18,Oostende 1,51.21378,2.92765,Oostende,Oostende 1 Fietsers rich. Oostende,Oostende 1 Fietsers rich. Gistel,59010,1,Marie-Joséplein - Visserskaai - Oostende Station - Konterdam,3,Bus,https://www.delijn.be/nl/lijnen/5901/?richtingCode=0,511302,Oostende AZO Damiaan,51.218,2.93306,0.602
18,Oostende 1,51.21378,2.92765,Oostende,Oostende 1 Fietsers rich. Oostende,Oostende 1 Fietsers rich. Gistel,59011,1,Konterdam - Oostende Station - Visserskaai - Marie-Joséplein,3,Bus,https://www.delijn.be/nl/lijnen/5901/?richtingCode=1,516302,Oostende AZO Damiaan,51.21809,2.93306,0.61
18,Oostende 1,51.21378,2.92765,Oostende,Oostende 1 Fietsers rich. Oostende,Oostende 1 Fietsers rich. Gistel,59071,7,Oostende Steensedijk - Station,3,Bus,https://www.delijn.be/nl/lijnen/5907/?richtingCode=1,506565,Oostende Vogelzangdreef,51.21551,2.91582,0.846
18,Oostende 1,51.21378,2.92765,Oostende,Oostende 1 Fietsers rich. Oostende,Oostende 1 Fietsers rich. Gistel,59070,7,Oostende Station - Steensedijk,3,Bus,https://www.delijn.be/nl/lijnen/5907/?richtingCode=0,501565,Oostende Vogelzangdreef,51.21511,2.91494,0.898
19,Aalst 1,50.93433,4.01471,Aalst,Aalst 1 fietser aalst / Aalst 1 fietser Aalst,Aalst 1 fietser erpe mere / Aalst 1 fietser Erpe Mere,20230,2,Aalst Station - Erembodegem - AZORG Merestraat,3,Bus,https://www.delijn.be/nl/lijnen/2023/?richtingCode=0,216022,Aalst Crematorium,50.93477,4.01306,0.126
19,Aalst 1,50.93433,4.01471,Aalst,Aalst 1 fietser aalst / Aalst 1 fietser Aalst,Aalst 1 fietser erpe mere / Aalst 1 fietser Erpe Mere,20231,2,AZORG Merestraat - Erembodegem - Aalst Station,3,Bus,https://www.delijn.be/nl/lijnen/2023/?richtingCode=1,217022,Aalst Crematorium,50.93493,4.01303,0.135
19,Aalst 1,50.93433,4.01471,Aalst,Aalst 1 fietser aalst / Aalst 1 fietser Aalst,Aalst 1 fietser erpe mere / Aalst 1 fietser Erpe Mere,21070,1,AZORG Merestraat - Station - Oude Abdijstraat,3,Bus,https://www.delijn.be/nl/lijnen/2107/?richtingCode=0,216095,Aalst AZORG Merestraat,50.93506,4.01942,0.34
19,Aalst 1,50.93433,4.01471,Aalst,Aalst 1 fietser aalst / Aalst 1 fietser Aalst,Aalst 1 fietser erpe mere / Aalst 1 fietser Erpe Mere,21071,1,Aalst Oude Abdijstraat - Station - AZORG Merestraat,3,Bus,https://www.delijn.be/nl/lijnen/2107/?richtingCode=1,216095,Aalst AZORG Merestraat,50.93506,4.01942,0.34
19,Aalst 1,50.93433,4.01471,Aalst,Aalst 1 fietser aalst / Aalst 1 fietser Aalst,Aalst 1 fietser erpe mere / Aalst 1 fietser Erpe Mere,28750,87,Aalst - Haaltert - Aspelare - Geraardsbergen,3,Bus,https://www.delijn.be/nl/lijnen/2875/?richtingCode=0,207063,Nieuwerkerken Odisee,50.93141,4.02213,0.613
19,Aalst 1,50.93433,4.01471,Aalst,Aalst 1 fietser aalst / Aalst 1 fietser Aalst,Aalst 1 fietser erpe mere / Aalst 1 fietser Erpe Mere,28070,80,Aalst - Ede - Mere - Aaigem - Heldergem,3,Bus,https://www.delijn.be/nl/lijnen/2807/?richtingCode=0,207063,Nieuwerkerken Odisee,50.93141,4.02213,0.613
19,Aalst 1,50.93433,4.01471,Aalst,Aalst 1 fietser aalst / Aalst 1 fietser Aalst,Aalst 1 fietser erpe mere / Aalst 1 fietser Erpe Mere,28020,802,Aalst - Ede - Haaltert - Heldergem - Woubrechtegem,3,Bus,https://www.delijn.be/nl/lijnen/2802/?richtingCode=0,207063,Nieuwerkerken Odisee,50.93141,4.02213,0.613
19,Aalst 1,50.93433,4.01471,Aalst,Aalst 1 fietser aalst / Aalst 1 fietser Aalst,Aalst 1 fietser erpe mere / Aalst 1 fietser Erpe Mere,28030,803,Aalst - Ede - Kerksken Stichelen,3,Bus,https://www.delijn.be/nl/lijnen/2803/?richtingCode=0,207063,Nieuwerkerken Odisee,50.93141,4.02213,0.613
19,Aalst 1,50.93433,4.01471,Aalst,Aalst 1 fietser aalst / Aalst 1 fietser Aalst,Aalst 1 fietser erpe mere / Aalst 1 fietser Erpe Mere,28040,804,Aalst - Mere - Burst - Heldergem,3,Bus,https://www.delijn.be/nl/lijnen/2804/?richtingCode=0,207063,Nieuwerkerken Odisee,50.93141,4.02213,0.613
19,Aalst 1,50.93433,4.01471,Aalst,Aalst 1 fietser aalst / Aalst 1 fietser Aalst,Aalst 1 fietser erpe mere / Aalst 1 fietser Erpe Mere,28751,87,Geraardsbergen - Aspelare - Haaltert - Aalst,3,Bus,https://www.delijn.be/nl/lijnen/2875/?richtingCode=1,206063,Nieuwerkerken Odisee,50.9313,4.02206,0.615
19,Aalst 1,50.93433,4.01471,Aalst,Aalst 1 fietser aalst / Aalst 1 fietser Aalst,Aalst 1 fietser erpe mere / Aalst 1 fietser Erpe Mere,28071,80,Heldergem - Aaigem - Mere - Ede - Aalst,3,Bus,https://www.delijn.be/nl/lijnen/2807/?richtingCode=1,206063,Nieuwerkerken Odisee,50.9313,4.02206,0.615
19,Aalst 1,50.93433,4.01471,Aalst,Aalst 1 fietser aalst / Aalst 1 fietser Aalst,Aalst 1 fietser erpe mere / Aalst 1 fietser Erpe Mere,28021,802,Woubrechtegem - Heldergem - Haaltert - Ede - Aalst,3,Bus,https://www.delijn.be/nl/lijnen/2802/?richtingCode=1,206063,Nieuwerkerken Odisee,50.9313,4.02206,0.615
19,Aalst 1,50.93433,4.01471,Aalst,Aalst 1 fietser aalst / Aalst 1 fietser Aalst,Aalst 1 fietser erpe mere / Aalst 1 fietser Erpe Mere,28041,804,Heldergem - Burst - Mere - Aalst,3,Bus,https://www.delijn.be/nl/lijnen/2804/?richtingCode=1,206063,Nieuwerkerken Odisee,50.9313,4.02206,0.615
19,Aalst 1,50.93433,4.01471,Aalst,Aalst 1 fietser aalst / Aalst 1 fietser Aalst,Aalst 1 fietser erpe mere / Aalst 1 fietser Erpe Mere,28031,803,Kerksken Stichelen - Ede - Aalst,3,Bus,https://www.delijn.be/nl/lijnen/2803/?richtingCode=1,206063,Nieuwerkerken Odisee,50.9313,4.02206,0.615
19,Aalst 1,50.93433,4.01471,Aalst,Aalst 1 fietser aalst / Aalst 1 fietser Aalst,Aalst 1 fietser erpe mere / Aalst 1 fietser Erpe Mere,22090,209,Massemen - Oordegem - Impe - Erpe Vijfhuizen - Aalst,3,Bus,https://www.delijn.be/nl/lijnen/2209/?richtingCode=0,206522,Aalst Welvaartstraat,50.93913,4.0194,0.627
19,Aalst 1,50.93433,4.01471,Aalst,Aalst 1 fietser aalst / Aalst 1 fietser Aalst,Aalst 1 fietser erpe mere / Aalst 1 fietser Erpe Mere,22540,254,Uitbergen - Lede - Erpe Vijfhuizen - Aalst,3,Bus,https://www.delijn.be/nl/lijnen/2254/?richtingCode=0,206522,Aalst Welvaartstraat,50.93913,4.0194,0.627
19,Aalst 1,50.93433,4.01471,Aalst,Aalst 1 fietser aalst / Aalst 1 fietser Aalst,Aalst 1 fietser erpe mere / Aalst 1 fietser Erpe Mere,22521,252,Zottegem - Hillegem - Borsbeke - Vlekkem - Erpe - Aalst,3,Bus,https://www.delijn.be/nl/lijnen/2252/?richtingCode=1,206522,Aalst Welvaartstraat,50.93913,4.0194,0.627
19,Aalst 1,50.93433,4.01471,Aalst,Aalst 1 fietser aalst / Aalst 1 fietser Aalst,Aalst 1 fietser erpe mere / Aalst 1 fietser Erpe Mere,22050,20,Gent Sint-Pieters - Melle - Oordegem -Erpe Vijfhuizen -Aalst,3,Bus,https://www.delijn.be/nl/lijnen/2205/?richtingCode=0,206522,Aalst Welvaartstraat,50.93913,4.0194,0.627
19,Aalst 1,50.93433,4.01471,Aalst,Aalst 1 fietser aalst / Aalst 1 fietser Aalst,Aalst 1 fietser erpe mere / Aalst 1 fietser Erpe Mere,22531,253,Herzele - Ressegem - Erpe - Aalst,3,Bus,https://www.delijn.be/nl/lijnen/2253/?richtingCode=1,206522,Aalst Welvaartstraat,50.93913,4.0194,0.627
19,Aalst 1,50.93433,4.01471,Aalst,Aalst 1 fietser aalst / Aalst 1 fietser Aalst,Aalst 1 fietser erpe mere / Aalst 1 fietser Erpe Mere,22571,25,Zottegem - Herzele - Houtem - Burst - Erpe - Aalst,3,Bus,https://www.delijn.be/nl/lijnen/2257/?richtingCode=1,206522,Aalst Welvaartstraat,50.93913,4.0194,0.627
19,Aalst 1,50.93433,4.01471,Aalst,Aalst 1 fietser aalst / Aalst 1 fietser Aalst,Aalst 1 fietser erpe mere / Aalst 1 fietser Erpe Mere,22520,252,Aalst - Erpe - Vlekkem - Borsbeke - Hillegem - Zottegem,3,Bus,https://www.delijn.be/nl/lijnen/2252/?richtingCode=0,217522,Aalst Welvaartstraat,50.93928,4.01941,0.641
19,Aalst 1,50.93433,4.01471,Aalst,Aalst 1 fietser aalst / Aalst 1 fietser Aalst,Aalst 1 fietser erpe mere / Aalst 1 fietser Erpe Mere,22530,253,Aalst - Erpe - Ressegem - Herzele,3,Bus,https://www.delijn.be/nl/lijnen/2253/?richtingCode=0,217522,Aalst Welvaartstraat,50.93928,4.01941,0.641
19,Aalst 1,50.93433,4.01471,Aalst,Aalst 1 fietser aalst / Aalst 1 fietser Aalst,Aalst 1 fietser erpe mere / Aalst 1 fietser Erpe Mere,22570,25,Aalst - Erpe - Burst - Houtem - Herzele - Zottegem,3,Bus,https://www.delijn.be/nl/lijnen/2257/?richtingCode=0,217522,Aalst Welvaartstraat,50.93928,4.01941,0.641
19,Aalst 1,50.93433,4.01471,Aalst,Aalst 1 fietser aalst / Aalst 1 fietser Aalst,Aalst 1 fietser erpe mere / Aalst 1 fietser Erpe Mere,22051,20,Aalst -Erpe Vijfhuizen -Oordegem -Melle - Gent Sint-Pieters,3,Bus,https://www.delijn.be/nl/lijnen/2205/?richtingCode=1,217522,Aalst Welvaartstraat,50.93928,4.01941,0.641
19,Aalst 1,50.93433,4.01471,Aalst,Aalst 1 fietser aalst / Aalst 1 fietser Aalst,Aalst 1 fietser erpe mere / Aalst 1 fietser Erpe Mere,22091,209,Aalst - Erpe Vijfhuizen - Impe - Oordegem - Massemen,3,Bus,https://www.delijn.be/nl/lijnen/2209/?richtingCode=1,217522,Aalst Welvaartstraat,50.93928,4.01941,0.641
19,Aalst 1,50.93433,4.01471,Aalst,Aalst 1 fietser aalst / Aalst 1 fietser Aalst,Aalst 1 fietser erpe mere / Aalst 1 fietser Erpe Mere,22541,254,Aalst - Erpe Vijfhuizen - Lede - Uitbergen,3,Bus,https://www.delijn.be/nl/lijnen/2254/?richtingCode=1,217522,Aalst Welvaartstraat,50.93928,4.01941,0.641
20,Brugge,51.17416,3.20048,Brugge,Brugge Fietsers rich Brugge,Brugge Fietsers rich Loppem,52200,2,Kinepolis - Station - Centrum - Coiseaukaai,3,Bus,https://www.delijn.be/nl/lijnen/5220/?richtingCode=0,500120,Sint-Michiels Kinepolis,51.17911,3.20263,0.57
20,Brugge,51.17416,3.20048,Brugge,Brugge Fietsers rich Brugge,Brugge Fietsers rich Loppem,52201,2,Coiseaukaai - Centrum - Station - Kinepolis,3,Bus,https://www.delijn.be/nl/lijnen/5220/?richtingCode=1,500120,Sint-Michiels Kinepolis,51.17911,3.20263,0.57
20,Brugge,51.17416,3.20048,Brugge,Brugge Fietsers rich Brugge,Brugge Fietsers rich Loppem,57070,70a,Brugge - Loppem - Zedelgem - Aartrijke - Torhout,3,Bus,https://www.delijn.be/nl/lijnen/5707/?richtingCode=0,512466,Sint-Michiels Stokvelde,51.17484,3.21008,0.674
20,Brugge,51.17416,3.20048,Brugge,Brugge Fietsers rich Brugge,Brugge Fietsers rich Loppem,57080,70b,Brugge - Loppem - Zedelgem - Veldegem - Torhout,3,Bus,https://www.delijn.be/nl/lijnen/5708/?richtingCode=0,512466,Sint-Michiels Stokvelde,51.17484,3.21008,0.674
20,Brugge,51.17416,3.20048,Brugge,Brugge Fietsers rich Brugge,Brugge Fietsers rich Loppem,57030,703,Brugge - Loppem - Zedelgem - Aartrijke - Koekelare - Leke,3,Bus,https://www.delijn.be/nl/lijnen/5703/?richtingCode=0,512466,Sint-Michiels Stokvelde,51.17484,3.21008,0.674
20,Brugge,51.17416,3.20048,Brugge,Brugge Fietsers rich Brugge,Brugge Fietsers rich Loppem,57071,70a,Torhout - Aartrijke - Zedelgem - Loppem - Brugge,3,Bus,https://www.delijn.be/nl/lijnen/5707/?richtingCode=1,517466,Sint-Michiels Stokvelde,51.17382,3.21056,0.704
20,Brugge,51.17416,3.20048,Brugge,Brugge Fietsers rich Brugge,Brugge Fietsers rich Loppem,57031,703,Leke - Koekelare - Aartrijke - Zedelgem - Loppem - Brugge,3,Bus,https://www.delijn.be/nl/lijnen/5703/?richtingCode=1,517466,Sint-Michiels Stokvelde,51.17382,3.21056,0.704
20,Brugge,51.17416,3.20048,Brugge,Brugge Fietsers rich Brugge,Brugge Fietsers rich Loppem,57081,70b,Torhout - Veldegem - Zedelgem - Loppem - Brugge,3,Bus,https://www.delijn.be/nl/lijnen/5708/?richtingCode=1,517466,Sint-Michiels Stokvelde,51.17382,3.21056,0.704
21,Bilzen,50.86015,5.50161,Bilzen,Bilzen Fietsers rich. Hoeselt,Bilzen Fietsers rich. Bilzen,41070,107,Tongeren - Genk,3,Bus,https://www.delijn.be/nl/lijnen/4107/?richtingCode=0,400703,Bilzen Autosnelweg,50.86155,5.50292,0.181
21,Bilzen,50.86015,5.50161,Bilzen,Bilzen Fietsers rich. Hoeselt,Bilzen Fietsers rich. Bilzen,41081,108,Hoeselt - Wiemesmeer,3,Bus,https://www.delijn.be/nl/lijnen/4108/?richtingCode=1,400703,Bilzen Autosnelweg,50.86155,5.50292,0.181
21,Bilzen,50.86015,5.50161,Bilzen,Bilzen Fietsers rich. Hoeselt,Bilzen Fietsers rich. Bilzen,41031,103,Tongeren - Bilzen,3,Bus,https://www.delijn.be/nl/lijnen/4103/?richtingCode=1,400703,Bilzen Autosnelweg,50.86155,5.50292,0.181
21,Bilzen,50.86015,5.50161,Bilzen,Bilzen Fietsers rich. Hoeselt,Bilzen Fietsers rich. Bilzen,41091,109,Tongeren - Genk,3,Bus,https://www.delijn.be/nl/lijnen/4109/?richtingCode=1,400703,Bilzen Autosnelweg,50.86155,5.50292,0.181
21,Bilzen,50.86015,5.50161,Bilzen,Bilzen Fietsers rich. Hoeselt,Bilzen Fietsers rich. Bilzen,41060,106,Tongeren - Bilzen,3,Bus,https://www.delijn.be/nl/lijnen/4106/?richtingCode=0,400703,Bilzen Autosnelweg,50.86155,5.50292,0.181
21,Bilzen,50.86015,5.50161,Bilzen,Bilzen Fietsers rich. Hoeselt,Bilzen Fietsers rich. Bilzen,41001,10,Tongeren - Genk,3,Bus,https://www.delijn.be/nl/lijnen/4100/?richtingCode=1,400703,Bilzen Autosnelweg,50.86155,5.50292,0.181
21,Bilzen,50.86015,5.50161,Bilzen,Bilzen Fietsers rich. Hoeselt,Bilzen Fietsers rich. Bilzen,41150,105,Tongeren - Bilzen,3,Bus,https://www.delijn.be/nl/lijnen/4115/?richtingCode=0,400703,Bilzen Autosnelweg,50.86155,5.50292,0.181
21,Bilzen,50.86015,5.50161,Bilzen,Bilzen Fietsers rich. Hoeselt,Bilzen Fietsers rich. Bilzen,41071,107,Genk - Tongeren,3,Bus,https://www.delijn.be/nl/lijnen/4107/?richtingCode=1,400702,Bilzen Autosnelweg,50.861634,5.502738,0.183
21,Bilzen,50.86015,5.50161,Bilzen,Bilzen Fietsers rich. Hoeselt,Bilzen Fietsers rich. Bilzen,41090,109,Genk - Tongeren,3,Bus,https://www.delijn.be/nl/lijnen/4109/?richtingCode=0,400702,Bilzen Autosnelweg,50.861634,5.502738,0.183
21,Bilzen,50.86015,5.50161,Bilzen,Bilzen Fietsers rich. Hoeselt,Bilzen Fietsers rich. Bilzen,41151,105,Bilzen - Tongeren,3,Bus,https://www.delijn.be/nl/lijnen/4115/?richtingCode=1,400702,Bilzen Autosnelweg,50.861634,5.502738,0.183
21,Bilzen,50.86015,5.50161,Bilzen,Bilzen Fietsers rich. Hoeselt,Bilzen Fietsers rich. Bilzen,41000,10,Genk - Tongeren,3,Bus,https://www.delijn.be/nl/lijnen/4100/?richtingCode=0,400702,Bilzen Autosnelweg,50.861634,5.502738,0.183
21,Bilzen,50.86015,5.50161,Bilzen,Bilzen Fietsers rich. Hoeselt,Bilzen Fietsers rich. Bilzen,41061,106,Bilzen - Tongeren,3,Bus,https://www.delijn.be/nl/lijnen/4106/?richtingCode=1,400702,Bilzen Autosnelweg,50.861634,5.502738,0.183
21,Bilzen,50.86015,5.50161,Bilzen,Bilzen Fietsers rich. Hoeselt,Bilzen Fietsers rich. Bilzen,41030,103,Bilzen - Tongeren,3,Bus,https://www.delijn.be/nl/lijnen/4103/?richtingCode=0,400702,Bilzen Autosnelweg,50.861634,5.502738,0.183
21,Bilzen,50.86015,5.50161,Bilzen,Bilzen Fietsers rich. Hoeselt,Bilzen Fietsers rich. Bilzen,41080,108,Wiemesmeer - Hoeselt,3,Bus,https://www.delijn.be/nl/lijnen/4108/?richtingCode=0,400702,Bilzen Autosnelweg,50.861634,5.502738,0.183
21,Bilzen,50.86015,5.50161,Bilzen,Bilzen Fietsers rich. Hoeselt,Bilzen Fietsers rich. Bilzen,42071,207,Hasselt - Bilzen,3,Bus,https://www.delijn.be/nl/lijnen/4207/?richtingCode=1,400804,Merem Meremweg,50.86744,5.50349,0.821
21,Bilzen,50.86015,5.50161,Bilzen,Bilzen Fietsers rich. Hoeselt,Bilzen Fietsers rich. Bilzen,42070,207,Bilzen - Hasselt,3,Bus,https://www.delijn.be/nl/lijnen/4207/?richtingCode=0,400805,Merem Meremweg,50.86749,5.50342,0.826
22,Tienen 2,50.81330800184882,4.935984252796022,Tienen,Tienen 2 Fietsers rich Sint-Truiden,Tienen 2 Fietsers rich Boutersem,35401,540,Tienen - Bunsbeek - Kapellen - Bekkevoort,3,Bus,https://www.delijn.be/nl/lijnen/3540/?richtingCode=1,308904,Tienen Houtemstraat,50.81422,4.9354,0.109
22,Tienen 2,50.81330800184882,4.935984252796022,Tienen,Tienen 2 Fietsers rich Sint-Truiden,Tienen 2 Fietsers rich Boutersem,36691,669,Snelbus Tienen - Glabbeek - Bekkevoort - Diest,3,Bus,https://www.delijn.be/nl/lijnen/3669/?richtingCode=1,308904,Tienen Houtemstraat,50.81422,4.9354,0.109
22,Tienen 2,50.81330800184882,4.935984252796022,Tienen,Tienen 2 Fietsers rich Sint-Truiden,Tienen 2 Fietsers rich Boutersem,35891,589,Tienen - Meensel-Kiezegem - Tielt-Winge,3,Bus,https://www.delijn.be/nl/lijnen/3589/?richtingCode=1,308904,Tienen Houtemstraat,50.81422,4.9354,0.109
22,Tienen 2,50.81330800184882,4.935984252796022,Tienen,Tienen 2 Fietsers rich Sint-Truiden,Tienen 2 Fietsers rich Boutersem,30641,64,Tienen - Glabbeek - Tielt-Winge - Aarschot,3,Bus,https://www.delijn.be/nl/lijnen/3064/?richtingCode=1,308904,Tienen Houtemstraat,50.81422,4.9354,0.109
22,Tienen 2,50.81330800184882,4.935984252796022,Tienen,Tienen 2 Fietsers rich Sint-Truiden,Tienen 2 Fietsers rich Boutersem,36391,639,Tienen - Kortenaken,3,Bus,https://www.delijn.be/nl/lijnen/3639/?richtingCode=1,308904,Tienen Houtemstraat,50.81422,4.9354,0.109
22,Tienen 2,50.81330800184882,4.935984252796022,Tienen,Tienen 2 Fietsers rich Sint-Truiden,Tienen 2 Fietsers rich Boutersem,35890,589,Tielt-Winge - Meensel-Kiezegem - Tienen,3,Bus,https://www.delijn.be/nl/lijnen/3589/?richtingCode=0,308905,Tienen Houtemstraat,50.81448,4.93527,0.14
22,Tienen 2,50.81330800184882,4.935984252796022,Tienen,Tienen 2 Fietsers rich Sint-Truiden,Tienen 2 Fietsers rich Boutersem,30640,64,Aarschot - Tielt-Winge - Glabbeek - Tienen,3,Bus,https://www.delijn.be/nl/lijnen/3064/?richtingCode=0,308905,Tienen Houtemstraat,50.81448,4.93527,0.14
22,Tienen 2,50.81330800184882,4.935984252796022,Tienen,Tienen 2 Fietsers rich Sint-Truiden,Tienen 2 Fietsers rich Boutersem,35400,540,Bekkevoort - Kapellen - Bunsbeek - Tienen,3,Bus,https://www.delijn.be/nl/lijnen/3540/?richtingCode=0,308905,Tienen Houtemstraat,50.81448,4.93527,0.14
22,Tienen 2,50.81330800184882,4.935984252796022,Tienen,Tienen 2 Fietsers rich Sint-Truiden,Tienen 2 Fietsers rich Boutersem,36690,669,Snelbus Diest - Bekkevoort - Glabbeek - Tienen,3,Bus,https://www.delijn.be/nl/lijnen/3669/?richtingCode=0,308905,Tienen Houtemstraat,50.81448,4.93527,0.14
22,Tienen 2,50.81330800184882,4.935984252796022,Tienen,Tienen 2 Fietsers rich Sint-Truiden,Tienen 2 Fietsers rich Boutersem,36390,639,Kortenaken - Tienen,3,Bus,https://www.delijn.be/nl/lijnen/3639/?richtingCode=0,308905,Tienen Houtemstraat,50.81448,4.93527,0.14
22,Tienen 2,50.81330800184882,4.935984252796022,Tienen,Tienen 2 Fietsers rich Sint-Truiden,Tienen 2 Fietsers rich Boutersem,36351,635,Tienen - Meldert,3,Bus,https://www.delijn.be/nl/lijnen/3635/?richtingCode=1,305175,Tienen Kabbeeksepoort,50.81295,4.93339,0.187
22,Tienen 2,50.81330800184882,4.935984252796022,Tienen,Tienen 2 Fietsers rich Sint-Truiden,Tienen 2 Fietsers rich Boutersem,36341,634,Tienen - Nerm,3,Bus,https://www.delijn.be/nl/lijnen/3634/?richtingCode=1,305175,Tienen Kabbeeksepoort,50.81295,4.93339,0.187
22,Tienen 2,50.81330800184882,4.935984252796022,Tienen,Tienen 2 Fietsers rich Sint-Truiden,Tienen 2 Fietsers rich Boutersem,36321,632,Tienen - Goetsenhoven,3,Bus,https://www.delijn.be/nl/lijnen/3632/?richtingCode=1,305175,Tienen Kabbeeksepoort,50.81295,4.93339,0.187
22,Tienen 2,50.81330800184882,4.935984252796022,Tienen,Tienen 2 Fietsers rich Sint-Truiden,Tienen 2 Fietsers rich Boutersem,36331,633,Tienen - Linter,3,Bus,https://www.delijn.be/nl/lijnen/3633/?richtingCode=1,305175,Tienen Kabbeeksepoort,50.81295,4.93339,0.187
22,Tienen 2,50.81330800184882,4.935984252796022,Tienen,Tienen 2 Fietsers rich Sint-Truiden,Tienen 2 Fietsers rich Boutersem,36681,668,Sint-Truiden - Wommersom - Tienen,3,Bus,https://www.delijn.be/nl/lijnen/3668/?richtingCode=1,305175,Tienen Kabbeeksepoort,50.81295,4.93339,0.187
22,Tienen 2,50.81330800184882,4.935984252796022,Tienen,Tienen 2 Fietsers rich Sint-Truiden,Tienen 2 Fietsers rich Boutersem,30651,65,Sint-Truiden - Tienen,3,Bus,https://www.delijn.be/nl/lijnen/3065/?richtingCode=1,305175,Tienen Kabbeeksepoort,50.81295,4.93339,0.187
22,Tienen 2,50.81330800184882,4.935984252796022,Tienen,Tienen 2 Fietsers rich Sint-Truiden,Tienen 2 Fietsers rich Boutersem,36371,637,Tienen - Honsem,3,Bus,https://www.delijn.be/nl/lijnen/3637/?richtingCode=1,305175,Tienen Kabbeeksepoort,50.81295,4.93339,0.187
22,Tienen 2,50.81330800184882,4.935984252796022,Tienen,Tienen 2 Fietsers rich Sint-Truiden,Tienen 2 Fietsers rich Boutersem,36671,667,Kortenaken - Ransberg - Neerlinter - Tienen,3,Bus,https://www.delijn.be/nl/lijnen/3667/?richtingCode=1,305175,Tienen Kabbeeksepoort,50.81295,4.93339,0.187
22,Tienen 2,50.81330800184882,4.935984252796022,Tienen,Tienen 2 Fietsers rich Sint-Truiden,Tienen 2 Fietsers rich Boutersem,36470,647,Bekkevoort - Waanrode - Hoeleden - Tienen,3,Bus,https://www.delijn.be/nl/lijnen/3647/?richtingCode=0,305175,Tienen Kabbeeksepoort,50.81295,4.93339,0.187
22,Tienen 2,50.81330800184882,4.935984252796022,Tienen,Tienen 2 Fietsers rich Sint-Truiden,Tienen 2 Fietsers rich Boutersem,35420,542,Geetbets - Hogen - Tienen,3,Bus,https://www.delijn.be/nl/lijnen/3542/?richtingCode=0,305175,Tienen Kabbeeksepoort,50.81295,4.93339,0.187
22,Tienen 2,50.81330800184882,4.935984252796022,Tienen,Tienen 2 Fietsers rich Sint-Truiden,Tienen 2 Fietsers rich Boutersem,35871,587,Landen - Neerwinden - Overhespen - Tienen,3,Bus,https://www.delijn.be/nl/lijnen/3587/?richtingCode=1,305175,Tienen Kabbeeksepoort,50.81295,4.93339,0.187
22,Tienen 2,50.81330800184882,4.935984252796022,Tienen,Tienen 2 Fietsers rich Sint-Truiden,Tienen 2 Fietsers rich Boutersem,30601,60,Tienen - Boutersem - Leuven,3,Bus,https://www.delijn.be/nl/lijnen/3060/?richtingCode=1,305175,Tienen Kabbeeksepoort,50.81295,4.93339,0.187
22,Tienen 2,50.81330800184882,4.935984252796022,Tienen,Tienen 2 Fietsers rich Sint-Truiden,Tienen 2 Fietsers rich Boutersem,36560,656,Landen - Neerwinden - Ezemaal - Tienen,3,Bus,https://www.delijn.be/nl/lijnen/3656/?richtingCode=0,305175,Tienen Kabbeeksepoort,50.81295,4.93339,0.187
22,Tienen 2,50.81330800184882,4.935984252796022,Tienen,Tienen 2 Fietsers rich Sint-Truiden,Tienen 2 Fietsers rich Boutersem,30661,66,Diest - Halen - Kortenaken -Geetbets - Budingen - Tienen,3,Bus,https://www.delijn.be/nl/lijnen/3066/?richtingCode=1,305175,Tienen Kabbeeksepoort,50.81295,4.93339,0.187
22,Tienen 2,50.81330800184882,4.935984252796022,Tienen,Tienen 2 Fietsers rich Sint-Truiden,Tienen 2 Fietsers rich Boutersem,35631,563,Zoutleeuw - Wommersom - Tienen,3,Bus,https://www.delijn.be/nl/lijnen/3563/?richtingCode=1,305175,Tienen Kabbeeksepoort,50.81295,4.93339,0.187
22,Tienen 2,50.81330800184882,4.935984252796022,Tienen,Tienen 2 Fietsers rich Sint-Truiden,Tienen 2 Fietsers rich Boutersem,30671,67,Sint-Truiden - Budingen - Tienen,3,Bus,https://www.delijn.be/nl/lijnen/3067/?richtingCode=1,305175,Tienen Kabbeeksepoort,50.81295,4.93339,0.187
22,Tienen 2,50.81330800184882,4.935984252796022,Tienen,Tienen 2 Fietsers rich Sint-Truiden,Tienen 2 Fietsers rich Boutersem,35850,585,Lubbeek - Kerkom - Attenrode - Tienen,3,Bus,https://www.delijn.be/nl/lijnen/3585/?richtingCode=0,305175,Tienen Kabbeeksepoort,50.81295,4.93339,0.187
22,Tienen 2,50.81330800184882,4.935984252796022,Tienen,Tienen 2 Fietsers rich Sint-Truiden,Tienen 2 Fietsers rich Boutersem,35851,585,Tienen - Attenrode - Kerkom - Lubbeek,3,Bus,https://www.delijn.be/nl/lijnen/3585/?richtingCode=1,305175,Tienen Kabbeeksepoort,50.81295,4.93339,0.187
22,Tienen 2,50.81330800184882,4.935984252796022,Tienen,Tienen 2 Fietsers rich Sint-Truiden,Tienen 2 Fietsers rich Boutersem,36381,638,Tienen - Lubbeek,3,Bus,https://www.delijn.be/nl/lijnen/3638/?richtingCode=1,305175,Tienen Kabbeeksepoort,50.81295,4.93339,0.187
22,Tienen 2,50.81330800184882,4.935984252796022,Tienen,Tienen 2 Fietsers rich Sint-Truiden,Tienen 2 Fietsers rich Boutersem,30600,60,Leuven - Boutersem - Tienen,3,Bus,https://www.delijn.be/nl/lijnen/3060/?richtingCode=0,305176,Tienen Kabbeeksepoort,50.81263,4.93283,0.234
22,Tienen 2,50.81330800184882,4.935984252796022,Tienen,Tienen 2 Fietsers rich Sint-Truiden,Tienen 2 Fietsers rich Boutersem,36680,668,Tienen - Wommersom - Sint-Truiden,3,Bus,https://www.delijn.be/nl/lijnen/3668/?richtingCode=0,305176,Tienen Kabbeeksepoort,50.81263,4.93283,0.234
22,Tienen 2,50.81330800184882,4.935984252796022,Tienen,Tienen 2 Fietsers rich Sint-Truiden,Tienen 2 Fietsers rich Boutersem,36350,635,Meldert - Tienen,3,Bus,https://www.delijn.be/nl/lijnen/3635/?richtingCode=0,305176,Tienen Kabbeeksepoort,50.81263,4.93283,0.234
22,Tienen 2,50.81330800184882,4.935984252796022,Tienen,Tienen 2 Fietsers rich Sint-Truiden,Tienen 2 Fietsers rich Boutersem,36340,634,Nerm - Tienen,3,Bus,https://www.delijn.be/nl/lijnen/3634/?richtingCode=0,305176,Tienen Kabbeeksepoort,50.81263,4.93283,0.234
22,Tienen 2,50.81330800184882,4.935984252796022,Tienen,Tienen 2 Fietsers rich Sint-Truiden,Tienen 2 Fietsers rich Boutersem,36330,633,Linter - Tienen,3,Bus,https://www.delijn.be/nl/lijnen/3633/?richtingCode=0,305176,Tienen Kabbeeksepoort,50.81263,4.93283,0.234
22,Tienen 2,50.81330800184882,4.935984252796022,Tienen,Tienen 2 Fietsers rich Sint-Truiden,Tienen 2 Fietsers rich Boutersem,36370,637,Honsem - Tienen,3,Bus,https://www.delijn.be/nl/lijnen/3637/?richtingCode=0,305176,Tienen Kabbeeksepoort,50.81263,4.93283,0.234
22,Tienen 2,50.81330800184882,4.935984252796022,Tienen,Tienen 2 Fietsers rich Sint-Truiden,Tienen 2 Fietsers rich Boutersem,30670,67,Tienen - Budingen - Sint-Truiden,3,Bus,https://www.delijn.be/nl/lijnen/3067/?richtingCode=0,305176,Tienen Kabbeeksepoort,50.81263,4.93283,0.234
22,Tienen 2,50.81330800184882,4.935984252796022,Tienen,Tienen 2 Fietsers rich Sint-Truiden,Tienen 2 Fietsers rich Boutersem,36320,632,Goetsenhoven - Tienen,3,Bus,https://www.delijn.be/nl/lijnen/3632/?richtingCode=0,305176,Tienen Kabbeeksepoort,50.81263,4.93283,0.234
22,Tienen 2,50.81330800184882,4.935984252796022,Tienen,Tienen 2 Fietsers rich Sint-Truiden,Tienen 2 Fietsers rich Boutersem,35630,563,Tienen - Wommersom - Zoutleeuw,3,Bus,https://www.delijn.be/nl/lijnen/3563/?richtingCode=0,305176,Tienen Kabbeeksepoort,50.81263,4.93283,0.234
22,Tienen 2,50.81330800184882,4.935984252796022,Tienen,Tienen 2 Fietsers rich Sint-Truiden,Tienen 2 Fietsers rich Boutersem,35421,542,Tienen - Hogen - Geetbets,3,Bus,https://www.delijn.be/nl/lijnen/3542/?richtingCode=1,305176,Tienen Kabbeeksepoort,50.81263,4.93283,0.234
22,Tienen 2,50.81330800184882,4.935984252796022,Tienen,Tienen 2 Fietsers rich Sint-Truiden,Tienen 2 Fietsers rich Boutersem,30650,65,Tienen - Sint-Truiden,3,Bus,https://www.delijn.be/nl/lijnen/3065/?richtingCode=0,305176,Tienen Kabbeeksepoort,50.81263,4.93283,0.234
22,Tienen 2,50.81330800184882,4.935984252796022,Tienen,Tienen 2 Fietsers rich Sint-Truiden,Tienen 2 Fietsers rich Boutersem,30660,66,Tienen - Budingen - Geetbets - Kortenaken - Halen - Diest,3,Bus,https://www.delijn.be/nl/lijnen/3066/?richtingCode=0,305176,Tienen Kabbeeksepoort,50.81263,4.93283,0.234
22,Tienen 2,50.81330800184882,4.935984252796022,Tienen,Tienen 2 Fietsers rich Sint-Truiden,Tienen 2 Fietsers rich Boutersem,36561,656,Tienen - Ezemaal - Neerwinden - Landen,3,Bus,https://www.delijn.be/nl/lijnen/3656/?richtingCode=1,305176,Tienen Kabbeeksepoort,50.81263,4.93283,0.234
22,Tienen 2,50.81330800184882,4.935984252796022,Tienen,Tienen 2 Fietsers rich Sint-Truiden,Tienen 2 Fietsers rich Boutersem,36670,667,Tienen - Neerlinter - Ransberg - Kortenaken,3,Bus,https://www.delijn.be/nl/lijnen/3667/?richtingCode=0,305176,Tienen Kabbeeksepoort,50.81263,4.93283,0.234
22,Tienen 2,50.81330800184882,4.935984252796022,Tienen,Tienen 2 Fietsers rich Sint-Truiden,Tienen 2 Fietsers rich Boutersem,36471,647,Tienen - Hoeleden - Waanrode - Bekkevoort,3,Bus,https://www.delijn.be/nl/lijnen/3647/?richtingCode=1,305176,Tienen Kabbeeksepoort,50.81263,4.93283,0.234
22,Tienen 2,50.81330800184882,4.935984252796022,Tienen,Tienen 2 Fietsers rich Sint-Truiden,Tienen 2 Fietsers rich Boutersem,35870,587,Tienen - Overhespen - Neerwinden - Landen,3,Bus,https://www.delijn.be/nl/lijnen/3587/?richtingCode=0,305176,Tienen Kabbeeksepoort,50.81263,4.93283,0.234
22,Tienen 2,50.81330800184882,4.935984252796022,Tienen,Tienen 2 Fietsers rich Sint-Truiden,Tienen 2 Fietsers rich Boutersem,36380,638,Lubbeek - Tienen,3,Bus,https://www.delijn.be/nl/lijnen/3638/?richtingCode=0,305176,Tienen Kabbeeksepoort,50.81263,4.93283,0.234
22,Tienen 2,50.81330800184882,4.935984252796022,Tienen,Tienen 2 Fietsers rich Sint-Truiden,Tienen 2 Fietsers rich Boutersem,36360,636,Neervelp - Tienen,3,Bus,https://www.delijn.be/nl/lijnen/3636/?richtingCode=0,305150,Tienen Atheneum,50.81045,4.93628,0.318
22,Tienen 2,50.81330800184882,4.935984252796022,Tienen,Tienen 2 Fietsers rich Sint-Truiden,Tienen 2 Fietsers rich Boutersem,36361,636,Tienen - Neervelp,3,Bus,https://www.delijn.be/nl/lijnen/3636/?richtingCode=1,305182,Tienen Kabbeekvest,50.81249,4.94147,0.396
22,Tienen 2,50.81330800184882,4.935984252796022,Tienen,Tienen 2 Fietsers rich Sint-Truiden,Tienen 2 Fietsers rich Boutersem,34261,426,Tienen - Attenrode - Kerkom - Lubbeek - Leuven,3,Bus,https://www.delijn.be/nl/lijnen/3426/?richtingCode=1,307104,Tienen Kerk Heilig Hart,50.81285,4.92806,0.559
22,Tienen 2,50.81330800184882,4.935984252796022,Tienen,Tienen 2 Fietsers rich Sint-Truiden,Tienen 2 Fietsers rich Boutersem,30421,42,Tienen - Lubbeek - Leuven,3,Bus,https://www.delijn.be/nl/lijnen/3042/?richtingCode=1,307104,Tienen Kerk Heilig Hart,50.81285,4.92806,0.559
22,Tienen 2,50.81330800184882,4.935984252796022,Tienen,Tienen 2 Fietsers rich Sint-Truiden,Tienen 2 Fietsers rich Boutersem,30420,42,Leuven - Lubbeek - Tienen,3,Bus,https://www.delijn.be/nl/lijnen/3042/?richtingCode=0,305170,Tienen Kerk Heilig Hart,50.81225,4.92779,0.588
22,Tienen 2,50.81330800184882,4.935984252796022,Tienen,Tienen 2 Fietsers rich Sint-Truiden,Tienen 2 Fietsers rich Boutersem,34260,426,Leuven - Lubbeek - Kerkom - Attenrode - Tienen,3,Bus,https://www.delijn.be/nl/lijnen/3426/?richtingCode=0,305170,Tienen Kerk Heilig Hart,50.81225,4.92779,0.588
22,Tienen 2,50.81330800184882,4.935984252796022,Tienen,Tienen 2 Fietsers rich Sint-Truiden,Tienen 2 Fietsers rich Boutersem,39020,N2,Tervuren - Leuven - Tienen,3,Bus,https://www.delijn.be/nl/lijnen/3902/?richtingCode=0,305148,Tienen Vierde Lansierslaan,50.80975,4.92935,0.611
22,Tienen 2,50.81330800184882,4.935984252796022,Tienen,Tienen 2 Fietsers rich Sint-Truiden,Tienen 2 Fietsers rich Boutersem,35800,580,Tienen - Hoegaarden - Meldert,3,Bus,https://www.delijn.be/nl/lijnen/3580/?richtingCode=0,305149,Tienen Vierde Lansierslaan,50.80935,4.92928,0.645
22,Tienen 2,50.81330800184882,4.935984252796022,Tienen,Tienen 2 Fietsers rich Sint-Truiden,Tienen 2 Fietsers rich Boutersem,36290,629,Tienen - Outgaarden,3,Bus,https://www.delijn.be/nl/lijnen/3629/?richtingCode=0,305149,Tienen Vierde Lansierslaan,50.80935,4.92928,0.645
22,Tienen 2,50.81330800184882,4.935984252796022,Tienen,Tienen 2 Fietsers rich Sint-Truiden,Tienen 2 Fietsers rich Boutersem,35411,541,Tienen - Haasrode,3,Bus,https://www.delijn.be/nl/lijnen/3541/?richtingCode=1,305149,Tienen Vierde Lansierslaan,50.80935,4.92928,0.645
22,Tienen 2,50.81330800184882,4.935984252796022,Tienen,Tienen 2 Fietsers rich Sint-Truiden,Tienen 2 Fietsers rich Boutersem,30620,62,Tienen - Hoegaarden - Geldenaken,3,Bus,https://www.delijn.be/nl/lijnen/3062/?richtingCode=0,305149,Tienen Vierde Lansierslaan,50.80935,4.92928,0.645
22,Tienen 2,50.81330800184882,4.935984252796022,Tienen,Tienen 2 Fietsers rich Sint-Truiden,Tienen 2 Fietsers rich Boutersem,39021,N2,Tienen - Leuven - Tervuren,3,Bus,https://www.delijn.be/nl/lijnen/3902/?richtingCode=1,305149,Tienen Vierde Lansierslaan,50.80935,4.92928,0.645
22,Tienen 2,50.81330800184882,4.935984252796022,Tienen,Tienen 2 Fietsers rich Sint-Truiden,Tienen 2 Fietsers rich Boutersem,30621,62,Geldenaken - Hoegaarden - Tienen,3,Bus,https://www.delijn.be/nl/lijnen/3062/?richtingCode=1,370091,Tienen Station afstaphalte,50.80834,4.926158,0.884
22,Tienen 2,50.81330800184882,4.935984252796022,Tienen,Tienen 2 Fietsers rich Sint-Truiden,Tienen 2 Fietsers rich Boutersem,36291,629,Outgaarden - Tienen,3,Bus,https://www.delijn.be/nl/lijnen/3629/?richtingCode=1,370091,Tienen Station afstaphalte,50.80834,4.926158,0.884
22,Tienen 2,50.81330800184882,4.935984252796022,Tienen,Tienen 2 Fietsers rich Sint-Truiden,Tienen 2 Fietsers rich Boutersem,35801,580,Meldert - Hoegaarden - Tienen,3,Bus,https://www.delijn.be/nl/lijnen/3580/?richtingCode=1,370091,Tienen Station afstaphalte,50.80834,4.926158,0.884
22,Tienen 2,50.81330800184882,4.935984252796022,Tienen,Tienen 2 Fietsers rich Sint-Truiden,Tienen 2 Fietsers rich Boutersem,35410,541,Haasrode - Tienen,3,Bus,https://www.delijn.be/nl/lijnen/3541/?richtingCode=0,370091,Tienen Station afstaphalte,50.80834,4.926158,0.884
23,Tienen 3,50.81324,4.93447,Tienen,Tienen 3 Fietsers rich Sint-Truiden,Tienen 3 Fietsers rich Boutersem,36351,635,Tienen - Meldert,3,Bus,https://www.delijn.be/nl/lijnen/3635/?richtingCode=1,305175,Tienen Kabbeeksepoort,50.81295,4.93339,0.082
23,Tienen 3,50.81324,4.93447,Tienen,Tienen 3 Fietsers rich Sint-Truiden,Tienen 3 Fietsers rich Boutersem,36341,634,Tienen - Nerm,3,Bus,https://www.delijn.be/nl/lijnen/3634/?richtingCode=1,305175,Tienen Kabbeeksepoort,50.81295,4.93339,0.082
23,Tienen 3,50.81324,4.93447,Tienen,Tienen 3 Fietsers rich Sint-Truiden,Tienen 3 Fietsers rich Boutersem,36321,632,Tienen - Goetsenhoven,3,Bus,https://www.delijn.be/nl/lijnen/3632/?richtingCode=1,305175,Tienen Kabbeeksepoort,50.81295,4.93339,0.082
23,Tienen 3,50.81324,4.93447,Tienen,Tienen 3 Fietsers rich Sint-Truiden,Tienen 3 Fietsers rich Boutersem,36331,633,Tienen - Linter,3,Bus,https://www.delijn.be/nl/lijnen/3633/?richtingCode=1,305175,Tienen Kabbeeksepoort,50.81295,4.93339,0.082
23,Tienen 3,50.81324,4.93447,Tienen,Tienen 3 Fietsers rich Sint-Truiden,Tienen 3 Fietsers rich Boutersem,36681,668,Sint-Truiden - Wommersom - Tienen,3,Bus,https://www.delijn.be/nl/lijnen/3668/?richtingCode=1,305175,Tienen Kabbeeksepoort,50.81295,4.93339,0.082
23,Tienen 3,50.81324,4.93447,Tienen,Tienen 3 Fietsers rich Sint-Truiden,Tienen 3 Fietsers rich Boutersem,35890,589,Tielt-Winge - Meensel-Kiezegem - Tienen,3,Bus,https://www.delijn.be/nl/lijnen/3589/?richtingCode=0,305175,Tienen Kabbeeksepoort,50.81295,4.93339,0.082
23,Tienen 3,50.81324,4.93447,Tienen,Tienen 3 Fietsers rich Sint-Truiden,Tienen 3 Fietsers rich Boutersem,30651,65,Sint-Truiden - Tienen,3,Bus,https://www.delijn.be/nl/lijnen/3065/?richtingCode=1,305175,Tienen Kabbeeksepoort,50.81295,4.93339,0.082
23,Tienen 3,50.81324,4.93447,Tienen,Tienen 3 Fietsers rich Sint-Truiden,Tienen 3 Fietsers rich Boutersem,30640,64,Aarschot - Tielt-Winge - Glabbeek - Tienen,3,Bus,https://www.delijn.be/nl/lijnen/3064/?richtingCode=0,305175,Tienen Kabbeeksepoort,50.81295,4.93339,0.082
23,Tienen 3,50.81324,4.93447,Tienen,Tienen 3 Fietsers rich Sint-Truiden,Tienen 3 Fietsers rich Boutersem,36371,637,Tienen - Honsem,3,Bus,https://www.delijn.be/nl/lijnen/3637/?richtingCode=1,305175,Tienen Kabbeeksepoort,50.81295,4.93339,0.082
23,Tienen 3,50.81324,4.93447,Tienen,Tienen 3 Fietsers rich Sint-Truiden,Tienen 3 Fietsers rich Boutersem,36671,667,Kortenaken - Ransberg - Neerlinter - Tienen,3,Bus,https://www.delijn.be/nl/lijnen/3667/?richtingCode=1,305175,Tienen Kabbeeksepoort,50.81295,4.93339,0.082
23,Tienen 3,50.81324,4.93447,Tienen,Tienen 3 Fietsers rich Sint-Truiden,Tienen 3 Fietsers rich Boutersem,36470,647,Bekkevoort - Waanrode - Hoeleden - Tienen,3,Bus,https://www.delijn.be/nl/lijnen/3647/?richtingCode=0,305175,Tienen Kabbeeksepoort,50.81295,4.93339,0.082
23,Tienen 3,50.81324,4.93447,Tienen,Tienen 3 Fietsers rich Sint-Truiden,Tienen 3 Fietsers rich Boutersem,35420,542,Geetbets - Hogen - Tienen,3,Bus,https://www.delijn.be/nl/lijnen/3542/?richtingCode=0,305175,Tienen Kabbeeksepoort,50.81295,4.93339,0.082
23,Tienen 3,50.81324,4.93447,Tienen,Tienen 3 Fietsers rich Sint-Truiden,Tienen 3 Fietsers rich Boutersem,35400,540,Bekkevoort - Kapellen - Bunsbeek - Tienen,3,Bus,https://www.delijn.be/nl/lijnen/3540/?richtingCode=0,305175,Tienen Kabbeeksepoort,50.81295,4.93339,0.082
23,Tienen 3,50.81324,4.93447,Tienen,Tienen 3 Fietsers rich Sint-Truiden,Tienen 3 Fietsers rich Boutersem,36690,669,Snelbus Diest - Bekkevoort - Glabbeek - Tienen,3,Bus,https://www.delijn.be/nl/lijnen/3669/?richtingCode=0,305175,Tienen Kabbeeksepoort,50.81295,4.93339,0.082
23,Tienen 3,50.81324,4.93447,Tienen,Tienen 3 Fietsers rich Sint-Truiden,Tienen 3 Fietsers rich Boutersem,35871,587,Landen - Neerwinden - Overhespen - Tienen,3,Bus,https://www.delijn.be/nl/lijnen/3587/?richtingCode=1,305175,Tienen Kabbeeksepoort,50.81295,4.93339,0.082
23,Tienen 3,50.81324,4.93447,Tienen,Tienen 3 Fietsers rich Sint-Truiden,Tienen 3 Fietsers rich Boutersem,30601,60,Tienen - Boutersem - Leuven,3,Bus,https://www.delijn.be/nl/lijnen/3060/?richtingCode=1,305175,Tienen Kabbeeksepoort,50.81295,4.93339,0.082
23,Tienen 3,50.81324,4.93447,Tienen,Tienen 3 Fietsers rich Sint-Truiden,Tienen 3 Fietsers rich Boutersem,36560,656,Landen - Neerwinden - Ezemaal - Tienen,3,Bus,https://www.delijn.be/nl/lijnen/3656/?richtingCode=0,305175,Tienen Kabbeeksepoort,50.81295,4.93339,0.082
23,Tienen 3,50.81324,4.93447,Tienen,Tienen 3 Fietsers rich Sint-Truiden,Tienen 3 Fietsers rich Boutersem,30661,66,Diest - Halen - Kortenaken -Geetbets - Budingen - Tienen,3,Bus,https://www.delijn.be/nl/lijnen/3066/?richtingCode=1,305175,Tienen Kabbeeksepoort,50.81295,4.93339,0.082
23,Tienen 3,50.81324,4.93447,Tienen,Tienen 3 Fietsers rich Sint-Truiden,Tienen 3 Fietsers rich Boutersem,35631,563,Zoutleeuw - Wommersom - Tienen,3,Bus,https://www.delijn.be/nl/lijnen/3563/?richtingCode=1,305175,Tienen Kabbeeksepoort,50.81295,4.93339,0.082
23,Tienen 3,50.81324,4.93447,Tienen,Tienen 3 Fietsers rich Sint-Truiden,Tienen 3 Fietsers rich Boutersem,30671,67,Sint-Truiden - Budingen - Tienen,3,Bus,https://www.delijn.be/nl/lijnen/3067/?richtingCode=1,305175,Tienen Kabbeeksepoort,50.81295,4.93339,0.082
23,Tienen 3,50.81324,4.93447,Tienen,Tienen 3 Fietsers rich Sint-Truiden,Tienen 3 Fietsers rich Boutersem,35850,585,Lubbeek - Kerkom - Attenrode - Tienen,3,Bus,https://www.delijn.be/nl/lijnen/3585/?richtingCode=0,305175,Tienen Kabbeeksepoort,50.81295,4.93339,0.082
23,Tienen 3,50.81324,4.93447,Tienen,Tienen 3 Fietsers rich Sint-Truiden,Tienen 3 Fietsers rich Boutersem,35851,585,Tienen - Attenrode - Kerkom - Lubbeek,3,Bus,https://www.delijn.be/nl/lijnen/3585/?richtingCode=1,305175,Tienen Kabbeeksepoort,50.81295,4.93339,0.082
23,Tienen 3,50.81324,4.93447,Tienen,Tienen 3 Fietsers rich Sint-Truiden,Tienen 3 Fietsers rich Boutersem,36381,638,Tienen - Lubbeek,3,Bus,https://www.delijn.be/nl/lijnen/3638/?richtingCode=1,305175,Tienen Kabbeeksepoort,50.81295,4.93339,0.082
23,Tienen 3,50.81324,4.93447,Tienen,Tienen 3 Fietsers rich Sint-Truiden,Tienen 3 Fietsers rich Boutersem,35401,540,Tienen - Bunsbeek - Kapellen - Bekkevoort,3,Bus,https://www.delijn.be/nl/lijnen/3540/?richtingCode=1,308904,Tienen Houtemstraat,50.81422,4.9354,0.127
23,Tienen 3,50.81324,4.93447,Tienen,Tienen 3 Fietsers rich Sint-Truiden,Tienen 3 Fietsers rich Boutersem,36691,669,Snelbus Tienen - Glabbeek - Bekkevoort - Diest,3,Bus,https://www.delijn.be/nl/lijnen/3669/?richtingCode=1,308904,Tienen Houtemstraat,50.81422,4.9354,0.127
23,Tienen 3,50.81324,4.93447,Tienen,Tienen 3 Fietsers rich Sint-Truiden,Tienen 3 Fietsers rich Boutersem,35891,589,Tienen - Meensel-Kiezegem - Tielt-Winge,3,Bus,https://www.delijn.be/nl/lijnen/3589/?richtingCode=1,308904,Tienen Houtemstraat,50.81422,4.9354,0.127
23,Tienen 3,50.81324,4.93447,Tienen,Tienen 3 Fietsers rich Sint-Truiden,Tienen 3 Fietsers rich Boutersem,30641,64,Tienen - Glabbeek - Tielt-Winge - Aarschot,3,Bus,https://www.delijn.be/nl/lijnen/3064/?richtingCode=1,308904,Tienen Houtemstraat,50.81422,4.9354,0.127
23,Tienen 3,50.81324,4.93447,Tienen,Tienen 3 Fietsers rich Sint-Truiden,Tienen 3 Fietsers rich Boutersem,36391,639,Tienen - Kortenaken,3,Bus,https://www.delijn.be/nl/lijnen/3639/?richtingCode=1,308904,Tienen Houtemstraat,50.81422,4.9354,0.127
23,Tienen 3,50.81324,4.93447,Tienen,Tienen 3 Fietsers rich Sint-Truiden,Tienen 3 Fietsers rich Boutersem,30600,60,Leuven - Boutersem - Tienen,3,Bus,https://www.delijn.be/nl/lijnen/3060/?richtingCode=0,305176,Tienen Kabbeeksepoort,50.81263,4.93283,0.134
23,Tienen 3,50.81324,4.93447,Tienen,Tienen 3 Fietsers rich Sint-Truiden,Tienen 3 Fietsers rich Boutersem,36680,668,Tienen - Wommersom - Sint-Truiden,3,Bus,https://www.delijn.be/nl/lijnen/3668/?richtingCode=0,305176,Tienen Kabbeeksepoort,50.81263,4.93283,0.134
23,Tienen 3,50.81324,4.93447,Tienen,Tienen 3 Fietsers rich Sint-Truiden,Tienen 3 Fietsers rich Boutersem,36350,635,Meldert - Tienen,3,Bus,https://www.delijn.be/nl/lijnen/3635/?richtingCode=0,305176,Tienen Kabbeeksepoort,50.81263,4.93283,0.134
23,Tienen 3,50.81324,4.93447,Tienen,Tienen 3 Fietsers rich Sint-Truiden,Tienen 3 Fietsers rich Boutersem,36340,634,Nerm - Tienen,3,Bus,https://www.delijn.be/nl/lijnen/3634/?richtingCode=0,305176,Tienen Kabbeeksepoort,50.81263,4.93283,0.134
23,Tienen 3,50.81324,4.93447,Tienen,Tienen 3 Fietsers rich Sint-Truiden,Tienen 3 Fietsers rich Boutersem,36330,633,Linter - Tienen,3,Bus,https://www.delijn.be/nl/lijnen/3633/?richtingCode=0,305176,Tienen Kabbeeksepoort,50.81263,4.93283,0.134
23,Tienen 3,50.81324,4.93447,Tienen,Tienen 3 Fietsers rich Sint-Truiden,Tienen 3 Fietsers rich Boutersem,36370,637,Honsem - Tienen,3,Bus,https://www.delijn.be/nl/lijnen/3637/?richtingCode=0,305176,Tienen Kabbeeksepoort,50.81263,4.93283,0.134
23,Tienen 3,50.81324,4.93447,Tienen,Tienen 3 Fietsers rich Sint-Truiden,Tienen 3 Fietsers rich Boutersem,30670,67,Tienen - Budingen - Sint-Truiden,3,Bus,https://www.delijn.be/nl/lijnen/3067/?richtingCode=0,305176,Tienen Kabbeeksepoort,50.81263,4.93283,0.134
23,Tienen 3,50.81324,4.93447,Tienen,Tienen 3 Fietsers rich Sint-Truiden,Tienen 3 Fietsers rich Boutersem,36320,632,Goetsenhoven - Tienen,3,Bus,https://www.delijn.be/nl/lijnen/3632/?richtingCode=0,305176,Tienen Kabbeeksepoort,50.81263,4.93283,0.134
23,Tienen 3,50.81324,4.93447,Tienen,Tienen 3 Fietsers rich Sint-Truiden,Tienen 3 Fietsers rich Boutersem,35630,563,Tienen - Wommersom - Zoutleeuw,3,Bus,https://www.delijn.be/nl/lijnen/3563/?richtingCode=0,305176,Tienen Kabbeeksepoort,50.81263,4.93283,0.134
23,Tienen 3,50.81324,4.93447,Tienen,Tienen 3 Fietsers rich Sint-Truiden,Tienen 3 Fietsers rich Boutersem,35421,542,Tienen - Hogen - Geetbets,3,Bus,https://www.delijn.be/nl/lijnen/3542/?richtingCode=1,305176,Tienen Kabbeeksepoort,50.81263,4.93283,0.134
23,Tienen 3,50.81324,4.93447,Tienen,Tienen 3 Fietsers rich Sint-Truiden,Tienen 3 Fietsers rich Boutersem,30650,65,Tienen - Sint-Truiden,3,Bus,https://www.delijn.be/nl/lijnen/3065/?richtingCode=0,305176,Tienen Kabbeeksepoort,50.81263,4.93283,0.134
23,Tienen 3,50.81324,4.93447,Tienen,Tienen 3 Fietsers rich Sint-Truiden,Tienen 3 Fietsers rich Boutersem,30660,66,Tienen - Budingen - Geetbets - Kortenaken - Halen - Diest,3,Bus,https://www.delijn.be/nl/lijnen/3066/?richtingCode=0,305176,Tienen Kabbeeksepoort,50.81263,4.93283,0.134
23,Tienen 3,50.81324,4.93447,Tienen,Tienen 3 Fietsers rich Sint-Truiden,Tienen 3 Fietsers rich Boutersem,36561,656,Tienen - Ezemaal - Neerwinden - Landen,3,Bus,https://www.delijn.be/nl/lijnen/3656/?richtingCode=1,305176,Tienen Kabbeeksepoort,50.81263,4.93283,0.134
23,Tienen 3,50.81324,4.93447,Tienen,Tienen 3 Fietsers rich Sint-Truiden,Tienen 3 Fietsers rich Boutersem,36670,667,Tienen - Neerlinter - Ransberg - Kortenaken,3,Bus,https://www.delijn.be/nl/lijnen/3667/?richtingCode=0,305176,Tienen Kabbeeksepoort,50.81263,4.93283,0.134
23,Tienen 3,50.81324,4.93447,Tienen,Tienen 3 Fietsers rich Sint-Truiden,Tienen 3 Fietsers rich Boutersem,36471,647,Tienen - Hoeleden - Waanrode - Bekkevoort,3,Bus,https://www.delijn.be/nl/lijnen/3647/?richtingCode=1,305176,Tienen Kabbeeksepoort,50.81263,4.93283,0.134
23,Tienen 3,50.81324,4.93447,Tienen,Tienen 3 Fietsers rich Sint-Truiden,Tienen 3 Fietsers rich Boutersem,35870,587,Tienen - Overhespen - Neerwinden - Landen,3,Bus,https://www.delijn.be/nl/lijnen/3587/?richtingCode=0,305176,Tienen Kabbeeksepoort,50.81263,4.93283,0.134
23,Tienen 3,50.81324,4.93447,Tienen,Tienen 3 Fietsers rich Sint-Truiden,Tienen 3 Fietsers rich Boutersem,36380,638,Lubbeek - Tienen,3,Bus,https://www.delijn.be/nl/lijnen/3638/?richtingCode=0,305176,Tienen Kabbeeksepoort,50.81263,4.93283,0.134
23,Tienen 3,50.81324,4.93447,Tienen,Tienen 3 Fietsers rich Sint-Truiden,Tienen 3 Fietsers rich Boutersem,36390,639,Kortenaken - Tienen,3,Bus,https://www.delijn.be/nl/lijnen/3639/?richtingCode=0,308905,Tienen Houtemstraat,50.81448,4.93527,0.149
23,Tienen 3,50.81324,4.93447,Tienen,Tienen 3 Fietsers rich Sint-Truiden,Tienen 3 Fietsers rich Boutersem,36360,636,Neervelp - Tienen,3,Bus,https://www.delijn.be/nl/lijnen/3636/?richtingCode=0,306967,Tienen Vogelzang,50.81608,4.93426,0.316
23,Tienen 3,50.81324,4.93447,Tienen,Tienen 3 Fietsers rich Sint-Truiden,Tienen 3 Fietsers rich Boutersem,36361,636,Tienen - Neervelp,3,Bus,https://www.delijn.be/nl/lijnen/3636/?richtingCode=1,306966,Tienen Vogelzang,50.81702,4.93426,0.421
23,Tienen 3,50.81324,4.93447,Tienen,Tienen 3 Fietsers rich Sint-Truiden,Tienen 3 Fietsers rich Boutersem,34261,426,Tienen - Attenrode - Kerkom - Lubbeek - Leuven,3,Bus,https://www.delijn.be/nl/lijnen/3426/?richtingCode=1,307104,Tienen Kerk Heilig Hart,50.81285,4.92806,0.452
23,Tienen 3,50.81324,4.93447,Tienen,Tienen 3 Fietsers rich Sint-Truiden,Tienen 3 Fietsers rich Boutersem,30421,42,Tienen - Lubbeek - Leuven,3,Bus,https://www.delijn.be/nl/lijnen/3042/?richtingCode=1,307104,Tienen Kerk Heilig Hart,50.81285,4.92806,0.452
23,Tienen 3,50.81324,4.93447,Tienen,Tienen 3 Fietsers rich Sint-Truiden,Tienen 3 Fietsers rich Boutersem,30420,42,Leuven - Lubbeek - Tienen,3,Bus,https://www.delijn.be/nl/lijnen/3042/?richtingCode=0,305170,Tienen Kerk Heilig Hart,50.81225,4.92779,0.482
23,Tienen 3,50.81324,4.93447,Tienen,Tienen 3 Fietsers rich Sint-Truiden,Tienen 3 Fietsers rich Boutersem,34260,426,Leuven - Lubbeek - Kerkom - Attenrode - Tienen,3,Bus,https://www.delijn.be/nl/lijnen/3426/?richtingCode=0,305170,Tienen Kerk Heilig Hart,50.81225,4.92779,0.482
23,Tienen 3,50.81324,4.93447,Tienen,Tienen 3 Fietsers rich Sint-Truiden,Tienen 3 Fietsers rich Boutersem,39020,N2,Tervuren - Leuven - Tienen,3,Bus,https://www.delijn.be/nl/lijnen/3902/?richtingCode=0,305148,Tienen Vierde Lansierslaan,50.80975,4.92935,0.529
23,Tienen 3,50.81324,4.93447,Tienen,Tienen 3 Fietsers rich Sint-Truiden,Tienen 3 Fietsers rich Boutersem,35800,580,Tienen - Hoegaarden - Meldert,3,Bus,https://www.delijn.be/nl/lijnen/3580/?richtingCode=0,305149,Tienen Vierde Lansierslaan,50.80935,4.92928,0.566
23,Tienen 3,50.81324,4.93447,Tienen,Tienen 3 Fietsers rich Sint-Truiden,Tienen 3 Fietsers rich Boutersem,36290,629,Tienen - Outgaarden,3,Bus,https://www.delijn.be/nl/lijnen/3629/?richtingCode=0,305149,Tienen Vierde Lansierslaan,50.80935,4.92928,0.566
23,Tienen 3,50.81324,4.93447,Tienen,Tienen 3 Fietsers rich Sint-Truiden,Tienen 3 Fietsers rich Boutersem,35411,541,Tienen - Haasrode,3,Bus,https://www.delijn.be/nl/lijnen/3541/?richtingCode=1,305149,Tienen Vierde Lansierslaan,50.80935,4.92928,0.566
23,Tienen 3,50.81324,4.93447,Tienen,Tienen 3 Fietsers rich Sint-Truiden,Tienen 3 Fietsers rich Boutersem,30620,62,Tienen - Hoegaarden - Geldenaken,3,Bus,https://www.delijn.be/nl/lijnen/3062/?richtingCode=0,305149,Tienen Vierde Lansierslaan,50.80935,4.92928,0.566
23,Tienen 3,50.81324,4.93447,Tienen,Tienen 3 Fietsers rich Sint-Truiden,Tienen 3 Fietsers rich Boutersem,39021,N2,Tienen - Leuven - Tervuren,3,Bus,https://www.delijn.be/nl/lijnen/3902/?richtingCode=1,305149,Tienen Vierde Lansierslaan,50.80935,4.92928,0.566
23,Tienen 3,50.81324,4.93447,Tienen,Tienen 3 Fietsers rich Sint-Truiden,Tienen 3 Fietsers rich Boutersem,30621,62,Geldenaken - Hoegaarden - Tienen,3,Bus,https://www.delijn.be/nl/lijnen/3062/?richtingCode=1,370091,Tienen Station afstaphalte,50.80834,4.926158,0.799
23,Tienen 3,50.81324,4.93447,Tienen,Tienen 3 Fietsers rich Sint-Truiden,Tienen 3 Fietsers rich Boutersem,36291,629,Outgaarden - Tienen,3,Bus,https://www.delijn.be/nl/lijnen/3629/?richtingCode=1,370091,Tienen Station afstaphalte,50.80834,4.926158,0.799
23,Tienen 3,50.81324,4.93447,Tienen,Tienen 3 Fietsers rich Sint-Truiden,Tienen 3 Fietsers rich Boutersem,35801,580,Meldert - Hoegaarden - Tienen,3,Bus,https://www.delijn.be/nl/lijnen/3580/?richtingCode=1,370091,Tienen Station afstaphalte,50.80834,4.926158,0.799
23,Tienen 3,50.81324,4.93447,Tienen,Tienen 3 Fietsers rich Sint-Truiden,Tienen 3 Fietsers rich Boutersem,35410,541,Haasrode - Tienen,3,Bus,https://www.delijn.be/nl/lijnen/3541/?richtingCode=0,370091,Tienen Station afstaphalte,50.80834,4.926158,0.799
24,Tienen 1,50.8133795491886,4.935044252605416,Tienen,Tienen 1 Fietsers rich Glabbeek,Tienen 1 Fietsers rich Tienen,35401,540,Tienen - Bunsbeek - Kapellen - Bekkevoort,3,Bus,https://www.delijn.be/nl/lijnen/3540/?richtingCode=1,308904,Tienen Houtemstraat,50.81422,4.9354,0.097
24,Tienen 1,50.8133795491886,4.935044252605416,Tienen,Tienen 1 Fietsers rich Glabbeek,Tienen 1 Fietsers rich Tienen,36691,669,Snelbus Tienen - Glabbeek - Bekkevoort - Diest,3,Bus,https://www.delijn.be/nl/lijnen/3669/?richtingCode=1,308904,Tienen Houtemstraat,50.81422,4.9354,0.097
24,Tienen 1,50.8133795491886,4.935044252605416,Tienen,Tienen 1 Fietsers rich Glabbeek,Tienen 1 Fietsers rich Tienen,35891,589,Tienen - Meensel-Kiezegem - Tielt-Winge,3,Bus,https://www.delijn.be/nl/lijnen/3589/?richtingCode=1,308904,Tienen Houtemstraat,50.81422,4.9354,0.097
24,Tienen 1,50.8133795491886,4.935044252605416,Tienen,Tienen 1 Fietsers rich Glabbeek,Tienen 1 Fietsers rich Tienen,30641,64,Tienen - Glabbeek - Tielt-Winge - Aarschot,3,Bus,https://www.delijn.be/nl/lijnen/3064/?richtingCode=1,308904,Tienen Houtemstraat,50.81422,4.9354,0.097
24,Tienen 1,50.8133795491886,4.935044252605416,Tienen,Tienen 1 Fietsers rich Glabbeek,Tienen 1 Fietsers rich Tienen,36391,639,Tienen - Kortenaken,3,Bus,https://www.delijn.be/nl/lijnen/3639/?richtingCode=1,308904,Tienen Houtemstraat,50.81422,4.9354,0.097
24,Tienen 1,50.8133795491886,4.935044252605416,Tienen,Tienen 1 Fietsers rich Glabbeek,Tienen 1 Fietsers rich Tienen,35890,589,Tielt-Winge - Meensel-Kiezegem - Tienen,3,Bus,https://www.delijn.be/nl/lijnen/3589/?richtingCode=0,308905,Tienen Houtemstraat,50.81448,4.93527,0.123
24,Tienen 1,50.8133795491886,4.935044252605416,Tienen,Tienen 1 Fietsers rich Glabbeek,Tienen 1 Fietsers rich Tienen,30640,64,Aarschot - Tielt-Winge - Glabbeek - Tienen,3,Bus,https://www.delijn.be/nl/lijnen/3064/?richtingCode=0,308905,Tienen Houtemstraat,50.81448,4.93527,0.123
24,Tienen 1,50.8133795491886,4.935044252605416,Tienen,Tienen 1 Fietsers rich Glabbeek,Tienen 1 Fietsers rich Tienen,35400,540,Bekkevoort - Kapellen - Bunsbeek - Tienen,3,Bus,https://www.delijn.be/nl/lijnen/3540/?richtingCode=0,308905,Tienen Houtemstraat,50.81448,4.93527,0.123
24,Tienen 1,50.8133795491886,4.935044252605416,Tienen,Tienen 1 Fietsers rich Glabbeek,Tienen 1 Fietsers rich Tienen,36690,669,Snelbus Diest - Bekkevoort - Glabbeek - Tienen,3,Bus,https://www.delijn.be/nl/lijnen/3669/?richtingCode=0,308905,Tienen Houtemstraat,50.81448,4.93527,0.123
24,Tienen 1,50.8133795491886,4.935044252605416,Tienen,Tienen 1 Fietsers rich Glabbeek,Tienen 1 Fietsers rich Tienen,36390,639,Kortenaken - Tienen,3,Bus,https://www.delijn.be/nl/lijnen/3639/?richtingCode=0,308905,Tienen Houtemstraat,50.81448,4.93527,0.123
24,Tienen 1,50.8133795491886,4.935044252605416,Tienen,Tienen 1 Fietsers rich Glabbeek,Tienen 1 Fietsers rich Tienen,36351,635,Tienen - Meldert,3,Bus,https://www.delijn.be/nl/lijnen/3635/?richtingCode=1,305175,Tienen Kabbeeksepoort,50.81295,4.93339,0.126
24,Tienen 1,50.8133795491886,4.935044252605416,Tienen,Tienen 1 Fietsers rich Glabbeek,Tienen 1 Fietsers rich Tienen,36341,634,Tienen - Nerm,3,Bus,https://www.delijn.be/nl/lijnen/3634/?richtingCode=1,305175,Tienen Kabbeeksepoort,50.81295,4.93339,0.126
24,Tienen 1,50.8133795491886,4.935044252605416,Tienen,Tienen 1 Fietsers rich Glabbeek,Tienen 1 Fietsers rich Tienen,36321,632,Tienen - Goetsenhoven,3,Bus,https://www.delijn.be/nl/lijnen/3632/?richtingCode=1,305175,Tienen Kabbeeksepoort,50.81295,4.93339,0.126
24,Tienen 1,50.8133795491886,4.935044252605416,Tienen,Tienen 1 Fietsers rich Glabbeek,Tienen 1 Fietsers rich Tienen,36331,633,Tienen - Linter,3,Bus,https://www.delijn.be/nl/lijnen/3633/?richtingCode=1,305175,Tienen Kabbeeksepoort,50.81295,4.93339,0.126
24,Tienen 1,50.8133795491886,4.935044252605416,Tienen,Tienen 1 Fietsers rich Glabbeek,Tienen 1 Fietsers rich Tienen,36681,668,Sint-Truiden - Wommersom - Tienen,3,Bus,https://www.delijn.be/nl/lijnen/3668/?richtingCode=1,305175,Tienen Kabbeeksepoort,50.81295,4.93339,0.126
24,Tienen 1,50.8133795491886,4.935044252605416,Tienen,Tienen 1 Fietsers rich Glabbeek,Tienen 1 Fietsers rich Tienen,30651,65,Sint-Truiden - Tienen,3,Bus,https://www.delijn.be/nl/lijnen/3065/?richtingCode=1,305175,Tienen Kabbeeksepoort,50.81295,4.93339,0.126
24,Tienen 1,50.8133795491886,4.935044252605416,Tienen,Tienen 1 Fietsers rich Glabbeek,Tienen 1 Fietsers rich Tienen,36371,637,Tienen - Honsem,3,Bus,https://www.delijn.be/nl/lijnen/3637/?richtingCode=1,305175,Tienen Kabbeeksepoort,50.81295,4.93339,0.126
24,Tienen 1,50.8133795491886,4.935044252605416,Tienen,Tienen 1 Fietsers rich Glabbeek,Tienen 1 Fietsers rich Tienen,36671,667,Kortenaken - Ransberg - Neerlinter - Tienen,3,Bus,https://www.delijn.be/nl/lijnen/3667/?richtingCode=1,305175,Tienen Kabbeeksepoort,50.81295,4.93339,0.126
24,Tienen 1,50.8133795491886,4.935044252605416,Tienen,Tienen 1 Fietsers rich Glabbeek,Tienen 1 Fietsers rich Tienen,36470,647,Bekkevoort - Waanrode - Hoeleden - Tienen,3,Bus,https://www.delijn.be/nl/lijnen/3647/?richtingCode=0,305175,Tienen Kabbeeksepoort,50.81295,4.93339,0.126
24,Tienen 1,50.8133795491886,4.935044252605416,Tienen,Tienen 1 Fietsers rich Glabbeek,Tienen 1 Fietsers rich Tienen,35420,542,Geetbets - Hogen - Tienen,3,Bus,https://www.delijn.be/nl/lijnen/3542/?richtingCode=0,305175,Tienen Kabbeeksepoort,50.81295,4.93339,0.126
24,Tienen 1,50.8133795491886,4.935044252605416,Tienen,Tienen 1 Fietsers rich Glabbeek,Tienen 1 Fietsers rich Tienen,35871,587,Landen - Neerwinden - Overhespen - Tienen,3,Bus,https://www.delijn.be/nl/lijnen/3587/?richtingCode=1,305175,Tienen Kabbeeksepoort,50.81295,4.93339,0.126
24,Tienen 1,50.8133795491886,4.935044252605416,Tienen,Tienen 1 Fietsers rich Glabbeek,Tienen 1 Fietsers rich Tienen,30601,60,Tienen - Boutersem - Leuven,3,Bus,https://www.delijn.be/nl/lijnen/3060/?richtingCode=1,305175,Tienen Kabbeeksepoort,50.81295,4.93339,0.126
24,Tienen 1,50.8133795491886,4.935044252605416,Tienen,Tienen 1 Fietsers rich Glabbeek,Tienen 1 Fietsers rich Tienen,36560,656,Landen - Neerwinden - Ezemaal - Tienen,3,Bus,https://www.delijn.be/nl/lijnen/3656/?richtingCode=0,305175,Tienen Kabbeeksepoort,50.81295,4.93339,0.126
24,Tienen 1,50.8133795491886,4.935044252605416,Tienen,Tienen 1 Fietsers rich Glabbeek,Tienen 1 Fietsers rich Tienen,30661,66,Diest - Halen - Kortenaken -Geetbets - Budingen - Tienen,3,Bus,https://www.delijn.be/nl/lijnen/3066/?richtingCode=1,305175,Tienen Kabbeeksepoort,50.81295,4.93339,0.126
24,Tienen 1,50.8133795491886,4.935044252605416,Tienen,Tienen 1 Fietsers rich Glabbeek,Tienen 1 Fietsers rich Tienen,35631,563,Zoutleeuw - Wommersom - Tienen,3,Bus,https://www.delijn.be/nl/lijnen/3563/?richtingCode=1,305175,Tienen Kabbeeksepoort,50.81295,4.93339,0.126
24,Tienen 1,50.8133795491886,4.935044252605416,Tienen,Tienen 1 Fietsers rich Glabbeek,Tienen 1 Fietsers rich Tienen,30671,67,Sint-Truiden - Budingen - Tienen,3,Bus,https://www.delijn.be/nl/lijnen/3067/?richtingCode=1,305175,Tienen Kabbeeksepoort,50.81295,4.93339,0.126
24,Tienen 1,50.8133795491886,4.935044252605416,Tienen,Tienen 1 Fietsers rich Glabbeek,Tienen 1 Fietsers rich Tienen,35850,585,Lubbeek - Kerkom - Attenrode - Tienen,3,Bus,https://www.delijn.be/nl/lijnen/3585/?richtingCode=0,305175,Tienen Kabbeeksepoort,50.81295,4.93339,0.126
24,Tienen 1,50.8133795491886,4.935044252605416,Tienen,Tienen 1 Fietsers rich Glabbeek,Tienen 1 Fietsers rich Tienen,35851,585,Tienen - Attenrode - Kerkom - Lubbeek,3,Bus,https://www.delijn.be/nl/lijnen/3585/?richtingCode=1,305175,Tienen Kabbeeksepoort,50.81295,4.93339,0.126
24,Tienen 1,50.8133795491886,4.935044252605416,Tienen,Tienen 1 Fietsers rich Glabbeek,Tienen 1 Fietsers rich Tienen,36381,638,Tienen - Lubbeek,3,Bus,https://www.delijn.be/nl/lijnen/3638/?richtingCode=1,305175,Tienen Kabbeeksepoort,50.81295,4.93339,0.126
24,Tienen 1,50.8133795491886,4.935044252605416,Tienen,Tienen 1 Fietsers rich Glabbeek,Tienen 1 Fietsers rich Tienen,30600,60,Leuven - Boutersem - Tienen,3,Bus,https://www.delijn.be/nl/lijnen/3060/?richtingCode=0,305176,Tienen Kabbeeksepoort,50.81263,4.93283,0.176
24,Tienen 1,50.8133795491886,4.935044252605416,Tienen,Tienen 1 Fietsers rich Glabbeek,Tienen 1 Fietsers rich Tienen,36680,668,Tienen - Wommersom - Sint-Truiden,3,Bus,https://www.delijn.be/nl/lijnen/3668/?richtingCode=0,305176,Tienen Kabbeeksepoort,50.81263,4.93283,0.176
24,Tienen 1,50.8133795491886,4.935044252605416,Tienen,Tienen 1 Fietsers rich Glabbeek,Tienen 1 Fietsers rich Tienen,36350,635,Meldert - Tienen,3,Bus,https://www.delijn.be/nl/lijnen/3635/?richtingCode=0,305176,Tienen Kabbeeksepoort,50.81263,4.93283,0.176
24,Tienen 1,50.8133795491886,4.935044252605416,Tienen,Tienen 1 Fietsers rich Glabbeek,Tienen 1 Fietsers rich Tienen,36340,634,Nerm - Tienen,3,Bus,https://www.delijn.be/nl/lijnen/3634/?richtingCode=0,305176,Tienen Kabbeeksepoort,50.81263,4.93283,0.176
24,Tienen 1,50.8133795491886,4.935044252605416,Tienen,Tienen 1 Fietsers rich Glabbeek,Tienen 1 Fietsers rich Tienen,36330,633,Linter - Tienen,3,Bus,https://www.delijn.be/nl/lijnen/3633/?richtingCode=0,305176,Tienen Kabbeeksepoort,50.81263,4.93283,0.176
24,Tienen 1,50.8133795491886,4.935044252605416,Tienen,Tienen 1 Fietsers rich Glabbeek,Tienen 1 Fietsers rich Tienen,36370,637,Honsem - Tienen,3,Bus,https://www.delijn.be/nl/lijnen/3637/?richtingCode=0,305176,Tienen Kabbeeksepoort,50.81263,4.93283,0.176
24,Tienen 1,50.8133795491886,4.935044252605416,Tienen,Tienen 1 Fietsers rich Glabbeek,Tienen 1 Fietsers rich Tienen,30670,67,Tienen - Budingen - Sint-Truiden,3,Bus,https://www.delijn.be/nl/lijnen/3067/?richtingCode=0,305176,Tienen Kabbeeksepoort,50.81263,4.93283,0.176
24,Tienen 1,50.8133795491886,4.935044252605416,Tienen,Tienen 1 Fietsers rich Glabbeek,Tienen 1 Fietsers rich Tienen,36320,632,Goetsenhoven - Tienen,3,Bus,https://www.delijn.be/nl/lijnen/3632/?richtingCode=0,305176,Tienen Kabbeeksepoort,50.81263,4.93283,0.176
24,Tienen 1,50.8133795491886,4.935044252605416,Tienen,Tienen 1 Fietsers rich Glabbeek,Tienen 1 Fietsers rich Tienen,35630,563,Tienen - Wommersom - Zoutleeuw,3,Bus,https://www.delijn.be/nl/lijnen/3563/?richtingCode=0,305176,Tienen Kabbeeksepoort,50.81263,4.93283,0.176
24,Tienen 1,50.8133795491886,4.935044252605416,Tienen,Tienen 1 Fietsers rich Glabbeek,Tienen 1 Fietsers rich Tienen,35421,542,Tienen - Hogen - Geetbets,3,Bus,https://www.delijn.be/nl/lijnen/3542/?richtingCode=1,305176,Tienen Kabbeeksepoort,50.81263,4.93283,0.176
24,Tienen 1,50.8133795491886,4.935044252605416,Tienen,Tienen 1 Fietsers rich Glabbeek,Tienen 1 Fietsers rich Tienen,30650,65,Tienen - Sint-Truiden,3,Bus,https://www.delijn.be/nl/lijnen/3065/?richtingCode=0,305176,Tienen Kabbeeksepoort,50.81263,4.93283,0.176
24,Tienen 1,50.8133795491886,4.935044252605416,Tienen,Tienen 1 Fietsers rich Glabbeek,Tienen 1 Fietsers rich Tienen,30660,66,Tienen - Budingen - Geetbets - Kortenaken - Halen - Diest,3,Bus,https://www.delijn.be/nl/lijnen/3066/?richtingCode=0,305176,Tienen Kabbeeksepoort,50.81263,4.93283,0.176
24,Tienen 1,50.8133795491886,4.935044252605416,Tienen,Tienen 1 Fietsers rich Glabbeek,Tienen 1 Fietsers rich Tienen,36561,656,Tienen - Ezemaal - Neerwinden - Landen,3,Bus,https://www.delijn.be/nl/lijnen/3656/?richtingCode=1,305176,Tienen Kabbeeksepoort,50.81263,4.93283,0.176
24,Tienen 1,50.8133795491886,4.935044252605416,Tienen,Tienen 1 Fietsers rich Glabbeek,Tienen 1 Fietsers rich Tienen,36670,667,Tienen - Neerlinter - Ransberg - Kortenaken,3,Bus,https://www.delijn.be/nl/lijnen/3667/?richtingCode=0,305176,Tienen Kabbeeksepoort,50.81263,4.93283,0.176
24,Tienen 1,50.8133795491886,4.935044252605416,Tienen,Tienen 1 Fietsers rich Glabbeek,Tienen 1 Fietsers rich Tienen,36471,647,Tienen - Hoeleden - Waanrode - Bekkevoort,3,Bus,https://www.delijn.be/nl/lijnen/3647/?richtingCode=1,305176,Tienen Kabbeeksepoort,50.81263,4.93283,0.176
24,Tienen 1,50.8133795491886,4.935044252605416,Tienen,Tienen 1 Fietsers rich Glabbeek,Tienen 1 Fietsers rich Tienen,35870,587,Tienen - Overhespen - Neerwinden - Landen,3,Bus,https://www.delijn.be/nl/lijnen/3587/?richtingCode=0,305176,Tienen Kabbeeksepoort,50.81263,4.93283,0.176
24,Tienen 1,50.8133795491886,4.935044252605416,Tienen,Tienen 1 Fietsers rich Glabbeek,Tienen 1 Fietsers rich Tienen,36380,638,Lubbeek - Tienen,3,Bus,https://www.delijn.be/nl/lijnen/3638/?richtingCode=0,305176,Tienen Kabbeeksepoort,50.81263,4.93283,0.176
24,Tienen 1,50.8133795491886,4.935044252605416,Tienen,Tienen 1 Fietsers rich Glabbeek,Tienen 1 Fietsers rich Tienen,36360,636,Neervelp - Tienen,3,Bus,https://www.delijn.be/nl/lijnen/3636/?richtingCode=0,306967,Tienen Vogelzang,50.81608,4.93426,0.305
24,Tienen 1,50.8133795491886,4.935044252605416,Tienen,Tienen 1 Fietsers rich Glabbeek,Tienen 1 Fietsers rich Tienen,36361,636,Tienen - Neervelp,3,Bus,https://www.delijn.be/nl/lijnen/3636/?richtingCode=1,306966,Tienen Vogelzang,50.81702,4.93426,0.409
24,Tienen 1,50.8133795491886,4.935044252605416,Tienen,Tienen 1 Fietsers rich Glabbeek,Tienen 1 Fietsers rich Tienen,34261,426,Tienen - Attenrode - Kerkom - Lubbeek - Leuven,3,Bus,https://www.delijn.be/nl/lijnen/3426/?richtingCode=1,307104,Tienen Kerk Heilig Hart,50.81285,4.92806,0.494
24,Tienen 1,50.8133795491886,4.935044252605416,Tienen,Tienen 1 Fietsers rich Glabbeek,Tienen 1 Fietsers rich Tienen,30421,42,Tienen - Lubbeek - Leuven,3,Bus,https://www.delijn.be/nl/lijnen/3042/?richtingCode=1,307104,Tienen Kerk Heilig Hart,50.81285,4.92806,0.494
24,Tienen 1,50.8133795491886,4.935044252605416,Tienen,Tienen 1 Fietsers rich Glabbeek,Tienen 1 Fietsers rich Tienen,30420,42,Leuven - Lubbeek - Tienen,3,Bus,https://www.delijn.be/nl/lijnen/3042/?richtingCode=0,305170,Tienen Kerk Heilig Hart,50.81225,4.92779,0.525
24,Tienen 1,50.8133795491886,4.935044252605416,Tienen,Tienen 1 Fietsers rich Glabbeek,Tienen 1 Fietsers rich Tienen,34260,426,Leuven - Lubbeek - Kerkom - Attenrode - Tienen,3,Bus,https://www.delijn.be/nl/lijnen/3426/?richtingCode=0,305170,Tienen Kerk Heilig Hart,50.81225,4.92779,0.525
24,Tienen 1,50.8133795491886,4.935044252605416,Tienen,Tienen 1 Fietsers rich Glabbeek,Tienen 1 Fietsers rich Tienen,39020,N2,Tervuren - Leuven - Tienen,3,Bus,https://www.delijn.be/nl/lijnen/3902/?richtingCode=0,305148,Tienen Vierde Lansierslaan,50.80975,4.92935,0.568
24,Tienen 1,50.8133795491886,4.935044252605416,Tienen,Tienen 1 Fietsers rich Glabbeek,Tienen 1 Fietsers rich Tienen,35800,580,Tienen - Hoegaarden - Meldert,3,Bus,https://www.delijn.be/nl/lijnen/3580/?richtingCode=0,305149,Tienen Vierde Lansierslaan,50.80935,4.92928,0.604
24,Tienen 1,50.8133795491886,4.935044252605416,Tienen,Tienen 1 Fietsers rich Glabbeek,Tienen 1 Fietsers rich Tienen,36290,629,Tienen - Outgaarden,3,Bus,https://www.delijn.be/nl/lijnen/3629/?richtingCode=0,305149,Tienen Vierde Lansierslaan,50.80935,4.92928,0.604
24,Tienen 1,50.8133795491886,4.935044252605416,Tienen,Tienen 1 Fietsers rich Glabbeek,Tienen 1 Fietsers rich Tienen,35411,541,Tienen - Haasrode,3,Bus,https://www.delijn.be/nl/lijnen/3541/?richtingCode=1,305149,Tienen Vierde Lansierslaan,50.80935,4.92928,0.604
24,Tienen 1,50.8133795491886,4.935044252605416,Tienen,Tienen 1 Fietsers rich Glabbeek,Tienen 1 Fietsers rich Tienen,30620,62,Tienen - Hoegaarden - Geldenaken,3,Bus,https://www.delijn.be/nl/lijnen/3062/?richtingCode=0,305149,Tienen Vierde Lansierslaan,50.80935,4.92928,0.604
24,Tienen 1,50.8133795491886,4.935044252605416,Tienen,Tienen 1 Fietsers rich Glabbeek,Tienen 1 Fietsers rich Tienen,39021,N2,Tienen - Leuven - Tervuren,3,Bus,https://www.delijn.be/nl/lijnen/3902/?richtingCode=1,305149,Tienen Vierde Lansierslaan,50.80935,4.92928,0.604
24,Tienen 1,50.8133795491886,4.935044252605416,Tienen,Tienen 1 Fietsers rich Glabbeek,Tienen 1 Fietsers rich Tienen,30621,62,Geldenaken - Hoegaarden - Tienen,3,Bus,https://www.delijn.be/nl/lijnen/3062/?richtingCode=1,370091,Tienen Station afstaphalte,50.80834,4.926158,0.839
24,Tienen 1,50.8133795491886,4.935044252605416,Tienen,Tienen 1 Fietsers rich Glabbeek,Tienen 1 Fietsers rich Tienen,36291,629,Outgaarden - Tienen,3,Bus,https://www.delijn.be/nl/lijnen/3629/?richtingCode=1,370091,Tienen Station afstaphalte,50.80834,4.926158,0.839
24,Tienen 1,50.8133795491886,4.935044252605416,Tienen,Tienen 1 Fietsers rich Glabbeek,Tienen 1 Fietsers rich Tienen,35801,580,Meldert - Hoegaarden - Tienen,3,Bus,https://www.delijn.be/nl/lijnen/3580/?richtingCode=1,370091,Tienen Station afstaphalte,50.80834,4.926158,0.839
24,Tienen 1,50.8133795491886,4.935044252605416,Tienen,Tienen 1 Fietsers rich Glabbeek,Tienen 1 Fietsers rich Tienen,35410,541,Haasrode - Tienen,3,Bus,https://www.delijn.be/nl/lijnen/3541/?richtingCode=0,370091,Tienen Station afstaphalte,50.80834,4.926158,0.839
