1,3677328,4.69857215,50.8686983,Naamsepoort,Unknown,3677328,24062,Leuven,60,
2,3677822,4.69857745,50.86860315,Erasme Ruelensvest,Unknown,3677822,24062,Leuven,60,
3,3328914,4.698418455236046,50.86861465334733,Naamsesteenweg,Unknown,3328914,24062,Leuven,60,
4,3328699,4.692202549999999,50.856127400000005,Koning Leopold III-laan,Unknown,3328699,24062,Leuven,60,
5,3450243,4.6922793,50.85601075,Middelweg,Unknown,3450243,24062,Leuven,60,
6,1431560130,4.692346649999999,50.85607020000001,Unknown,Unknown,1431560130,24062,Leuven,60,
7,1198558984,4.692453308976387,50.85594433282624,Koning Leopold III-laan,Unknown,1198558984,24062,Leuven,60,
8,3343965,4.707698,50.869348650000006,Parkstraat,Unknown,3343965,24062,Leuven,60,
9,3677823,4.70696653056174,50.86916663172931,Naamsevest,Unknown,3677823,24062,Leuven,60,
10,"[342997240, 3991778]",4.707874328605108,50.86919819746121,Parkpoort,Unknown,"[342997240, 3991778]",24062,Leuven,60,
11,439142857,4.699154849999999,50.8695746,Naamsestraat,Unknown,439142857,24062,Leuven,60,
12,3358657,4.698668081875138,50.86959595430924,Elzasgang,Unknown,3358657,24062,Leuven,60,
13,"[608715571, 608715564, 608715566]",4.69920454085216,50.86980317098213,Naamsestraat,Unknown,"[608715571, 608715564, 608715566]",24062,Leuven,60,
14,608715568,4.699261736573839,50.87009960406013,Naamsestraat,Unknown,608715568,24062,Leuven,60,
15,"[1063831514, 8131717]",4.715712128029245,50.87748052825185,Tiensevest,Unknown,"[1063831514, 8131717]",24062,Leuven,60,
16,3343954,4.71428615,50.87379065,Blijde-Inkomststraat,Unknown,3343954,24062,Leuven,60,
17,16775051,4.7143991,50.87371805000001,Tiensepoort,Unknown,16775051,24062,Leuven,60,
18,16775171,4.7142925,50.87370675,Tiensepoort,Unknown,16775171,24062,Leuven,60,
19,"[898173884, 898173885]",4.710358486183506,50.87493917136466,Tiensestraat,Unknown,"[898173884, 898173885]",24062,Leuven,60,
20,"[1056637424, 566326282]",4.7100076646041344,50.87482939556421,Brabançonnestraat,Unknown,"[1056637424, 566326282]",24062,Leuven,60,
21,8130906,4.71420865,50.87359395,Geldenaaksevest,Unknown,8130906,24062,Leuven,60,
22,16775188,4.7143643,50.8736607,Tiensepoort,Unknown,16775188,24062,Leuven,60,
23,3343967,4.71489665,50.875328,Dagobertstraat,Unknown,3343967,24062,Leuven,60,
24,"[863272992, 863272993, 863272994, 8131717]",4.71471750710961,50.87474298548538,Tiensevest,Unknown,"[863272992, 863272993, 863272994, 8131717]",24062,Leuven,60,
25,3343956,4.712823449999999,50.87610415,Mathildegang,Unknown,3343956,24062,Leuven,60,
26,22675178,4.710553068183305,50.873275704771885,Dekenstraat,Unknown,22675178,24062,Leuven,60,
27,893028141,4.7105200377024445,50.87315995067743,Unknown,Unknown,893028141,24062,Leuven,60,
28,3343962,4.711071062893852,50.873658833771096,Schepenenstraat,Unknown,3343962,24062,Leuven,60,
29,"[22675178, 444180325]",4.7110617812688,50.87314296588032,Dekenstraat,Unknown,"[22675178, 444180325]",24062,Leuven,60,
30,"[10296368, 893696211, 79299303]",4.7113146058728415,50.8711702920523,Geldenaaksevest,Unknown,"[10296368, 893696211, 79299303]",24062,Leuven,60,
31,71745448,4.709312474444042,50.874296535343134,Brabançonnestraat,Unknown,71745448,24062,Leuven,60,
32,"[566326280, 566326281]",4.709765031670285,50.87464141417073,Brabançonnestraat,Unknown,"[566326280, 566326281]",24062,Leuven,60,
33,3343958,4.710203352634217,50.87440793589684,Windmolenveldstraat,Unknown,3343958,24062,Leuven,60,
34,8116858,4.710460467325337,50.87428467052808,Windmolenveldstraat,Unknown,8116858,24062,Leuven,60,
35,22675175,4.7108485,50.87417935,Windmolenstraat,Unknown,22675175,24062,Leuven,60,
36,8075018,4.7105015225493325,50.87370806466552,Windmolenstraat,Unknown,8075018,24062,Leuven,60,
37,609706113,4.711010175856842,50.874419566241166,Windmolenstraat,Unknown,609706113,24062,Leuven,60,
38,22675199,4.712235943438401,50.87363792763288,Windmolenveldstraat,Unknown,22675199,24062,Leuven,60,
39,89866047,4.711822852655597,50.8738142516454,Windmolenveldstraat,Unknown,89866047,24062,Leuven,60,
40,27471364,4.7138042974901,50.87359264839765,Unknown,Unknown,27471364,24062,Leuven,60,
41,94585449,4.713740666862199,50.87363174448378,Tiensestraat,Unknown,94585449,24062,Leuven,60,
42,"[3343961, 547509905, 547509918]",4.711733738755207,50.87332910864909,Tomveldstraat,Unknown,"[3343961, 547509905, 547509918]",24062,Leuven,60,
43,444180325,4.712045800397215,50.87263987359597,Dekenstraat,Unknown,444180325,24062,Leuven,60,
44,3343957,4.70963115,50.87357224999999,Dekenstraat,Unknown,3343957,24062,Leuven,60,
45,3343963,4.709676483059519,50.8736958579654,Gildenstraat,Unknown,3343963,24062,Leuven,60,
46,439142854,4.707513129548159,50.87107995632575,Brabançonnestraat,Unknown,439142854,24062,Leuven,60,
47,3343964,4.70993565,50.87009905,Henri Regastraat,Unknown,3343964,24062,Leuven,60,
48,893696211,4.70997075,50.87009315,Geldenaaksevest,Unknown,893696211,24062,Leuven,60,
49,663531400,4.708861949999999,50.8696208,Frederik Lintsstraat,Unknown,663531400,24062,Leuven,60,
50,"[24905257, 876185324]",4.708305078184538,50.86946461636587,Geldenaaksevest,Unknown,"[24905257, 876185324]",24062,Leuven,60,
51,3343966,4.705202302900498,50.87187083488343,Rapengang,Unknown,3343966,24062,Leuven,60,
52,843033254,4.7047142,50.87150025,Parkstraat,Unknown,843033254,24062,Leuven,60,
53,"[843033254, 843033255]",4.704197484390033,50.87186117650371,Parkstraat,Unknown,"[843033254, 843033255]",24062,Leuven,60,
54,3343970,4.712501800617573,50.87661525267282,Quinten Metsysplein,Unknown,3343970,24062,Leuven,60,
55,"[1436679379, 1063831486]",4.715001076874856,50.87813490270568,Justus Lipsiusstraat,Unknown,"[1436679379, 1063831486]",24062,Leuven,60,
56,"[3343969, 1063831487]",4.713963881716815,50.87787513561574,Arnould Nobelstraat,Unknown,"[3343969, 1063831487]",24062,Leuven,60,
57,9853245,4.707227715987703,50.87092572376677,Unknown,Unknown,9853245,24062,Leuven,60,
58,79002195,4.707401241911858,50.87076321171493,Frederik Lintsstraat,Unknown,79002195,24062,Leuven,60,
59,8127646,4.70677949540435,50.8704269717619,Brabançonnestraat,Unknown,8127646,24062,Leuven,60,
60,79002198,4.707070523215336,50.8707753545848,Frederik Lintsstraat,Unknown,79002198,24062,Leuven,60,
61,79002199,4.707205943800155,50.87061984674904,Frederik Lintsstraat,Unknown,79002199,24062,Leuven,60,
62,79002197,4.706073849999999,50.87052225,Parkstraat,Unknown,79002197,24062,Leuven,60,
63,608715532,4.706622149999999,50.8701219,Parkstraat,Unknown,608715532,24062,Leuven,60,
64,3343974,4.700816596157587,50.86934335755576,Constantin Meunierstraat,Unknown,3343974,24062,Leuven,60,
65,"[3351209, 662329837]",4.700666132105618,50.86957758446514,Maria Van Belstraat,Unknown,"[3351209, 662329837]",24062,Leuven,60,
66,"[725072196, 3351199]",4.701864754321795,50.86936595799566,Emile Mathieustraat,Unknown,"[725072196, 3351199]",24062,Leuven,60,
67,655251293,4.699575599999999,50.8685091,Naamsevest,Unknown,655251293,24062,Leuven,60,
68,48446159,4.699667497544185,50.86852755108243,Unknown,Unknown,48446159,24062,Leuven,60,
69,"[1279101237, 48446159]",4.699624061254362,50.86842899503663,Unknown,Unknown,"[1279101237, 48446159]",24062,Leuven,60,
70,725072194,4.7033277,50.86951735,Familie De Bayostraat,Unknown,725072194,24062,Leuven,60,
71,725072187,4.702223645157699,50.86980045684763,Pierre Joseph Verhaghenstraat,Unknown,725072187,24062,Leuven,60,
72,3351197,4.703104597352564,50.87017792704187,Paul Lebrunstraat,Unknown,3351197,24062,Leuven,60,
73,88799178,4.7055099,50.8694092,Weldadigheidsstraat,Unknown,88799178,24062,Leuven,60,
74,3351198,4.705775605841597,50.86995416292613,Familie De Bayostraat,Unknown,3351198,24062,Leuven,60,
75,"[725072192, 3351196]",4.703220207244914,50.87104476215396,Weldadigheidsstraat,Unknown,"[725072192, 3351196]",24062,Leuven,60,
76,853446064,4.703257408948259,50.87167165619024,Constantin Meunierstraat,Unknown,853446064,24062,Leuven,60,
77,3351205,4.701831892479619,50.87116606638983,Frans Vermeylenstraat,Unknown,3351205,24062,Leuven,60,
78,"[1203412618, 725072191]",4.702543340358521,50.87105223267481,Constantin Meunierstraat,Unknown,"[1203412618, 725072191]",24062,Leuven,60,
79,48337988,4.702001734012322,50.87051810458368,Constantin Meunierstraat,Unknown,48337988,24062,Leuven,60,
80,"[3351207, 1267918407]",4.701259410999057,50.87051281186303,Emile Van Arenberghstraat,Unknown,"[3351207, 1267918407]",24062,Leuven,60,
81,725072195,4.70323565,50.868477,Gerard Vander Lindenstraat,Unknown,725072195,24062,Leuven,60,
82,"[661733369, 655251292, 3677823]",4.701810814282423,50.868357846347,Naamsevest,Unknown,"[661733369, 655251292, 3677823]",24062,Leuven,60,
83,3351203,4.700733191730459,50.871532094607126,Hendrik Consciencestraat,Unknown,3351203,24062,Leuven,60,
84,"[662329857, 3351207]",4.700525870124348,50.87115198618511,Emile Van Arenberghstraat,Unknown,"[662329857, 3351207]",24062,Leuven,60,
85,"[725072193, 3351204]",4.702668079721429,50.87155589888782,Frans Nensstraat,Unknown,"[725072193, 3351204]",24062,Leuven,60,
86,"[3990531, 891578003, 891578004, 891578005, 891578006, 891578007, 891578008, 891578009, 891578011, 891578012]",4.702586549130943,50.87228838673521,Van 't Sestichstraat,Unknown,"[3990531, 891578003, 891578004, 891578005, 891578006, 891578007, 891578008, 891578009, 891578011, 891578012]",24062,Leuven,60,
87,608715598,4.699567705411432,50.87187199213556,Naamsestraat,Unknown,608715598,24062,Leuven,60,
88,"[1267918407, 3351207]",4.701259410999058,50.87051281186304,Emile Van Arenberghstraat,Unknown,"[1267918407, 3351207]",24062,Leuven,60,
89,"[662329841, 662329843, 662329846]",4.700515327561369,50.87043448062269,Albert Giraudstraat,Unknown,"[662329841, 662329843, 662329846]",24062,Leuven,60,
90,3351209,4.7004059,50.86987765,Maria Van Belstraat,Unknown,3351209,24062,Leuven,60,
91,"[662329835, 3351206]",4.699983829290523,50.86998753338084,Eugène Gilbertstraat,Unknown,"[662329835, 3351206]",24062,Leuven,60,
92,8127925,4.69988045,50.866168,Erasme Ruelenspark,Unknown,8127925,24062,Leuven,60,
93,301552207,4.700573092576973,50.86636842222698,Erasme Ruelenspark,Unknown,301552207,24062,Leuven,60,
94,301992140,4.699963300000001,50.86592145,Stanislas De Rijcklaan,Unknown,301992140,24062,Leuven,60,
95,19569387,4.70013925314897,50.86582288390176,Jozef Eerdekensstraat,Unknown,19569387,24062,Leuven,60,
96,"[3358660, 301992140]",4.70097200058532,50.865950942615456,Stanislas De Rijcklaan,Unknown,"[3358660, 301992140]",24062,Leuven,60,
97,301909100,4.7012052,50.8666137,Broekstraat,Unknown,301909100,24062,Leuven,60,
98,"[95571485, 95571479]",4.700666618000366,50.86725008121096,Broekstraat,Unknown,"[95571485, 95571479]",24062,Leuven,60,
99,"[301636906, 263541943]",4.702805172329405,50.86669952791451,Paul van Ostaijenlaan,Unknown,"[301636906, 263541943]",24062,Leuven,60,
100,"[301992140, 3358660]",4.700972000585322,50.86595094261548,Stanislas De Rijcklaan,Unknown,"[301992140, 3358660]",24062,Leuven,60,
101,"[301992138, 301909099]",4.702981487814445,50.865738259463306,Broekstraat,Unknown,"[301992138, 301909099]",24062,Leuven,60,
102,659297692,4.690152648841314,50.88140511064215,Brusselsestraat,Unknown,659297692,24062,Leuven,60,
103,843033243,4.69067893574471,50.88165066594551,Riddersstraat,Unknown,843033243,24062,Leuven,60,
104,1085070187,4.690148885341806,50.88134097754423,Unknown,Unknown,1085070187,24062,Leuven,60,
105,1085069641,4.690262199236634,50.88130538090856,Brusselsestraat,Unknown,1085069641,24062,Leuven,60,
106,61557498,4.690820899999999,50.88009835,Sint-Jacobsplein,Unknown,61557498,24062,Leuven,60,
107,3752560,4.689816533090723,50.88026009217336,Hertstraat,Unknown,3752560,24062,Leuven,60,
108,"[578662071, 521211966, 3358671]",4.690792131135546,50.87930621171648,Sint-Jacobsplein,Unknown,"[578662071, 521211966, 3358671]",24062,Leuven,60,
109,86126167,4.690198001969588,50.8794863436623,Unknown,Unknown,86126167,24062,Leuven,60,
110,123929615,4.689592786674132,50.87950818760997,Sint-Hubertusstraat,Unknown,123929615,24062,Leuven,60,
111,3358673,4.691855510111751,50.87912536378685,Biezenstraat,Unknown,3358673,24062,Leuven,60,
112,86126172,4.691468539295324,50.87927153636097,Unknown,Unknown,86126172,24062,Leuven,60,
113,"[3358671, 521211966, 578662071]",4.690792131135546,50.87930621171648,Sint-Jacobsplein,Unknown,"[3358671, 521211966, 578662071]",24062,Leuven,60,
114,86126157,4.692059675172875,50.88017655377297,Wagenweg,Unknown,86126157,24062,Leuven,60,
115,86126166,4.691739865048178,50.87987792819292,Unknown,Unknown,86126166,24062,Leuven,60,
116,1089567295,4.6890742,50.87956165,Monseigneur Van Waeyenberghlaan,Unknown,1089567295,24062,Leuven,60,
117,3358675,4.689174003153782,50.87972449940656,Goudsbloemstraat,Unknown,3358675,24062,Leuven,60,
118,123929657,4.689052860441577,50.87925852617524,Tervuursestraat,Unknown,123929657,24062,Leuven,60,
119,8127969,4.690666507210973,50.87620975727667,Kapucijnenvoer,Unknown,8127969,24062,Leuven,60,
120,8127971,4.691918960893885,50.87558064925498,Janseniusstraat,Unknown,8127971,24062,Leuven,60,
121,455505594,4.689716001562842,50.87589233696717,Bankstraat,Unknown,455505594,24062,Leuven,60,
122,461159369,4.6909126108208445,50.87529949997017,Kapucijnenvoer,Unknown,461159369,24062,Leuven,60,
123,124042384,4.6720619,50.8586706,Langestaart,Unknown,124042384,24062,Leuven,60,
124,"[85273354, 85273347]",4.670939105620011,50.85870140328321,Langestaart,Unknown,"[85273354, 85273347]",24062,Leuven,60,
125,146512791,4.671273306719646,50.85820341430556,Langestaart,Unknown,146512791,24062,Leuven,60,
126,"[145690826, 146512794]",4.676127880125396,50.859696780407134,Unknown,Unknown,"[145690826, 146512794]",24062,Leuven,60,
127,79299308,4.7112234,50.86485565,Geldenaaksebaan,Unknown,79299308,24062,Leuven,60,
128,"[88965272, 79299307]",4.71065093127959,50.86638841351562,Geldenaaksebaan,Unknown,"[88965272, 79299307]",24062,Leuven,60,
129,301615045,4.71009795910844,50.864954084056656,Broekstraat,Unknown,301615045,24062,Leuven,60,
130,120086001,4.7001989,50.86802539999999,Erasme Ruelensvest,Unknown,120086001,24062,Leuven,60,
131,1162104424,4.6999947,50.8680973,Unknown,Unknown,1162104424,24062,Leuven,60,
132,3373100,4.707877437357011,50.86728699537696,Paul van Ostaijenlaan,Unknown,3373100,24062,Leuven,60,
133,"[608715608, 8127896]",4.709161756835662,50.86756516978681,Geldenaaksebaan,Unknown,"[608715608, 8127896]",24062,Leuven,60,
134,3991775,4.708200897575243,50.86912490145618,Geldenaaksevest,Unknown,3991775,24062,Leuven,60,
135,199381117,4.708036970800725,50.869005233928114,Geldenaaksebaan,Unknown,199381117,24062,Leuven,60,
136,616174264,4.708072051113924,50.86901531414539,Unknown,Unknown,616174264,24062,Leuven,60,
137,301636906,4.70615605,50.86710475,Paul van Ostaijenlaan,Unknown,301636906,24062,Leuven,60,
138,40017749,4.706478202814092,50.866914221420224,Zegelaan,Unknown,40017749,24062,Leuven,60,
139,95571483,4.706359195740666,50.867808240745056,Leo Dartelaan,Unknown,95571483,24062,Leuven,60,
140,73579617,4.68133715,50.8616407,Unknown,Unknown,73579617,24062,Leuven,60,
141,3373676,4.682088555377808,50.86205147973919,Kasteelpark Arenberg,Unknown,3373676,24062,Leuven,60,
142,"[72856963, 92419461]",4.68125202912997,50.8617563222339,Celestijnenlaan,Unknown,"[72856963, 92419461]",24062,Leuven,60,
143,320989025,4.681736304011855,50.86138851369439,Celestijnenlaan,Unknown,320989025,24062,Leuven,60,
144,85840988,4.68301415,50.86255965,Kasteelpark Arenberg,Unknown,85840988,24062,Leuven,60,
145,"[3996963, 810761980, 965401517]",4.68240675659885,50.86250229435887,Unknown,Unknown,"[3996963, 810761980, 965401517]",24062,Leuven,60,
146,3373674,4.6872578,50.86253359999999,Unknown,Unknown,3373674,24062,Leuven,60,
147,3373668,4.687397564653336,50.86249211977461,Unknown,Unknown,3373668,24062,Leuven,60,
148,229768922,4.68732768180925,50.8627873477915,Kasteelpark Arenberg,Unknown,229768922,24062,Leuven,60,
149,816381758,4.687718939928172,50.8628038131229,Unknown,Unknown,816381758,24062,Leuven,60,
150,1237559547,4.6871166,50.8630681,Unknown,Unknown,1237559547,24062,Leuven,60,
151,50431589,4.687706275037017,50.86303846605771,Kasteelpark Arenberg,Unknown,50431589,24062,Leuven,60,
152,"[229768920, 77864414]",4.687293375964041,50.86326364011103,Kasteelpark Arenberg,Unknown,"[229768920, 77864414]",24062,Leuven,60,
153,257483984,4.688105934922327,50.86343860678549,Kasteelpark Arenberg,Unknown,257483984,24062,Leuven,60,
154,3373672,4.686893552974949,50.86361631113179,Kasteelpark Arenberg,Unknown,3373672,24062,Leuven,60,
155,77864401,4.687005181772638,50.8632977926362,Kasteelpark Arenberg,Unknown,77864401,24062,Leuven,60,
156,3373669,4.686749202789351,50.86308454030978,Kasteelpark Arenberg,Unknown,3373669,24062,Leuven,60,
157,3373671,4.6868306390169625,50.86298457579258,Kasteelpark Arenberg,Unknown,3373671,24062,Leuven,60,
158,1237559114,4.686704150000001,50.86294565,Unknown,Unknown,1237559114,24062,Leuven,60,
159,182158054,4.686954228297255,50.86269656814842,Unknown,Unknown,182158054,24062,Leuven,60,
160,86614478,4.6867108,50.8637909,Kasteelpark Arenberg,Unknown,86614478,24062,Leuven,60,
161,1084093048,4.68662195,50.863744100000005,Kasteelpark Arenberg,Unknown,1084093048,24062,Leuven,60,
162,3389261,4.6947984,50.86984385,Groot Begijnhof,Unknown,3389261,24062,Leuven,60,
163,"[90168773, 23237287]",4.694428176614725,50.86993045086867,Tervuursevest,Unknown,"[90168773, 23237287]",24062,Leuven,60,
164,722950862,4.695553366230772,50.87037626611743,Groot Begijnhof,Unknown,722950862,24062,Leuven,60,
165,3389259,4.696407397869042,50.870785538000334,Unknown,Unknown,3389259,24062,Leuven,60,
166,40403656,4.696563040106539,50.87080558853912,Unknown,Unknown,40403656,24062,Leuven,60,
167,40403663,4.69583455,50.8708298,Groot Begijnhof,Unknown,40403663,24062,Leuven,60,
168,722950841,4.695745251525863,50.870941070040935,Unknown,Unknown,722950841,24062,Leuven,60,
169,722950836,4.696244450749471,50.87103369627687,Unknown,Unknown,722950836,24062,Leuven,60,
170,"[1114919753, 722950869]",4.6965483963656895,50.870552660328585,Unknown,Unknown,"[1114919753, 722950869]",24062,Leuven,60,
171,"[8129650, 725095043]",4.696854734282518,50.871035431323584,Middenstraat,Unknown,"[8129650, 725095043]",24062,Leuven,60,
172,8127966,4.693563011446448,50.87203007969224,Volmolenlaan,Unknown,8127966,24062,Leuven,60,
173,24471499,4.693227288703179,50.871554561150944,Volmolenlaan,Unknown,24471499,24062,Leuven,60,
174,85802636,4.693901289045511,50.87126146282644,Volmolenlaan,Unknown,85802636,24062,Leuven,60,
175,"[15960800, 15960801, 3390190]",4.697400805574821,50.8728868965117,Zwartzustersstraat,Unknown,"[15960800, 15960801, 3390190]",24062,Leuven,60,
176,3752565,4.698432054600691,50.87285710448506,Karmelietenberg,Unknown,3752565,24062,Leuven,60,
177,100490507,4.698047156344717,50.8722675316806,Schapenstraat,Unknown,100490507,24062,Leuven,60,
178,"[3677944, 608715521, 608715520]",4.688170655817196,50.873592107824855,Tervuursevest,Unknown,"[3677944, 608715521, 608715520]",24062,Leuven,60,
179,"[3390193, 1428501490, 3390189, 843033246]",4.689752914605877,50.876709866262814,Grasmushof,Unknown,"[3390193, 1428501490, 3390189, 843033246]",24062,Leuven,60,
180,"[24471495, 24471496, 24471497, 3390205, 694962923, 694962924, 85840893, 8127967]",4.696944065937316,50.87504284953064,Redingenstraat,Unknown,"[24471495, 24471496, 24471497, 3390205, 694962923, 694962924, 85840893, 8127967]",24062,Leuven,60,
181,"[696004315, 696004317]",4.696056799643857,50.87477713904031,Redingenhof,Unknown,"[696004315, 696004317]",24062,Leuven,60,
182,27022062,4.694431852195815,50.87452033302309,Léon Colinslaan,Unknown,27022062,24062,Leuven,60,
183,"[366337442, 499158418, 499158419]",4.691301217120119,50.87407379769075,Kapucijnenvoer,Unknown,"[366337442, 499158418, 499158419]",24062,Leuven,60,
184,8127970,4.68890785,50.8736383,Adolphe Bastinstraat,Unknown,8127970,24062,Leuven,60,
185,86249619,4.688613212469504,50.87357445182538,Heilige-Geeststraat,Unknown,86249619,24062,Leuven,60,
186,"[3390195, 133801030, 133801031]",4.690209985456021,50.87354530497162,Adolphe Bastinstraat,Unknown,"[3390195, 133801030, 133801031]",24062,Leuven,60,
187,3390201,4.694568510942919,50.87500546933493,Redingenhof,Unknown,3390201,24062,Leuven,60,
188,"[3450250, 695832819, 125472517, 3390203]",4.695672890301985,50.87576872579117,"['Janseniusstraat', 'Pater Damiaanplein']",Unknown,"[3450250, 695832819, 125472517, 3390203]",24062,Leuven,60,
189,"[3450250, 3390203, 125472517, 695832819]",4.695672890301986,50.87576872579118,"['Janseniusstraat', 'Pater Damiaanplein']",Unknown,"[3450250, 3390203, 125472517, 695832819]",24062,Leuven,60,
190,8302412,4.697280108513265,50.87615732275745,Pater Damiaanplein,Unknown,8302412,24062,Leuven,60,
191,1154212137,4.696527393448553,50.87640022735202,Boghe of Brandgang,Unknown,1154212137,24062,Leuven,60,
192,24471494,4.697966636005496,50.87489604209683,Schapenstraat,Unknown,24471494,24062,Leuven,60,
193,23237287,4.696766792633693,50.8692760733575,Tervuursevest,Unknown,23237287,24062,Leuven,60,
194,3677945,4.6837998,50.8769614,Tervuursevest,Unknown,3677945,24062,Leuven,60,
195,3681065,4.6838181,50.8770412,Tervuursepoort,Unknown,3681065,24062,Leuven,60,
196,521257400,4.683662249999999,50.8769874,Tervuursesteenweg,Unknown,521257400,24062,Leuven,60,
197,3424505,4.683280849999999,50.8768444,Groenveldstraat,Unknown,3424505,24062,Leuven,60,
198,3681283,4.6832396,50.8769046,Herestraat,Unknown,3681283,24062,Leuven,60,
199,813979467,4.68321515,50.876862,Tervuursesteenweg,Unknown,813979467,24062,Leuven,60,
200,1231874640,4.677541799999999,50.8688385,IJzerenmolenstraat,Unknown,1231874640,24062,Leuven,60,
201,1432114657,4.677486050000001,50.8688203,Unknown,Unknown,1432114657,24062,Leuven,60,
202,"[968811658, 264864067, 3877191]",4.677894301416591,50.86838129892247,Celestijnenlaan,Unknown,"[968811658, 264864067, 3877191]",24062,Leuven,60,
203,608715510,4.67743069828877,50.86892359272456,Celestijnenlaan,Unknown,608715510,24062,Leuven,60,
204,1359124533,4.67910945,50.8693023,Unknown,Unknown,1359124533,24062,Leuven,60,
205,"[8128746, 53268983, 3677333, 229768919]",4.684716451079144,50.86913562207592,"['Steengroevenlaan', 'Groenveldstraat']",Unknown,"[8128746, 53268983, 3677333, 229768919]",24062,Leuven,60,
206,16771606,4.685638238826704,50.87049030383379,IJzerenmolenstraat,Unknown,16771606,24062,Leuven,60,
207,72612251,4.683639379944088,50.869548593932656,IJzerenmolenstraat,Unknown,72612251,24062,Leuven,60,
208,192658997,4.684632603664324,50.87059094049726,Groenveldstraat,Unknown,192658997,24062,Leuven,60,
209,136840745,4.686680932686686,50.87167034662042,Unknown,Unknown,136840745,24062,Leuven,60,
210,3424502,4.6884751312645205,50.873307723572815,IJzerenmolenstraat,Unknown,3424502,24062,Leuven,60,
211,"[3677336, 608715518, 608715519]",4.688687592697237,50.87323163582073,Tervuursevest,Unknown,"[3677336, 608715518, 608715519]",24062,Leuven,60,
212,"[16771609, 1047365121]",4.689646425943156,50.87264316842483,Tervuursevest,Unknown,"[16771609, 1047365121]",24062,Leuven,60,
213,16771608,4.688176117786341,50.87300222407614,IJzerenmolenstraat,Unknown,16771608,24062,Leuven,60,
214,257982047,4.688492808529535,50.87311949570137,IJzerenmolenstraat,Unknown,257982047,24062,Leuven,60,
215,3424504,4.684226905277368,50.874196273142125,Hollestraat,Unknown,3424504,24062,Leuven,60,
216,1229709321,4.685024539858135,50.87388457958652,Unknown,Unknown,1229709321,24062,Leuven,60,
217,8128113,4.682795592621638,50.87580547566094,Groenveldstraat,Unknown,8128113,24062,Leuven,60,
218,8128112,4.683873611441652,50.87635151890159,Tervuursevest,Unknown,8128112,24062,Leuven,60,
219,3677333,4.68465415,50.86824275000001,Steengroevenlaan,Unknown,3677333,24062,Leuven,60,
220,"[229768919, 8128746, 3677333, 53268983]",4.684716451079145,50.86913562207592,"['Steengroevenlaan', 'Groenveldstraat']",Unknown,"[229768919, 8128746, 3677333, 53268983]",24062,Leuven,60,
221,1414302241,4.684829462001623,50.86850869975253,Unknown,Unknown,1414302241,24062,Leuven,60,
222,83917588,4.684850947843274,50.86810583029776,Unknown,Unknown,83917588,24062,Leuven,60,
223,4009880,4.6839443,50.86784165,Unknown,Unknown,4009880,24062,Leuven,60,
224,3424507,4.682446741631027,50.86701113350215,Steengroevenlaan,Unknown,3424507,24062,Leuven,60,
225,192559606,4.6751782,50.8711625,Celestijnenlaan,Unknown,192559606,24062,Leuven,60,
226,3752542,4.675275001032554,50.87111004743082,Unknown,Unknown,3752542,24062,Leuven,60,
227,85044922,4.6912644,50.87153805,Tervuursevest,Unknown,85044922,24062,Leuven,60,
228,554512496,4.691136262880677,50.8715356996112,Tervuursevest,Unknown,554512496,24062,Leuven,60,
229,554512495,4.691248431920357,50.87147177425055,Tervuursevest,Unknown,554512495,24062,Leuven,60,
230,"[616383053, 616383054, 616383055]",4.691585867833164,50.87120662740011,Unknown,Unknown,"[616383053, 616383054, 616383055]",24062,Leuven,60,
231,"[616383056, 616383055]",4.690910027468592,50.87156393349444,Unknown,Unknown,"[616383056, 616383055]",24062,Leuven,60,
232,1307193231,4.690817329044358,50.87141488665951,Tervuursevest,Unknown,1307193231,24062,Leuven,60,
233,3424510,4.6903325768424,50.87124357663726,Tervuursevest,Unknown,3424510,24062,Leuven,60,
234,3424511,4.690605046686436,50.87152509536724,Unknown,Unknown,3424511,24062,Leuven,60,
235,138511822,4.689474293841535,50.87025039187048,Unknown,Unknown,138511822,24062,Leuven,60,
236,"[965192464, 1307193230]",4.690324890157587,50.87002527789403,Tervuursevest,Unknown,"[965192464, 1307193230]",24062,Leuven,60,
237,1307193229,4.68882555,50.8690792,Unknown,Unknown,1307193229,24062,Leuven,60,
238,3424513,4.688700115453436,50.86894523668703,Unknown,Unknown,3424513,24062,Leuven,60,
239,"[499158420, 4009885]",4.688603683464779,50.86901346437891,Unknown,Unknown,"[499158420, 4009885]",24062,Leuven,60,
240,3424579,4.690706845767805,50.8692506742437,Unknown,Unknown,3424579,24062,Leuven,60,
241,4003915,4.690453406022295,50.86900435238199,Unknown,Unknown,4003915,24062,Leuven,60,
242,3424512,4.69271215,50.87059055,Tervuursevest,Unknown,3424512,24062,Leuven,60,
243,8129919,4.678216308505803,50.86273369832795,Unknown,Unknown,8129919,24062,Leuven,60,
244,64487699,4.679283753968039,50.8628915122524,Kapeldreef,Unknown,64487699,24062,Leuven,60,
245,3450551,4.679115412730264,50.85758156392568,Willem de Croylaan,Unknown,3450551,24062,Leuven,60,
246,17773074,4.679796629107992,50.85792453542764,Willem de Croylaan,Unknown,17773074,24062,Leuven,60,
247,94247336,4.679656500626234,50.8579181950943,Unknown,Unknown,94247336,24062,Leuven,60,
248,131711636,4.679746226263557,50.85784903626882,Herendreef,Unknown,131711636,24062,Leuven,60,
249,446511146,4.679761784137535,50.85794389012384,Willem de Croylaan,Unknown,446511146,24062,Leuven,60,
250,3450239,4.68127805,50.8539741,Lindelaan,Unknown,3450239,24062,Leuven,60,
251,3450240,4.68130865,50.8539907,Prinses Lydialaan,Unknown,3450240,24062,Leuven,60,
252,86985644,4.68149423409379,50.85349038502532,Herendreef,Unknown,86985644,24062,Leuven,60,
253,97859516,4.681752299999999,50.8530279,Filosofenlaan,Unknown,97859516,24062,Leuven,60,
254,97859520,4.6816846000000005,50.85299635,Beukenlaan,Unknown,97859520,24062,Leuven,60,
255,23237690,4.681842237939851,50.85264182755338,Herendreef,Unknown,23237690,24062,Leuven,60,
256,"[1431353272, 3450234]",4.675565016401841,50.85347412189035,Raalbeeklaan,Unknown,"[1431353272, 3450234]",24062,Leuven,60,
257,131711638,4.6743248397466015,50.85370865724529,Oud-Heverleestraat,Unknown,131711638,24062,Leuven,60,
258,114788001,4.6764398,50.85277555,Waversebaan,Unknown,114788001,24062,Leuven,60,
259,1431353273,4.67660715,50.8529579,Raalbeeklaan,Unknown,1431353273,24062,Leuven,60,
260,1431353274,4.676660293867397,50.85293248602797,Unknown,Unknown,1431353274,24062,Leuven,60,
261,23237691,4.6789058,50.85302525,Kastanjelaan,Unknown,23237691,24062,Leuven,60,
262,3450237,4.68011005,50.85226635,Filosofenlaan,Unknown,3450237,24062,Leuven,60,
263,712492128,4.678664254182494,50.851584641253936,Unknown,Unknown,712492128,24062,Leuven,60,
264,3450241,4.6839964,50.8546562,Boskantlaan,Unknown,3450241,24062,Leuven,60,
265,23237801,4.68431725,50.8542206,Beukenlaan,Unknown,23237801,24062,Leuven,60,
266,1209957764,4.686543749162664,50.85591109254053,Huttelaan,Unknown,1209957764,24062,Leuven,60,
267,8128164,4.681894249999999,50.8561427,Boskantlaan,Unknown,8128164,24062,Leuven,60,
268,1431353286,4.6818579,50.856178150000005,Unknown,Unknown,1431353286,24062,Leuven,60,
269,114787998,4.683209576343121,50.85674294737899,Waversebaan,Unknown,114787998,24062,Leuven,60,
270,114787999,4.6833947,50.8549562,Prinses Lydialaan,Unknown,114787999,24062,Leuven,60,
271,"[8128164, 114787996]",4.682571167883773,50.85550024774975,Boskantlaan,Unknown,"[8128164, 114787996]",24062,Leuven,60,
272,114788006,4.686699534427393,50.85726059502913,Prinses Lydialaan,Unknown,114788006,24062,Leuven,60,
273,"[3450248, 596641364]",4.685292245287306,50.85672333608947,Huttelaan,Unknown,"[3450248, 596641364]",24062,Leuven,60,
274,3450242,4.693776631443827,50.85427320013174,Graaf de Grunnelaan,Unknown,3450242,24062,Leuven,60,
275,25093511,4.690972123832404,50.852407484776485,Huttelaan,Unknown,25093511,24062,Leuven,60,
276,"[25093512, 25093515, 104777094]",4.6903124138116485,50.85148798086088,"['Middelweg', 'Dennendreef']",Unknown,"[25093512, 25093515, 104777094]",24062,Leuven,60,
277,"[93479400, 48284219]",4.691630445037489,50.85178619025938,Huttelaan,Unknown,"[93479400, 48284219]",24062,Leuven,60,
278,3450245,4.692490031057934,50.85131349309688,Goudfazantenlaan,Unknown,3450245,24062,Leuven,60,
279,48284219,4.692938876167204,50.85045712619521,Huttelaan,Unknown,48284219,24062,Leuven,60,
280,3450246,4.694156090480193,50.85105709949849,Reeboklaan,Unknown,3450246,24062,Leuven,60,
281,3450244,4.692521988805328,50.85331589225838,Jachtlaan,Unknown,3450244,24062,Leuven,60,
282,24374859,4.695547233727779,50.84977397580791,Naamsesteenweg,Unknown,24374859,24062,Leuven,60,
283,103917271,4.69582825,50.85269015,Unknown,Unknown,103917271,24062,Leuven,60,
284,258369821,4.695630400000001,50.852779350000006,Naamsesteenweg,Unknown,258369821,24062,Leuven,60,
285,"[103917268, 258363837]",4.695620040711426,50.85227427803383,Naamsesteenweg,Unknown,"[103917268, 258363837]",24062,Leuven,60,
286,1210035289,4.69555645,50.84842125,Unknown,Unknown,1210035289,24062,Leuven,60,
287,114787997,4.695506288933292,50.84808320908023,Naamsesteenweg,Unknown,114787997,24062,Leuven,60,
288,3450247,4.69289330392782,50.84952832379986,Frans Cnopslaan,Unknown,3450247,24062,Leuven,60,
289,286817493,4.692000407657608,50.84963441422854,Frans Cnopslaan,Unknown,286817493,24062,Leuven,60,
290,1198558772,4.6877519,50.85501064999999,Huttelaan,Unknown,1198558772,24062,Leuven,60,
291,3450249,4.68779117022972,50.85509955329928,Prosperdreef,Unknown,3450249,24062,Leuven,60,
292,769415330,4.687676487428001,50.85507163132526,Huttelaan,Unknown,769415330,24062,Leuven,60,
293,8128166,4.6741544,50.85489065,Willem de Croylaan,Unknown,8128166,24062,Leuven,60,
294,3450552,4.677085465489954,50.85684980075404,Unknown,Unknown,3450552,24062,Leuven,60,
295,8128169,4.67820355,50.857488450000005,Unknown,Unknown,8128169,24062,Leuven,60,
296,8128170,4.680119100000001,50.8583992,Unknown,Unknown,8128170,24062,Leuven,60,
297,"[238627937, 238627934]",4.6798836836585815,50.85814081891932,Unknown,Unknown,"[238627937, 238627934]",24062,Leuven,60,
298,238627938,4.680478128776583,50.85866552223782,Unknown,Unknown,238627938,24062,Leuven,60,
299,8128167,4.680146199999999,50.85906405,Unknown,Unknown,8128167,24062,Leuven,60,
300,114306755,4.67995855,50.8588513,Unknown,Unknown,114306755,24062,Leuven,60,
301,114306756,4.67985535,50.85926255,Unknown,Unknown,114306756,24062,Leuven,60,
302,3450555,4.680526190885545,50.85937213599312,Unknown,Unknown,3450555,24062,Leuven,60,
303,63402977,4.6794213477619895,50.85955894653557,Unknown,Unknown,63402977,24062,Leuven,60,
304,8128171,4.678698150000001,50.859555400000005,Unknown,Unknown,8128171,24062,Leuven,60,
305,84039328,4.678981687036698,50.859619310473,Unknown,Unknown,84039328,24062,Leuven,60,
306,294962246,4.67832135,50.85890695,Unknown,Unknown,294962246,24062,Leuven,60,
307,1482169327,4.6787201,50.8586246,Unknown,Unknown,1482169327,24062,Leuven,60,
308,114306758,4.67755595,50.8579794,Unknown,Unknown,114306758,24062,Leuven,60,
309,294962251,4.676742313492357,50.857626578143226,Unknown,Unknown,294962251,24062,Leuven,60,
310,3450554,4.6770168000000005,50.85750505,Unknown,Unknown,3450554,24062,Leuven,60,
311,8128172,4.67668875,50.85736505,Unknown,Unknown,8128172,24062,Leuven,60,
312,114306757,4.679509550000001,50.85880325,Unknown,Unknown,114306757,24062,Leuven,60,
313,238627936,4.679404249999999,50.85853105,Unknown,Unknown,238627936,24062,Leuven,60,
314,3495647,4.687517494916781,50.87416063190051,Kartuizersstraat,Unknown,3495647,24062,Leuven,60,
315,13246158,4.6905742,50.87201795,Tervuursevest,Unknown,13246158,24062,Leuven,60,
316,16771611,4.69071435,50.871918050000005,Tervuursevest,Unknown,16771611,24062,Leuven,60,
317,"[3390192, 13718226]",4.690915070593854,50.87221495246835,Kapucijnenvoer,Unknown,"[3390192, 13718226]",24062,Leuven,60,
318,3677327,4.69868945,50.86879205,Naamsestraat,Unknown,3677327,24062,Leuven,60,
319,3677330,4.6985461,50.86878855,Tervuursevest,Unknown,3677330,24062,Leuven,60,
320,"[3677329, 90168774]",4.694376019674362,50.86985442824539,Tervuursevest,Unknown,"[3677329, 90168774]",24062,Leuven,60,
321,28588898,4.691734665988214,50.87253526954274,Redingenstraat,Unknown,28588898,24062,Leuven,60,
322,94875151,4.692447841825604,50.87246146165371,Redingenstraat,Unknown,94875151,24062,Leuven,60,
323,"[1281372485, 616174231]",4.706128853686508,50.86849378846875,Unknown,Unknown,"[1281372485, 616174231]",24062,Leuven,60,
324,"[8131791, 616174231]",4.706113508142445,50.86858237681708,Unknown,Unknown,"[8131791, 616174231]",24062,Leuven,60,
325,8128795,4.68193715,50.88342475000001,Brusselsesteenweg,Unknown,8128795,24062,Leuven,60,
326,"[345596705, 345596706, 225605572, 225605573, 608715549]",4.680132180085128,50.88387041086126,Brusselsesteenweg,Unknown,"[345596705, 345596706, 225605572, 225605573, 608715549]",24062,Leuven,60,
327,952471674,4.682063501639637,50.88341855666337,Brusselsesteenweg,Unknown,952471674,24062,Leuven,60,
328,"[249333186, 192559628]",4.682440609488642,50.87902617972442,Rennes-Singel,Unknown,"[249333186, 192559628]",24062,Leuven,60,
329,8128928,4.704882100000001,50.86164355,Duinberglaan,Unknown,8128928,24062,Leuven,60,
330,"[8128928, 113997728]",4.70367823166518,50.86191867954435,Duinberglaan,Unknown,"[8128928, 113997728]",24062,Leuven,60,
331,8128929,4.705344211604219,50.8618739887195,Duinberglaan,Unknown,8128929,24062,Leuven,60,
332,8128927,4.70487955,50.86139705,Duinberglaan,Unknown,8128927,24062,Leuven,60,
333,3701201,4.703483447981232,50.861239717469005,Duinberglaan,Unknown,3701201,24062,Leuven,60,
334,3701206,4.705565815930588,50.86040940224677,Leeuwerikenstraat,Unknown,3701206,24062,Leuven,60,
335,3701202,4.708770528394842,50.862719573834845,Bronlaan,Unknown,3701202,24062,Leuven,60,
336,301615094,4.708821140270949,50.862319163142665,Pakenstraat,Unknown,301615094,24062,Leuven,60,
337,3701203,4.708654480553952,50.86315264110661,Bronlaan,Unknown,3701203,24062,Leuven,60,
338,"[3701209, 124042417, 304050774]",4.710924969219399,50.86266019100575,Pakenstraat,Unknown,"[3701209, 124042417, 304050774]",24062,Leuven,60,
339,"[23157748, 79002196]",4.711762202879371,50.86325414677782,Geldenaaksebaan,Unknown,"[23157748, 79002196]",24062,Leuven,60,
340,"[79002200, 281817948]",4.712006207640129,50.86219578608175,Geldenaaksebaan,Unknown,"[79002200, 281817948]",24062,Leuven,60,
341,3701208,4.706466355526298,50.86144333600157,Withoflaan,Unknown,3701208,24062,Leuven,60,
342,3701210,4.706485750000001,50.8603961,Kerspelstraat,Unknown,3701210,24062,Leuven,60,
343,3701204,4.707507296649911,50.862272418946695,Parkdallaan,Unknown,3701204,24062,Leuven,60,
344,1376047232,4.709930399999999,50.8624176,Voordelaan,Unknown,1376047232,24062,Leuven,60,
345,"[124042417, 3701209, 304050774]",4.710924969219399,50.86266019100575,Pakenstraat,Unknown,"[124042417, 3701209, 304050774]",24062,Leuven,60,
346,909608138,4.70638365,50.86237815,Unknown,Unknown,909608138,24062,Leuven,60,
347,"[8128930, 3701204]",4.703452555821359,50.86239769455063,"['Parkdallaan', 'Verbindingslaan']",Unknown,"[8128930, 3701204]",24062,Leuven,60,
348,3701205,4.7019510566143445,50.85979244424339,Verbindingslaan,Unknown,3701205,24062,Leuven,60,
349,8128931,4.70283163187783,50.85881994272948,Verbindingslaan,Unknown,8128931,24062,Leuven,60,
350,463634003,4.703577150346051,50.859218685743066,Saffranenbergstraat,Unknown,463634003,24062,Leuven,60,
351,192659001,4.697348545759238,50.86095210873142,Hertogstraat,Unknown,192659001,24062,Leuven,60,
352,3372475,4.7030574000000005,50.856775850000005,Hertogstraat,Unknown,3372475,24062,Leuven,60,
353,"[192659013, 3701207]",4.703468781336412,50.85691824828464,Kriekenboslaan,Unknown,"[192659013, 3701207]",24062,Leuven,60,
354,982974944,4.703129537605944,50.85669663858076,Hertogstraat,Unknown,982974944,24062,Leuven,60,
355,845697257,4.703123549733523,50.85650475094412,Unknown,Unknown,845697257,24062,Leuven,60,
356,3996946,4.704648651567954,50.85696246161948,Tereikenlaan,Unknown,3996946,24062,Leuven,60,
357,192659013,4.704112656390064,50.85776289782569,Kriekenboslaan,Unknown,192659013,24062,Leuven,60,
358,3996948,4.70510734978015,50.85924892467302,Saffranenbergstraat,Unknown,3996948,24062,Leuven,60,
359,81457879,4.704476700832859,50.85885224975485,Kriekenboslaan,Unknown,81457879,24062,Leuven,60,
360,1051885433,4.68135555,50.86504415000001,Unknown,Unknown,1051885433,24062,Leuven,60,
361,3999752,4.681858021269088,50.86478251969358,Unknown,Unknown,3999752,24062,Leuven,60,
362,"[23237294, 86312159]",4.681179289924386,50.86564736070532,Unknown,Unknown,"[23237294, 86312159]",24062,Leuven,60,
363,85840959,4.682766152382511,50.86535098287008,Unknown,Unknown,85840959,24062,Leuven,60,
364,650709057,4.681268250495975,50.86513904680249,Unknown,Unknown,650709057,24062,Leuven,60,
365,"[8129152, 64487855]",4.689360831484261,50.86902526159013,Unknown,Unknown,"[8129152, 64487855]",24062,Leuven,60,
366,96653431,4.688822419910838,50.86858426369077,Unknown,Unknown,96653431,24062,Leuven,60,
367,1182475750,4.68870246482859,50.86890861784394,Unknown,Unknown,1182475750,24062,Leuven,60,
368,3730650,4.690097928120677,50.86886099375087,Unknown,Unknown,3730650,24062,Leuven,60,
369,64487855,4.690232415055704,50.868968328521575,Unknown,Unknown,64487855,24062,Leuven,60,
370,917106784,4.69050395,50.8688975,Unknown,Unknown,917106784,24062,Leuven,60,
371,8129153,4.690308134718739,50.86883944839957,Unknown,Unknown,8129153,24062,Leuven,60,
372,64487789,4.687847293459615,50.86805302814108,Unknown,Unknown,64487789,24062,Leuven,60,
373,4006473,4.689972833762445,50.86817303817504,Unknown,Unknown,4006473,24062,Leuven,60,
374,326826788,4.69314265,50.86971715,Unknown,Unknown,326826788,24062,Leuven,60,
375,1135073430,4.6931194000000005,50.8697644,Unknown,Unknown,1135073430,24062,Leuven,60,
376,"[190770088, 23237289, 190770091]",4.693346653402563,50.86981994816599,Unknown,Unknown,"[190770088, 23237289, 190770091]",24062,Leuven,60,
377,23104292,4.693661018068024,50.869939410176,Unknown,Unknown,23104292,24062,Leuven,60,
378,107238515,4.693544521670245,50.86997948515171,Unknown,Unknown,107238515,24062,Leuven,60,
379,"[85840929, 940722596, 934219847, 190770089, 3994258, 712599166, 712599167]",4.693883252847416,50.870056381332816,Unknown,Unknown,"[85840929, 940722596, 934219847, 190770089, 3994258, 712599166, 712599167]",24062,Leuven,60,
380,1051885432,4.6809499,50.86564975,Unknown,Unknown,1051885432,24062,Leuven,60,
381,"[443972008, 351276438]",4.680943721452657,50.865883189608375,Celestijnenlaan,Unknown,"[443972008, 351276438]",24062,Leuven,60,
382,3731761,4.6703544251062565,50.8685951388538,Keibergstraat,Unknown,3731761,24062,Leuven,60,
383,3731776,4.670919010442889,50.86828489909042,Jos De Haeslaan,Unknown,3731776,24062,Leuven,60,
384,8129167,4.669977960209578,50.86830664804308,Keibergstraat,Unknown,8129167,24062,Leuven,60,
385,3731751,4.669538925352049,50.86905255474663,Ferdinand Verbiestlaan,Unknown,3731751,24062,Leuven,60,
386,8129162,4.669365931343747,50.86997947793272,Priorijlaan,Unknown,8129162,24062,Leuven,60,
387,8129163,4.670004088999916,50.870508591048974,Goswin III-Laan,Unknown,8129163,24062,Leuven,60,
388,8129164,4.670256415958395,50.8713316901873,Sint-Jorislaan,Unknown,8129164,24062,Leuven,60,
389,"[3731761, 192559609]",4.67101632742496,50.87265875649607,Keibergstraat,Unknown,"[3731761, 192559609]",24062,Leuven,60,
390,8129165,4.670767148057064,50.872075559129776,Lievevrouweplein,Unknown,8129165,24062,Leuven,60,
391,8129166,4.670932551529527,50.873285707157024,Keibergstraat,Unknown,8129166,24062,Leuven,60,
392,"[192559609, 192559610]",4.67110694855959,50.87339819357759,Keibergstraat,Unknown,"[192559609, 192559610]",24062,Leuven,60,
393,"[192559609, 3731761]",4.67101632742496,50.87265875649607,Keibergstraat,Unknown,"[192559609, 3731761]",24062,Leuven,60,
394,"[1311999491, 1311999492]",4.671299387752443,50.87331428173368,Unknown,Unknown,"[1311999491, 1311999492]",24062,Leuven,60,
395,3731749,4.6671377,50.86970085,Ter Elstlaan,Unknown,3731749,24062,Leuven,60,
396,3731747,4.667008521438395,50.86929601412351,Populierenlaan,Unknown,3731747,24062,Leuven,60,
397,3731766,4.672104363421392,50.87198950675901,Henri Geeraertlaan,Unknown,3731766,24062,Leuven,60,
398,3752543,4.673438099340368,50.87254187752465,Egenhovenweg,Unknown,3752543,24062,Leuven,60,
399,"[120320201, 120320206, 192559607]",4.672533721030431,50.87322512913097,Celestijnenlaan,Unknown,"[120320201, 120320206, 192559607]",24062,Leuven,60,
400,192559607,4.673729437000587,50.872320068291344,Celestijnenlaan,Unknown,192559607,24062,Leuven,60,
401,3731760,4.669832158047655,50.872335866364025,Unknown,Unknown,3731760,24062,Leuven,60,
402,1017412661,4.67047095,50.8720859,Lievevrouweplein,Unknown,1017412661,24062,Leuven,60,
403,3731759,4.670056275443474,50.87183361455559,Lievevrouweplein,Unknown,3731759,24062,Leuven,60,
404,3731756,4.669055586826675,50.87179652954267,Sint-Jorislaan,Unknown,3731756,24062,Leuven,60,
405,3731754,4.66933654082159,50.87129347692588,Unknown,Unknown,3731754,24062,Leuven,60,
406,"[3731753, 100833387]",4.668551720930534,50.87123331634909,Goswin III-Laan,Unknown,"[3731753, 100833387]",24062,Leuven,60,
407,100833388,4.668980082958584,50.87105869379906,Goswin III-Laan,Unknown,100833388,24062,Leuven,60,
408,3731748,4.66716905,50.8691019,Populierenlaan,Unknown,3731748,24062,Leuven,60,
409,3731750,4.667907865898581,50.8697582492687,Ferdinand Verbiestlaan,Unknown,3731750,24062,Leuven,60,
410,150107910,4.667006989386696,50.86900051567736,Unknown,Unknown,150107910,24062,Leuven,60,
411,3731764,4.67661655,50.86779235,Unknown,Unknown,3731764,24062,Leuven,60,
412,324751626,4.676671858411818,50.86771740554105,Unknown,Unknown,324751626,24062,Leuven,60,
413,"[8129168, 324751626]",4.67407867281936,50.86727537127061,Oude Nijvelseweg,Unknown,"[8129168, 324751626]",24062,Leuven,60,
414,143494630,4.676906949999999,50.8677885,Unknown,Unknown,143494630,24062,Leuven,60,
415,333558632,4.676586,50.86803295,Unknown,Unknown,333558632,24062,Leuven,60,
416,3731765,4.6765165,50.86806975,Unknown,Unknown,3731765,24062,Leuven,60,
417,"[3731765, 1436549071]",4.676489644810355,50.86815154543717,Emiel Hullebroecklaan,Unknown,"[3731765, 1436549071]",24062,Leuven,60,
418,143494303,4.67636255,50.86817635,Emiel Hullebroecklaan,Unknown,143494303,24062,Leuven,60,
419,"[3731769, 957098655]",4.672461922527867,50.87031284240491,Gaston Feremanslaan,Unknown,"[3731769, 957098655]",24062,Leuven,60,
420,3731773,4.673176003408769,50.86938923914335,Joos Florquinlaan,Unknown,3731773,24062,Leuven,60,
421,143494629,4.67183635,50.86972395,Jef Van Hooflaan,Unknown,143494629,24062,Leuven,60,
422,1436549072,4.67177635,50.8697493,Jef Van Hooflaan,Unknown,1436549072,24062,Leuven,60,
423,3731768,4.671628474353024,50.86877404663658,Jef Van Hooflaan,Unknown,3731768,24062,Leuven,60,
424,3731772,4.672549222636039,50.86896839891974,René De Clercqlaan,Unknown,3731772,24062,Leuven,60,
425,"[3731771, 143494302]",4.673884637171481,50.86867589677693,Arthur Meulemanslaan,Unknown,"[3731771, 143494302]",24062,Leuven,60,
426,3731771,4.673588045537834,50.86919648431485,Arthur Meulemanslaan,Unknown,3731771,24062,Leuven,60,
427,143499098,4.673777155647754,50.868853106494086,Arthur Meulemanslaan,Unknown,143499098,24062,Leuven,60,
428,8129169,4.674164020947428,50.86977319476218,Joos Florquinlaan,Unknown,8129169,24062,Leuven,60,
429,3731775,4.674948583333612,50.86866723151554,Renaat Veremanslaan,Unknown,3731775,24062,Leuven,60,
430,16771605,4.67670315,50.86971025,Celestijnenlaan,Unknown,16771605,24062,Leuven,60,
431,1432114666,4.6768048,50.86965395,Unknown,Unknown,1432114666,24062,Leuven,60,
432,3731774,4.675780375233464,50.86898291242454,Emiel Hullebroecklaan,Unknown,3731774,24062,Leuven,60,
433,3731777,4.671876281417221,50.86781342275222,Lodewijk De Vochtlaan,Unknown,3731777,24062,Leuven,60,
434,3731778,4.672879424125801,50.86799334559485,Jef Vanden Eyndelaan,Unknown,3731778,24062,Leuven,60,
435,8129170,4.673783532363106,50.86797874884475,Jos De Haeslaan,Unknown,8129170,24062,Leuven,60,
436,8129172,4.6752389358158615,50.868174783477926,Jos De Haeslaan,Unknown,8129172,24062,Leuven,60,
437,1422889031,4.67283085,50.86755835,Jef Vanden Eyndelaan,Unknown,1422889031,24062,Leuven,60,
438,3731781,4.674024857965734,50.86805168241932,Jos De Haeslaan,Unknown,3731781,24062,Leuven,60,
439,3731783,4.675017343160044,50.86811943101922,Jos De Haeslaan,Unknown,3731783,24062,Leuven,60,
440,3752541,4.675139499999999,50.87123835,Unknown,Unknown,3752541,24062,Leuven,60,
441,1432114665,4.67508785,50.87121715,Unknown,Unknown,1432114665,24062,Leuven,60,
442,"[192559606, 192559607]",4.674794257055471,50.871495820166935,Celestijnenlaan,Unknown,"[192559606, 192559607]",24062,Leuven,60,
443,207226597,4.675918011363265,50.87162722063434,Unknown,Unknown,207226597,24062,Leuven,60,
444,"[120320203, 120320205]",4.676049873788698,50.87372642303782,Egenhovenweg,Unknown,"[120320203, 120320205]",24062,Leuven,60,
445,"[120320205, 3752543]",4.674474922551294,50.87294731161565,Egenhovenweg,Unknown,"[120320205, 3752543]",24062,Leuven,60,
446,1358640879,4.675193580404258,50.87345168751717,Parkweg,Unknown,1358640879,24062,Leuven,60,
447,120320203,4.67662155,50.8741481,Egenhovenweg,Unknown,120320203,24062,Leuven,60,
448,1097491396,4.676963470296348,50.873769814535386,Unknown,Unknown,1097491396,24062,Leuven,60,
449,123929644,4.680370850000001,50.8761907,Tervuursesteenweg,Unknown,123929644,24062,Leuven,60,
450,"[3752545, 120320202]",4.68059598712881,50.87480123731469,Tervuursesteenweg,Unknown,"[3752545, 120320202]",24062,Leuven,60,
451,"[578662080, 123929644, 578662079]",4.678573633021779,50.875758684605294,Tervuursesteenweg,Unknown,"[578662080, 123929644, 578662079]",24062,Leuven,60,
452,3424506,4.68157547378928,50.87597872978032,Kribbepad,Unknown,3424506,24062,Leuven,60,
453,178712112,4.684661743612869,50.878327938947294,Groefstraat,Unknown,178712112,24062,Leuven,60,
454,254882029,4.685141429890151,50.87925233724364,Groefstraat,Unknown,254882029,24062,Leuven,60,
455,984369393,4.684982149018007,50.87879773827586,Groefplein,Unknown,984369393,24062,Leuven,60,
456,79289753,4.68524855,50.87984315,Monseigneur Van Waeyenberghlaan,Unknown,79289753,24062,Leuven,60,
457,189453004,4.68443574708482,50.87985834464028,Monseigneur Van Waeyenberghlaan,Unknown,189453004,24062,Leuven,60,
458,1203965329,4.685170792601618,50.87987070120732,Unknown,Unknown,1203965329,24062,Leuven,60,
459,97209987,4.6839299,50.87783295,Groefstraat,Unknown,97209987,24062,Leuven,60,
460,3358669,4.686321134902799,50.88239514471519,Brusselsestraat,Unknown,3358669,24062,Leuven,60,
461,3752547,4.686586086736769,50.882234207283545,Unknown,Unknown,3752547,24062,Leuven,60,
462,1085097714,4.6866324363469,50.8821444707636,Unknown,Unknown,1085097714,24062,Leuven,60,
463,3752551,4.6840328192610645,50.88218292761158,Gijzelaarsstraat,Unknown,3752551,24062,Leuven,60,
464,3752552,4.684135480415169,50.88262794477114,Tolhuizenstraat,Unknown,3752552,24062,Leuven,60,
465,1429286777,4.684411105269797,50.88160533120167,Kaboutermansstraat,Unknown,1429286777,24062,Leuven,60,
466,3752554,4.6845623,50.88137335,Cardenberch,Unknown,3752554,24062,Leuven,60,
467,8129248,4.68483585,50.88114125,Cardenberch,Unknown,8129248,24062,Leuven,60,
468,8129245,4.68527125,50.8811675,Cardenberch,Unknown,8129245,24062,Leuven,60,
469,"[961129697, 3358675]",4.689540153631628,50.88080893372907,Goudsbloemstraat,Unknown,"[961129697, 3358675]",24062,Leuven,60,
470,3752553,4.688604244618308,50.88052768587396,Kaboutermansstraat,Unknown,3752553,24062,Leuven,60,
471,8129244,4.6851742000000005,50.88079915,Cardenberch,Unknown,8129244,24062,Leuven,60,
472,"[3752554, 86109939, 1085341596]",4.684961785879747,50.88070903903179,Cardenberch,Unknown,"[3752554, 86109939, 1085341596]",24062,Leuven,60,
473,8129246,4.68418645,50.8810495,Cardenberch,Unknown,8129246,24062,Leuven,60,
474,"[94883724, 1085341597, 8129247]",4.684210983894865,50.88085580526199,Cardenberch,Unknown,"[94883724, 1085341597, 8129247]",24062,Leuven,60,
475,189453003,4.687712200000001,50.87970265,Monseigneur Van Waeyenberghlaan,Unknown,189453003,24062,Leuven,60,
476,3752559,4.687398995022382,50.87971591710718,Pioengang,Unknown,3752559,24062,Leuven,60,
477,"[79289753, 189453003]",4.686409761574063,50.87980182340692,Monseigneur Van Waeyenberghlaan,Unknown,"[79289753, 189453003]",24062,Leuven,60,
478,194739456,4.6874195660309645,50.879713907096814,Unknown,Unknown,194739456,24062,Leuven,60,
479,539611483,4.687503420985204,50.87975408975669,Paardenweg,Unknown,539611483,24062,Leuven,60,
480,254881981,4.688229363735747,50.87961484569273,Daneelsgang,Unknown,254881981,24062,Leuven,60,
481,1497947959,4.68370225,50.879899,Unknown,Unknown,1497947959,24062,Leuven,60,
482,"[189453001, 189453002, 189453004]",4.682637115498321,50.879894542515,Monseigneur Van Waeyenberghlaan,Unknown,"[189453001, 189453002, 189453004]",24062,Leuven,60,
483,984369394,4.683699762121249,50.87984769939468,Groefplein,Unknown,984369394,24062,Leuven,60,
484,194664238,4.687925269294289,50.8796459172948,Vestinggang,Unknown,194664238,24062,Leuven,60,
485,3752562,4.690693049679197,50.880607115071285,Kruisstraat,Unknown,3752562,24062,Leuven,60,
486,683066057,4.690636095600804,50.88113880268539,Brusselsestraat,Unknown,683066057,24062,Leuven,60,
487,843033248,4.688902195652535,50.878328954000494,Heilige-Geeststraat,Unknown,843033248,24062,Leuven,60,
488,17395920,4.683830800000001,50.87748065,Edouard Remyvest,Unknown,17395920,24062,Leuven,60,
489,8127973,4.697982994286283,50.87098312035076,Schapenstraat,Unknown,8127973,24062,Leuven,60,
490,"[17632841, 1482208204, 1482208205]",4.697492346180586,50.87112685310958,Begijnhofkerkstraat,Unknown,"[17632841, 1482208204, 1482208205]",24062,Leuven,60,
491,723240771,4.69923073494327,50.87100109212364,Sint-Beggaberg,Unknown,723240771,24062,Leuven,60,
492,3848770,4.6984581872647695,50.870717294964486,Sint-Quintensberg,Unknown,3848770,24062,Leuven,60,
493,"[3848769, 1114923383]",4.698841264275906,50.87021694295426,Sint-Quintensberg,Unknown,"[3848769, 1114923383]",24062,Leuven,60,
494,8129650,4.697018488271099,50.87144029082541,Middenstraat,Unknown,8129650,24062,Leuven,60,
495,15960793,4.697340746036176,50.87167024346627,Rechtestraat,Unknown,15960793,24062,Leuven,60,
496,17633552,4.697046868814722,50.871820193946526,Middenstraat,Unknown,17633552,24062,Leuven,60,
497,17632846,4.697632458908251,50.87179246360753,Bovenstraat,Unknown,17632846,24062,Leuven,60,
498,8129642,4.696547718981025,50.87259346471844,Benedenstraat,Unknown,8129642,24062,Leuven,60,
499,"[85840904, 85840908, 15960797, 15960799]",4.696309861710423,50.87289771276816,Zwartzustersstraat,Unknown,"[85840904, 85840908, 15960797, 15960799]",24062,Leuven,60,
500,"[27678322, 15960795, 15960796]",4.695798793712768,50.87186630009894,"['Spaans Kwartier', 'Rechtestraat']",Unknown,"[27678322, 15960795, 15960796]",24062,Leuven,60,
501,27646573,4.696488361270241,50.8717909331729,Rechtestraat,Unknown,27646573,24062,Leuven,60,
502,8129641,4.69512174992404,50.87214838018517,Straat van het nieuw convent,Unknown,8129641,24062,Leuven,60,
503,27678317,4.694888242408401,50.8719629731195,Spaans Kwartier,Unknown,27678317,24062,Leuven,60,
504,27678321,4.6949386,50.8717728,Spaans Kwartier,Unknown,27678321,24062,Leuven,60,
505,8129649,4.695072217611541,50.87155401003087,Spaans Kwartier,Unknown,8129649,24062,Leuven,60,
506,27678320,4.69543125,50.8717822,Spaans Kwartier,Unknown,27678320,24062,Leuven,60,
507,722976650,4.695413484038946,50.87199326800786,Spaans Kwartier,Unknown,722976650,24062,Leuven,60,
508,27646575,4.694377692226917,50.87219932824047,Unknown,Unknown,27646575,24062,Leuven,60,
509,"[8129648, 261570604]",4.696255779482097,50.87253447827626,Groot Begijnhof Benedenstraat,Unknown,"[8129648, 261570604]",24062,Leuven,60,
510,15966604,4.697333423291201,50.87194776955979,Klein Straatken,Unknown,15966604,24062,Leuven,60,
511,8129925,4.67322635,50.862526,Unknown,Unknown,8129925,24062,Leuven,60,
512,23120474,4.672813418720912,50.86281117306091,Kapeldreef,Unknown,23120474,24062,Leuven,60,
513,3869836,4.676539609819102,50.86334434351277,Unknown,Unknown,3869836,24062,Leuven,60,
514,"[8129928, 1212796276]",4.675623009301958,50.863135514719445,Unknown,Unknown,"[8129928, 1212796276]",24062,Leuven,60,
515,8129923,4.677599488509154,50.86357978725178,Unknown,Unknown,8129923,24062,Leuven,60,
516,"[8129929, 95966903]",4.676087783227705,50.86283256612205,Unknown,Unknown,"[8129929, 95966903]",24062,Leuven,60,
517,8129920,4.676245766241078,50.86295688010689,Unknown,Unknown,8129920,24062,Leuven,60,
518,24905256,4.71067315,50.87044625,Geldenaaksevest,Unknown,24905256,24062,Leuven,60,
519,160912992,4.711471714265253,50.86974933146151,Nieuwe Kerkhofdreef,Unknown,160912992,24062,Leuven,60,
520,3869799,4.712824250000001,50.86966605,Nieuwe Kerkhofdreef,Unknown,3869799,24062,Leuven,60,
521,16275322,4.7126779,50.86950135,Philipssite,Unknown,16275322,24062,Leuven,60,
522,1409705400,4.7154375,50.873452,Tiensesteenweg,Unknown,1409705400,24062,Leuven,60,
523,"[3991777, 586268887]",4.71487874365226,50.87358112156822,Tiensesteenweg,Unknown,"[3991777, 586268887]",24062,Leuven,60,
524,"[1362574772, 983591575]",4.714884841969679,50.87363353455704,Tiensesteenweg,Unknown,"[1362574772, 983591575]",24062,Leuven,60,
525,3991777,4.7145576,50.8736527,Tiensesteenweg,Unknown,3991777,24062,Leuven,60,
526,521193611,4.71450035,50.8737319,Tiensevest,Unknown,521193611,24062,Leuven,60,
527,3992442,4.72335855,50.87156645,Albert Stainierstraat,Unknown,3992442,24062,Leuven,60,
528,1088246738,4.7233935,50.87159205,Tiensesteenweg,Unknown,1088246738,24062,Leuven,60,
529,86203362,4.723289168228233,50.87161662731374,Tiensesteenweg,Unknown,86203362,24062,Leuven,60,
530,3869808,4.739843649999999,50.8677614,Meerdaalboslaan,Unknown,3869808,24062,Leuven,60,
531,339533466,4.73980765,50.86780225,Tiensesteenweg,Unknown,339533466,24062,Leuven,60,
532,1432544605,4.73986545,50.8678051,Unknown,Unknown,1432544605,24062,Leuven,60,
533,11028663,4.74750115,50.8660302,Uitbreidingslaan,Unknown,11028663,24062,Leuven,60,
534,8129909,4.742899,50.86377000000001,De Vier Vaantjes,Unknown,8129909,24062,Leuven,60,
535,1434942649,4.74287605,50.8637352,Unknown,Unknown,1434942649,24062,Leuven,60,
536,"[204894096, 1463700721]",4.740967275320341,50.8644040258497,Oudebaan,Unknown,"[204894096, 1463700721]",24062,Leuven,60,
537,254742532,4.744112096364884,50.86486728469911,De Vier Vaantjes,Unknown,254742532,24062,Leuven,60,
538,8129910,4.743926500000001,50.8655396,De Vier Vaantjes,Unknown,8129910,24062,Leuven,60,
539,3869802,4.744691407796532,50.86542888863952,De Vier Vaantjes,Unknown,3869802,24062,Leuven,60,
540,"[11028338, 8129910]",4.743698279246966,50.8661787430118,De Vier Vaantjes,Unknown,"[11028338, 8129910]",24062,Leuven,60,
541,"[1453371505, 385918862]",4.735772352475066,50.8662984092835,Oudebaan,Unknown,"[1453371505, 385918862]",24062,Leuven,60,
542,"[3869804, 1453371509, 1453371510, 1453371511]",4.737061991146558,50.86721236497739,Molstraat,Unknown,"[3869804, 1453371509, 1453371510, 1453371511]",24062,Leuven,60,
543,1434939474,4.7391209,50.86522355,Unknown,Unknown,1434939474,24062,Leuven,60,
544,19429650,4.739022590646527,50.86444170780057,Dalemhof,Unknown,19429650,24062,Leuven,60,
545,"[1434939480, 1434942650]",4.740942258635506,50.864368656459945,Unknown,Unknown,"[1434939480, 1434942650]",24062,Leuven,60,
546,1434942652,4.7389717047418,50.86527000191844,Oudebaan,Unknown,1434942652,24062,Leuven,60,
547,79002191,4.717997062688509,50.84836704065274,Ambachtenlaan,Unknown,79002191,24062,Leuven,60,
548,192658995,4.719005084304208,50.8490476232533,Ambachtenlaan,Unknown,192658995,24062,Leuven,60,
549,967543686,4.718985620473132,50.849755560578735,Ambachtenlaan,Unknown,967543686,24062,Leuven,60,
550,3869806,4.71907045,50.85038155,Ambachtenlaan,Unknown,3869806,24062,Leuven,60,
551,23157554,4.7192518,50.85043059999999,Ambachtenlaan,Unknown,23157554,24062,Leuven,60,
552,1283648397,4.7176579,50.85035450000001,Unknown,Unknown,1283648397,24062,Leuven,60,
553,1345866273,4.739930749999999,50.867774350000005,Tiensesteenweg,Unknown,1345866273,24062,Leuven,60,
554,16274573,4.70688805,50.88939545,Aarschotsesteenweg,Unknown,16274573,24062,Leuven,60,
555,98825476,4.70686935,50.8891157,Aarschotsesteenweg,Unknown,98825476,24062,Leuven,60,
556,23041397,4.7104912,50.89155905,Dijledreef,Unknown,23041397,24062,Leuven,60,
557,"[13883888, 30771385, 121850710]",4.708937084464092,50.89058025637787,"['Kesselstraat', 'Dijledreef']",Unknown,"[13883888, 30771385, 121850710]",24062,Leuven,60,
558,1260634805,4.705252132091691,50.88757302861841,Vaartkom,Unknown,1260634805,24062,Leuven,60,
559,3869819,4.705977066106393,50.888005906971685,Kolonel Begaultlaan,Unknown,3869819,24062,Leuven,60,
560,337758975,4.706088148412172,50.88803349488204,Unknown,Unknown,337758975,24062,Leuven,60,
561,622063652,4.7060914472159405,50.8885273565958,Kolonel Begaultlaan,Unknown,622063652,24062,Leuven,60,
562,127971593,4.7061756500000005,50.89027175,Unknown,Unknown,127971593,24062,Leuven,60,
563,3876851,4.706077200118848,50.89027101376834,Marguerite Lefèvrelaan,Unknown,3876851,24062,Leuven,60,
564,126304935,4.706162414458428,50.8915689996962,Kolonel Begaultlaan,Unknown,126304935,24062,Leuven,60,
565,126304903,4.70354315,50.8876233,Vaartkom,Unknown,126304903,24062,Leuven,60,
566,"[125835570, 294365637, 3871574]",4.695160314405699,50.88819005675117,"['Mechelsesteenweg', 'Mechelsestraat']",Unknown,"[125835570, 294365637, 3871574]",24062,Leuven,60,
567,293787287,4.696347687978556,50.88706412842751,Mechelsestraat,Unknown,293787287,24062,Leuven,60,
568,902611087,4.697168784325322,50.887266868799486,Burchtstraat,Unknown,902611087,24062,Leuven,60,
569,1085544572,4.69352415,50.88064855,Brusselsestraat,Unknown,1085544572,24062,Leuven,60,
570,147856945,4.693449002383554,50.88115399965308,Tessenstraat - Fonteinstraat,Unknown,147856945,24062,Leuven,60,
571,"[3869832, 17410128, 17410132]",4.695478279312613,50.87797670668476,Onze-Lieve-Vrouwstraat,Unknown,"[3869832, 17410128, 17410132]",24062,Leuven,60,
572,17410062,4.6954581132249125,50.87764921768671,Minderbroedersstraat,Unknown,17410062,24062,Leuven,60,
573,3869834,4.697635172516093,50.87786019612312,Waaistraat,Unknown,3869834,24062,Leuven,60,
574,"[125472523, 3877006]",4.697962220554339,50.87670001925393,"['Pater Damiaanplein', 'Parijsstraat']",Unknown,"[125472523, 3877006]",24062,Leuven,60,
575,512610535,4.697885235436171,50.87746857171727,Minderbroedersstraat,Unknown,512610535,24062,Leuven,60,
576,"[126348339, 454066149, 1391538126]",4.697312740241188,50.879051894604174,Onze-Lieve-Vrouwstraat,Unknown,"[126348339, 454066149, 1391538126]",24062,Leuven,60,
577,"[1420635136, 3869831, 1420635135]",4.696158517783356,50.87851655472665,Sint-Annastraat,Unknown,"[1420635136, 3869831, 1420635135]",24062,Leuven,60,
578,17410128,4.695433982626424,50.8783456194083,Onze-Lieve-Vrouwstraat,Unknown,17410128,24062,Leuven,60,
579,17414466,4.694765776137704,50.8907678329978,Leopold Decouxlaan,Unknown,17414466,24062,Leuven,60,
580,136819243,4.693237201613439,50.89052222574839,Kareelveld,Unknown,136819243,24062,Leuven,60,
581,430047989,4.694310131515588,50.890673412434495,Mechelsesteenweg,Unknown,430047989,24062,Leuven,60,
582,23837546,4.68314515,50.88316405,Brusselsesteenweg,Unknown,23837546,24062,Leuven,60,
583,"[303190516, 3358670]",4.683559404402414,50.883061025264674,Brusselsestraat,Unknown,"[303190516, 3358670]",24062,Leuven,60,
584,192559650,4.683587346241847,50.88365895287172,'s-Hertogenlaan,Unknown,192559650,24062,Leuven,60,
585,136819241,4.6894546085922695,50.89065673051939,Kareelveld,Unknown,136819241,24062,Leuven,60,
586,147850135,4.690807516701685,50.89033235822895,'s-Hertogenlaan,Unknown,147850135,24062,Leuven,60,
587,192108576,4.690925117124642,50.89046791667472,Kareelveld,Unknown,192108576,24062,Leuven,60,
588,147850134,4.684184088358777,50.88608105500044,'s-Hertogenlaan,Unknown,147850134,24062,Leuven,60,
589,"[147850181, 1108587335]",4.684925549004768,50.8865931478751,Ter Wijngaard,Unknown,"[147850181, 1108587335]",24062,Leuven,60,
590,1451420329,4.684871274600723,50.88679555336013,'s-Hertogenlaan,Unknown,1451420329,24062,Leuven,60,
591,147850136,4.6838186764621135,50.8844085132324,'s-Hertogenlaan,Unknown,147850136,24062,Leuven,60,
592,192559605,4.683678125694867,50.884881322659496,'s-Hertogenlaan,Unknown,192559605,24062,Leuven,60,
593,25806800,4.702207058410612,50.88979843811156,Zwanenberglaan,Unknown,25806800,24062,Leuven,60,
594,151093190,4.701581609882877,50.89006601632373,Stadsvest,Unknown,151093190,24062,Leuven,60,
595,25806801,4.701545639689711,50.89026370861252,Bleydenberglaan,Unknown,25806801,24062,Leuven,60,
596,23237286,4.698512711515606,50.87773139275331,Parijsstraat,Unknown,23237286,24062,Leuven,60,
597,1159503591,4.6600034,50.86424135,Sint-Jansbergsesteenweg,Unknown,1159503591,24062,Leuven,60,
598,"[93647813, 192659019, 1441661489, 93647795, 71534999, 1499286044]",4.660512303580825,50.86483693953927,Sint-Jansbergsesteenweg,Unknown,"[93647813, 192659019, 1441661489, 93647795, 71534999, 1499286044]",24062,Leuven,60,
599,1159503592,4.65982095,50.8639812,Sint-Jansbergsesteenweg,Unknown,1159503592,24062,Leuven,60,
600,93647810,4.659663012463237,50.86354674072504,Sint-Jansbergsesteenweg,Unknown,93647810,24062,Leuven,60,
601,199611510,4.659457805741349,50.863969136092095,Unknown,Unknown,199611510,24062,Leuven,60,
602,"[192659020, 1318325998]",4.659055855075268,50.86157575559736,Sint-Jansbergsesteenweg,Unknown,"[192659020, 1318325998]",24062,Leuven,60,
603,192659020,4.659305388527367,50.86185990029843,Sint-Jansbergsesteenweg,Unknown,192659020,24062,Leuven,60,
604,"[1318325987, 1318325964]",4.659211398581903,50.86176584502774,Unknown,Unknown,"[1318325987, 1318325964]",24062,Leuven,60,
605,27120217,4.6659799165576405,50.850607871504565,Unknown,Unknown,27120217,24062,Leuven,60,
606,"[84030411, 84030412, 325311804]",4.665858091913829,50.85117343568636,Unknown,Unknown,"[84030411, 84030412, 325311804]",24062,Leuven,60,
607,"[84030416, 84030417]",4.661661617537158,50.85084474815226,Ormendaalpad,Unknown,"[84030416, 84030417]",24062,Leuven,60,
608,9932744,4.688857199999999,50.89348395,Unknown,Unknown,9932744,24062,Leuven,60,
609,139807120,4.68888525,50.8933629,Nieuwe Mechelsesteenweg,Unknown,139807120,24062,Leuven,60,
610,148252690,4.69179905,50.88938975,Nieuwe Mechelsesteenweg,Unknown,148252690,24062,Leuven,60,
611,14276598,4.691736858383512,50.88938399963568,Unknown,Unknown,14276598,24062,Leuven,60,
612,23435867,4.704709518898685,50.87558974526962,Vlamingenstraat,Unknown,23435867,24062,Leuven,60,
613,89076283,4.704646377901156,50.87494328784046,Frederik Lintsstraat,Unknown,89076283,24062,Leuven,60,
614,446474263,4.707594972680605,50.87597709312894,Tiensestraat,Unknown,446474263,24062,Leuven,60,
615,1489467446,4.70617704449126,50.87667021890569,Tiensestraat,Unknown,1489467446,24062,Leuven,60,
616,1383563388,4.705910263332293,50.87882990309948,Monseigneur Ladeuzeplein,Unknown,1383563388,24062,Leuven,60,
617,3991622,4.70819785,50.87799175000001,Ravenstraat,Unknown,3991622,24062,Leuven,60,
618,3991621,4.707892851194902,50.87823065210529,Arendstraat,Unknown,3991621,24062,Leuven,60,
619,3991617,4.707228828867901,50.877375838605225,Ravenstraat,Unknown,3991617,24062,Leuven,60,
620,670002670,4.707221711476636,50.87762426613592,Blijde-Inkomststraat,Unknown,670002670,24062,Leuven,60,
621,3991616,4.707313990575781,50.87713867120937,Theresianengang,Unknown,3991616,24062,Leuven,60,
622,"[3991617, 829399663]",4.70669046103416,50.87689458816333,Ravenstraat,Unknown,"[3991617, 829399663]",24062,Leuven,60,
623,125835549,4.701253286225222,50.88029487743186,Ferdinand Smoldersplein,Unknown,125835549,24062,Leuven,60,
624,125835569,4.700982312877824,50.880068890609,Margarethaplein,Unknown,125835569,24062,Leuven,60,
625,126304926,4.700764873156792,50.88025294115221,Jodenstraat,Unknown,126304926,24062,Leuven,60,
626,"[521211977, 1395545668, 174985125]",4.70295835525289,50.87922408310661,Rector De Somerplein,Unknown,"[521211977, 1395545668, 174985125]",24062,Leuven,60,
627,"[891216432, 1395545652, 891216430]",4.7029866514945775,50.879279070294885,Unknown,Unknown,"[891216432, 1395545652, 891216430]",24062,Leuven,60,
628,3343955,4.70329615,50.878538250000005,Tiensestraat,Unknown,3343955,24062,Leuven,60,
629,16772226,4.703432397548217,50.878773612944,Savoyestraat,Unknown,16772226,24062,Leuven,60,
630,23237056,4.703812771206764,50.87847708309315,Hanengang,Unknown,23237056,24062,Leuven,60,
631,719918525,4.7038338,50.87772615,Tiensestraat,Unknown,719918525,24062,Leuven,60,
632,747309364,4.7035953,50.877852,Tiensestraat,Unknown,747309364,24062,Leuven,60,
633,228638295,4.704654850000001,50.8771971,Tiensestraat,Unknown,228638295,24062,Leuven,60,
634,26085018,4.709309747947533,50.88060077738474,Louis Melsensstraat,Unknown,26085018,24062,Leuven,60,
635,"[1491649401, 578662092, 578662093, 578662095]",4.708455301447757,50.88013963100279,Bondgenotenlaan,Unknown,"[1491649401, 578662092, 578662093, 578662095]",24062,Leuven,60,
636,"[458546717, 458546718]",4.707044927327409,50.87969577213029,Jan Stasstraat,Unknown,"[458546717, 458546718]",24062,Leuven,60,
637,527920067,4.706532132673223,50.87930185863828,Jan Stasstraat,Unknown,527920067,24062,Leuven,60,
638,8130895,4.710335949999999,50.87847795,Mussenstraat,Unknown,8130895,24062,Leuven,60,
639,8130896,4.710491149999999,50.87867645,Mussenstraat,Unknown,8130896,24062,Leuven,60,
640,"[887002237, 8130895]",4.710006221749325,50.87849158822635,Mussenstraat,Unknown,"[887002237, 8130895]",24062,Leuven,60,
641,3991680,4.71122295,50.8784898,Mussenstraat,Unknown,3991680,24062,Leuven,60,
642,8130893,4.710869649999999,50.8784485,Mussenstraat,Unknown,8130893,24062,Leuven,60,
643,8130894,4.71125885,50.87855580000001,Mussenstraat,Unknown,8130894,24062,Leuven,60,
644,8130897,4.711008194437709,50.87813023909561,Mussenstraat,Unknown,8130897,24062,Leuven,60,
645,81457871,4.702488581853094,50.88089489178091,Rijschoolstraat,Unknown,81457871,24062,Leuven,60,
646,131632250,4.702643249030034,50.88051315698823,Vaartstraat,Unknown,131632250,24062,Leuven,60,
647,3991683,4.701598189937895,50.88067243243352,Ferdinand Smoldersplein,Unknown,3991683,24062,Leuven,60,
648,1461241249,4.7128992,50.87230195,Unknown,Unknown,1461241249,24062,Leuven,60,
649,863272996,4.713062271773123,50.87241100723799,Geldenaaksevest,Unknown,863272996,24062,Leuven,60,
650,10295839,4.713817649999999,50.87312475,Geldenaaksevest,Unknown,10295839,24062,Leuven,60,
651,8130905,4.714125408348663,50.873296460395615,Geldenaaksevest,Unknown,8130905,24062,Leuven,60,
652,414596337,4.720491450000001,50.8709986,Adjudant Harboortstraat,Unknown,414596337,24062,Leuven,60,
653,85805707,4.721148827321177,50.86962779618931,Brugstraat,Unknown,85805707,24062,Leuven,60,
654,11996593,4.723813176794624,50.870691088098624,Boogschuttersstraat,Unknown,11996593,24062,Leuven,60,
655,85798400,4.722672413465578,50.87068794631946,Albert Stainierstraat,Unknown,85798400,24062,Leuven,60,
656,3992543,4.722930670517463,50.87000201627631,Korbeek-Losestraat,Unknown,3992543,24062,Leuven,60,
657,116209356,4.721363867798775,50.87059027517523,Korbeek-Losestraat,Unknown,116209356,24062,Leuven,60,
658,3992542,4.724077728436167,50.87003014340684,Vlietstraat,Unknown,3992542,24062,Leuven,60,
659,"[3992544, 11998432]",4.7247884395916175,50.869374920630165,"['Korbeek-Losestraat', 'Oudebaan']",Unknown,"[3992544, 11998432]",24062,Leuven,60,
660,"[3992545, 1345140466]",4.724058054018846,50.868752399860334,Ijzerenpoortstraat,Unknown,"[3992545, 1345140466]",24062,Leuven,60,
661,"[9900312, 1345140463]",4.726184135517546,50.86873306915429,Oudebaan,Unknown,"[9900312, 1345140463]",24062,Leuven,60,
662,1432544629,4.72572235,50.87104745,Tiensesteenweg,Unknown,1432544629,24062,Leuven,60,
663,86203360,4.725904810606541,50.8710035810103,Tiensesteenweg,Unknown,86203360,24062,Leuven,60,
664,794686348,4.71662315,50.883402700000005,IJzerenwegstraat,Unknown,794686348,24062,Leuven,60,
665,1235178372,4.71669855,50.88337225000001,Unknown,Unknown,1235178372,24062,Leuven,60,
666,"[1429008632, 3992546]",4.716698190351125,50.88303640969841,Martelarenlaan,Unknown,"[1429008632, 3992546]",24062,Leuven,60,
667,10230617,4.716898583941191,50.88349625677343,Oude Diestsesteenweg,Unknown,10230617,24062,Leuven,60,
668,702123495,4.71935055,50.8782143,Unknown,Unknown,702123495,24062,Leuven,60,
669,10268975,4.719468484852559,50.87820204262017,Pieter Nollekensstraat,Unknown,10268975,24062,Leuven,60,
670,101619120,4.71916282300267,50.87873248410083,Martelarenlaan,Unknown,101619120,24062,Leuven,60,
671,3992548,4.70662445,50.8873498,Zoutstraat,Unknown,3992548,24062,Leuven,60,
672,510790349,4.70651625,50.88730605,Havenkant,Unknown,510790349,24062,Leuven,60,
673,510790346,4.706771767332915,50.88757731591655,Aarschotsesteenweg,Unknown,510790346,24062,Leuven,60,
674,3992549,4.70105395,50.88317485,Vaartstraat,Unknown,3992549,24062,Leuven,60,
675,"[93721633, 842361631]",4.701468831468677,50.88303840633402,Vital Decosterstraat,Unknown,"[93721633, 842361631]",24062,Leuven,60,
676,"[126304963, 99500133, 3992583]",4.700140896365698,50.88273629535261,"['Vismarkt', 'Karel van Lotharingenstraat']",Unknown,"[126304963, 99500133, 3992583]",24062,Leuven,60,
677,126348346,4.701250403821833,50.88245140008433,Vaartstraat,Unknown,126348346,24062,Leuven,60,
678,94780052,4.692268553162462,50.88797895218096,'s-Hertogenwijngaard,Unknown,94780052,24062,Leuven,60,
679,229771672,4.693036422981083,50.88791478583852,Verloren Kost,Unknown,229771672,24062,Leuven,60,
680,294192924,4.6924504335179344,50.887709939191765,'s-Hertogenwijngaard,Unknown,294192924,24062,Leuven,60,
681,254881980,4.692185533194952,50.88714387658892,'s-Hertogenwijngaard,Unknown,254881980,24062,Leuven,60,
682,8130985,4.693366652946302,50.88709891371141,'s-Hertogenwijngaard,Unknown,8130985,24062,Leuven,60,
683,294192923,4.6921045830574615,50.886595568549495,'s-Hertogenwijngaard,Unknown,294192923,24062,Leuven,60,
684,294038585,4.693999604064365,50.88878484169755,Mechelsevest,Unknown,294038585,24062,Leuven,60,
685,3992575,4.691277724011569,50.883418428894124,Brouwersstraat,Unknown,3992575,24062,Leuven,60,
686,8129915,4.691979206462359,50.88354161262578,Riddersstraat,Unknown,8129915,24062,Leuven,60,
687,23349994,4.692740301974265,50.883183112799095,Brouwersstraat,Unknown,23349994,24062,Leuven,60,
688,4447878,4.689448502617775,50.88323722057815,Ierse-Predikherenstraat,Unknown,4447878,24062,Leuven,60,
689,4746850,4.698311439755504,50.879815490306015,Brusselsestraat,Unknown,4746850,24062,Leuven,60,
690,456815190,4.698083297624859,50.87989222632673,Brusselsestraat,Unknown,456815190,24062,Leuven,60,
691,"[192559649, 97209986]",4.693518464576772,50.88927078654292,Unknown,Unknown,"[192559649, 97209986]",24062,Leuven,60,
692,8128932,4.7031576,50.85836005,Verbindingslaan,Unknown,8128932,24062,Leuven,60,
693,192659021,4.70335775,50.8583611,Sparrendreef,Unknown,192659021,24062,Leuven,60,
694,"[3996949, 192659021]",4.702608637910713,50.85801710054013,Sparrendreef,Unknown,"[3996949, 192659021]",24062,Leuven,60,
695,463634004,4.706073397450254,50.85887990072495,Kerspelstraat,Unknown,463634004,24062,Leuven,60,
696,3996947,4.705860535291829,50.85965616695149,Alaudastraat,Unknown,3996947,24062,Leuven,60,
697,81457876,4.70543285,50.8568922,Kerspelstraat,Unknown,81457876,24062,Leuven,60,
698,"[350992065, 81457877, 23157645]",4.7053036598916576,50.85650179670265,Kerspelstraat,Unknown,"[350992065, 81457877, 23157645]",24062,Leuven,60,
699,81457873,4.705157339303137,50.85848006991783,Sparrendreef,Unknown,81457873,24062,Leuven,60,
700,"[967543683, 81457876]",4.705704211066062,50.857711996320496,Kerspelstraat,Unknown,"[967543683, 81457876]",24062,Leuven,60,
701,"[192659001, 3372475]",4.700034286695948,50.85918492225196,Hertogstraat,Unknown,"[192659001, 3372475]",24062,Leuven,60,
702,"[192659021, 3996949]",4.702608637910712,50.85801710054015,Sparrendreef,Unknown,"[192659021, 3996949]",24062,Leuven,60,
703,"[3996945, 11299331]",4.697217716610235,50.85941672119325,Parkbosstraat,Unknown,"[3996945, 11299331]",24062,Leuven,60,
704,"[3996964, 104622413, 104622446]",4.680975650184562,50.86333825015471,Unknown,Unknown,"[3996964, 104622413, 104622446]",24062,Leuven,60,
705,85840995,4.6815012027706135,50.86287745388402,Unknown,Unknown,85840995,24062,Leuven,60,
706,"[133801059, 1391174333]",4.68139568215307,50.862837635016334,Unknown,Unknown,"[133801059, 1391174333]",24062,Leuven,60,
707,439142855,4.688708570047359,50.87553660759195,Heilige-Geeststraat,Unknown,439142855,24062,Leuven,60,
708,"[455505771, 813983386, 813983387, 813983388, 813983389, 813983390, 813983391]",4.687032405053662,50.87620701561734,Bankstraat,Unknown,"[455505771, 813983386, 813983387, 813983388, 813983389, 813983390, 813983391]",24062,Leuven,60,
709,80374932,4.668677150000001,50.86228025,Unknown,Unknown,80374932,24062,Leuven,60,
710,4000691,4.6594880644444565,50.86176219804454,Unknown,Unknown,4000691,24062,Leuven,60,
711,4000694,4.6592234,50.8609925,Kapelberg,Unknown,4000694,24062,Leuven,60,
712,4000692,4.659344652164014,50.86051050323852,Kapelberg,Unknown,4000692,24062,Leuven,60,
713,99416784,4.658863831686999,50.860170188805576,Kapelberg,Unknown,99416784,24062,Leuven,60,
714,9262165,4.659022166669706,50.861351999420485,Kapeldreef,Unknown,9262165,24062,Leuven,60,
715,"[1312666513, 1318325999]",4.659306597364874,50.861357771253104,Sint-Reneldisplein,Unknown,"[1312666513, 1318325999]",24062,Leuven,60,
716,"[305029440, 71833757]",4.667775841901797,50.86087204121679,Unknown,Unknown,"[305029440, 71833757]",24062,Leuven,60,
717,373017592,4.669078777305331,50.86200706811964,Kapeldreef,Unknown,373017592,24062,Leuven,60,
718,690117536,4.670142431961115,50.86232699465709,Unknown,Unknown,690117536,24062,Leuven,60,
719,"[1468280536, 24476599]",4.671251975353367,50.86239643443204,Unknown,Unknown,"[1468280536, 24476599]",24062,Leuven,60,
720,169971140,4.670957604250821,50.86189532081544,Kapeldreef,Unknown,169971140,24062,Leuven,60,
721,"[1183884875, 169971140]",4.672085742142401,50.86267280243951,Kapeldreef,Unknown,"[1183884875, 169971140]",24062,Leuven,60,
722,8131714,4.6841249000000005,50.865509,Unknown,Unknown,8131714,24062,Leuven,60,
723,85944757,4.684806222419644,50.86466284292201,Unknown,Unknown,85944757,24062,Leuven,60,
724,4003908,4.68151595,50.864239950000005,Unknown,Unknown,4003908,24062,Leuven,60,
725,264864165,4.681051118484584,50.86449228982476,Unknown,Unknown,264864165,24062,Leuven,60,
726,"[257910320, 264864165]",4.6806887662130245,50.86391001106929,Unknown,Unknown,"[257910320, 264864165]",24062,Leuven,60,
727,"[3999752, 104622444]",4.682504100028759,50.86411645002704,Unknown,Unknown,"[3999752, 104622444]",24062,Leuven,60,
728,8131716,4.683407480057732,50.86259940736764,Kasteelpark Arenberg,Unknown,8131716,24062,Leuven,60,
729,4003909,4.683950048232545,50.86289127896157,Unknown,Unknown,4003909,24062,Leuven,60,
730,40402411,4.68420893025372,50.86297362692179,Kasteelpark Arenberg,Unknown,40402411,24062,Leuven,60,
731,85841023,4.684658477061443,50.86244578177003,Unknown,Unknown,85841023,24062,Leuven,60,
732,72856795,4.68394445,50.86301015,Kasteelpark Arenberg,Unknown,72856795,24062,Leuven,60,
733,"[177322355, 77864399]",4.684358336936401,50.8631665251343,Kasteelpark Arenberg,Unknown,"[177322355, 77864399]",24062,Leuven,60,
734,4003914,4.687248243981641,50.8663289783664,Unknown,Unknown,4003914,24062,Leuven,60,
735,"[4003913, 4003914]",4.689716770578305,50.86633894714164,Unknown,Unknown,"[4003913, 4003914]",24062,Leuven,60,
736,4003916,4.687763578550743,50.86599730356327,Unknown,Unknown,4003916,24062,Leuven,60,
737,4003918,4.6815688,50.8628042,Kasteelpark Arenberg,Unknown,4003918,24062,Leuven,60,
738,107222469,4.681608461342807,50.86253860501927,Kasteelpark Arenberg,Unknown,107222469,24062,Leuven,60,
739,8133607,4.709622550000001,50.8863102,Diestsevest,Unknown,8133607,24062,Leuven,60,
740,304556798,4.709688852413417,50.88627908948975,Unknown,Unknown,304556798,24062,Leuven,60,
741,"[10296368, 876185327]",4.713246744074764,50.87275346557456,Geldenaaksevest,Unknown,"[10296368, 876185327]",24062,Leuven,60,
742,8131791,4.70614295,50.86871995,Unknown,Unknown,8131791,24062,Leuven,60,
743,"[616174231, 8131791]",4.706113508142445,50.86858237681708,Unknown,Unknown,"[616174231, 8131791]",24062,Leuven,60,
744,1162104421,4.70586779421336,50.86866138816365,Unknown,Unknown,1162104421,24062,Leuven,60,
745,12707021,4.70584785,50.86877225,Unknown,Unknown,12707021,24062,Leuven,60,
746,"[1281372483, 8131791]",4.706171079624614,50.86892942608356,Unknown,Unknown,"[1281372483, 8131791]",24062,Leuven,60,
747,"[70588120, 12707021]",4.706844971460078,50.86900046023406,Unknown,Unknown,"[70588120, 12707021]",24062,Leuven,60,
748,120201113,4.69942875,50.86840475,Unknown,Unknown,120201113,24062,Leuven,60,
749,10363371,4.71704525,50.8592122,Petrusberg,Unknown,10363371,24062,Leuven,60,
750,192658996,4.71706335,50.8591782,Geldenaaksebaan,Unknown,192658996,24062,Leuven,60,
751,651783749,4.71700995,50.859188,Unknown,Unknown,651783749,24062,Leuven,60,
752,96768813,4.713831042128254,50.860798166863006,Geldenaaksebaan,Unknown,96768813,24062,Leuven,60,
753,96768814,4.713923567690856,50.86084594149426,Geldenaaksebaan,Unknown,96768814,24062,Leuven,60,
754,4006472,4.687710513955868,50.867500376117015,Unknown,Unknown,4006472,24062,Leuven,60,
755,"[1224020464, 8131992, 8131991]",4.686853604723103,50.867333076507165,Studentenwijk Arenberg,Unknown,"[1224020464, 8131992, 8131991]",24062,Leuven,60,
756,8131844,4.6886915,50.86768285,Unknown,Unknown,8131844,24062,Leuven,60,
757,1027039497,4.6884438500000005,50.86776435,Unknown,Unknown,1027039497,24062,Leuven,60,
758,"[908694499, 96653431]",4.688804385292656,50.86805951100728,Unknown,Unknown,"[908694499, 96653431]",24062,Leuven,60,
759,422917987,4.689489231003374,50.86817304031651,Unknown,Unknown,422917987,24062,Leuven,60,
760,8131845,4.689920949999999,50.86749765,Unknown,Unknown,8131845,24062,Leuven,60,
761,844467571,4.6903232,50.8676712,Unknown,Unknown,844467571,24062,Leuven,60,
762,4009881,4.6843651,50.8665913,Studentenwijk Arenberg,Unknown,4009881,24062,Leuven,60,
763,4009882,4.68490615,50.86692335,Studentenwijk Arenberg,Unknown,4009882,24062,Leuven,60,
764,8131987,4.684572126726693,50.86653358173119,Studentenwijk Arenberg,Unknown,8131987,24062,Leuven,60,
765,844467257,4.684293938983619,50.86683088808583,Studentenwijk Arenberg,Unknown,844467257,24062,Leuven,60,
766,8131986,4.68406325,50.86615985,Studentenwijk Arenberg,Unknown,8131986,24062,Leuven,60,
767,844466988,4.68428355,50.8662482,Unknown,Unknown,844466988,24062,Leuven,60,
768,844466487,4.68405565,50.8665547,Studentenwijk Arenberg,Unknown,844466487,24062,Leuven,60,
769,844466431,4.68410095,50.867695,Unknown,Unknown,844466431,24062,Leuven,60,
770,299048100,4.684019719627192,50.86735909159261,Studentenwijk Arenberg,Unknown,299048100,24062,Leuven,60,
771,843261101,4.684289443336634,50.867675328691256,Unknown,Unknown,843261101,24062,Leuven,60,
772,8131988,4.687046049999999,50.86845505,Studentenwijk Arenberg,Unknown,8131988,24062,Leuven,60,
773,256633390,4.687117707900944,50.868876317819335,Studentenwijk Arenberg,Unknown,256633390,24062,Leuven,60,
774,202745276,4.68725325,50.86850185,Unknown,Unknown,202745276,24062,Leuven,60,
775,"[185488466, 4009884]",4.688255915338036,50.86953906836704,Tervuursevest,Unknown,"[185488466, 4009884]",24062,Leuven,60,
776,"[8131995, 8131988]",4.687894935814667,50.86896076056277,Studentenwijk Arenberg,Unknown,"[8131995, 8131988]",24062,Leuven,60,
777,4009887,4.69471085,50.8696837,Unknown,Unknown,4009887,24062,Leuven,60,
778,"[80194315, 23104390]",4.69585382377284,50.86934447456262,Tervuursevest,Unknown,"[80194315, 23104390]",24062,Leuven,60,
779,90168774,4.696036020046659,50.86937459867144,Tervuursevest,Unknown,90168774,24062,Leuven,60,
780,"[93727787, 4009887]",4.695066052339191,50.86913931935561,Unknown,Unknown,"[93727787, 4009887]",24062,Leuven,60,
781,"[78622408, 1026390042]",4.694387947566547,50.86919164896629,Unknown,Unknown,"[78622408, 1026390042]",24062,Leuven,60,
782,8131996,4.695177806539979,50.86936799743779,Unknown,Unknown,8131996,24062,Leuven,60,
783,"[1516075930, 14038034]",4.662307744978034,50.86454739537718,Unknown,Unknown,"[1516075930, 14038034]",24062,Leuven,60,
784,"[14038034, 1516075930]",4.662307744978037,50.86454739537719,Unknown,Unknown,"[14038034, 1516075930]",24062,Leuven,60,
785,95290530,4.666217076297134,50.864887020419374,Unknown,Unknown,95290530,24062,Leuven,60,
786,1159503593,4.664106799915071,50.8646416964306,Unknown,Unknown,1159503593,24062,Leuven,60,
787,4014042,4.66429623908857,50.86469668007039,Gaston Geenslaan,Unknown,4014042,24062,Leuven,60,
788,27329058,4.666435984413002,50.86495951924568,Gaston Geenslaan,Unknown,27329058,24062,Leuven,60,
789,8314100,4.6980948,50.8381983,Parnassusbergdreef,Unknown,8314100,24062,Leuven,60,
790,75102543,4.6980369500000005,50.8381891,Parnassusbergdreef,Unknown,75102543,24062,Leuven,60,
791,1449647288,4.698109018676973,50.83807314166849,Naamsesteenweg,Unknown,1449647288,24062,Leuven,60,
792,506413919,4.70060455,50.8386717,Parnassusbergdreef,Unknown,506413919,24062,Leuven,60,
793,23707244,4.716412615500339,50.884323749415984,Diestsesteenweg,Unknown,23707244,24062,Leuven,60,
794,53087149,4.7158877348330295,50.88458879417275,Unknown,Unknown,53087149,24062,Leuven,60,
795,125835524,4.71525463130338,50.88454876150792,Diestsesteenweg,Unknown,125835524,24062,Leuven,60,
796,61540068,4.709428,50.8866836,Joanna-Maria Artoisplein,Unknown,61540068,24062,Leuven,60,
797,23691158,4.708342249999999,50.88669865,Joanna-Maria Artoisplein,Unknown,23691158,24062,Leuven,60,
798,44932918,4.709692217481034,50.88636201585881,Vuurkruisenlaan,Unknown,44932918,24062,Leuven,60,
799,85044941,4.709610770244103,50.88643286020524,Joanna-Maria Artoisplein,Unknown,85044941,24062,Leuven,60,
800,263138306,4.70954751381908,50.88658898398206,Joanna-Maria Artoisplein,Unknown,263138306,24062,Leuven,60,
801,97209983,4.709482211193996,50.88640300894047,Joanna-Maria Artoisplein,Unknown,97209983,24062,Leuven,60,
802,263138305,4.7094829856402,50.88633739539671,Joanna-Maria Artoisplein,Unknown,263138305,24062,Leuven,60,
803,8129913,4.7074398,50.9022231,Aarschotsesteenweg,Unknown,8129913,24062,Leuven,60,
804,8402583,4.707351900000001,50.90265765,Wijgmaalsesteenweg,Unknown,8402583,24062,Leuven,60,
805,338605473,4.70729995,50.9021908,Aarschotsesteenweg,Unknown,338605473,24062,Leuven,60,
806,1082911139,4.70740135,50.903495850000006,Wijgmaalsesteenweg,Unknown,1082911139,24062,Leuven,60,
807,"[1456568052, 1456568053]",4.707266600021666,50.9034867499388,Unknown,Unknown,"[1456568052, 1456568053]",24062,Leuven,60,
808,"[1456568053, 1456568054, 1456568055]",4.707457395376896,50.9035585992309,Unknown,Unknown,"[1456568053, 1456568054, 1456568055]",24062,Leuven,60,
809,1424853305,4.7010706,50.920837500000005,Unknown,Unknown,1424853305,24062,Leuven,60,
810,23001795,4.700009146016774,50.92127513980101,Vaartdijk,Unknown,23001795,24062,Leuven,60,
811,"[37713148, 1032085373]",4.7014888088202405,50.92128424060888,Remylaan,Unknown,"[37713148, 1032085373]",24062,Leuven,60,
812,"[53085699, 8402587, 1003513235, 1458135052]",4.703248791421953,50.919795129178894,"['Vaartdijk', 'Wijgmaalsesteenweg']",Unknown,"[53085699, 8402587, 1003513235, 1458135052]",24062,Leuven,60,
813,8402592,4.7022486,50.9225099,Remylaan,Unknown,8402592,24062,Leuven,60,
814,"[430253696, 430253697, 8402634]",4.702643942434515,50.92282639340448,Remylaan,Unknown,"[430253696, 430253697, 8402634]",24062,Leuven,60,
815,864599850,4.702146485941748,50.9226574805453,Jeanne Dormaelsplein,Unknown,864599850,24062,Leuven,60,
816,1455869318,4.702603702560377,50.92225350406315,Unknown,Unknown,1455869318,24062,Leuven,60,
817,23001794,4.692361592368218,50.9241815343642,Vaartdijk,Unknown,23001794,24062,Leuven,60,
818,438252635,4.69232663709621,50.9243627097384,Baron Descampslaan,Unknown,438252635,24062,Leuven,60,
819,"[1497196288, 30787418, 1497196287]",4.690404516190632,50.92490565090867,Vaartdijk,Unknown,"[1497196288, 30787418, 1497196287]",24062,Leuven,60,
820,8143747,4.69312865,50.92549315,Baron Descampslaan,Unknown,8143747,24062,Leuven,60,
821,439397681,4.69244465,50.9250877,Wakkerzeelsebaan,Unknown,439397681,24062,Leuven,60,
822,1430053944,4.6925074,50.92505305,Unknown,Unknown,1430053944,24062,Leuven,60,
823,4390631,4.692390451448979,50.92480078626764,Baron Descampslaan,Unknown,4390631,24062,Leuven,60,
824,160041168,4.69381805,50.9259021,Twijglaan,Unknown,160041168,24062,Leuven,60,
825,1430055119,4.69376855,50.92592779999999,Unknown,Unknown,1430055119,24062,Leuven,60,
826,23018423,4.6953484,50.92746545,Rietensplein,Unknown,23018423,24062,Leuven,60,
827,1430076794,4.695308000000001,50.92748055,Unknown,Unknown,1430076794,24062,Leuven,60,
828,419874304,4.6956301771886535,50.92780022048999,Baron Descampslaan,Unknown,419874304,24062,Leuven,60,
829,1497196274,4.695008978567656,50.92712197703678,Baron Descampslaan,Unknown,1497196274,24062,Leuven,60,
830,13841629,4.699101552663842,50.92583905681217,Casinolaan,Unknown,13841629,24062,Leuven,60,
831,30770224,4.699419861795828,50.92526649739999,Casinolaan,Unknown,30770224,24062,Leuven,60,
832,37713111,4.698657303096076,50.92531665073039,Gebroeders Tassetstraat,Unknown,37713111,24062,Leuven,60,
833,79022472,4.700600596053151,50.92592342824048,Gebroeders Tassetstraat,Unknown,79022472,24062,Leuven,60,
834,4393249,4.697620109628727,50.92494799916517,Gebroeders Tassetstraat,Unknown,4393249,24062,Leuven,60,
835,4393261,4.698321739899876,50.92489958167613,Stationsstraat,Unknown,4393261,24062,Leuven,60,
836,152449302,4.697968143113465,50.925131135575405,Unknown,Unknown,152449302,24062,Leuven,60,
837,4390724,4.69435075,50.92640325,Nieuwstraat,Unknown,4390724,24062,Leuven,60,
838,1430055120,4.694301650000001,50.92642625,Unknown,Unknown,1430055120,24062,Leuven,60,
839,8402609,4.6896886,50.93069425,Ursulinenstraat,Unknown,8402609,24062,Leuven,60,
840,8402612,4.68948250428886,50.93138132800333,Wakkerzeelsebaan,Unknown,8402612,24062,Leuven,60,
841,"[439397680, 8402612]",4.689958165058442,50.92992313244206,Wakkerzeelsebaan,Unknown,"[439397680, 8402612]",24062,Leuven,60,
842,79022479,4.694131049999999,50.93245755,Kroonstraat,Unknown,79022479,24062,Leuven,60,
843,4390680,4.694698720801965,50.9323898087653,Steenakkerstraat,Unknown,4390680,24062,Leuven,60,
844,39591940,4.694300682592017,50.9323269129653,Kroonstraat,Unknown,39591940,24062,Leuven,60,
845,1309340220,4.694589947540512,50.9322398192482,Kroonstraat,Unknown,1309340220,24062,Leuven,60,
846,"[8143600, 318892097]",4.694844993625757,50.93227875617664,Kroonstraat,Unknown,"[8143600, 318892097]",24062,Leuven,60,
847,79022461,4.6957614762115645,50.93099107174631,Kroonstraat,Unknown,79022461,24062,Leuven,60,
848,318892100,4.6952563000000005,50.93250375,Steenakkerstraat,Unknown,318892100,24062,Leuven,60,
849,"[206745397, 283982806]",4.697218488238224,50.93171635261149,Baron E. Descampslaan,Unknown,"[206745397, 283982806]",24062,Leuven,60,
850,1497196267,4.6972770835619455,50.9317101739834,Unknown,Unknown,1497196267,24062,Leuven,60,
851,206745403,4.696916576338575,50.93000652668974,Unknown,Unknown,206745403,24062,Leuven,60,
852,954327787,4.69736714022486,50.93050821133267,Kroonstraat,Unknown,954327787,24062,Leuven,60,
853,"[79022466, 954327788]",4.6969722883878,50.9300116163452,Baron E. Descampslaan,Unknown,"[79022466, 954327788]",24062,Leuven,60,
854,233622014,4.699061185323471,50.93083782229797,Unknown,Unknown,233622014,24062,Leuven,60,
855,4390670,4.689314,50.9320652,Kroonstraat,Unknown,4390670,24062,Leuven,60,
856,39593715,4.688930022596652,50.93339513263643,Wakkerzeelsebaan,Unknown,39593715,24062,Leuven,60,
857,1424853309,4.6938571,50.923576350000005,Unknown,Unknown,1424853309,24062,Leuven,60,
858,"[1031715520, 1220326202]",4.69336715888564,50.92379140066127,Vaartdijk,Unknown,"[1031715520, 1220326202]",24062,Leuven,60,
859,206745395,4.696880050000001,50.9295294,Baron E. Descampslaan,Unknown,206745395,24062,Leuven,60,
860,4390722,4.701706392424191,50.92581039161045,Acht-Meistraat,Unknown,4390722,24062,Leuven,60,
861,4393272,4.702263733224399,50.92634178525383,Sint-Hadrianusstraat,Unknown,4393272,24062,Leuven,60,
862,39173910,4.701249979209797,50.92668923476902,Henricus Wittebolsstraat,Unknown,39173910,24062,Leuven,60,
863,8402631,4.69910138678098,50.92487466622033,Watermolenpad,Unknown,8402631,24062,Leuven,60,
864,8403217,4.6997589001725135,50.92421214973605,Unknown,Unknown,8403217,24062,Leuven,60,
865,8402623,4.705327060345774,50.92719360549943,Wijgmaalbroek,Unknown,8402623,24062,Leuven,60,
866,"[243947504, 30770261, 243947503]",4.705191999974292,50.92645849783364,Pastoor Bellonstraat,Unknown,"[243947504, 30770261, 243947503]",24062,Leuven,60,
867,"[181252213, 185368110]",4.703860019677783,50.92675618956306,Sint-Hadrianusstraat,Unknown,"[181252213, 185368110]",24062,Leuven,60,
868,37713110,4.7026355,50.9264573,Sint-Hadrianusstraat,Unknown,37713110,24062,Leuven,60,
869,1425374372,4.702768838060956,50.92604767611449,Privaatweg,Unknown,1425374372,24062,Leuven,60,
870,79022444,4.7053651,50.92585795,Pastoor Bellonstraat,Unknown,79022444,24062,Leuven,60,
871,154552744,4.70567266696288,50.92599892621045,Unknown,Unknown,154552744,24062,Leuven,60,
872,23002199,4.70600855,50.92536835,Remylaan,Unknown,23002199,24062,Leuven,60,
873,79022469,4.704966131763291,50.92504103200394,Remylaan,Unknown,79022469,24062,Leuven,60,
874,"[15215853, 15215854]",4.707380304411298,50.92545910949941,Remylaan,Unknown,"[15215853, 15215854]",24062,Leuven,60,
875,15215875,4.708091604616094,50.924678004449056,Mothstraat,Unknown,15215875,24062,Leuven,60,
876,23032186,4.709355307419393,50.925563454623074,Weggevoerdenstraat,Unknown,23032186,24062,Leuven,60,
877,283982812,4.705658766261481,50.92755389171476,Wijgmaalbroek,Unknown,283982812,24062,Leuven,60,
878,1299825993,4.704834251019914,50.927632954139526,Remy Alloingstraat,Unknown,1299825993,24062,Leuven,60,
879,283982810,4.69741255,50.9329736,Rotselaarsesteenweg,Unknown,283982810,24062,Leuven,60,
880,"[283982809, 10588771]",4.697432660574253,50.933399292210765,Rotselaarsesteenweg,Unknown,"[283982809, 10588771]",24062,Leuven,60,
881,1426014918,4.6971517708239885,50.931708600977245,Unknown,Unknown,1426014918,24062,Leuven,60,
882,"[283982811, 318892101]",4.697178979946653,50.932965891585,Steenakkerstraat,Unknown,"[283982811, 318892101]",24062,Leuven,60,
883,"[1497196267, 1497196268, 1497196269, 1497196270]",4.69746973555328,50.93338623400385,Unknown,Unknown,"[1497196267, 1497196268, 1497196269, 1497196270]",24062,Leuven,60,
884,107071222,4.6855683245228885,50.93232941003729,Unknown,Unknown,107071222,24062,Leuven,60,
885,37713112,4.7019876,50.92280795,Stationsstraat,Unknown,37713112,24062,Leuven,60,
886,4393266,4.702066486896319,50.92314959018338,Privaatweg,Unknown,4393266,24062,Leuven,60,
887,39207631,4.701665984481229,50.92307057337883,Stationsstraat,Unknown,39207631,24062,Leuven,60,
888,8402634,4.703584570467267,50.92379210228697,Remylaan,Unknown,8402634,24062,Leuven,60,
889,8402635,4.703590349951626,50.92563319185241,Watermolenpad,Unknown,8402635,24062,Leuven,60,
890,8402638,4.704207044602081,50.92503798677816,Watermolenstraat,Unknown,8402638,24062,Leuven,60,
891,8747413,4.71428985,50.85053275,Ondernemingenweg,Unknown,8747413,24062,Leuven,60,
892,114869079,4.71434465,50.85042725,Ambachtenlaan,Unknown,114869079,24062,Leuven,60,
893,192658999,4.712441238656655,50.85148047426159,Hertogstraat,Unknown,192658999,24062,Leuven,60,
894,93203343,4.71070455,50.85264635,Unknown,Unknown,93203343,24062,Leuven,60,
895,"[4416156, 23157644, 192658999]",4.708123756879533,50.854331799484825,Hertogstraat,Unknown,"[4416156, 23157644, 192658999]",24062,Leuven,60,
896,114869076,4.714222299999999,50.85279345,Ondernemingenweg,Unknown,114869076,24062,Leuven,60,
897,89687967,4.71384898267235,50.85386818323805,Unknown,Unknown,89687967,24062,Leuven,60,
898,126304944,4.688786573276513,50.883413528455534,Noormannenstraat,Unknown,126304944,24062,Leuven,60,
899,295225492,4.689018167331795,50.8842434483534,Unknown,Unknown,295225492,24062,Leuven,60,
900,"[608715624, 1044729458, 608715623]",4.689396826719931,50.88167810420706,Brusselsestraat,Unknown,"[608715624, 1044729458, 608715623]",24062,Leuven,60,
901,148251239,4.69288135,50.885061,Penitentienenstraat,Unknown,148251239,24062,Leuven,60,
902,10155487,4.693961588368667,50.8858008599165,Fonteinstraat,Unknown,10155487,24062,Leuven,60,
903,"[60966477, 60966478, 247196069]",4.694759921557792,50.88503470571135,Penitentienenstraat,Unknown,"[60966477, 60966478, 247196069]",24062,Leuven,60,
904,147856936,4.692924287216012,50.88474984227969,Fonteinstraat,Unknown,147856936,24062,Leuven,60,
905,134002647,4.693876120808482,50.883948921875685,Balsembloemhof,Unknown,134002647,24062,Leuven,60,
906,290375126,4.693618426113932,50.88352809907085,Fonteinstraat,Unknown,290375126,24062,Leuven,60,
907,"[147856936, 290375126]",4.693275587999101,50.88403546964197,Fonteinstraat,Unknown,"[147856936, 290375126]",24062,Leuven,60,
908,147856937,4.694505648450669,50.88406320028362,Het Torentje,Unknown,147856937,24062,Leuven,60,
909,687571014,4.693773324204628,50.88441811974354,Pereboomstraat,Unknown,687571014,24062,Leuven,60,
910,147856944,4.694099695421254,50.88157792854643,Predikherinnenstraat,Unknown,147856944,24062,Leuven,60,
911,456815201,4.694825782960458,50.88157552028045,Pieter Coutereelstraat,Unknown,456815201,24062,Leuven,60,
912,4746853,4.699173500000001,50.8785987,Parijsstraat,Unknown,4746853,24062,Leuven,60,
913,"[453808520, 353678367]",4.698865516042928,50.87882888859918,Drinkwaterstraat,Unknown,"[453808520, 353678367]",24062,Leuven,60,
914,4859483,4.6907112,50.8942504,Eikenbergstraat,Unknown,4859483,24062,Leuven,60,
915,4859535,4.693579063878566,50.89371763812122,Roeselbergdal,Unknown,4859535,24062,Leuven,60,
916,575892425,4.691619283113804,50.89369617236809,Eikenbergstraat,Unknown,575892425,24062,Leuven,60,
917,154927153,4.6854063,50.8863776,Ten Wijngaard,Unknown,154927153,24062,Leuven,60,
918,27818682,4.68554790847038,50.88602696231644,Ten Wijngaard,Unknown,27818682,24062,Leuven,60,
919,871821660,4.685692677010056,50.886090061376485,Unknown,Unknown,871821660,24062,Leuven,60,
920,8129242,4.6841204,50.88289425,Edouard Remyvest,Unknown,8129242,24062,Leuven,60,
921,1432632871,4.684176600000001,50.8829064,Brusselsestraat,Unknown,1432632871,24062,Leuven,60,
922,126304940,4.684361838545135,50.88319894464927,Mechelsevest,Unknown,126304940,24062,Leuven,60,
923,"[1432632872, 1432632871]",4.684025661603722,50.88294384629104,Brusselsestraat,Unknown,"[1432632872, 1432632871]",24062,Leuven,60,
924,6184898,4.713239128077907,50.88284132015924,Diestsevest,Unknown,6184898,24062,Leuven,60,
925,19793164,4.71391845,50.882237,Tiensevest,Unknown,19793164,24062,Leuven,60,
926,125835527,4.713788153361041,50.882296191569154,Diestsestraat,Unknown,125835527,24062,Leuven,60,
927,4884707,4.713939,50.8823598,Tiensevest,Unknown,4884707,24062,Leuven,60,
928,23000060,4.713510730582509,50.88288624707899,Diestsevest,Unknown,23000060,24062,Leuven,60,
929,80220764,4.714748282141157,50.88233050308408,Unknown,Unknown,80220764,24062,Leuven,60,
930,5108959,4.709502851248558,50.86140615779926,Langendaallaan,Unknown,5108959,24062,Leuven,60,
931,141114449,4.70869635,50.8609787,Armand Thiérylaan,Unknown,141114449,24062,Leuven,60,
932,5108963,4.70880038050236,50.86097670930436,Armand Thiérylaan,Unknown,5108963,24062,Leuven,60,
933,11615002,4.708035317169448,50.86113816028027,Armand Thiérylaan,Unknown,11615002,24062,Leuven,60,
934,5109106,4.706778200080027,50.86668059916799,Matadilaan,Unknown,5109106,24062,Leuven,60,
935,192689373,4.707383197137194,50.86673608322139,Matadilaan,Unknown,192689373,24062,Leuven,60,
936,301909105,4.707018776729496,50.866031578304415,Vinkenlaan,Unknown,301909105,24062,Leuven,60,
937,23041586,4.703326877012212,50.88559659635391,Jan-Pieter Minckelersstraat,Unknown,23041586,24062,Leuven,60,
938,99500149,4.704055764186436,50.88501327104969,Jan-Pieter Minckelersstraat,Unknown,99500149,24062,Leuven,60,
939,"[1014184565, 9852941]",4.702899220369378,50.88534382335191,Kardinaalstraat,Unknown,"[1014184565, 9852941]",24062,Leuven,60,
940,8055720,4.708602684198628,50.88230191771837,Nerviërsstraat,Unknown,8055720,24062,Leuven,60,
941,26085017,4.707529357272484,50.882052506981246,Jan-Pieter Minckelersstraat,Unknown,26085017,24062,Leuven,60,
942,842361630,4.706888059897243,50.88261626140487,Jan-Pieter Minckelersstraat,Unknown,842361630,24062,Leuven,60,
943,"[25983368, 843534476, 843534477]",4.707977531451461,50.88292846713203,Jean-Baptiste Van Monsstraat,Unknown,"[25983368, 843534476, 843534477]",24062,Leuven,60,
944,81457878,4.711699395373644,50.884262194833504,Diestsevest,Unknown,81457878,24062,Leuven,60,
945,316395269,4.71124364657782,50.88461060658492,Jean-Baptiste Van Monsstraat,Unknown,316395269,24062,Leuven,60,
946,25983368,4.709714901057853,50.88381415093612,Jean-Baptiste Van Monsstraat,Unknown,25983368,24062,Leuven,60,
947,38542472,4.710405990986504,50.88357933815893,Vanden Tymplestraat,Unknown,38542472,24062,Leuven,60,
948,8055719,4.71198546163522,50.88198854519074,Vanden Tymplestraat,Unknown,8055719,24062,Leuven,60,
949,14970742,4.711171709512328,50.88274343702127,Vanden Tymplestraat,Unknown,14970742,24062,Leuven,60,
950,3991636,4.70491625537638,50.879559216752135,Bondgenotenlaan,Unknown,3991636,24062,Leuven,60,
951,"[8055774, 1491649399]",4.70601806358965,50.879391018620325,Vital Decosterstraat,Unknown,"[8055774, 1491649399]",24062,Leuven,60,
952,9826692,4.704959122056095,50.88074117248907,Vital Decosterstraat,Unknown,9826692,24062,Leuven,60,
953,456815188,4.702933437639166,50.882288486879766,Vital Decosterstraat,Unknown,456815188,24062,Leuven,60,
954,688600643,4.70172936986526,50.88306463816575,Vital Decosterstraat,Unknown,688600643,24062,Leuven,60,
955,126348344,4.701107283325022,50.88080279722571,Schrijnmakersstraat,Unknown,126348344,24062,Leuven,60,
956,8055845,4.707079936821383,50.88000632251024,Pierre Joseph Van Benedenstraat,Unknown,8055845,24062,Leuven,60,
957,578662094,4.706445492636833,50.87980689864085,Bondgenotenlaan,Unknown,578662094,24062,Leuven,60,
958,"[317573557, 13862622]",4.710006506679438,50.8811524026284,Lepelstraat,Unknown,"[317573557, 13862622]",24062,Leuven,60,
959,14971387,4.708000927526137,50.88044779362877,Lepelstraat,Unknown,14971387,24062,Leuven,60,
960,"[26085017, 456815187]",4.708703603973473,50.881054138138126,"['Louis Melsensstraat', 'Jan-Pieter Minckelersstraat']",Unknown,"[26085017, 456815187]",24062,Leuven,60,
961,"[16865897, 25922446]",4.705689895530757,50.88131739571577,Sint-Maartenstraat,Unknown,"[16865897, 25922446]",24062,Leuven,60,
962,"[25933427, 8055845]",4.706563371761177,50.88038382097945,Pierre Joseph Van Benedenstraat,Unknown,"[25933427, 8055845]",24062,Leuven,60,
963,317384244,4.706040947314231,50.880449424134525,Diestsestraat,Unknown,317384244,24062,Leuven,60,
964,25922245,4.703573111750388,50.88314879066056,Sint-Maartenstraat,Unknown,25922245,24062,Leuven,60,
965,"[9714265, 309097402]",4.702673139700615,50.88332436633908,Kolveniershof,Unknown,"[9714265, 309097402]",24062,Leuven,60,
966,456815189,4.703395782300642,50.88361998075055,Sint-Maartenstraat,Unknown,456815189,24062,Leuven,60,
967,916922550,4.715580149999999,50.872319950000005,Bierbeekstraat,Unknown,916922550,24062,Leuven,60,
968,8074587,4.715036628559733,50.872181137438005,Pleinstraat,Unknown,8074587,24062,Leuven,60,
969,"[576798578, 105073083]",4.714940897554963,50.87297496691151,Bierbeekstraat,Unknown,"[576798578, 105073083]",24062,Leuven,60,
970,17023822,4.712750651070105,50.87053832151424,Kerkhofdreef,Unknown,17023822,24062,Leuven,60,
971,"[160912994, 302138410]",4.713377552481888,50.87001497686271,Pleinstraat,Unknown,"[160912994, 302138410]",24062,Leuven,60,
972,1291538171,4.713943106849584,50.87029743362713,Kerkhofdreef,Unknown,1291538171,24062,Leuven,60,
973,85798761,4.7112737,50.86455320000001,Geldenaaksebaan,Unknown,85798761,24062,Leuven,60,
974,8074632,4.713189272593038,50.86562946757222,Tivolistraat,Unknown,8074632,24062,Leuven,60,
975,"[370822528, 11614459]",4.710176972058714,50.86443802396684,Hoveniersdreef,Unknown,"[370822528, 11614459]",24062,Leuven,60,
976,"[733824369, 8074932, 1463685127]",4.715302839602071,50.86664476913501,Norbertijnerweg,Unknown,"[733824369, 8074932, 1463685127]",24062,Leuven,60,
977,"[858200640, 733824370, 48540797, 1103138486]",4.716685945936574,50.868724760102815,Tivolistraat,Unknown,"[858200640, 733824370, 48540797, 1103138486]",24062,Leuven,60,
978,"[1482037201, 105073091, 1068261822]",4.714617918114694,50.866979042121415,Unknown,Unknown,"[1482037201, 105073091, 1068261822]",24062,Leuven,60,
979,121562246,4.7180965,50.87283225,Tiensesteenweg,Unknown,121562246,24062,Leuven,60,
980,"[89574078, 672505868, 20681390, 17023727]",4.718850681754537,50.87265581667615,Tiensesteenweg,Unknown,"[89574078, 672505868, 20681390, 17023727]",24062,Leuven,60,
981,"[3992441, 688319185]",4.72033405791496,50.87169491457371,Adjudant Harboortstraat,Unknown,"[3992441, 688319185]",24062,Leuven,60,
982,"[17025284, 663818797, 147725717]",4.720163428054242,50.87101302334302,Unknown,Unknown,"[17025284, 663818797, 147725717]",24062,Leuven,60,
983,17025762,4.71394445,50.86720865,Philipssite,Unknown,17025762,24062,Leuven,60,
984,8074712,4.714016722728992,50.867356488701766,Unknown,Unknown,8074712,24062,Leuven,60,
985,8074715,4.712959727650689,50.8674423906902,Philipssite,Unknown,8074715,24062,Leuven,60,
986,184632766,4.7115755,50.8665291,Unknown,Unknown,184632766,24062,Leuven,60,
987,10358961,4.71341015,50.86651545,Unknown,Unknown,10358961,24062,Leuven,60,
988,161296718,4.71379783057593,50.866548717069534,Philipssite,Unknown,161296718,24062,Leuven,60,
989,1068261821,4.7124494346058725,50.86643048332056,Philipssite,Unknown,1068261821,24062,Leuven,60,
990,876292404,4.71151755,50.86665725,Philipssite,Unknown,876292404,24062,Leuven,60,
991,10358951,4.7124700041677325,50.86686729476215,Unknown,Unknown,10358951,24062,Leuven,60,
992,917111088,4.71064685,50.8669809,Unknown,Unknown,917111088,24062,Leuven,60,
993,1102893928,4.710115999999999,50.86728485,Philipssite,Unknown,1102893928,24062,Leuven,60,
994,95925400,4.711253606283128,50.86736074332716,Philipssite,Unknown,95925400,24062,Leuven,60,
995,91669434,4.7097641,50.86752365,Unknown,Unknown,91669434,24062,Leuven,60,
996,11884051,4.709651946405844,50.86749333390079,Philipssite,Unknown,11884051,24062,Leuven,60,
997,"[1102893928, 11884051]",4.709893562683762,50.86743744655617,Philipssite,Unknown,"[1102893928, 11884051]",24062,Leuven,60,
998,8074932,4.71662385,50.86618475,Norbertijnerweg,Unknown,8074932,24062,Leuven,60,
999,8074948,4.7172082,50.8656263,Abdij van Park,Unknown,8074948,24062,Leuven,60,
1000,70726947,4.718830689983198,50.866580524093216,Abdij van Park,Unknown,70726947,24062,Leuven,60,
1001,"[419034241, 1463685130]",4.718569499149372,50.86563113512559,Norbertijnerweg,Unknown,"[419034241, 1463685130]",24062,Leuven,60,
1002,"[803227891, 803227892, 11997479]",4.715961724158455,50.864370653132845,Unknown,Unknown,"[803227891, 803227892, 11997479]",24062,Leuven,60,
1003,306703048,4.7157933894434025,50.8646311640542,Abdij van Park,Unknown,306703048,24062,Leuven,60,
1004,1172748588,4.71540709357637,50.86434156285347,Abdij van Park,Unknown,1172748588,24062,Leuven,60,
1005,773642168,4.7137668,50.86431455000001,Abdij van Park,Unknown,773642168,24062,Leuven,60,
1006,"[19955587, 1172748584, 236229457, 970359922, 802986451, 970359923, 79085241]",4.713807795035569,50.86298718198788,Norbertijnerweg,Unknown,"[19955587, 1172748584, 236229457, 970359922, 802986451, 970359923, 79085241]",24062,Leuven,60,
1007,"[773642169, 773642170, 1172748588]",4.7146152756837205,50.864290258391954,Abdij van Park,Unknown,"[773642169, 773642170, 1172748588]",24062,Leuven,60,
1008,"[9923835, 23157748, 23121879]",4.711392855452729,50.86410534189982,Geldenaaksebaan,Unknown,"[9923835, 23157748, 23121879]",24062,Leuven,60,
1009,114869077,4.712191000183279,50.86436760560441,Abdij van Park,Unknown,114869077,24062,Leuven,60,
1010,13523066,4.7116901,50.8744249,Tiensestraat,Unknown,13523066,24062,Leuven,60,
1011,333580518,4.673252441347962,50.88115164780645,Unknown,Unknown,333580518,24062,Leuven,60,
1012,8080094,4.68197115,50.8812225,Lemmensberg,Unknown,8080094,24062,Leuven,60,
1013,11371694,4.6824172,50.88209175,Unknown,Unknown,11371694,24062,Leuven,60,
1014,337771297,4.6819931,50.881613,Unknown,Unknown,337771297,24062,Leuven,60,
1015,66765021,4.700115,50.87875015,Kortestraat,Unknown,66765021,24062,Leuven,60,
1016,31473756,4.699927087830578,50.87858682232987,Oude Markt,Unknown,31473756,24062,Leuven,60,
1017,126348342,4.700038583388694,50.87857847889782,Oude Markt,Unknown,126348342,24062,Leuven,60,
1018,8081591,4.699055725102041,50.87738279882005,Collegeberg,Unknown,8081591,24062,Leuven,60,
1019,3877007,4.698360835264968,50.87748042371442,Parijsstraat,Unknown,3877007,24062,Leuven,60,
1020,8081589,4.698592485065709,50.877557689948574,Lavorenberg,Unknown,8081589,24062,Leuven,60,
1021,"[1408255192, 99500147, 1408255191]",4.700478499814996,50.87669879954785,Naamsestraat,Unknown,"[1408255192, 99500147, 1408255191]",24062,Leuven,60,
1022,8081592,4.699409748060993,50.87785084338986,Oude Markt,Unknown,8081592,24062,Leuven,60,
1023,140979130,4.700062501655404,50.87768217450816,Krakenstraat,Unknown,140979130,24062,Leuven,60,
1024,8101957,4.7010147374478,50.87747677124716,Standonckstraat,Unknown,8101957,24062,Leuven,60,
1025,99500147,4.700546659656919,50.8773162772706,Naamsestraat,Unknown,99500147,24062,Leuven,60,
1026,3616407,4.70076553853252,50.87812920262034,Naamsestraat,Unknown,3616407,24062,Leuven,60,
1027,140979134,4.700341218381304,50.878275289088776,Zeelstraat,Unknown,140979134,24062,Leuven,60,
1028,"[141038469, 3616407]",4.7008559678463815,50.8789032579142,"['Naamsestraat', 'Grote Markt']",Unknown,"[141038469, 3616407]",24062,Leuven,60,
1029,8081620,4.700479436959267,50.87868099295723,Kiekenstraat,Unknown,8081620,24062,Leuven,60,
1030,1172748583,4.7200739,50.86731780000001,Abdij van Park,Unknown,1172748583,24062,Leuven,60,
1031,"[16383539, 8083244, 16383501]",4.7207688964534364,50.86795754513708,Abdijdreef,Unknown,"[16383539, 8083244, 16383501]",24062,Leuven,60,
1032,141039784,4.721581889919469,50.86615379053976,Unknown,Unknown,141039784,24062,Leuven,60,
1033,8083273,4.7139619,50.8525194,Unknown,Unknown,8083273,24062,Leuven,60,
1034,8083263,4.714022992578229,50.85155635768247,Unknown,Unknown,8083263,24062,Leuven,60,
1035,"[13060490, 125472524, 125472518]",4.699037931523813,50.87580867488239,"['Pater Damiaanplein', 'Ramberg']",Unknown,"[13060490, 125472524, 125472518]",24062,Leuven,60,
1036,13066183,4.700189782456255,50.87514085114852,Naamsestraat,Unknown,13066183,24062,Leuven,60,
1037,"[13061115, 608715609, 608715610, 608715611, 608715612]",4.700372529732499,50.87603128183802,Naamsestraat,Unknown,"[13061115, 608715609, 608715610, 608715611, 608715612]",24062,Leuven,60,
1038,843033252,4.700568042842051,50.87576684071322,Charles Deberiotstraat,Unknown,843033252,24062,Leuven,60,
1039,13059326,4.702369469949423,50.87786787008312,'s Meiersstraat,Unknown,13059326,24062,Leuven,60,
1040,361902058,4.701442743979927,50.87843503997951,Boekhandelstraat,Unknown,361902058,24062,Leuven,60,
1041,"[454066146, 305384083, 133801034]",4.702418756598645,50.878709487079256,"['Grote Markt', 'Eikstraat']",Unknown,"[454066146, 305384083, 133801034]",24062,Leuven,60,
1042,8101956,4.701345976538683,50.8779188290966,Lakenweversstraat,Unknown,8101956,24062,Leuven,60,
1043,99500127,4.701652779135983,50.87757584438441,Hogeschoolplein,Unknown,99500127,24062,Leuven,60,
1044,3616406,4.70070945,50.87792755,Naamsestraat,Unknown,3616406,24062,Leuven,60,
1045,4061640,4.7142307500000005,50.884642150000005,Vuurkruisenlaan,Unknown,4061640,24062,Leuven,60,
1046,8109264,4.7142868,50.88456349999999,Diestsepoort,Unknown,8109264,24062,Leuven,60,
1047,1451777353,4.7144603,50.8846199,Douaneweg,Unknown,1451777353,24062,Leuven,60,
1048,"[76867049, 79264890]",4.714688127522786,50.88252734296091,Unknown,Unknown,"[76867049, 79264890]",24062,Leuven,60,
1049,116797180,4.714313635755051,50.8825105603385,Diestsepoort,Unknown,116797180,24062,Leuven,60,
1050,"[584356742, 584356745, 451873773, 451873774, 584356751, 584356749, 61556877, 663770966, 198559166]",4.714294446230897,50.88350714702096,Diestsepoort,Unknown,"[584356742, 584356745, 451873773, 451873774, 584356751, 584356749, 61556877, 663770966, 198559166]",24062,Leuven,60,
1051,318825610,4.706956,50.887871200000006,Aarschotsesteenweg,Unknown,318825610,24062,Leuven,60,
1052,701316142,4.706896049999999,50.88782140000001,Unknown,Unknown,701316142,24062,Leuven,60,
1053,61540098,4.70888525,50.8869003,Joanna-Maria Artoisplein,Unknown,61540098,24062,Leuven,60,
1054,"[340265962, 98825484]",4.708079833739284,50.88734599421032,Redersstraat,Unknown,"[340265962, 98825484]",24062,Leuven,60,
1055,"[1451806224, 8109666]",4.70676628912763,50.88789815161151,Unknown,Unknown,"[1451806224, 8109666]",24062,Leuven,60,
1056,"[304242025, 8109666, 1451816941]",4.706601863590472,50.88763914624792,Unknown,Unknown,"[304242025, 8109666, 1451816941]",24062,Leuven,60,
1057,"[701316141, 98940622, 98940623]",4.706467187163142,50.887895759197264,Marie Thumas Durieuxbrug,Unknown,"[701316141, 98940622, 98940623]",24062,Leuven,60,
1058,17026877,4.7141157,50.86999185,Weg F,Unknown,17026877,24062,Leuven,60,
1059,17027314,4.71428665,50.870232,Weg G,Unknown,17027314,24062,Leuven,60,
1060,302138410,4.713059400000001,50.86965235,Pleinstraat,Unknown,302138410,24062,Leuven,60,
1061,8074719,4.712407301677995,50.867434358216414,Philipssite,Unknown,8074719,24062,Leuven,60,
1062,688290979,4.711951531077895,50.86758213343286,Philipssite,Unknown,688290979,24062,Leuven,60,
1063,8111855,4.712116564253369,50.86788045795164,Philipssite,Unknown,8111855,24062,Leuven,60,
1064,688290976,4.711899465355651,50.86767509585876,Philipssite,Unknown,688290976,24062,Leuven,60,
1065,"[688290977, 688290978]",4.7117701776537055,50.86762072547625,Philipssite,Unknown,"[688290977, 688290978]",24062,Leuven,60,
1066,8111906,4.712133433511586,50.86814593758438,Unknown,Unknown,8111906,24062,Leuven,60,
1067,95925394,4.711906218956983,50.86793549424026,Philipssite,Unknown,95925394,24062,Leuven,60,
1068,369745658,4.711595076345168,50.86840201522939,Unknown,Unknown,369745658,24062,Leuven,60,
1069,151572937,4.712289950000001,50.8682053,Philipssite,Unknown,151572937,24062,Leuven,60,
1070,854958342,4.71206705,50.85801905,Milseweg,Unknown,854958342,24062,Leuven,60,
1071,"[284251317, 8083263]",4.712168092012163,50.85659664295078,Milseweg,Unknown,"[284251317, 8083263]",24062,Leuven,60,
1072,"[284251317, 284251318]",4.712124359532125,50.85853590986592,Milseweg,Unknown,"[284251317, 284251318]",24062,Leuven,60,
1073,8117006,4.717066650178546,50.86480412209585,Unknown,Unknown,8117006,24062,Leuven,60,
1074,254742535,4.716067139844374,50.876872818205904,Provincie-esplanade,Unknown,254742535,24062,Leuven,60,
1075,"[71580577, 1428528204]",4.716695779552352,50.87628942532677,Provincie-esplanade,Unknown,"[71580577, 1428528204]",24062,Leuven,60,
1076,4003927,4.7159126,50.8769987,Tiensevest,Unknown,4003927,24062,Leuven,60,
1077,"[1428528203, 686098029, 171518119]",4.717131018321688,50.87436047961794,"['Hertog Jan I-straat', 'Boulevardstraat']",Unknown,"[1428528203, 686098029, 171518119]",24062,Leuven,60,
1078,586268886,4.716905267137308,50.8731064596451,Tiensesteenweg,Unknown,586268886,24062,Leuven,60,
1079,"[608715536, 586268886]",4.716495974726304,50.87320227377171,Tiensesteenweg,Unknown,"[608715536, 586268886]",24062,Leuven,60,
1080,687525257,4.716994229522989,50.873497798388605,Boulevardstraat,Unknown,687525257,24062,Leuven,60,
1081,687525256,4.716702369129132,50.8739810641004,Korenstraat,Unknown,687525256,24062,Leuven,60,
1082,126304933,4.716162150000001,50.87403165,Klein-Rijselstraat,Unknown,126304933,24062,Leuven,60,
1083,687525255,4.7163421,50.87434365,Klein-Rijselstraat,Unknown,687525255,24062,Leuven,60,
1084,112566019,4.7198622,50.90036845,Fazantenlaan,Unknown,112566019,24062,Leuven,60,
1085,149116008,4.71947577492422,50.9008065370849,Wielewaallaan,Unknown,149116008,24062,Leuven,60,
1086,651721171,4.71807305,50.858172,Vinkenbosstraat,Unknown,651721171,24062,Leuven,60,
1087,1279372353,4.7180684500000005,50.85823175,Geldenaaksebaan,Unknown,1279372353,24062,Leuven,60,
1088,112565988,4.717690687498523,50.899908225179935,Kesselbergplein,Unknown,112565988,24062,Leuven,60,
1089,25813260,4.7050527888494855,50.88215997018464,Mathias Van den Gheynlaan,Unknown,25813260,24062,Leuven,60,
1090,11999380,4.708283508315444,50.88399270545456,Strijdersstraat,Unknown,11999380,24062,Leuven,60,
1091,14968349,4.709207759632496,50.8830344522134,Strijdersstraat,Unknown,14968349,24062,Leuven,60,
1092,8657104,4.70541135,50.8848538,Tweewatersstraat,Unknown,8657104,24062,Leuven,60,
1093,87304295,4.706535410884861,50.88480415178281,Tweewatersstraat,Unknown,87304295,24062,Leuven,60,
1094,"[314629176, 314629170, 1014184567]",4.705524572415542,50.884936890581145,Unknown,Unknown,"[314629176, 314629170, 1014184567]",24062,Leuven,60,
1095,23120697,4.660910419956233,50.859895055960415,Idalaan,Unknown,23120697,24062,Leuven,60,
1096,99416779,4.661458415698816,50.85947354714923,Rotspoelstraat,Unknown,99416779,24062,Leuven,60,
1097,43548669,4.659829773397909,50.86150596761021,Sint-Jansbergsesteenweg,Unknown,43548669,24062,Leuven,60,
1098,192659005,4.660286088801746,50.86130987852309,Sint-Reneldisplein,Unknown,192659005,24062,Leuven,60,
1099,"[192659005, 1318325999]",4.659644072543795,50.86139982184085,Sint-Reneldisplein,Unknown,"[192659005, 1318325999]",24062,Leuven,60,
1100,23124516,4.6606082481042135,50.86086502488185,Sint-Reneldisplein,Unknown,23124516,24062,Leuven,60,
1101,1312666514,4.66258772829538,50.86105111174496,Kapeldreef,Unknown,1312666514,24062,Leuven,60,
1102,1441648572,4.66457265,50.8609347,Kapeldreef,Unknown,1441648572,24062,Leuven,60,
1103,"[85135464, 424980561, 1475140211, 1475140212, 1475140214]",4.665014295088624,50.860647668008205,Unknown,Unknown,"[85135464, 424980561, 1475140211, 1475140212, 1475140214]",24062,Leuven,60,
1104,"[373017592, 23120851, 1441648572]",4.665656797289087,50.86145121558335,Kapeldreef,Unknown,"[373017592, 23120851, 1441648572]",24062,Leuven,60,
1105,9262256,4.655468835689018,50.85972767795296,Korbeekhof,Unknown,9262256,24062,Leuven,60,
1106,9262295,4.655341755058382,50.86003964587776,Toverberg,Unknown,9262295,24062,Leuven,60,
1107,15213570,4.655971647620461,50.86020226765175,Twaalfbunder,Unknown,15213570,24062,Leuven,60,
1108,99416796,4.6563615691847255,50.86077472282786,Lange Hagen,Unknown,99416796,24062,Leuven,60,
1109,1441672258,4.6547216,50.86142015,Toverberg,Unknown,1441672258,24062,Leuven,60,
1110,9810393,4.654895920213807,50.861444189261725,Doleegstraat,Unknown,9810393,24062,Leuven,60,
1111,1441672256,4.654722205202673,50.861461999930185,Unknown,Unknown,1441672256,24062,Leuven,60,
1112,1441672255,4.655070574111407,50.861465399326704,Unknown,Unknown,1441672255,24062,Leuven,60,
1113,9262319,4.65487335,50.8612425,Toverberg,Unknown,9262319,24062,Leuven,60,
1114,9262320,4.654822145652872,50.86110803087636,Toverberg,Unknown,9262320,24062,Leuven,60,
1115,43547533,4.6548663,50.8609044,Toverberg,Unknown,43547533,24062,Leuven,60,
1116,104622427,4.649100799999999,50.84961475,Sint-Jansbergsesteenweg,Unknown,104622427,24062,Leuven,60,
1117,1102421434,4.64917515,50.84971625,Sint-Jansbergsesteenweg,Unknown,1102421434,24062,Leuven,60,
1118,9388040,4.658073565447295,50.85560039466144,Unknown,Unknown,9388040,24062,Leuven,60,
1119,340093699,4.659239962700689,50.8550946737837,Unknown,Unknown,340093699,24062,Leuven,60,
1120,"[845719181, 340265974]",4.6585921075631465,50.855258724966944,Unknown,Unknown,"[845719181, 340265974]",24062,Leuven,60,
1121,"[23124544, 24476601]",4.658676318768792,50.85747666404765,"['Rotspoelweg', 'Rotspoel']",Unknown,"[23124544, 24476601]",24062,Leuven,60,
1122,"[76376057, 1365260941]",4.655173558015992,50.85495252133784,Unknown,Unknown,"[76376057, 1365260941]",24062,Leuven,60,
1123,23120852,4.6536446,50.856299750000005,Sint-Jansbergsesteenweg,Unknown,23120852,24062,Leuven,60,
1124,99416782,4.65302335,50.85538385,Sint-Jansbergsesteenweg,Unknown,99416782,24062,Leuven,60,
1125,963637844,4.653101700000001,50.85555395,Unknown,Unknown,963637844,24062,Leuven,60,
1126,963639321,4.6531719,50.85553765,Unknown,Unknown,963639321,24062,Leuven,60,
1127,192659017,4.65416595,50.8570691,Sint-Jansbergsesteenweg,Unknown,192659017,24062,Leuven,60,
1128,430072708,4.654123,50.8570682,Unknown,Unknown,430072708,24062,Leuven,60,
1129,832174482,4.6541923,50.857041550000005,Rotspoelstraat,Unknown,832174482,24062,Leuven,60,
1130,9388486,4.662253397486952,50.871804911472594,Bertemstraat,Unknown,9388486,24062,Leuven,60,
1131,99346742,4.663323479139757,50.87063382101708,Groeneweg,Unknown,99346742,24062,Leuven,60,
1132,550695121,4.663781599835086,50.87209844006766,Bertempad,Unknown,550695121,24062,Leuven,60,
1133,1375666850,4.663314736794163,50.872265502000445,Groeneweg,Unknown,1375666850,24062,Leuven,60,
1134,9388542,4.662334773258632,50.87664433206142,Groeneweg,Unknown,9388542,24062,Leuven,60,
1135,1001468856,4.65999549179344,50.8762697764289,Unknown,Unknown,1001468856,24062,Leuven,60,
1136,99598447,4.6627298,50.8783417,Mijlboomweg,Unknown,99598447,24062,Leuven,60,
1137,"[340265960, 9388723, 126304958, 15215371]",4.663397769754911,50.87808551104357,Terbankstraat,Unknown,"[340265960, 9388723, 126304958, 15215371]",24062,Leuven,60,
1138,815032440,4.662630359744145,50.8784135967716,Terbankstraat,Unknown,815032440,24062,Leuven,60,
1139,9388954,4.6615268,50.87897340000001,Terbankstraat,Unknown,9388954,24062,Leuven,60,
1140,3869822,4.69980459881186,50.88744478061624,Havenkant,Unknown,3869822,24062,Leuven,60,
1141,"[509322891, 509324734]",4.7001165098546425,50.886925727880346,Sluisstraat,Unknown,"[509322891, 509324734]",24062,Leuven,60,
1142,9825487,4.699647159552095,50.8853720388156,Klein Begijnhof,Unknown,9825487,24062,Leuven,60,
1143,99500134,4.6998314495307705,50.885021391473416,Sluisstraat,Unknown,99500134,24062,Leuven,60,
1144,"[844373392, 8412194]",4.699909694551647,50.88565760177042,Sluisstraat,Unknown,"[844373392, 8412194]",24062,Leuven,60,
1145,313602854,4.698865484952605,50.88500767437112,Klein Begijnhof,Unknown,313602854,24062,Leuven,60,
1146,684585949,4.698573679599986,50.88541927496727,Bottelarij,Unknown,684585949,24062,Leuven,60,
1147,10269420,4.699386111140017,50.88435076240577,Halfmaartstraat,Unknown,10269420,24062,Leuven,60,
1148,844373391,4.6988974551125535,50.884228598876895,Halfmaartstraat,Unknown,844373391,24062,Leuven,60,
1149,13865433,4.697901393073396,50.88677315896413,Valkerijgang,Unknown,13865433,24062,Leuven,60,
1150,13865435,4.698222621976251,50.88715187925827,Glasblazerijstraat,Unknown,13865435,24062,Leuven,60,
1151,149116003,4.721900075439097,50.90350256603416,Karekietenlaan,Unknown,149116003,24062,Leuven,60,
1152,"[112566019, 149116003]",4.722638219097438,50.9019072878696,"['Karekietenlaan', 'Fazantenlaan']",Unknown,"[112566019, 149116003]",24062,Leuven,60,
1153,149116007,4.721633176345284,50.90305641062274,Waterlelielaan,Unknown,149116007,24062,Leuven,60,
1154,17512873,4.720556753838926,50.90020990258245,Wildvogelpad,Unknown,17512873,24062,Leuven,60,
1155,149116001,4.721633390263432,50.90028803015705,Heikneuterlaan,Unknown,149116001,24062,Leuven,60,
1156,"[1497893632, 1077929131, 9666342]",4.719042170814626,50.88742061945074,Wipstraat,Unknown,"[1497893632, 1077929131, 9666342]",24062,Leuven,60,
1157,13824506,4.7195640633858265,50.88738559822196,Wipstraat,Unknown,13824506,24062,Leuven,60,
1158,16945108,4.719376813796429,50.887697133789935,Achturenstraat,Unknown,16945108,24062,Leuven,60,
1159,34342157,4.719010319178091,50.88765062493861,Wipstraat,Unknown,34342157,24062,Leuven,60,
1160,27625540,4.7215405,50.88812335,Vredeplein,Unknown,27625540,24062,Leuven,60,
1161,9666347,4.722026014418377,50.88774945499591,Vredestraat,Unknown,9666347,24062,Leuven,60,
1162,79193581,4.7143487,50.88196175000001,Tiensevest,Unknown,79193581,24062,Leuven,60,
1163,79605527,4.7143407,50.88190595,Unknown,Unknown,79605527,24062,Leuven,60,
1164,"[377918661, 377918662, 79596971, 79605524, 79596984]",4.714715705292812,50.88197376744583,Unknown,Unknown,"[377918661, 377918662, 79596971, 79605524, 79596984]",24062,Leuven,60,
1165,79193579,4.714241299999999,50.88222875,Tiensevest,Unknown,79193579,24062,Leuven,60,
1166,"[377918667, 361881231, 79596981, 78579066, 78815515]",4.714601459405871,50.88223882683783,Unknown,Unknown,"[377918667, 361881231, 79596981, 78579066, 78815515]",24062,Leuven,60,
1167,23121878,4.70910075,50.8677738,Geldenaaksebaan,Unknown,23121878,24062,Leuven,60,
1168,9668575,4.7091498437545525,50.8679138342975,Unknown,Unknown,9668575,24062,Leuven,60,
1169,"[79299307, 23121878]",4.709245384552189,50.867564012173474,Geldenaaksebaan,Unknown,"[79299307, 23121878]",24062,Leuven,60,
1170,9668586,4.7087834,50.8685727,Unknown,Unknown,9668586,24062,Leuven,60,
1171,1276464164,4.70862915,50.86854035000001,Unknown,Unknown,1276464164,24062,Leuven,60,
1172,"[23121883, 843033245]",4.708535646590434,50.86868221617094,Geldenaaksebaan,Unknown,"[23121883, 843033245]",24062,Leuven,60,
1173,91669440,4.70969335,50.8675498,Unknown,Unknown,91669440,24062,Leuven,60,
1174,369745662,4.7107072,50.868691,Unknown,Unknown,369745662,24062,Leuven,60,
1175,91669431,4.7095109,50.86749485,Unknown,Unknown,91669431,24062,Leuven,60,
1176,9668579,4.709312432441843,50.86782714622263,Unknown,Unknown,9668579,24062,Leuven,60,
1177,9668580,4.70909455,50.86814885,Unknown,Unknown,9668580,24062,Leuven,60,
1178,"[9668585, 544307417]",4.708661140400264,50.868786906978485,Unknown,Unknown,"[9668585, 544307417]",24062,Leuven,60,
1179,9668587,4.7089429613929,50.86872357432811,Unknown,Unknown,9668587,24062,Leuven,60,
1180,9668581,4.709330412825738,50.86901422809297,Unknown,Unknown,9668581,24062,Leuven,60,
1181,160918522,4.709422306619208,50.86879813539943,Unknown,Unknown,160918522,24062,Leuven,60,
1182,"[544307417, 369745661]",4.708781777874725,50.86891113448893,Unknown,Unknown,"[544307417, 369745661]",24062,Leuven,60,
1183,9668583,4.70976252946042,50.86924738524358,Unknown,Unknown,9668583,24062,Leuven,60,
1184,369745660,4.709477959698807,50.86924351510826,Unknown,Unknown,369745660,24062,Leuven,60,
1185,9668588,4.709961919241987,50.86882309729192,Unknown,Unknown,9668588,24062,Leuven,60,
1186,95921198,4.7084251,50.86896725,Unknown,Unknown,95921198,24062,Leuven,60,
1187,"[544307417, 9668585]",4.708661140400264,50.86878690697849,Unknown,Unknown,"[544307417, 9668585]",24062,Leuven,60,
1188,9714266,4.7046581230109,50.88394808781081,Rijdende-Artillerielaan,Unknown,9714266,24062,Leuven,60,
1189,99500150,4.705490296431284,50.88383532991537,Jan-Pieter Minckelersstraat,Unknown,99500150,24062,Leuven,60,
1190,690117539,4.66617075,50.85167005,Unknown,Unknown,690117539,24062,Leuven,60,
1191,15067843,4.666561656022748,50.85147691564353,Unknown,Unknown,15067843,24062,Leuven,60,
1192,"[84030412, 325311804, 84030411]",4.6658580919138295,50.85117343568638,Unknown,Unknown,"[84030412, 325311804, 84030411]",24062,Leuven,60,
1193,340298474,4.665852370639362,50.8516710290369,Unknown,Unknown,340298474,24062,Leuven,60,
1194,71401212,4.6586125,50.8612462,Doleegstraat,Unknown,71401212,24062,Leuven,60,
1195,1318325961,4.65869835,50.86127865,Sint-Jansbergsesteenweg,Unknown,1318325961,24062,Leuven,60,
1196,1441661479,4.6586681500000005,50.8612193,Unknown,Unknown,1441661479,24062,Leuven,60,
1197,"[14038032, 1318326002, 100902220]",4.658388226555728,50.86102984492855,Sint-Jansbergsesteenweg,Unknown,"[14038032, 1318326002, 100902220]",24062,Leuven,60,
1198,43546742,4.6465186351421925,50.86095866712324,Unknown,Unknown,43546742,24062,Leuven,60,
1199,669126276,4.646548296466261,50.86099715173159,Unknown,Unknown,669126276,24062,Leuven,60,
1200,896644802,4.6471507,50.86077885,Voervalleilaan,Unknown,896644802,24062,Leuven,60,
1201,1441681507,4.64716536616796,50.860818943726144,Unknown,Unknown,1441681507,24062,Leuven,60,
1202,9810445,4.64793985,50.86073425,Dellenhof,Unknown,9810445,24062,Leuven,60,
1203,1441681508,4.647939638762297,50.86077485022143,Unknown,Unknown,1441681508,24062,Leuven,60,
1204,9810422,4.64852165,50.85904305,Antonius Rodolphestraat,Unknown,9810422,24062,Leuven,60,
1205,"[9810422, 23911551]",4.647768109014516,50.85896892338537,"['Antonius Rodolphestraat', 'Voervalleilaan']",Unknown,"[9810422, 23911551]",24062,Leuven,60,
1206,"[1453390705, 9810422]",4.649164053903242,50.85910750701014,Antonius Rodolphestraat,Unknown,"[1453390705, 9810422]",24062,Leuven,60,
1207,9810433,4.64895154143688,50.85944681827253,Duisburgsestraat,Unknown,9810433,24062,Leuven,60,
1208,"[1453390480, 9810433]",4.64900302880975,50.85882867935208,Duisburgsestraat,Unknown,"[1453390480, 9810433]",24062,Leuven,60,
1209,43547521,4.64763656195943,50.86002589218892,Slagmaaldelle,Unknown,43547521,24062,Leuven,60,
1210,9810457,4.648976054723901,50.86022967481075,Slagmaaldelle,Unknown,9810457,24062,Leuven,60,
1211,"[43547521, 352952835]",4.649208837243965,50.86016819422005,Slagmaaldelle,Unknown,"[43547521, 352952835]",24062,Leuven,60,
1212,9810809,4.64140655,50.85403985000001,Unknown,Unknown,9810809,24062,Leuven,60,
1213,963637846,4.652088600000001,50.85401025,Sint-Jansbergsesteenweg,Unknown,963637846,24062,Leuven,60,
1214,"[1102421434, 3877190]",4.650629619647099,50.85185443628073,Sint-Jansbergsesteenweg,Unknown,"[1102421434, 3877190]",24062,Leuven,60,
1215,9810850,4.650944902557169,50.8543194879241,Unknown,Unknown,9810850,24062,Leuven,60,
1216,"[23120873, 195735948]",4.64391129367466,50.85400031464268,Lissenweg,Unknown,"[23120873, 195735948]",24062,Leuven,60,
1217,1159499052,4.642101627266234,50.85448230190163,Unknown,Unknown,1159499052,24062,Leuven,60,
1218,"[1303760152, 9810850, 1159499052]",4.646394066240809,50.8551684960981,Unknown,Unknown,"[1303760152, 9810850, 1159499052]",24062,Leuven,60,
1219,9810891,4.647590181321463,50.85345590533844,Unknown,Unknown,9810891,24062,Leuven,60,
1220,309097396,4.7016705853188,50.88323575252031,Unknown,Unknown,309097396,24062,Leuven,60,
1221,9864377,4.71656376760307,50.872319879473736,Alfred Delaunoislaan,Unknown,9864377,24062,Leuven,60,
1222,9900678,4.729782,50.86637795,Philipslaan,Unknown,9900678,24062,Leuven,60,
1223,22875174,4.728394398613284,50.867404083753314,Spaanse-Kroonlaan,Unknown,22875174,24062,Leuven,60,
1224,11989384,4.72540635,50.865487,Spaanse-Burchtlaan,Unknown,11989384,24062,Leuven,60,
1225,9904060,4.723200147883503,50.86777281744174,Spaanse-Kroonlaan,Unknown,9904060,24062,Leuven,60,
1226,9904064,4.7236756227210845,50.8662548831703,Hoegaardsestraat,Unknown,9904064,24062,Leuven,60,
1227,71407869,4.722572635231694,50.86790608764793,Hoegaardsestraat,Unknown,71407869,24062,Leuven,60,
1228,30050536,4.7260814628989465,50.86761120115394,Spaanse-Lindepad,Unknown,30050536,24062,Leuven,60,
1229,16767287,4.729184638003371,50.86801791403184,Oudebaan,Unknown,16767287,24062,Leuven,60,
1230,30050535,4.726367378959127,50.86829692487261,Spaanse-Lindelaan,Unknown,30050535,24062,Leuven,60,
1231,"[419978208, 419978209, 419978210, 419978211, 419978212, 9904108]",4.727181688873918,50.86960865158996,Koningin Elisabethlaan,Unknown,"[419978208, 419978209, 419978210, 419978211, 419978212, 9904108]",24062,Leuven,60,
1232,16767288,4.727973715746945,50.87052598561371,Tiensesteenweg,Unknown,16767288,24062,Leuven,60,
1233,80341408,4.727451282503054,50.87064584132773,Tiensesteenweg,Unknown,80341408,24062,Leuven,60,
1234,"[80341411, 1432415483]",4.727832396950259,50.87059300132777,Unknown,Unknown,"[80341411, 1432415483]",24062,Leuven,60,
1235,192509209,4.725630601397207,50.8645813083563,Unknown,Unknown,192509209,24062,Leuven,60,
1236,290745698,4.725831099319479,50.86423831533023,Hoegaardsestraat,Unknown,290745698,24062,Leuven,60,
1237,"[290745698, 952686862]",4.724986004865034,50.864617991908354,Hoegaardsestraat,Unknown,"[290745698, 952686862]",24062,Leuven,60,
1238,11994293,4.729765448511981,50.86506208424749,Ziekelingenstraat,Unknown,11994293,24062,Leuven,60,
1239,"[1060546848, 1060546849, 1060546850, 1060546851, 1060546852, 1060546853, 547743280, 192689371]",4.727353221068861,50.86326421166709,Hoegaardsestraat,Unknown,"[1060546848, 1060546849, 1060546850, 1060546851, 1060546852, 1060546853, 547743280, 192689371]",24062,Leuven,60,
1240,"[111535713, 111535715, 23443399]",4.727824753156677,50.86239706350977,Duivelsweg,Unknown,"[111535713, 111535715, 23443399]",24062,Leuven,60,
1241,"[1060353697, 1060353698, 1060353699]",4.728770276521874,50.86252953638191,Hoegaardsestraat,Unknown,"[1060353697, 1060353698, 1060353699]",24062,Leuven,60,
1242,11298651,4.731506813766794,50.861438161501866,Unknown,Unknown,11298651,24062,Leuven,60,
1243,"[517538538, 16383222]",4.730847364861466,50.86072565865708,Hoegaardsestraat,Unknown,"[517538538, 16383222]",24062,Leuven,60,
1244,"[1060353696, 1060353697, 23443398, 16383222]",4.729733372856145,50.86176716286848,Hoegaardsestraat,Unknown,"[1060353696, 1060353697, 23443398, 16383222]",24062,Leuven,60,
1245,"[93337264, 93337266, 9904031]",4.73102007696529,50.860112002480726,Hoegaardsestraat,Unknown,"[93337264, 93337266, 9904031]",24062,Leuven,60,
1246,20547596,4.731653158192971,50.86052944100449,Wittehoevelaan,Unknown,20547596,24062,Leuven,60,
1247,"[93337257, 1301073851, 93337262]",4.730374879922957,50.85964088981434,Haanhofweg,Unknown,"[93337257, 1301073851, 93337262]",24062,Leuven,60,
1248,794686347,4.731670398961739,50.85935132159452,Hoegaardsestraat,Unknown,794686347,24062,Leuven,60,
1249,9904025,4.732856869895685,50.85850237560081,Hoegaardsestraat,Unknown,9904025,24062,Leuven,60,
1250,9923877,4.7206826500000005,50.8652473,Norbertijnerweg,Unknown,9923877,24062,Leuven,60,
1251,"[9923874, 419034242]",4.719415093863349,50.865100813893314,Unknown,Unknown,"[9923874, 419034242]",24062,Leuven,60,
1252,"[1214840137, 1034518078]",4.721685473167711,50.86472398121344,Unknown,Unknown,"[1214840137, 1034518078]",24062,Leuven,60,
1253,119494911,4.72340715,50.864750400000005,Norbertijnerweg,Unknown,119494911,24062,Leuven,60,
1254,125472519,4.695517906801999,50.87657083037957,Boghe of Brandgang,Unknown,125472519,24062,Leuven,60,
1255,1154212133,4.696164207482645,50.87653809522953,Unknown,Unknown,1154212133,24062,Leuven,60,
1256,192509211,4.723315821486471,50.86486058759668,Unknown,Unknown,192509211,24062,Leuven,60,
1257,"[290745702, 290745705, 11995800, 16383581, 111535711]",4.724354558970902,50.86456582160015,Norbertijnerweg,Unknown,"[290745702, 290745705, 11995800, 16383581, 111535711]",24062,Leuven,60,
1258,"[419034240, 11995799]",4.724190800680128,50.86420700907574,Norbertijnerweg,Unknown,"[419034240, 11995799]",24062,Leuven,60,
1259,"[1463685128, 9950476, 547408032]",4.725721432472842,50.86098202576279,Duivelsweg,Unknown,"[1463685128, 9950476, 547408032]",24062,Leuven,60,
1260,137831628,4.725145707318094,50.859005860765215,Abdijstraat,Unknown,137831628,24062,Leuven,60,
1261,653480977,4.726305147288759,50.85827070604015,Abdijstraat,Unknown,653480977,24062,Leuven,60,
1262,23443399,4.72707335,50.8621367,Duivelsweg,Unknown,23443399,24062,Leuven,60,
1263,"[547408032, 1463685128, 9950476]",4.725721432472843,50.86098202576281,Duivelsweg,Unknown,"[547408032, 1463685128, 9950476]",24062,Leuven,60,
1264,"[11995799, 907021631]",4.725596794882916,50.86309049369879,Norbertijnerweg,Unknown,"[11995799, 907021631]",24062,Leuven,60,
1265,25851247,4.701144525612344,50.88410458769764,Lombaardenstraat,Unknown,25851247,24062,Leuven,60,
1266,25922239,4.703355650000001,50.88396755,Sint-Maartenstraat,Unknown,25922239,24062,Leuven,60,
1267,9852941,4.701628745239831,50.88523015266694,Kardinaalstraat,Unknown,9852941,24062,Leuven,60,
1268,"[3992549, 99500158]",4.7008538088617,50.88485415949074,Vaartstraat,Unknown,"[3992549, 99500158]",24062,Leuven,60,
1269,"[99500153, 844373396]",4.701099234091978,50.88596745127952,Vaartstraat,Unknown,"[99500153, 844373396]",24062,Leuven,60,
1270,10149534,4.70691145,50.88432865,Strijdersstraat,Unknown,10149534,24062,Leuven,60,
1271,608436906,4.706216477849632,50.88378022367561,Strijdersstraat,Unknown,608436906,24062,Leuven,60,
1272,"[31473619, 842361630]",4.706120328766718,50.883284966936046,Jan-Pieter Minckelersstraat,Unknown,"[31473619, 842361630]",24062,Leuven,60,
1273,"[315813016, 87304302]",4.707678623808301,50.88472318610068,Unknown,Unknown,"[315813016, 87304302]",24062,Leuven,60,
1274,20404734,4.706063673819177,50.91762546192774,Lijnloperspad,Unknown,20404734,24062,Leuven,60,
1275,"[21546008, 21546023]",4.708478586942652,50.91594510046142,Lijnloperspad,Unknown,"[21546008, 21546023]",24062,Leuven,60,
1276,1456381540,4.706716225396695,50.91660317549886,Unknown,Unknown,1456381540,24062,Leuven,60,
1277,21546023,4.709700264664967,50.913316273769375,Lijnloperspad,Unknown,21546023,24062,Leuven,60,
1278,275100924,4.711413824487236,50.91468745300535,Unknown,Unknown,275100924,24062,Leuven,60,
1279,25637252,4.709844376066694,50.91238971970395,Lijnloperspad,Unknown,25637252,24062,Leuven,60,
1280,"[15215704, 1446479651]",4.710079524498602,50.91288232690015,Henricus Bosmanslaan,Unknown,"[15215704, 1446479651]",24062,Leuven,60,
1281,"[1458135050, 1458135051, 37713148]",4.701990615199969,50.922345465793455,Remylaan,Unknown,"[1458135050, 1458135051, 37713148]",24062,Leuven,60,
1282,"[10155186, 1488941466]",4.699436215608783,50.90006125168054,Leopold Decouxlaan,Unknown,"[10155186, 1488941466]",24062,Leuven,60,
1283,10155186,4.698677867696737,50.89856038751544,Leopold Decouxlaan,Unknown,10155186,24062,Leuven,60,
1284,10155289,4.700104382945864,50.89937363776178,Hagelandstraat,Unknown,10155289,24062,Leuven,60,
1285,25806809,4.7011228,50.90070345,Processiestraat,Unknown,25806809,24062,Leuven,60,
1286,1488941466,4.7003546,50.90047745,Leopold Decouxlaan,Unknown,1488941466,24062,Leuven,60,
1287,10155237,4.700806033640428,50.89989664997761,Ferdinand Perdieusstraat,Unknown,10155237,24062,Leuven,60,
1288,122817923,4.700018951723416,50.901078678050894,Unknown,Unknown,122817923,24062,Leuven,60,
1289,79022450,4.70214425,50.9010077,Processiestraat,Unknown,79022450,24062,Leuven,60,
1290,29013123,4.704376892211871,50.90088923373302,Processiestraat,Unknown,29013123,24062,Leuven,60,
1291,53086866,4.702770380311563,50.90125820531544,Unknown,Unknown,53086866,24062,Leuven,60,
1292,25806812,4.7019835,50.8992171,Spaarzaamheidstraat,Unknown,25806812,24062,Leuven,60,
1293,25806813,4.702263899283705,50.8985426958248,Hagelandstraat,Unknown,25806813,24062,Leuven,60,
1294,25806814,4.701651783183077,50.89914113600484,Hagelandstraat,Unknown,25806814,24062,Leuven,60,
1295,"[25806811, 23041590]",4.701588454936075,50.901338281841205,Tunnelstraat,Unknown,"[25806811, 23041590]",24062,Leuven,60,
1296,25933419,4.69844798101624,50.89512613312979,Kapellelaan,Unknown,25933419,24062,Leuven,60,
1297,925357724,4.698413312957835,50.89568101346743,Leopold Decouxlaan,Unknown,925357724,24062,Leuven,60,
1298,17417027,4.698982035702717,50.89622125767384,Hoge-Berglaan,Unknown,17417027,24062,Leuven,60,
1299,17417330,4.699913460458521,50.89771825383525,Englebert Carleerlaan,Unknown,17417330,24062,Leuven,60,
1300,10155462,4.701531782168304,50.89308861155701,Unknown,Unknown,10155462,24062,Leuven,60,
1301,25933421,4.701054000015633,50.89301709228848,Panoramalaan,Unknown,25933421,24062,Leuven,60,
1302,17416988,4.701601954573387,50.89331645236488,Bleydenberglaan,Unknown,17416988,24062,Leuven,60,
1303,25933426,4.703126298807789,50.89204751568112,Panoramalaan,Unknown,25933426,24062,Leuven,60,
1304,25806807,4.701582288446281,50.89247075044515,Bleydenberglaan,Unknown,25806807,24062,Leuven,60,
1305,53063942,4.695680203135803,50.88614304686841,Marrainenplein,Unknown,53063942,24062,Leuven,60,
1306,3869830,4.6935675,50.87750235,Minderbroedersstraat,Unknown,3869830,24062,Leuven,60,
1307,"[1285919356, 1379335815]",4.693588718066875,50.87787334848007,Augusta Chiwystraat,Unknown,"[1285919356, 1379335815]",24062,Leuven,60,
1308,970660933,4.716463875287954,50.88388663478982,IJzerenwegstraat,Unknown,970660933,24062,Leuven,60,
1309,1426256735,4.716011645581721,50.883795942762426,Unknown,Unknown,1426256735,24062,Leuven,60,
1310,53080482,4.718981100497112,50.90644295178898,Linninkpad,Unknown,53080482,24062,Leuven,60,
1311,114935421,4.7190454540832585,50.90670346679903,Unknown,Unknown,114935421,24062,Leuven,60,
1312,658907065,4.719316599263986,50.90632681949337,Unknown,Unknown,658907065,24062,Leuven,60,
1313,658907066,4.719163675184181,50.90653472532137,Linninkpad,Unknown,658907066,24062,Leuven,60,
1314,27682268,4.730311614314648,50.90279708321551,Liemingenstraat,Unknown,27682268,24062,Leuven,60,
1315,179540256,4.727683402144413,50.90302093989772,Bergstraat,Unknown,179540256,24062,Leuven,60,
1316,179540257,4.730259002083512,50.90338932232167,Bergstraat,Unknown,179540257,24062,Leuven,60,
1317,79366166,4.734146325914619,50.899819794739365,Holsbeeksesteenweg,Unknown,79366166,24062,Leuven,60,
1318,179540260,4.733362147114328,50.900237249940425,Liemingenstraat,Unknown,179540260,24062,Leuven,60,
1319,23950553,4.729384765574075,50.896550449907856,Bruineveldpad,Unknown,23950553,24062,Leuven,60,
1320,23957046,4.730678102931084,50.89543974821384,Holsbeeksesteenweg,Unknown,23957046,24062,Leuven,60,
1321,"[38211720, 179193410]",4.731424814262633,50.89687457753289,Holsbeeksesteenweg,Unknown,"[38211720, 179193410]",24062,Leuven,60,
1322,"[1243620172, 38212557]",4.730469904307227,50.89383406683748,Unknown,Unknown,"[1243620172, 38212557]",24062,Leuven,60,
1323,"[1243620173, 38212557]",4.730578199941419,50.893827049091385,Unknown,Unknown,"[1243620173, 38212557]",24062,Leuven,60,
1324,192359875,4.7304937551786255,50.89369692185778,Holsbeeksesteenweg,Unknown,192359875,24062,Leuven,60,
1325,781122761,4.730583403044042,50.8941039592827,Holsbeeksesteenweg,Unknown,781122761,24062,Leuven,60,
1326,"[13823570, 192359875]",4.73013496294302,50.89201634763529,Holsbeeksesteenweg,Unknown,"[13823570, 192359875]",24062,Leuven,60,
1327,27625957,4.7309776323372565,50.89118059406014,Vlierbeeklaan,Unknown,27625957,24062,Leuven,60,
1328,192359873,4.729833251150938,50.890838487832,Gemeenteplein,Unknown,192359873,24062,Leuven,60,
1329,125835551,4.729400200000001,50.89050995,Gemeenteplein,Unknown,125835551,24062,Leuven,60,
1330,33284920,4.729548177035396,50.89036257894569,Gemeenteplein,Unknown,33284920,24062,Leuven,60,
1331,125835552,4.728980038450882,50.890372968152526,Gemeentestraat,Unknown,125835552,24062,Leuven,60,
1332,27566523,4.727124349703283,50.88496600559125,Elfnovemberlaan,Unknown,27566523,24062,Leuven,60,
1333,521257409,4.72892595201709,50.88455342674877,Diestsesteenweg,Unknown,521257409,24062,Leuven,60,
1334,128494233,4.7205623,50.88142725,Werkhuizenstraat,Unknown,128494233,24062,Leuven,60,
1335,154927950,4.72054785,50.8813114,Karel Schurmansstraat,Unknown,154927950,24062,Leuven,60,
1336,126304928,4.720870406633807,50.88144668417885,Jozef Wautersstraat,Unknown,126304928,24062,Leuven,60,
1337,126304952,4.71830395,50.882653950000005,Rondestraat,Unknown,126304952,24062,Leuven,60,
1338,69253094,4.71823025161354,50.88257789352996,Rondestraat,Unknown,69253094,24062,Leuven,60,
1339,41530808,4.720231249999999,50.87971,Willem Coosemansstraat,Unknown,41530808,24062,Leuven,60,
1340,1010515586,4.721829302334631,50.88003397910002,Spaarstraat,Unknown,1010515586,24062,Leuven,60,
1341,292233689,4.69984285,50.88168875,Vismarkt,Unknown,292233689,24062,Leuven,60,
1342,292794057,4.700459173207198,50.88033732253313,Schrijnmakersstraat,Unknown,292794057,24062,Leuven,60,
1343,292233691,4.7003057,50.8817066,Vismarkt,Unknown,292233691,24062,Leuven,60,
1344,99500157,4.700398979027501,50.88166567616906,Vissersstraat,Unknown,99500157,24062,Leuven,60,
1345,13865507,4.698659856915596,50.88162607831798,Craenendonck,Unknown,13865507,24062,Leuven,60,
1346,125835563,4.697662164815411,50.88196409631811,Lei,Unknown,125835563,24062,Leuven,60,
1347,21550057,4.699108040653948,50.8818855383411,Mechelsestraat,Unknown,21550057,24062,Leuven,60,
1348,126348341,4.698334365366782,50.88212105823082,Lei,Unknown,126348341,24062,Leuven,60,
1349,"[126409539, 8412197, 126409542]",4.698022989896098,50.88407860453258,"['Pereboomstraat', 'Halvestraat']",Unknown,"[126409539, 8412197, 126409542]",24062,Leuven,60,
1350,8412197,4.697568731795884,50.88364273866033,Halvestraat,Unknown,8412197,24062,Leuven,60,
1351,"[842361632, 147856942]",4.696697541236957,50.88410596077893,Pereboomstraat,Unknown,"[842361632, 147856942]",24062,Leuven,60,
1352,"[99500128, 99500129, 306871583]",4.699836368113784,50.88435083329367,Halfmaartstraat,Unknown,"[99500128, 99500129, 306871583]",24062,Leuven,60,
1353,99500128,4.700418750567395,50.8843409333813,Halfmaartstraat,Unknown,99500128,24062,Leuven,60,
1354,843033244,4.7081418500000005,50.86897895,Unknown,Unknown,843033244,24062,Leuven,60,
1355,199381118,4.708098715869033,50.86903190903949,Geldenaaksebaan,Unknown,199381118,24062,Leuven,60,
1356,"[616174258, 616174259, 616174267]",4.708243258869068,50.8690167919854,Unknown,Unknown,"[616174258, 616174259, 616174267]",24062,Leuven,60,
1357,23119322,4.710217399999999,50.8698991,Unknown,Unknown,23119322,24062,Leuven,60,
1358,23119326,4.710230257495023,50.86999968935236,Nieuwe Kerkhofdreef,Unknown,23119326,24062,Leuven,60,
1359,105073087,4.716022283448595,50.87697015458133,Unknown,Unknown,105073087,24062,Leuven,60,
1360,17023814,4.711317245628996,50.87090939678959,Kerkhofdreef,Unknown,17023814,24062,Leuven,60,
1361,"[128494232, 23119322]",4.712114171385691,50.87150203092486,Unknown,Unknown,"[128494232, 23119322]",24062,Leuven,60,
1362,105073077,4.714665171287251,50.873692973731416,Unknown,Unknown,105073077,24062,Leuven,60,
1363,8590413,4.715181086155892,50.874444361320215,Tiensevest,Unknown,8590413,24062,Leuven,60,
1364,8657101,4.7098568,50.88624375,Unknown,Unknown,8657101,24062,Leuven,60,
1365,"[1426256737, 320591283]",4.710978008507462,50.885833150203176,Unknown,Unknown,"[1426256737, 320591283]",24062,Leuven,60,
1366,22907224,4.70977495,50.8866122,Unknown,Unknown,22907224,24062,Leuven,60,
1367,"[970357680, 22476057, 970345111]",4.712052679725786,50.8856511155617,Unknown,Unknown,"[970357680, 22476057, 970345111]",24062,Leuven,60,
1368,23041588,4.709847509618397,50.88654594156925,Unknown,Unknown,23041588,24062,Leuven,60,
1369,1449467691,4.7355999,50.88513415,Diestsesteenweg,Unknown,1449467691,24062,Leuven,60,
1370,"[940919065, 1089609637, 139521593]",4.735084910325864,50.8862227760076,Borstelsstraat,Unknown,"[940919065, 1089609637, 139521593]",24062,Leuven,60,
1371,"[940919066, 126304950]",4.735740279998743,50.88501920829233,Rerum Novarumlaan,Unknown,"[940919066, 126304950]",24062,Leuven,60,
1372,1089609641,4.735881559389821,50.885168443920186,Diestsesteenweg,Unknown,1089609641,24062,Leuven,60,
1373,79852586,4.76807945,50.8895134,Diestsesteenweg,Unknown,79852586,24062,Leuven,60,
1374,"[194820312, 240410479]",4.7667388638206,50.88939947975259,Diestsesteenweg,Unknown,"[194820312, 240410479]",24062,Leuven,60,
1375,1443222594,4.767828900487741,50.88946418203279,Rozenpad,Unknown,1443222594,24062,Leuven,60,
1376,10358914,4.713307997152224,50.87252210415895,Unknown,Unknown,10358914,24062,Leuven,60,
1377,"[857806576, 857806575]",4.713549419344607,50.87281104766057,Geldenaaksevest,Unknown,"[857806576, 857806575]",24062,Leuven,60,
1378,"[931966075, 9713679]",4.713369368805988,50.87217983319952,Léon Schreursvest,Unknown,"[931966075, 9713679]",24062,Leuven,60,
1379,440732694,4.71835375,50.9014576,Kesseldallaan,Unknown,440732694,24062,Leuven,60,
1380,10362550,4.718486500541644,50.901505652108334,Kesselsteinplein,Unknown,10362550,24062,Leuven,60,
1381,"[440732696, 112566010]",4.71881308085668,50.902194305768354,Kesseldallaan,Unknown,"[440732696, 112566010]",24062,Leuven,60,
1382,13823562,4.721315698245611,50.902175955746834,Edelzangerslaan,Unknown,13823562,24062,Leuven,60,
1383,"[149116008, 149116004]",4.721465345513511,50.90162683723399,"['Patrijzenlaan', 'Wielewaallaan']",Unknown,"[149116008, 149116004]",24062,Leuven,60,
1384,149116004,4.721504906768321,50.90258732609003,Patrijzenlaan,Unknown,149116004,24062,Leuven,60,
1385,174796276,4.7341208510293,50.89138068720886,Molenstraat,Unknown,174796276,24062,Leuven,60,
1386,"[174796288, 174796645, 174796646]",4.734013827289671,50.89189780301505,Abdij Vlierbeek,Unknown,"[174796288, 174796645, 174796646]",24062,Leuven,60,
1387,16208382,4.735354065606758,50.88967073315231,Molenstraat,Unknown,16208382,24062,Leuven,60,
1388,17767536,4.735855416021645,50.89024549963556,Kortrijksestraat,Unknown,17767536,24062,Leuven,60,
1389,1201366335,4.734054821482196,50.889840410345215,Kortrijksestraat,Unknown,1201366335,24062,Leuven,60,
1390,15081954,4.730657251455946,50.88886387049252,Kortrijksestraat,Unknown,15081954,24062,Leuven,60,
1391,33284919,4.73157851421816,50.88895675929128,Borstelsstraat,Unknown,33284919,24062,Leuven,60,
1392,1201366336,4.732154967336244,50.889401736988106,Kortrijksestraat,Unknown,1201366336,24062,Leuven,60,
1393,139695841,4.7299199092392685,50.88800397055266,Kortrijksestraat,Unknown,139695841,24062,Leuven,60,
1394,18491551,4.728502063750986,50.88676767901219,Rustoordlaan,Unknown,18491551,24062,Leuven,60,
1395,15238479,4.727518,50.8863969,Kortrijksestraat,Unknown,15238479,24062,Leuven,60,
1396,1203332666,4.7275431388975,50.886461333304645,Unknown,Unknown,1203332666,24062,Leuven,60,
1397,"[12705612, 15238479]",4.726727599572591,50.88596613687193,Kortrijksestraat,Unknown,"[12705612, 15238479]",24062,Leuven,60,
1398,25093894,4.6912892,50.8385433,Grezweg,Unknown,25093894,24062,Leuven,60,
1399,268835765,4.692050549999999,50.8404164,Grezweg,Unknown,268835765,24062,Leuven,60,
1400,10363023,4.691889094945294,50.84040189759392,Prosperdreef,Unknown,10363023,24062,Leuven,60,
1401,24374652,4.692628892640224,50.83879104663093,Prosperdreef,Unknown,24374652,24062,Leuven,60,
1402,73537829,4.689602098672794,50.83984040713645,Damendreef,Unknown,73537829,24062,Leuven,60,
1403,85389807,4.693452654046069,50.84055547814217,Damendreef,Unknown,85389807,24062,Leuven,60,
1404,119260780,4.70324695,50.84674635,Kerspelstraat,Unknown,119260780,24062,Leuven,60,
1405,115395460,4.702760313309294,50.847718794728245,Kerspelstraat,Unknown,115395460,24062,Leuven,60,
1406,375622431,4.702222675972867,50.84715024694184,Unknown,Unknown,375622431,24062,Leuven,60,
1407,75104690,4.6972261500000005,50.84125275,Damendreef,Unknown,75104690,24062,Leuven,60,
1408,1449647286,4.697230472589056,50.841152376258925,Naamsesteenweg,Unknown,1449647286,24062,Leuven,60,
1409,117926044,4.677654,50.84291029999999,Lozeweg,Unknown,117926044,24062,Leuven,60,
1410,117926045,4.67644895,50.8433685,Bierbeekpleindreef,Unknown,117926045,24062,Leuven,60,
1411,117926056,4.67697435,50.84442225,Lozeweg,Unknown,117926056,24062,Leuven,60,
1412,117926058,4.678196700000001,50.84369065,Bierbeekpleindreef,Unknown,117926058,24062,Leuven,60,
1413,117926054,4.67586398208565,50.842569994951184,Van Harcourtdreef,Unknown,117926054,24062,Leuven,60,
1414,"[1279372352, 105447667, 105447589]",4.719095097230699,50.85646908900725,Geldenaaksebaan,Unknown,"[1279372352, 105447667, 105447589]",24062,Leuven,60,
1415,653480981,4.72605275,50.855733400000005,Unknown,Unknown,653480981,24062,Leuven,60,
1416,11995093,4.72703611813166,50.857545253271695,Unknown,Unknown,11995093,24062,Leuven,60,
1417,"[293149632, 608715541]",4.6986552417661045,50.88067545573258,Dirk Boutslaan,Unknown,"[293149632, 608715541]",24062,Leuven,60,
1418,11064172,4.728270350000001,50.85339145,Technologielaan,Unknown,11064172,24062,Leuven,60,
1419,22966634,4.72811325,50.8533779,Esperantolaan,Unknown,22966634,24062,Leuven,60,
1420,10575877,4.72800899987438,50.85343104929719,Technologielaan,Unknown,10575877,24062,Leuven,60,
1421,231212160,4.7329246000000005,50.852833450000006,Unknown,Unknown,231212160,24062,Leuven,60,
1422,622063628,4.7329422,50.852885400000005,Evenementenlaan,Unknown,622063628,24062,Leuven,60,
1423,231212174,4.73429655,50.85218065,Unknown,Unknown,231212174,24062,Leuven,60,
1424,622063622,4.73435475,50.852204,Stenenkruis,Unknown,622063622,24062,Leuven,60,
1425,231212161,4.7350812,50.85022800000001,Unknown,Unknown,231212161,24062,Leuven,60,
1426,1084279279,4.73499485,50.8502112,Interleuvenlaan,Unknown,1084279279,24062,Leuven,60,
1427,11064175,4.735488164147268,50.84952521320436,Interleuvenlaan,Unknown,11064175,24062,Leuven,60,
1428,10575967,4.735738899999999,50.84679735,Romeinse straat,Unknown,10575967,24062,Leuven,60,
1429,231212151,4.7356808500000005,50.846842,Unknown,Unknown,231212151,24062,Leuven,60,
1430,10575878,4.72755,50.8483223,Interleuvenlaan,Unknown,10575878,24062,Leuven,60,
1431,231212158,4.72762425,50.84834495,Unknown,Unknown,231212158,24062,Leuven,60,
1432,"[114697802, 1346929430, 1346929431]",4.72685823865503,50.84935832474089,Interleuvenlaan,Unknown,"[114697802, 1346929430, 1346929431]",24062,Leuven,60,
1433,11064178,4.7262031,50.85116665,Interleuvenlaan,Unknown,11064178,24062,Leuven,60,
1434,114697802,4.726233150093891,50.85107135345949,Interleuvenlaan,Unknown,114697802,24062,Leuven,60,
1435,254801120,4.726292972092546,50.85123300185268,Esperantolaan,Unknown,254801120,24062,Leuven,60,
1436,90623611,4.7263237,50.851398,Unknown,Unknown,90623611,24062,Leuven,60,
1437,11995095,4.724978164442563,50.85391373833536,Abdijstraat,Unknown,11995095,24062,Leuven,60,
1438,263756842,4.732665450000001,50.85565450000001,Unknown,Unknown,263756842,24062,Leuven,60,
1439,263756810,4.732268796003278,50.85594878488484,Evenementenlaan,Unknown,263756810,24062,Leuven,60,
1440,263756843,4.73191896865778,50.85601049422406,Unknown,Unknown,263756843,24062,Leuven,60,
1441,10575982,4.73712728087532,50.845518192917645,Romeinse straat,Unknown,10575982,24062,Leuven,60,
1442,"[11064179, 637167003, 608439581]",4.739638061386633,50.84551990426841,Stenenkruis,Unknown,"[11064179, 637167003, 608439581]",24062,Leuven,60,
1443,"[23366452, 23366454]",4.738158727750932,50.848812274972055,Stenenkruis,Unknown,"[23366452, 23366454]",24062,Leuven,60,
1444,24772448,4.740179068916636,50.84471484706253,Stenenkruis,Unknown,24772448,24062,Leuven,60,
1445,"[637167003, 11064179, 608439581]",4.739638061386634,50.84551990426841,Stenenkruis,Unknown,"[637167003, 11064179, 608439581]",24062,Leuven,60,
1446,23295823,4.736429252149604,50.8438523668869,Stenenkruis,Unknown,23295823,24062,Leuven,60,
1447,442213054,4.73671105,50.84470205,Unknown,Unknown,442213054,24062,Leuven,60,
1448,14556532,4.7255588500000005,50.846399700000006,Geldenaaksebaan,Unknown,14556532,24062,Leuven,60,
1449,1431707300,4.72557265,50.84635965,Unknown,Unknown,1431707300,24062,Leuven,60,
1450,25706066,4.6949228000000005,50.93799115,Michielstraat,Unknown,25706066,24062,Leuven,60,
1451,1497196254,4.6948786,50.93798289999999,Unknown,Unknown,1497196254,24062,Leuven,60,
1452,"[283982809, 53507802]",4.69475769337708,50.93826808876496,Rotselaarsesteenweg,Unknown,"[283982809, 53507802]",24062,Leuven,60,
1453,283982809,4.69531693512911,50.937552574396165,Rotselaarsesteenweg,Unknown,283982809,24062,Leuven,60,
1454,25706067,4.69316365,50.94175969999999,Ruitersveld,Unknown,25706067,24062,Leuven,60,
1455,"[1458135049, 53507802, 13899341]",4.693446717080512,50.9408010365887,"['Rotselaarsesteenweg', 'Vijfde Liniestraat / Rotselaarsesteenweg']",Unknown,"[1458135049, 53507802, 13899341]",24062,Leuven,60,
1456,10682375,4.7231968897386,50.87297261606645,Unknown,Unknown,10682375,24062,Leuven,60,
1457,121562243,4.723595351345844,50.87325440992666,Platte-Lostraat,Unknown,121562243,24062,Leuven,60,
1458,85798399,4.72619675,50.8735257,Platte-Lostraat,Unknown,85798399,24062,Leuven,60,
1459,10682396,4.725148425630753,50.87421191268408,Jan Vandeveldelaan,Unknown,10682396,24062,Leuven,60,
1460,10682324,4.727692645096499,50.8733232877896,Louis Pasteurwijk,Unknown,10682324,24062,Leuven,60,
1461,10672787,4.7319244000000005,50.87266725,Predikherenberg,Unknown,10672787,24062,Leuven,60,
1462,10649854,4.732196073982861,50.873800438861416,Grensstraat,Unknown,10649854,24062,Leuven,60,
1463,"[419978206, 79940703]",4.731079529279191,50.87227076925541,Grensstraat,Unknown,"[419978206, 79940703]",24062,Leuven,60,
1464,10649359,4.743800101208854,50.87212445246336,Tiggelpad,Unknown,10649359,24062,Leuven,60,
1465,76844534,4.744049809514388,50.8714134824361,Tiggelpad,Unknown,76844534,24062,Leuven,60,
1466,"[79942234, 1116332228]",4.741998471603,50.87188983654976,Tiggelpad,Unknown,"[79942234, 1116332228]",24062,Leuven,60,
1467,11302394,4.74646632085654,50.87108285620848,Tiggelpad,Unknown,11302394,24062,Leuven,60,
1468,11988435,4.744824877833167,50.8709254949512,Unknown,Unknown,11988435,24062,Leuven,60,
1469,10649851,4.745146517873868,50.87261967640436,Trolieberg,Unknown,10649851,24062,Leuven,60,
1470,318218554,4.743619122282321,50.872758684780585,Trolieberg,Unknown,318218554,24062,Leuven,60,
1471,76844955,4.7481786,50.8710227,Sint-Martinusberg,Unknown,76844955,24062,Leuven,60,
1472,79947984,4.7499447724356205,50.8719258767909,Tiggelpad,Unknown,79947984,24062,Leuven,60,
1473,11302396,4.75077171135911,50.87271080591531,Lange Lostraat,Unknown,11302396,24062,Leuven,60,
1474,10672083,4.7594414,50.87587915,Heidebergstraat,Unknown,10672083,24062,Leuven,60,
1475,173087313,4.760897679762561,50.87719026907013,Pasteelsblokweg,Unknown,173087313,24062,Leuven,60,
1476,"[173087312, 11029459]",4.760989006908167,50.87894339922995,Unknown,Unknown,"[173087312, 11029459]",24062,Leuven,60,
1477,"[173087313, 10649514]",4.7633301644743336,50.8784162989285,"['Pasteelsblokweg', 'Kamperfoeliepad']",Unknown,"[173087313, 10649514]",24062,Leuven,60,
1478,61596758,4.756995532300572,50.87591825190538,Heidebergstraat,Unknown,61596758,24062,Leuven,60,
1479,112917249,4.756784009634102,50.87584374874775,Heidebergstraat,Unknown,112917249,24062,Leuven,60,
1480,23707016,4.751781093176826,50.87445766293091,Willem Quarrélaan,Unknown,23707016,24062,Leuven,60,
1481,"[13071233, 13072524, 10649957]",4.743996875385334,50.87403851806804,Vosseweg,Unknown,"[13071233, 13072524, 10649957]",24062,Leuven,60,
1482,11256172,4.740737394186087,50.873777504526174,Kluisdelle,Unknown,11256172,24062,Leuven,60,
1483,192706272,4.7389251142462205,50.87359284655873,Trolieberg,Unknown,192706272,24062,Leuven,60,
1484,"[11256172, 10649956]",4.739700065527819,50.87484715676427,"['Losbergenlaan', 'Kluisdelle']",Unknown,"[11256172, 10649956]",24062,Leuven,60,
1485,"[192706272, 97233939]",4.736568928183251,50.87375245378863,Trolieberg,Unknown,"[192706272, 97233939]",24062,Leuven,60,
1486,10649853,4.730771057524138,50.87443570280488,Grensstraat,Unknown,10649853,24062,Leuven,60,
1487,11256343,4.731161741036055,50.87447855339638,Koetsweg,Unknown,11256343,24062,Leuven,60,
1488,"[97233939, 800673084, 192706269]",4.732891136760449,50.87416811551603,Trolieberg,Unknown,"[97233939, 800673084, 192706269]",24062,Leuven,60,
1489,10682496,4.729770610106358,50.87450939181287,Koetsweg,Unknown,10682496,24062,Leuven,60,
1490,1432544614,4.72922,50.87021935,Tiensesteenweg,Unknown,1432544614,24062,Leuven,60,
1491,"[1432544589, 608916230]",4.728884383269056,50.8703045349567,Tiensesteenweg,Unknown,"[1432544589, 608916230]",24062,Leuven,60,
1492,69217080,4.730747980788961,50.874579142749305,Koetsweg,Unknown,69217080,24062,Leuven,60,
1493,1468921616,4.7311611063315,50.87467391397028,Unknown,Unknown,1468921616,24062,Leuven,60,
1494,11029844,4.740579045983151,50.87432743699052,Troliebergplein,Unknown,11029844,24062,Leuven,60,
1495,"[10649956, 11256172]",4.739700065527819,50.87484715676427,"['Kluisdelle', 'Losbergenlaan']",Unknown,"[10649956, 11256172]",24062,Leuven,60,
1496,11029553,4.7568401,50.87580775,Heidebloempad,Unknown,11029553,24062,Leuven,60,
1497,79801761,4.756925377660736,50.87584032966303,Heidebergstraat,Unknown,79801761,24062,Leuven,60,
1498,10650041,4.756897087133895,50.87518691190594,Beverloopad,Unknown,10650041,24062,Leuven,60,
1499,79801760,4.756897950762975,50.87598491302911,Heidebergstraat,Unknown,79801760,24062,Leuven,60,
1500,150497127,4.757755641468986,50.876913314676784,Heidebloempad,Unknown,150497127,24062,Leuven,60,
1501,61596750,4.756751406216472,50.87594385719863,Heidebergstraat,Unknown,61596750,24062,Leuven,60,
1502,"[112917248, 192706265, 318216944, 192706264]",4.756191575780888,50.87628855686379,Heidebergstraat,Unknown,"[112917248, 192706265, 318216944, 192706264]",24062,Leuven,60,
1503,"[142770803, 10650396]",4.747417957205702,50.86927230999923,Unknown,Unknown,"[142770803, 10650396]",24062,Leuven,60,
1504,10672054,4.744124444597639,50.86769103069594,Pellenbergstraat,Unknown,10672054,24062,Leuven,60,
1505,"[192689385, 90636634]",4.740926940740377,50.86751043025383,Tiensesteenweg,Unknown,"[192689385, 90636634]",24062,Leuven,60,
1506,"[1432544616, 339533454]",4.741642265704408,50.867343572002525,Tiensesteenweg,Unknown,"[1432544616, 339533454]",24062,Leuven,60,
1507,101619136,4.720150925557726,50.87340662578554,Koning Albertlaan,Unknown,101619136,24062,Leuven,60,
1508,"[1482033396, 101619135]",4.721617305787655,50.8738410416016,Koning Albertlaan,Unknown,"[1482033396, 101619135]",24062,Leuven,60,
1509,10673268,4.723556399289759,50.87377797063493,Guido Gezellelaan,Unknown,10673268,24062,Leuven,60,
1510,101619135,4.723196900096977,50.87440859172515,Koning Albertlaan,Unknown,101619135,24062,Leuven,60,
1511,12195285,4.72729320497547,50.87713196054519,Koning Albertlaan,Unknown,12195285,24062,Leuven,60,
1512,25155107,4.72707224924396,50.87726749767808,Willem Coosemansstraat,Unknown,25155107,24062,Leuven,60,
1513,10657957,4.727101372347934,50.877537035274514,Prins-Regentlaan,Unknown,10657957,24062,Leuven,60,
1514,61596558,4.7250486042643045,50.877959997960986,Willem Coosemansstraat,Unknown,61596558,24062,Leuven,60,
1515,23707218,4.730238099999999,50.8779647,Koning Albertplein,Unknown,23707218,24062,Leuven,60,
1516,10672177,4.730671446659522,50.87816545724623,Lijsterlaan,Unknown,10672177,24062,Leuven,60,
1517,"[112917228, 112917229, 1192094894]",4.730068969081662,50.878280203276,"['Lijsterlaan', 'Prins-Regentplein']",Unknown,"[112917228, 112917229, 1192094894]",24062,Leuven,60,
1518,10672176,4.732824773228525,50.879009355213526,Duivenstraat,Unknown,10672176,24062,Leuven,60,
1519,29586996,4.733524618257183,50.87949247753556,Lijsterlaan,Unknown,29586996,24062,Leuven,60,
1520,"[112917233, 608754699]",4.732641008977686,50.87908538037963,Lijsterlaan,Unknown,"[112917233, 608754699]",24062,Leuven,60,
1521,10672174,4.733399302745491,50.87693075403546,Gaston Eyskenslaan,Unknown,10672174,24062,Leuven,60,
1522,23436182,4.733472147950742,50.87761164057647,Platte-Lostraat,Unknown,23436182,24062,Leuven,60,
1523,23436187,4.732762128352431,50.877076552195575,Platte-Lostraat,Unknown,23436187,24062,Leuven,60,
1524,608754692,4.736985224206704,50.8760521014996,Koetsweg,Unknown,608754692,24062,Leuven,60,
1525,10672135,4.7428141,50.87734145,Koetsweg,Unknown,10672135,24062,Leuven,60,
1526,"[608754691, 608754692, 10672135]",4.742313868396369,50.87721088608375,Koetsweg,Unknown,"[608754691, 608754692, 10672135]",24062,Leuven,60,
1527,146972249,4.742892490895175,50.87718031623492,Unknown,Unknown,146972249,24062,Leuven,60,
1528,"[277293098, 23707007]",4.744600898917882,50.877389294516135,Unknown,Unknown,"[277293098, 23707007]",24062,Leuven,60,
1529,109574462,4.746740678612388,50.87806308320785,Unknown,Unknown,109574462,24062,Leuven,60,
1530,35731426,4.731157,50.87484865,Romain Rollandstraat,Unknown,35731426,24062,Leuven,60,
1531,69217079,4.73135635,50.8749331,Romain Rollandstraat,Unknown,69217079,24062,Leuven,60,
1532,"[10681993, 69158351]",4.728026485825443,50.87583664115913,Schoolstraat,Unknown,"[10681993, 69158351]",24062,Leuven,60,
1533,10682322,4.726231526518542,50.875694514893794,Ontvoogdingstraat,Unknown,10682322,24062,Leuven,60,
1534,125141527,4.727544875909821,50.87499035018524,Ontvoogdingstraat,Unknown,125141527,24062,Leuven,60,
1535,10682323,4.726038362126592,50.874637816935504,August Vermeylenlaan,Unknown,10682323,24062,Leuven,60,
1536,10682325,4.727978818988005,50.87259751270039,Overwinningstraat,Unknown,10682325,24062,Leuven,60,
1537,10682326,4.728917868765366,50.873239778434815,Overwinningstraat,Unknown,10682326,24062,Leuven,60,
1538,11028139,4.726474359098754,50.87173162960328,Overwinningstraat,Unknown,11028139,24062,Leuven,60,
1539,10682374,4.7239044,50.87212725,Unknown,Unknown,10682374,24062,Leuven,60,
1540,10682378,4.7240819,50.87203395,Unknown,Unknown,10682378,24062,Leuven,60,
1541,282774830,4.72589135,50.87298905,Unknown,Unknown,282774830,24062,Leuven,60,
1542,282774828,4.726200422474718,50.87318595330193,Unknown,Unknown,282774828,24062,Leuven,60,
1543,10682377,4.726602973976394,50.87333231099209,Unknown,Unknown,10682377,24062,Leuven,60,
1544,10682376,4.723877170324561,50.8726732818864,Unknown,Unknown,10682376,24062,Leuven,60,
1545,460905448,4.725198884376287,50.873096925057126,Unknown,Unknown,460905448,24062,Leuven,60,
1546,282774829,4.726592504214898,50.87305523847093,Unknown,Unknown,282774829,24062,Leuven,60,
1547,10682379,4.726931746791186,50.87285242619343,Unknown,Unknown,10682379,24062,Leuven,60,
1548,554838315,4.726633530483735,50.872978760731066,Unknown,Unknown,554838315,24062,Leuven,60,
1549,974936719,4.7264198,50.87300919999999,Unknown,Unknown,974936719,24062,Leuven,60,
1550,974936718,4.725875090854798,50.87279937079529,Unknown,Unknown,974936718,24062,Leuven,60,
1551,10682451,4.727283862488766,50.87253616750271,Onafhankelijkheidsstraat,Unknown,10682451,24062,Leuven,60,
1552,10682450,4.725736285378143,50.87203992646196,Eeuwfeeststraat,Unknown,10682450,24062,Leuven,60,
1553,"[86203344, 742307325]",4.7242925042792985,50.871383818381176,Tiensesteenweg,Unknown,"[86203344, 742307325]",24062,Leuven,60,
1554,742307329,4.724532971542001,50.87131048575488,Tiensesteenweg,Unknown,742307329,24062,Leuven,60,
1555,121562245,4.7304628519316,50.87353169020047,Verenigingstraat,Unknown,121562245,24062,Leuven,60,
1556,10682497,4.728924253594655,50.874544108793415,Koetsweg,Unknown,10682497,24062,Leuven,60,
1557,121562247,4.729140502417088,50.874405810471245,Koetsweg,Unknown,121562247,24062,Leuven,60,
1558,69087166,4.729541336864973,50.87511671064012,Platte-Lostraat,Unknown,69087166,24062,Leuven,60,
1559,277262157,4.728552656841716,50.874592804957125,Platte-Lostraat,Unknown,277262157,24062,Leuven,60,
1560,11094324,4.7283675,50.8744493,Platte-Lostraat,Unknown,11094324,24062,Leuven,60,
1561,10672785,4.728769164228727,50.87443540231931,Verenigingstraat,Unknown,10672785,24062,Leuven,60,
1562,"[86203344, 1088246738, 742307326]",4.7238310353165085,50.87149052056375,Tiensesteenweg,Unknown,"[86203344, 1088246738, 742307326]",24062,Leuven,60,
1563,16758999,4.72012405,50.90332655,Varenspad,Unknown,16758999,24062,Leuven,60,
1564,112566013,4.720195641846569,50.90337426465124,Kesseldallaan,Unknown,112566013,24062,Leuven,60,
1565,742307327,4.7251008,50.87119425,Tiensesteenweg,Unknown,742307327,24062,Leuven,60,
1566,1432544628,4.725530080759071,50.87107523325557,Tiensesteenweg,Unknown,1432544628,24062,Leuven,60,
1567,11028286,4.7332867,50.8692514,Philipslaan,Unknown,11028286,24062,Leuven,60,
1568,79940705,4.734152699999999,50.86908215,Tiensesteenweg,Unknown,79940705,24062,Leuven,60,
1569,1432544620,4.73332695,50.86930875,Unknown,Unknown,1432544620,24062,Leuven,60,
1570,92326664,4.73590285,50.8686443,Casablancalaan,Unknown,92326664,24062,Leuven,60,
1571,1432544617,4.73593685,50.86870275,Unknown,Unknown,1432544617,24062,Leuven,60,
1572,11028337,4.74238005,50.8671423,Korbeekoase,Unknown,11028337,24062,Leuven,60,
1573,339533472,4.7421121500000005,50.86723705,Tiensesteenweg,Unknown,339533472,24062,Leuven,60,
1574,11029460,4.759219699518647,50.87916847634558,Bovenloweg,Unknown,11029460,24062,Leuven,60,
1575,11093957,4.75615395,50.8826779,Kapellekensweg,Unknown,11093957,24062,Leuven,60,
1576,14359737,4.753778789947634,50.88135851671983,Kapellekensweg,Unknown,14359737,24062,Leuven,60,
1577,126304929,4.756812503477022,50.881868310867546,Kamperfoelieweg,Unknown,126304929,24062,Leuven,60,
1578,11093963,4.757794824762117,50.88258318000882,Wimmershof,Unknown,11093963,24062,Leuven,60,
1579,"[14359736, 927754698]",4.753343898599412,50.88391414893608,Wimmershof,Unknown,"[14359736, 927754698]",24062,Leuven,60,
1580,419528904,4.7592513,50.88241295,Unknown,Unknown,419528904,24062,Leuven,60,
1581,11055523,4.7635404510831965,50.88148399933152,Wimmershofpad,Unknown,11055523,24062,Leuven,60,
1582,"[11055523, 11093963, 1508344039]",4.761719993724431,50.88191643311878,"['Wimmershof', 'Wimmershofpad']",Unknown,"[11055523, 11093963, 1508344039]",24062,Leuven,60,
1583,"[79861074, 11055523, 1508344038]",4.765167904718006,50.88055663504709,Wimmershofpad,Unknown,"[79861074, 11055523, 1508344038]",24062,Leuven,60,
1584,11029810,4.735082721688658,50.87350258929754,Trolieberg,Unknown,11029810,24062,Leuven,60,
1585,97233939,4.735113372517759,50.87366004239792,Trolieberg,Unknown,97233939,24062,Leuven,60,
1586,11029841,4.748238136807127,50.87350798695859,Lopad,Unknown,11029841,24062,Leuven,60,
1587,76844956,4.746086852411708,50.87429482319079,Lopad,Unknown,76844956,24062,Leuven,60,
1588,76845001,4.744881497877797,50.875537199047535,Vosseweg,Unknown,76845001,24062,Leuven,60,
1589,23707212,4.74379435,50.8766113,Unknown,Unknown,23707212,24062,Leuven,60,
1590,"[76845001, 318218558]",4.743449718367933,50.87701339626287,Vosseweg,Unknown,"[76845001, 318218558]",24062,Leuven,60,
1591,11094143,4.74185752553355,50.878315858446285,Lodreef,Unknown,11094143,24062,Leuven,60,
1592,14359727,4.73882965,50.8806545,Platte-Lostraat,Unknown,14359727,24062,Leuven,60,
1593,11094212,4.737558002237333,50.88035433598228,Platte-Lostraat,Unknown,11094212,24062,Leuven,60,
1594,23707213,4.734708146270346,50.87950063818757,Distelvinkenstraat,Unknown,23707213,24062,Leuven,60,
1595,1227802094,4.734592226409663,50.87868302767228,Platte-Lostraat,Unknown,1227802094,24062,Leuven,60,
1596,11127705,4.699903787160217,50.86306617964919,Spoorwegstraat,Unknown,11127705,24062,Leuven,60,
1597,11127739,4.698793295022423,50.86293715045026,Unknown,Unknown,11127739,24062,Leuven,60,
1598,11128022,4.701704626872977,50.863453404483785,Krommelaan,Unknown,11128022,24062,Leuven,60,
1599,229771673,4.701752382834758,50.86309205270611,Spoorwegstraat,Unknown,229771673,24062,Leuven,60,
1600,85801366,4.704235966563895,50.86385269039116,Hoveniersdreef,Unknown,85801366,24062,Leuven,60,
1601,11256344,4.73290935,50.874897700000005,Hugo Verriestlaan,Unknown,11256344,24062,Leuven,60,
1602,11295111,4.696125749724959,50.85133061223736,Jachthoornstraat,Unknown,11295111,24062,Leuven,60,
1603,23157555,4.721271442643727,50.851492440927046,Ambachtenlaan,Unknown,23157555,24062,Leuven,60,
1604,922485559,4.720983567308633,50.85158146432227,Unknown,Unknown,922485559,24062,Leuven,60,
1605,79002193,4.7218517,50.85180474999999,Geldenaaksebaan,Unknown,79002193,24062,Leuven,60,
1606,633254748,4.721986104719963,50.851567075664605,Geldenaaksebaan,Unknown,633254748,24062,Leuven,60,
1607,1301074664,4.721993705357625,50.8516527278773,Unknown,Unknown,1301074664,24062,Leuven,60,
1608,910436721,4.7256112039617335,50.85414109207176,Unknown,Unknown,910436721,24062,Leuven,60,
1609,"[11296122, 1456717653]",4.725740052378356,50.854312226460856,Haanhofweg,Unknown,"[11296122, 1456717653]",24062,Leuven,60,
1610,1456717653,4.725916290785905,50.854021123127545,Haanhofweg,Unknown,1456717653,24062,Leuven,60,
1611,"[20679290, 1373878572]",4.733117436822771,50.86161613157043,Wittehoevelaan,Unknown,"[20679290, 1373878572]",24062,Leuven,60,
1612,"[80201633, 16382947, 16382953, 16383404, 80201619, 1056567444]",4.732127266478273,50.86117651674017,Unknown,Unknown,"[80201633, 16382947, 16382953, 16383404, 80201619, 1056567444]",24062,Leuven,60,
1613,20679293,4.73535655828401,50.86331405177538,Unknown,Unknown,20679293,24062,Leuven,60,
1614,"[104342026, 339533444]",4.739878895109272,50.86748455944368,Meerdaalboslaan,Unknown,"[104342026, 339533444]",24062,Leuven,60,
1615,192689382,4.739785592524473,50.86750786138628,Meerdaalboslaan,Unknown,192689382,24062,Leuven,60,
1616,11299331,4.6966934,50.85812595,Parkbosstraat,Unknown,11299331,24062,Leuven,60,
1617,785083386,4.696488,50.85816095,Unknown,Unknown,785083386,24062,Leuven,60,
1618,"[189734786, 11364661]",4.702556514017704,50.878998307064165,Rector De Somerplein,Unknown,"[189734786, 11364661]",24062,Leuven,60,
1619,"[1395545667, 1395545668, 16771741]",4.702287476253459,50.87919788870724,Rector De Somerplein,Unknown,"[1395545667, 1395545668, 16771741]",24062,Leuven,60,
1620,3991635,4.701999900000001,50.87939675,Margarethaplein,Unknown,3991635,24062,Leuven,60,
1621,16772055,4.701887924849501,50.87917733001433,Grote Markt,Unknown,16772055,24062,Leuven,60,
1622,11372941,4.695766030194922,50.89051455919364,Pompstraat,Unknown,11372941,24062,Leuven,60,
1623,3876847,4.69682419165548,50.88980865541633,Albert Woutersstraat,Unknown,3876847,24062,Leuven,60,
1624,446474262,4.7069028500000005,50.877793,Blijde-Inkomststraat,Unknown,446474262,24062,Leuven,60,
1625,198558677,4.7069216951058745,50.877809964586376,Unknown,Unknown,198558677,24062,Leuven,60,
1626,459216320,4.706515058153268,50.87724189668226,Herbert Hooverplein,Unknown,459216320,24062,Leuven,60,
1627,126197747,4.7045705500084365,50.86601664994186,Goede Haardlaan,Unknown,126197747,24062,Leuven,60,
1628,126197749,4.704184031852207,50.8657964394928,Volhardingslaan,Unknown,126197749,24062,Leuven,60,
1629,126197745,4.7053539847603885,50.86647514328588,Bloemenlaan,Unknown,126197745,24062,Leuven,60,
1630,1376047233,4.708407037668776,50.86158183375319,Langendaallaan,Unknown,1376047233,24062,Leuven,60,
1631,79299307,4.709421869250518,50.86737350652464,Geldenaaksebaan,Unknown,79299307,24062,Leuven,60,
1632,11616449,4.710048914525439,50.86988045151045,Nieuwe Kerkhofdreef,Unknown,11616449,24062,Leuven,60,
1633,24905255,4.710036200533547,50.86995594919491,Geldenaaksevest,Unknown,24905255,24062,Leuven,60,
1634,23119325,4.710196,50.86986005,Nieuwe Kerkhofdreef,Unknown,23119325,24062,Leuven,60,
1635,17023221,4.709705352939181,50.869622373253904,Unknown,Unknown,17023221,24062,Leuven,60,
1636,1392339301,4.7112758,50.86970075,Unknown,Unknown,1392339301,24062,Leuven,60,
1637,130743461,4.711245836959442,50.869549103346245,Unknown,Unknown,130743461,24062,Leuven,60,
1638,1461261522,4.711337936969579,50.86959081799789,Unknown,Unknown,1461261522,24062,Leuven,60,
1639,106612826,4.711720454442983,50.869579366903096,Unknown,Unknown,106612826,24062,Leuven,60,
1640,1392339296,4.711678997370207,50.86971934921278,Unknown,Unknown,1392339296,24062,Leuven,60,
1641,11616990,4.712797564965211,50.869477042640135,Philipssite,Unknown,11616990,24062,Leuven,60,
1642,688287821,4.7126512,50.86931235,Philipssite,Unknown,688287821,24062,Leuven,60,
1643,95925397,4.71276960790486,50.86928748752677,Philipssite,Unknown,95925397,24062,Leuven,60,
1644,11970466,4.734470631857488,50.86663548499165,Oudebaan,Unknown,11970466,24062,Leuven,60,
1645,96705555,4.732950484213056,50.8669923348721,Oudebaan,Unknown,96705555,24062,Leuven,60,
1646,11970468,4.739536650838057,50.86597603266541,Ludovic Zamenhofstraat,Unknown,11970468,24062,Leuven,60,
1647,385918862,4.738573440397145,50.86543413838668,Oudebaan,Unknown,385918862,24062,Leuven,60,
1648,11989385,4.7256085,50.8659796,Esplanadelaan,Unknown,11989385,24062,Leuven,60,
1649,"[11989384, 577117344]",4.7244549780124325,50.86685581338837,Spaanse-Burchtlaan,Unknown,"[11989384, 577117344]",24062,Leuven,60,
1650,30050534,4.725637883321815,50.86688928387024,Escoriallaan,Unknown,30050534,24062,Leuven,60,
1651,30050537,4.726817365229589,50.86625177535437,Esplanadelaan,Unknown,30050537,24062,Leuven,60,
1652,11994544,4.73314875,50.8659885,Zavelberg,Unknown,11994544,24062,Leuven,60,
1653,11994546,4.734342249042954,50.86381902842634,Overlo,Unknown,11994546,24062,Leuven,60,
1654,126545573,4.73361718263091,50.863063031426165,Zavelberg,Unknown,126545573,24062,Leuven,60,
1655,"[1488944120, 11994544]",4.733343408739544,50.86472389855864,Zavelberg,Unknown,"[1488944120, 11994544]",24062,Leuven,60,
1656,"[80201636, 16382916, 80284456, 16383291, 80201627, 16383294, 16382911]",4.730282126686188,50.86021145500821,Unknown,Unknown,"[80201636, 16382916, 80284456, 16383291, 80201627, 16383294, 16382911]",24062,Leuven,60,
1657,126545572,4.7351654,50.8642162,Overlo,Unknown,126545572,24062,Leuven,60,
1658,11995096,4.722684927679708,50.85518434479838,Unknown,Unknown,11995096,24062,Leuven,60,
1659,302723125,4.72148565,50.8555533,Unknown,Unknown,302723125,24062,Leuven,60,
1660,651722500,4.72148535,50.8555413,Unknown,Unknown,651722500,24062,Leuven,60,
1661,975265790,4.721713293868536,50.855603603787465,Unknown,Unknown,975265790,24062,Leuven,60,
1662,105447589,4.720042299999999,50.85485845,Geldenaaksebaan,Unknown,105447589,24062,Leuven,60,
1663,"[90980081, 1308824613]",4.720787418550641,50.85360580481764,Geldenaaksebaan,Unknown,"[90980081, 1308824613]",24062,Leuven,60,
1664,803227892,4.716758310585086,50.86426729928419,Unknown,Unknown,803227892,24062,Leuven,60,
1665,804315274,4.716481233888626,50.86419459496651,Unknown,Unknown,804315274,24062,Leuven,60,
1666,"[804315274, 421438381]",4.717061229240881,50.864025218585326,Unknown,Unknown,"[804315274, 421438381]",24062,Leuven,60,
1667,965197897,4.716608093423034,50.86399697663703,Unknown,Unknown,965197897,24062,Leuven,60,
1668,11998434,4.72224615,50.8685516,Brugstraat,Unknown,11998434,24062,Leuven,60,
1669,"[1345140464, 1345140467, 71407869]",4.722369604200595,50.868316152049495,Hoegaardsestraat,Unknown,"[1345140464, 1345140467, 71407869]",24062,Leuven,60,
1670,"[608715546, 3991635, 521211973]",4.701408008939652,50.87977812392151,Margarethaplein,Unknown,"[608715546, 3991635, 521211973]",24062,Leuven,60,
1671,126304956,4.725178248878897,50.87956561593264,Spaarstraat,Unknown,126304956,24062,Leuven,60,
1672,1010515587,4.724419319625612,50.88003648069968,Lovensveldstraat,Unknown,1010515587,24062,Leuven,60,
1673,112917227,4.7274649377527656,50.87707476736352,Koning Albertlaan,Unknown,112917227,24062,Leuven,60,
1674,"[97233941, 97233942]",4.727995387425462,50.87701271767284,Unknown,Unknown,"[97233941, 97233942]",24062,Leuven,60,
1675,23707241,4.727494024074013,50.87723434119585,Koning Albertlaan,Unknown,23707241,24062,Leuven,60,
1676,35731415,4.727640276076502,50.87721463614659,Albert Dejonghestraat,Unknown,35731415,24062,Leuven,60,
1677,23889538,4.72853139884154,50.87798084885277,Jan Vranckxweg,Unknown,23889538,24062,Leuven,60,
1678,79784138,4.727347899160998,50.877229518987946,Koning Albertlaan,Unknown,79784138,24062,Leuven,60,
1679,12195949,4.724019999999999,50.87594214999999,Peter Benoitlaan,Unknown,12195949,24062,Leuven,60,
1680,12197926,4.721582401108253,50.87543390174529,Koningin Astridlaan,Unknown,12197926,24062,Leuven,60,
1681,12195951,4.722249195290759,50.87601974734806,Stijn Streuvelslaan,Unknown,12195951,24062,Leuven,60,
1682,"[622063633, 1054145492]",4.7204423503701225,50.87600404563891,Stijn Streuvelslaan,Unknown,"[622063633, 1054145492]",24062,Leuven,60,
1683,12372192,4.7275388,50.88229735,Unknown,Unknown,12372192,24062,Leuven,60,
1684,57733308,4.728349619174361,50.88253959757508,Landbouwstraat,Unknown,57733308,24062,Leuven,60,
1685,"[57733308, 216229806]",4.727476196991562,50.88223888112403,Landbouwstraat,Unknown,"[57733308, 216229806]",24062,Leuven,60,
1686,"[216229808, 872944179, 872944180]",4.728291168452243,50.88191459398107,Lolanden,Unknown,"[216229808, 872944179, 872944180]",24062,Leuven,60,
1687,23889534,4.730469213769311,50.8824853023644,Désiré Mellaertsstraat,Unknown,23889534,24062,Leuven,60,
1688,1201659269,4.728283419002196,50.88307648415565,Désiré Mellaertsstraat,Unknown,1201659269,24062,Leuven,60,
1689,"[116692563, 34722391]",4.728025885565361,50.88364395251244,Richard Valvekensstraat,Unknown,"[116692563, 34722391]",24062,Leuven,60,
1690,38243844,4.732823673308872,50.89006221424476,Frans Nackaertsstraat,Unknown,38243844,24062,Leuven,60,
1691,"[188277171, 79366166]",4.740361335982481,50.90422637913487,Holsbeeksesteenweg,Unknown,"[188277171, 79366166]",24062,Leuven,60,
1692,303604099,4.738580902214773,50.90355154325891,Bergstraat,Unknown,303604099,24062,Leuven,60,
1693,"[12373443, 23163396]",4.748366919536856,50.90620206792946,Leming,Unknown,"[12373443, 23163396]",24062,Leuven,60,
1694,188277171,4.746447654887564,50.905815077750844,Holsbeeksesteenweg,Unknown,188277171,24062,Leuven,60,
1695,38210056,4.72433375,50.90290955,Wilselsesteenweg,Unknown,38210056,24062,Leuven,60,
1696,179540262,4.724094899999999,50.90299425,Wilselsesteenweg,Unknown,179540262,24062,Leuven,60,
1697,"[38209957, 1201088887]",4.724169888249417,50.9028409166815,Wilselsesteenweg,Unknown,"[38209957, 1201088887]",24062,Leuven,60,
1698,12372939,4.727881407444692,50.899049337515706,Bruineveldpad,Unknown,12372939,24062,Leuven,60,
1699,"[13823568, 13823566]",4.728476214108691,50.89903482340094,Wilselsesteenweg,Unknown,"[13823568, 13823566]",24062,Leuven,60,
1700,"[38211413, 13823567]",4.727095087426811,50.89957232746246,Wilselsesteenweg,Unknown,"[38211413, 13823567]",24062,Leuven,60,
1701,18092708,4.726790162635678,50.89886712761184,Herbeemdpad,Unknown,18092708,24062,Leuven,60,
1702,23950552,4.727923876540241,50.89837076752998,Bruineveldpad,Unknown,23950552,24062,Leuven,60,
1703,17974347,4.728047701910961,50.89755730917624,Bruineveldpad,Unknown,17974347,24062,Leuven,60,
1704,12372940,4.7277843,50.897400950000005,Bruineveld,Unknown,12372940,24062,Leuven,60,
1705,"[23957017, 1116321284]",4.727228143231792,50.89731478080656,Unknown,Unknown,"[23957017, 1116321284]",24062,Leuven,60,
1706,12372941,4.727708961764303,50.89722014902745,Bruineveld,Unknown,12372941,24062,Leuven,60,
1707,23950551,4.728139511709581,50.89695687321492,Bruineveld,Unknown,23950551,24062,Leuven,60,
1708,23950465,4.7287543,50.8951189,Vijverlaan,Unknown,23950465,24062,Leuven,60,
1709,12372942,4.72996865794685,50.89502991505704,Vijverlaan,Unknown,12372942,24062,Leuven,60,
1710,23950550,4.728993027485899,50.89593134900552,Bruineveld,Unknown,23950550,24062,Leuven,60,
1711,22476098,4.73057515,50.8948471,Holsbeeksesteenweg,Unknown,22476098,24062,Leuven,60,
1712,12374530,4.718547263168569,50.884954144059805,Unknown,Unknown,12374530,24062,Leuven,60,
1713,125835501,4.7186295720484575,50.88482116724954,Baron August de Becker Remyplein,Unknown,125835501,24062,Leuven,60,
1714,286455900,4.719192337746239,50.88430501432926,Paternosterstraat,Unknown,286455900,24062,Leuven,60,
1715,"[61596289, 1384542306]",4.719907005086767,50.88377319084929,Diestsesteenweg,Unknown,"[61596289, 1384542306]",24062,Leuven,60,
1716,"[1384528818, 940912606]",4.718719106100143,50.88367329140127,Diestsesteenweg,Unknown,"[1384528818, 940912606]",24062,Leuven,60,
1717,15083398,4.715916913975807,50.87844850804086,Tiensevest,Unknown,15083398,24062,Leuven,60,
1718,61556877,4.7142327,50.884493250000006,Diestsepoort,Unknown,61556877,24062,Leuven,60,
1719,12715116,4.714348703344551,50.8844921328261,Diestsesteenweg,Unknown,12715116,24062,Leuven,60,
1720,813937602,4.68362185,50.8769006,Rennes-Singel,Unknown,813937602,24062,Leuven,60,
1721,"[4005355, 616174238]",4.698695979119622,50.868595427390936,Unknown,Unknown,"[4005355, 616174238]",24062,Leuven,60,
1722,"[4005355, 120201115]",4.698642402971644,50.86852366079942,Unknown,Unknown,"[4005355, 120201115]",24062,Leuven,60,
1723,253165431,4.7465873995037375,50.87319996757616,Lopad,Unknown,253165431,24062,Leuven,60,
1724,79596966,4.7142352,50.882067250000006,Unknown,Unknown,79596966,24062,Leuven,60,
1725,258936980,4.71428145,50.88212415,Tiensevest,Unknown,258936980,24062,Leuven,60,
1726,"[377918665, 377918666, 78815502, 79596983, 78815513]",4.714639554457404,50.88215067259834,Unknown,Unknown,"[377918665, 377918666, 78815502, 79596983, 78815513]",24062,Leuven,60,
1727,"[366714497, 3681283]",4.682714238579012,50.877822298544565,Herestraat,Unknown,"[366714497, 3681283]",24062,Leuven,60,
1728,366714499,4.682179178868858,50.87890670992272,Unknown,Unknown,366714499,24062,Leuven,60,
1729,"[429706865, 1458071858, 192559626]",4.682849264954163,50.8779025842108,Rennes-Singel,Unknown,"[429706865, 1458071858, 192559626]",24062,Leuven,60,
1730,"[129459880, 1298986353, 129459886]",4.676164980149917,50.87921779901409,Unknown,Unknown,"[129459880, 1298986353, 129459886]",24062,Leuven,60,
1731,1271835334,4.676387234250696,50.87926109432155,Unknown,Unknown,1271835334,24062,Leuven,60,
1732,972117966,4.676317985950852,50.87992593756209,Unknown,Unknown,972117966,24062,Leuven,60,
1733,1425408176,4.675971527298171,50.879468058136126,Unknown,Unknown,1425408176,24062,Leuven,60,
1734,"[1425408177, 1381617443]",4.675946251670088,50.87949380424102,Unknown,Unknown,"[1425408177, 1381617443]",24062,Leuven,60,
1735,192559658,4.6769021,50.88011505,Unknown,Unknown,192559658,24062,Leuven,60,
1736,972117970,4.67691635,50.880244700000006,Unknown,Unknown,972117970,24062,Leuven,60,
1737,53204039,4.676709547920046,50.88035385073039,Unknown,Unknown,53204039,24062,Leuven,60,
1738,129462649,4.677212422416209,50.88013669484521,Unknown,Unknown,129462649,24062,Leuven,60,
1739,192659022,4.688372425946938,50.87252803491079,Veilingweg,Unknown,192659022,24062,Leuven,60,
1740,"[461159357, 3424503]",4.689570906394916,50.871577089204514,Veilingweg,Unknown,"[461159357, 3424503]",24062,Leuven,60,
1741,130894462,4.685377667468312,50.86559227110886,Unknown,Unknown,130894462,24062,Leuven,60,
1742,85840951,4.68529195,50.8637682,Unknown,Unknown,85840951,24062,Leuven,60,
1743,"[85944747, 85944748, 4003916]",4.686191436614015,50.86453496442319,Unknown,Unknown,"[85944747, 85944748, 4003916]",24062,Leuven,60,
1744,85944746,4.68447415,50.8644556,Unknown,Unknown,85944746,24062,Leuven,60,
1745,1511544561,4.684460362460814,50.86445203661404,Unknown,Unknown,1511544561,24062,Leuven,60,
1746,988846999,4.68449615,50.86452690000001,Unknown,Unknown,988846999,24062,Leuven,60,
1747,117340199,4.684186122627708,50.86435180320075,Unknown,Unknown,117340199,24062,Leuven,60,
1748,"[85840977, 4003907]",4.682478604515671,50.86339831518324,Kasteelpark Arenberg,Unknown,"[85840977, 4003907]",24062,Leuven,60,
1749,"[767720580, 767720581, 4003919, 77453619, 77453620, 45816886]",4.683268677159612,50.863316111337824,Unknown,Unknown,"[767720580, 767720581, 4003919, 77453619, 77453620, 45816886]",24062,Leuven,60,
1750,"[104622409, 104622444]",4.682815764962427,50.86378552170441,Unknown,Unknown,"[104622409, 104622444]",24062,Leuven,60,
1751,117340203,4.682953790281931,50.86376736090647,Unknown,Unknown,117340203,24062,Leuven,60,
1752,"[18943297, 14393833]",4.719580872508352,50.90806527099743,"['Wilselsesteenweg', 'Leuvensebaan']",Unknown,"[18943297, 14393833]",24062,Leuven,60,
1753,192559637,4.719417713102622,50.90786684455008,Wilselsesteenweg,Unknown,192559637,24062,Leuven,60,
1754,241793708,4.7194228531518965,50.90794726012078,Unknown,Unknown,241793708,24062,Leuven,60,
1755,13799521,4.720168854989057,50.90800855243804,Hulsberg,Unknown,13799521,24062,Leuven,60,
1756,14394808,4.720147501491561,50.90822194820648,Wilgenhof,Unknown,14394808,24062,Leuven,60,
1757,14394962,4.7205198500000005,50.908277,Wilgenhof,Unknown,14394962,24062,Leuven,60,
1758,14394807,4.720818445320236,50.90840733192203,Wilgenhof,Unknown,14394807,24062,Leuven,60,
1759,14394966,4.720535965967485,50.90804508661056,Wilgenhof,Unknown,14394966,24062,Leuven,60,
1760,1429522931,4.720859646233005,50.90809839314375,Wilgenhof,Unknown,1429522931,24062,Leuven,60,
1761,13799520,4.7209342152585725,50.90795520760298,Wilgenhof,Unknown,13799520,24062,Leuven,60,
1762,135228429,4.721014899365733,50.90742393565564,Unknown,Unknown,135228429,24062,Leuven,60,
1763,"[13799522, 14394805]",4.720770401845837,50.90707756264522,"['Acaciaplein', 'Acaciastraat']",Unknown,"[13799522, 14394805]",24062,Leuven,60,
1764,332038253,4.720359931304112,50.90680595842044,Hulsberg,Unknown,332038253,24062,Leuven,60,
1765,17456600,4.720732444721744,50.90651431498109,Hulsberg,Unknown,17456600,24062,Leuven,60,
1766,98645223,4.721201156381396,50.905168538624366,Wilselsesteenweg,Unknown,98645223,24062,Leuven,60,
1767,38209648,4.722040498578315,50.90459214455328,Wilselsesteenweg,Unknown,38209648,24062,Leuven,60,
1768,1126980572,4.722069285346067,50.90493403575904,Unknown,Unknown,1126980572,24062,Leuven,60,
1769,"[13823568, 125835607]",4.73072447258925,50.89828667943792,Wilselsesteenweg,Unknown,"[13823568, 125835607]",24062,Leuven,60,
1770,13824504,4.725123055337968,50.88810711942081,Leopold Beosierlaan,Unknown,13824504,24062,Leuven,60,
1771,69232311,4.725681948849568,50.88753308444337,Leopold Beosierlaan,Unknown,69232311,24062,Leuven,60,
1772,429571922,4.720314180377196,50.88631463219277,Gemeentestraat,Unknown,429571922,24062,Leuven,60,
1773,"[125835552, 688336518]",4.721430569651471,50.886925858040016,Gemeentestraat,Unknown,"[125835552, 688336518]",24062,Leuven,60,
1774,20405265,4.72115725,50.9242673,Weggevoerdenstraat,Unknown,20405265,24062,Leuven,60,
1775,345381434,4.721238700000001,50.9243249,Aarschotsesteenweg,Unknown,345381434,24062,Leuven,60,
1776,1433439736,4.72125245,50.92426209999999,Unknown,Unknown,1433439736,24062,Leuven,60,
1777,"[79299306, 345381435, 863731643]",4.720965175830364,50.92383342042868,Aarschotsesteenweg,Unknown,"[79299306, 345381435, 863731643]",24062,Leuven,60,
1778,419874307,4.690135,50.92915425,Hambosstraat,Unknown,419874307,24062,Leuven,60,
1779,1430054005,4.6901981500000005,50.9291466,Unknown,Unknown,1430054005,24062,Leuven,60,
1780,38241794,4.7115185,50.8817713,Diestsestraat,Unknown,38241794,24062,Leuven,60,
1781,15725172,4.698156161352393,50.87915809726007,Wieringstraat,Unknown,15725172,24062,Leuven,60,
1782,453808500,4.697654269293057,50.87875995029167,Drinkwaterstraat,Unknown,453808500,24062,Leuven,60,
1783,453808502,4.698238041705141,50.87899853383248,Drinkwaterstraat,Unknown,453808502,24062,Leuven,60,
1784,3992578,4.69721665,50.881671350000005,Dirk Boutslaan,Unknown,3992578,24062,Leuven,60,
1785,13865516,4.697574442217031,50.88142285288694,Unknown,Unknown,13865516,24062,Leuven,60,
1786,158330275,4.70731365,50.9034241,Kolonel Begaultlaan,Unknown,158330275,24062,Leuven,60,
1787,340265959,4.707118449999999,50.90335035,Kolonel Begaultlaan,Unknown,340265959,24062,Leuven,60,
1788,98825481,4.707294604364335,50.90325569551428,Wijgmaalsesteenweg,Unknown,98825481,24062,Leuven,60,
1789,659297691,4.707071450000001,50.88789145,Unknown,Unknown,659297691,24062,Leuven,60,
1790,1443453830,4.7070685,50.88794565,Unknown,Unknown,1443453830,24062,Leuven,60,
1791,16863555,4.707015050059293,50.88793415572709,Unknown,Unknown,16863555,24062,Leuven,60,
1792,13884501,4.716021431951501,50.92553114811977,Oude Aarschotseweg,Unknown,13884501,24062,Leuven,60,
1793,"[51517760, 51517761, 23010602]",4.714925821892213,50.9248177715259,Weggevoerdenstraat,Unknown,"[51517760, 51517761, 23010602]",24062,Leuven,60,
1794,441681617,4.717617400390076,50.92695354938549,Jan Van Avondtstraat,Unknown,441681617,24062,Leuven,60,
1795,38159021,4.718546673495584,50.92865002572222,Oude Aarschotseweg,Unknown,38159021,24062,Leuven,60,
1796,23002043,4.719085,50.928691,Schotelveldstraat,Unknown,23002043,24062,Leuven,60,
1797,"[30770545, 1061869941, 15220367]",4.719135889680073,50.9296900972251,Oude Aarschotseweg,Unknown,"[30770545, 1061869941, 15220367]",24062,Leuven,60,
1798,14329668,4.721786323720218,50.92826443463812,Schotelveldstraat,Unknown,14329668,24062,Leuven,60,
1799,23002269,4.719740133012784,50.92792641347194,Jan Van Avondtstraat,Unknown,23002269,24062,Leuven,60,
1800,98918857,4.700502973308764,50.92520346136238,Watermolenpad,Unknown,98918857,24062,Leuven,60,
1801,14038033,4.658455258986566,50.86271341089803,Termunckstraat,Unknown,14038033,24062,Leuven,60,
1802,14041268,4.71303332858894,50.87207398477592,Unknown,Unknown,14041268,24062,Leuven,60,
1803,"[128494232, 1469167958]",4.713136414226051,50.87233465026527,Unknown,Unknown,"[128494232, 1469167958]",24062,Leuven,60,
1804,931966075,4.712606515817481,50.871436782599794,Léon Schreursvest,Unknown,931966075,24062,Leuven,60,
1805,23019605,4.72803885,50.934948,Jef Scherensstraat,Unknown,23019605,24062,Leuven,60,
1806,441677446,4.72799665,50.93489585,Aarschotsesteenweg,Unknown,441677446,24062,Leuven,60,
1807,1433439765,4.72808725,50.93491445,Unknown,Unknown,1433439765,24062,Leuven,60,
1808,14099896,4.728330084209518,50.93507258569954,Aarschotsesteenweg,Unknown,14099896,24062,Leuven,60,
1809,1433349704,4.724898550000001,50.9308574,Unknown,Unknown,1433349704,24062,Leuven,60,
1810,439397679,4.724947400813667,50.9309994464733,Aarschotsesteenweg,Unknown,439397679,24062,Leuven,60,
1811,440732693,4.724474245544421,50.93016025926971,Aarschotsesteenweg,Unknown,440732693,24062,Leuven,60,
1812,"[532706677, 24336615]",4.656433264614531,50.86335843788272,Termunckstraat,Unknown,"[532706677, 24336615]",24062,Leuven,60,
1813,44949039,4.657351192667281,50.86447547708798,Veldstraat,Unknown,44949039,24062,Leuven,60,
1814,532706676,4.65497177367444,50.86441574471763,Veldstraat,Unknown,532706676,24062,Leuven,60,
1815,59531275,4.657406166246377,50.86328531695524,Vijfbunderstraat,Unknown,59531275,24062,Leuven,60,
1816,188369342,4.65735872269859,50.86379829130557,Unknown,Unknown,188369342,24062,Leuven,60,
1817,8129921,4.6776179,50.8641177,Unknown,Unknown,8129921,24062,Leuven,60,
1818,"[114935424, 79366163]",4.678714687389915,50.8643759737401,Unknown,Unknown,"[114935424, 79366163]",24062,Leuven,60,
1819,14206083,4.694278886679288,50.85963228499999,Zwaluwenlaan,Unknown,14206083,24062,Leuven,60,
1820,23000038,4.695327076266109,50.859815180954,Mezenlaan,Unknown,23000038,24062,Leuven,60,
1821,"[286252715, 286252716]",4.742827162369557,50.88074419700612,Unknown,Unknown,"[286252715, 286252716]",24062,Leuven,60,
1822,87240811,4.742328948257666,50.88255244919065,Gerstepad,Unknown,87240811,24062,Leuven,60,
1823,15081945,4.747136014554761,50.88141335779946,Heidebergstraat,Unknown,15081945,24062,Leuven,60,
1824,89541111,4.747459940660278,50.88362712554896,Platte-Lostraat,Unknown,89541111,24062,Leuven,60,
1825,1382635936,4.7500693,50.8850336,Platte-Lostraat,Unknown,1382635936,24062,Leuven,60,
1826,23949622,4.752049812486425,50.88620821365225,Platte-Lostraat,Unknown,23949622,24062,Leuven,60,
1827,1201879184,4.750412193131866,50.88530728837426,Unknown,Unknown,1201879184,24062,Leuven,60,
1828,23949624,4.753924757283128,50.887045415516255,Platte-Lostraat,Unknown,23949624,24062,Leuven,60,
1829,"[192706273, 318216947, 126304972]",4.7553685327693485,50.886775663082645,Zavelstraat,Unknown,"[192706273, 318216947, 126304972]",24062,Leuven,60,
1830,234630679,4.75446213761034,50.887273810630816,Unknown,Unknown,234630679,24062,Leuven,60,
1831,87384540,4.7532029,50.888270250000005,Diestsesteenweg,Unknown,87384540,24062,Leuven,60,
1832,1089609636,4.753685569971209,50.88833876056635,Diestsesteenweg,Unknown,1089609636,24062,Leuven,60,
1833,"[150497127, 76845671]",4.764016416756301,50.88419874360528,Heidebloempad,Unknown,"[150497127, 76845671]",24062,Leuven,60,
1834,79801758,4.765330419042932,50.88532366541234,Zavelstraat,Unknown,79801758,24062,Leuven,60,
1835,318216947,4.762183678332978,50.88602434557766,Zavelstraat,Unknown,318216947,24062,Leuven,60,
1836,15238490,4.770375589554392,50.88554146357156,Lange Lostraat / Rozenweg,Unknown,15238490,24062,Leuven,60,
1837,15238492,4.770236054824621,50.884899011553536,Lange Lostraat / Langelostraat,Unknown,15238492,24062,Leuven,60,
1838,79801759,4.769443139180044,50.88508361690108,Zavelstraat,Unknown,79801759,24062,Leuven,60,
1839,14359730,4.741455197137633,50.8773723784153,Eugeen Vanhoorenbekelaan,Unknown,14359730,24062,Leuven,60,
1840,14359732,4.7396683500000005,50.8778584,Steenbakkerijstraat,Unknown,14359732,24062,Leuven,60,
1841,23707018,4.740055112590981,50.878338460629685,Eugeen Vanhoorenbekelaan,Unknown,23707018,24062,Leuven,60,
1842,14360291,4.739728396258894,50.87857686365104,Eugeen Vanhoorenbekelaan,Unknown,14360291,24062,Leuven,60,
1843,14360292,4.7394645,50.87870415,Eugeen Vanhoorenbekelaan,Unknown,14360292,24062,Leuven,60,
1844,14359733,4.739650761997248,50.87854568332315,Eugeen Vanhoorenbekelaan,Unknown,14359733,24062,Leuven,60,
1845,23707022,4.737888840698158,50.87880361869558,Spreeuwenstraat,Unknown,23707022,24062,Leuven,60,
1846,14359731,4.737107745368175,50.87931285455237,Klaverstraat,Unknown,14359731,24062,Leuven,60,
1847,191992026,4.739856,50.8858826,Diestsesteenweg,Unknown,191992026,24062,Leuven,60,
1848,87369961,4.740282122851056,50.885956014003,Diestsesteenweg,Unknown,87369961,24062,Leuven,60,
1849,14359735,4.751034978168071,50.8800424008613,Kapellekensweg,Unknown,14359735,24062,Leuven,60,
1850,"[586861164, 10672031]",4.750289498356974,50.87902559509181,Heidebergstraat,Unknown,"[586861164, 10672031]",24062,Leuven,60,
1851,14360293,4.740059621576973,50.878925792595375,Kerselarenstraat,Unknown,14360293,24062,Leuven,60,
1852,326736776,4.6720859,50.8824047,Unknown,Unknown,326736776,24062,Leuven,60,
1853,"[807751753, 326736797]",4.672369117812955,50.882684509586426,Unknown,Unknown,"[807751753, 326736797]",24062,Leuven,60,
1854,333784188,4.671614394300008,50.88207478929738,Unknown,Unknown,333784188,24062,Leuven,60,
1855,"[326736776, 126304975]",4.66971320267202,50.880458268380615,Unknown,Unknown,"[326736776, 126304975]",24062,Leuven,60,
1856,326736793,4.670033418702426,50.880553843448986,Unknown,Unknown,326736793,24062,Leuven,60,
1857,35552991,4.72310265,50.84961955,Grauwmeer,Unknown,35552991,24062,Leuven,60,
1858,1431741453,4.7231625,50.84962875,Unknown,Unknown,1431741453,24062,Leuven,60,
1859,79002194,4.7230288351104335,50.8498016501305,Geldenaaksebaan,Unknown,79002194,24062,Leuven,60,
1860,"[8133608, 4003924]",4.71038165136796,50.88543151528517,Diestsevest,Unknown,"[8133608, 4003924]",24062,Leuven,60,
1861,38154614,4.711157611874226,50.88326516789357,Vanden Tymplestraat,Unknown,38154614,24062,Leuven,60,
1862,15050767,4.691605484869661,50.880438713120654,Pelgrimstraat,Unknown,15050767,24062,Leuven,60,
1863,1427486671,4.689473368858015,50.88998889826474,Wingerdstraat,Unknown,1427486671,24062,Leuven,60,
1864,406841593,4.666253369037927,50.851446950778616,Unknown,Unknown,406841593,24062,Leuven,60,
1865,72534162,4.665123112895146,50.85314401705909,Langestaart,Unknown,72534162,24062,Leuven,60,
1866,"[532667841, 532667842, 86335732]",4.663472689962495,50.85232069675324,Unknown,Unknown,"[532667841, 532667842, 86335732]",24062,Leuven,60,
1867,"[15068073, 935328253]",4.665821542977568,50.85466115179079,Unknown,Unknown,"[15068073, 935328253]",24062,Leuven,60,
1868,1451319596,4.668463394603326,50.85477068598809,Langestaart,Unknown,1451319596,24062,Leuven,60,
1869,908690702,4.66697675,50.85680845,Unknown,Unknown,908690702,24062,Leuven,60,
1870,114676401,4.662738641657153,50.8537646838448,Unknown,Unknown,114676401,24062,Leuven,60,
1871,61450408,4.67004845,50.85875255,Unknown,Unknown,61450408,24062,Leuven,60,
1872,72530674,4.670102999999999,50.85886845,Unknown,Unknown,72530674,24062,Leuven,60,
1873,23911742,4.66757430204685,50.85896430370992,Unknown,Unknown,23911742,24062,Leuven,60,
1874,1449467693,4.72215885,50.88394665,Unknown,Unknown,1449467693,24062,Leuven,60,
1875,15081933,4.722030142556932,50.88402319837039,Kerkstraat,Unknown,15081933,24062,Leuven,60,
1876,"[608715552, 1449467692]",4.722295365282204,50.88397706926063,Diestsesteenweg,Unknown,"[608715552, 1449467692]",24062,Leuven,60,
1877,608715553,4.72179939990985,50.88393550105265,Diestsesteenweg,Unknown,608715553,24062,Leuven,60,
1878,15081935,4.725903790090372,50.88472704198206,Heuvelstraat,Unknown,15081935,24062,Leuven,60,
1879,347711109,4.738334607936692,50.88707342206796,Molenveldlaan,Unknown,347711109,24062,Leuven,60,
1880,348252109,4.737263467089591,50.88804583339119,Krekelstraat,Unknown,348252109,24062,Leuven,60,
1881,1360876906,4.7364854727482495,50.88764083990531,Ruiterslaan,Unknown,1360876906,24062,Leuven,60,
1882,"[295349849, 1270641049]",4.737424414771288,50.89156685412984,Unknown,Unknown,"[295349849, 1270641049]",24062,Leuven,60,
1883,15081952,4.74960681990026,50.893299840856514,Lovensevoetpad,Unknown,15081952,24062,Leuven,60,
1884,80201631,4.748085930193296,50.8934070056713,Kortrijkstraat - Kortrijksestraat,Unknown,80201631,24062,Leuven,60,
1885,"[1481098466, 15081958]",4.746897168636381,50.89306338601581,Kortrijksestraat,Unknown,"[1481098466, 15081958]",24062,Leuven,60,
1886,38243546,4.7492763675505625,50.89440919978753,Kortrijkstraat - Kortrijksestraat,Unknown,38243546,24062,Leuven,60,
1887,22476417,4.7597238,50.90578039999999,Slangenstraat,Unknown,22476417,24062,Leuven,60,
1888,17976030,4.756230251632098,50.904939450771366,Sneppenstraat,Unknown,17976030,24062,Leuven,60,
1889,22476419,4.759988440041098,50.9064986429362,Slangenstraat,Unknown,22476419,24062,Leuven,60,
1890,17974344,4.757713366348851,50.90359396502783,Slangenstraat,Unknown,17974344,24062,Leuven,60,
1891,35575571,4.755122485230058,50.900795637772426,Slangenstraat,Unknown,35575571,24062,Leuven,60,
1892,133801038,4.751532281676144,50.89271700675283,Jan Davidtsstraat,Unknown,133801038,24062,Leuven,60,
1893,10297907,4.711401904484056,50.884793322375465,Unknown,Unknown,10297907,24062,Leuven,60,
1894,"[15083393, 4884714]",4.711384984738257,50.884680929560176,Diestsevest,Unknown,"[15083393, 4884714]",24062,Leuven,60,
1895,29189580,4.715177349999999,50.88037435,Unknown,Unknown,29189580,24062,Leuven,60,
1896,"[185988816, 15083398]",4.7150373432198345,50.88050142059536,Tiensevest,Unknown,"[185988816, 15083398]",24062,Leuven,60,
1897,785083380,4.6970012,50.85801215,Unknown,Unknown,785083380,24062,Leuven,60,
1898,8128930,4.701766539064708,50.86100547804743,Verbindingslaan,Unknown,8128930,24062,Leuven,60,
1899,264864163,4.674019550000001,50.8721091,Unknown,Unknown,264864163,24062,Leuven,60,
1900,"[1441661480, 89022063]",4.658807208676877,50.861365889169726,Sint-Jansbergsesteenweg,Unknown,"[1441661480, 89022063]",24062,Leuven,60,
1901,"[24355240, 192659017]",4.657030956534683,50.85994099130256,Sint-Jansbergsesteenweg,Unknown,"[24355240, 192659017]",24062,Leuven,60,
1902,"[102139637, 896658031, 99416791]",4.657760348063087,50.86048419724397,Sint-Jansbergsesteenweg,Unknown,"[102139637, 896658031, 99416791]",24062,Leuven,60,
1903,25809619,4.7102751000000005,50.9101834,Oudstrijderslaan,Unknown,25809619,24062,Leuven,60,
1904,"[26831232, 17542388, 17542405]",4.709974038181586,50.90753743416563,Lijnloperspad,Unknown,"[26831232, 17542388, 17542405]",24062,Leuven,60,
1905,"[1388216900, 25648597]",4.709588051178379,50.910265107606094,Oudstrijderslaan,Unknown,"[1388216900, 25648597]",24062,Leuven,60,
1906,1431366143,4.71334655,50.910002700000014,Oudstrijderslaan,Unknown,1431366143,24062,Leuven,60,
1907,"[345381437, 377918607]",4.713270230326421,50.90994698781694,Aarschotsesteenweg,Unknown,"[345381437, 377918607]",24062,Leuven,60,
1908,1155226687,4.713349234441623,50.91009264772594,Aarschotsesteenweg,Unknown,1155226687,24062,Leuven,60,
1909,127840242,4.712350137576093,50.91010669254277,Oudstrijderslaan,Unknown,127840242,24062,Leuven,60,
1910,300333097,4.711532321500654,50.91053625385023,Henricus Bosmanslaan,Unknown,300333097,24062,Leuven,60,
1911,1388216899,4.71093855286488,50.91016852416927,Oudstrijderslaan,Unknown,1388216899,24062,Leuven,60,
1912,300333096,4.711523293742987,50.910954163615976,Henricus Bosmanslaan,Unknown,300333096,24062,Leuven,60,
1913,534763645,4.711069180862334,50.91109921249596,Fortlaan,Unknown,534763645,24062,Leuven,60,
1914,"[15215729, 15215721]",4.711787659794574,50.91198296431856,Invalidenlaan,Unknown,"[15215729, 15215721]",24062,Leuven,60,
1915,26124976,4.712274627051702,50.91145454145067,Henricus Bosmanslaan,Unknown,26124976,24062,Leuven,60,
1916,25745109,4.713662431832927,50.91229488341799,Politieke Gevangenenlaan,Unknown,25745109,24062,Leuven,60,
1917,37713149,4.7147802,50.9126688,Aarschotsesteenweg,Unknown,37713149,24062,Leuven,60,
1918,1433439816,4.71451735,50.91211185,Unknown,Unknown,1433439816,24062,Leuven,60,
1919,475665165,4.71305045,50.91289105,Henricus Bosmanslaan,Unknown,475665165,24062,Leuven,60,
1920,26124977,4.713199785951126,50.91300777062643,Henricus Bosmanslaan,Unknown,26124977,24062,Leuven,60,
1921,15215704,4.710574299999999,50.9128341,Henricus Bosmanslaan,Unknown,15215704,24062,Leuven,60,
1922,15215716,4.7105165,50.91270785,Invalidenlaan,Unknown,15215716,24062,Leuven,60,
1923,249615246,4.7106909,50.91267325,Invalidenlaan,Unknown,249615246,24062,Leuven,60,
1924,268697401,4.710617830520293,50.91199154405469,Invalidenlaan,Unknown,268697401,24062,Leuven,60,
1925,25745213,4.710234399139947,50.91190837618979,Unknown,Unknown,25745213,24062,Leuven,60,
1926,"[15215721, 15215729]",4.711787659794575,50.91198296431857,Invalidenlaan,Unknown,"[15215721, 15215729]",24062,Leuven,60,
1927,15215748,4.715236953471667,50.91103981599935,Centrumstraat,Unknown,15215748,24062,Leuven,60,
1928,23001796,4.70628215,50.9253899,Remylaan,Unknown,23001796,24062,Leuven,60,
1929,"[15215843, 15215836, 15215838]",4.706635437020435,50.92527057286576,Weggevoerdenstraat,Unknown,"[15215843, 15215836, 15215838]",24062,Leuven,60,
1930,15215854,4.7067567,50.925422,Remylaan,Unknown,15215854,24062,Leuven,60,
1931,"[283990008, 30838137, 39596611]",4.708949298302628,50.92341378765085,Mothstraat,Unknown,"[283990008, 30838137, 39596611]",24062,Leuven,60,
1932,25932811,4.709604501412101,50.92336826972952,Van der Nootstraat,Unknown,25932811,24062,Leuven,60,
1933,15215915,4.7198448,50.9218981,Louis Woutersstraat,Unknown,15215915,24062,Leuven,60,
1934,15220226,4.71994935,50.9219153,Puttebroekstraat,Unknown,15220226,24062,Leuven,60,
1935,863731643,4.720307194065468,50.92265525764904,Aarschotsesteenweg,Unknown,863731643,24062,Leuven,60,
1936,25629774,4.717719077044813,50.92081556061537,Jules Persoonsstraat,Unknown,25629774,24062,Leuven,60,
1937,631979428,4.715757551512291,50.914431299131735,Aarschotsesteenweg,Unknown,631979428,24062,Leuven,60,
1938,"[15215979, 98662239]",4.71807888631891,50.90675826896368,Wilselsesteenweg,Unknown,"[15215979, 98662239]",24062,Leuven,60,
1939,"[101388656, 31861567]",4.717104582001388,50.90716063371736,Wilselsesteenweg,Unknown,"[101388656, 31861567]",24062,Leuven,60,
1940,210985922,4.718349447593774,50.90723294428235,Wilselsesteenweg,Unknown,210985922,24062,Leuven,60,
1941,210985923,4.717586203569415,50.90755773928205,Wilselsesteenweg,Unknown,210985923,24062,Leuven,60,
1942,112566006,4.719806497919389,50.903435705766384,Kesseldallaan,Unknown,112566006,24062,Leuven,60,
1943,23949551,4.71853305,50.8887955,Unknown,Unknown,23949551,24062,Leuven,60,
1944,38245750,4.718475098128259,50.88916640856342,Unknown,Unknown,38245750,24062,Leuven,60,
1945,1017081682,4.71875685,50.8873201,Unknown,Unknown,1017081682,24062,Leuven,60,
1946,9666344,4.718729132632513,50.88727630076992,Brugbergpad,Unknown,9666344,24062,Leuven,60,
1947,"[970345650, 970345651, 138017420]",4.718641039177682,50.88803393271873,Unknown,Unknown,"[970345650, 970345651, 138017420]",24062,Leuven,60,
1948,15220220,4.716677750000001,50.91602159999999,Joseph Ravoetstraat,Unknown,15220220,24062,Leuven,60,
1949,1433439800,4.7166182,50.916037,Unknown,Unknown,1433439800,24062,Leuven,60,
1950,15220221,4.719458,50.9210447,Schmaesveldstraat,Unknown,15220221,24062,Leuven,60,
1951,1433439792,4.71939425,50.9210593,Unknown,Unknown,1433439792,24062,Leuven,60,
1952,15220223,4.7203695775114,50.9198915105737,Marie Clootsstraat,Unknown,15220223,24062,Leuven,60,
1953,658907064,4.72178735,50.92072,Boomgaardstraat,Unknown,658907064,24062,Leuven,60,
1954,780600571,4.719465202561024,50.92748475254151,Hoogveldweg,Unknown,780600571,24062,Leuven,60,
1955,15220233,4.7207947,50.92548525,Hoogveldweg,Unknown,15220233,24062,Leuven,60,
1956,104366496,4.721061169449289,50.92510336634084,Unknown,Unknown,104366496,24062,Leuven,60,
1957,23010600,4.720565170494318,50.932150972386594,Verbroederingstraat,Unknown,23010600,24062,Leuven,60,
1958,30770545,4.7199691417070975,50.9313940012368,Oude Aarschotseweg,Unknown,30770545,24062,Leuven,60,
1959,"[963491605, 15220519]",4.701303584249903,50.92743630121139,Weduwenrij,Unknown,"[963491605, 15220519]",24062,Leuven,60,
1960,"[39425284, 39425285]",4.709344624225605,50.92993602682191,Dijlebrug,Unknown,"[39425284, 39425285]",24062,Leuven,60,
1961,194820336,4.763407150000001,50.8891314,Diestsesteenweg,Unknown,194820336,24062,Leuven,60,
1962,15238481,4.763326219163916,50.88910154491436,Unknown,Unknown,15238481,24062,Leuven,60,
1963,997124867,4.73625085,50.86856345,Unknown,Unknown,997124867,24062,Leuven,60,
1964,15270582,4.7365751,50.86820775,Unknown,Unknown,15270582,24062,Leuven,60,
1965,92326679,4.73681575,50.868467800000005,Tiensesteenweg,Unknown,92326679,24062,Leuven,60,
1966,34340869,4.71684715,50.91645525,Eegstraat,Unknown,34340869,24062,Leuven,60,
1967,1433439793,4.716915050000001,50.91644285,Unknown,Unknown,1433439793,24062,Leuven,60,
1968,"[25941709, 25941711]",4.71481726135153,50.918291292497614,Jules Persoonsstraat,Unknown,"[25941709, 25941711]",24062,Leuven,60,
1969,26125249,4.7150349942118455,50.91819091540933,Jules Persoonsstraat,Unknown,26125249,24062,Leuven,60,
1970,25798417,4.723431537442142,50.9228083418862,Bermpad,Unknown,25798417,24062,Leuven,60,
1971,"[310648192, 38765915]",4.722813525255231,50.921515686733535,"['Bermpad', 'Boomgaardstraat']",Unknown,"[310648192, 38765915]",24062,Leuven,60,
1972,1386298869,4.723445874246095,50.92242226062308,Puttebroekstraat,Unknown,1386298869,24062,Leuven,60,
1973,"[807117577, 15436660]",4.724462178609028,50.92383800502046,De Roestestraat,Unknown,"[807117577, 15436660]",24062,Leuven,60,
1974,38197870,4.725351387640212,50.92239539488374,Puttebroekstraat,Unknown,38197870,24062,Leuven,60,
1975,663909832,4.724239858490576,50.922429429770894,Puttebroekstraat,Unknown,663909832,24062,Leuven,60,
1976,"[38159577, 25954236, 38159567]",4.724698621452112,50.925568588840406,Unknown,Unknown,"[38159577, 25954236, 38159567]",24062,Leuven,60,
1977,25954239,4.726514976100585,50.92538646098816,Berghoekstraat,Unknown,25954239,24062,Leuven,60,
1978,"[25954241, 419874311]",4.729893226444929,50.926798881025086,Ristweg,Unknown,"[25954241, 419874311]",24062,Leuven,60,
1979,"[41734027, 25954243]",4.7298070983748834,50.92574002265813,Scouts en Gidsen pad,Unknown,"[41734027, 25954243]",24062,Leuven,60,
1980,141192017,4.699261249999999,50.87959415,Brusselsestraat,Unknown,141192017,24062,Leuven,60,
1981,"[454066168, 454066166, 454066167]",4.698188186912919,50.87943356804477,Unknown,Unknown,"[454066168, 454066166, 454066167]",24062,Leuven,60,
1982,15725982,4.697416150012506,50.87959587122483,Predikherenstraat,Unknown,15725982,24062,Leuven,60,
1983,"[454930552, 454930553, 15726331]",4.700886378524304,50.87778960975107,Hallengang,Unknown,"[454930552, 454930553, 15726331]",24062,Leuven,60,
1984,131632249,4.7020342,50.87768325,Hogeschoolplein,Unknown,131632249,24062,Leuven,60,
1985,99500136,4.702245710811543,50.87757926360475,Hogeschoolplein,Unknown,99500136,24062,Leuven,60,
1986,126348338,4.699272992439052,50.87845037842662,Drie-Engelenberg,Unknown,126348338,24062,Leuven,60,
1987,140979135,4.69954005,50.8783614,Oude Markt,Unknown,140979135,24062,Leuven,60,
1988,"[133545945, 968578739]",4.659019081281119,50.86315950225644,Sint-Jansbergsesteenweg,Unknown,"[133545945, 968578739]",24062,Leuven,60,
1989,192559631,4.6608946,50.86537005,Sint-Jansbergsesteenweg,Unknown,192559631,24062,Leuven,60,
1990,"[93647802, 1488077491, 93647804, 192659018]",4.660462728790749,50.86487658135852,Sint-Jansbergsesteenweg,Unknown,"[93647802, 1488077491, 93647804, 192659018]",24062,Leuven,60,
1991,633254749,4.72238935,50.85086964999999,Geldenaaksebaan,Unknown,633254749,24062,Leuven,60,
1992,"[915483288, 1431741427]",4.722478893873508,50.85088420787213,Unknown,Unknown,"[915483288, 1431741427]",24062,Leuven,60,
1993,"[3373099, 350992062]",4.722131269063932,50.85130588747842,Geldenaaksebaan,Unknown,"[3373099, 350992062]",24062,Leuven,60,
1994,"[3373099, 350992061]",4.722299621001374,50.85101226810945,Geldenaaksebaan,Unknown,"[3373099, 350992061]",24062,Leuven,60,
1995,"[232889405, 1057646221]",4.722152953069297,50.85104649653483,Unknown,Unknown,"[232889405, 1057646221]",24062,Leuven,60,
1996,192658994,4.719855172973822,50.84869643548776,Ambachtenlaan,Unknown,192658994,24062,Leuven,60,
1997,"[15886222, 1431809606]",4.718746927024123,50.84714143603887,Unknown,Unknown,"[15886222, 1431809606]",24062,Leuven,60,
1998,1431809606,4.719764273371991,50.84882398172818,Unknown,Unknown,1431809606,24062,Leuven,60,
1999,578662086,4.6839594,50.8770894,Tervuursestraat,Unknown,578662086,24062,Leuven,60,
2000,578662087,4.6841015095106,50.87713758675403,Tervuursestraat,Unknown,578662087,24062,Leuven,60,
2001,1017557204,4.683991696953501,50.8771602974047,Unknown,Unknown,1017557204,24062,Leuven,60,
2002,"[1507767633, 1151520115]",4.68300101079413,50.87805002616948,Unknown,Unknown,"[1507767633, 1151520115]",24062,Leuven,60,
2003,86249595,4.688666250000001,50.87492885,Heilige-Geeststraat,Unknown,86249595,24062,Leuven,60,
2004,17336304,4.688809151267051,50.87504866215399,Arthur De Greefstraat,Unknown,17336304,24062,Leuven,60,
2005,"[3343952, 18132374, 665091167]",4.71237878933258,50.87725079279728,Straatjesgang,Unknown,"[3343952, 18132374, 665091167]",24062,Leuven,60,
2006,25093528,4.673864880317772,50.83256213689732,Unknown,Unknown,25093528,24062,Leuven,60,
2007,93910520,4.674633911267463,50.83081258732632,Dodendreef,Unknown,93910520,24062,Leuven,60,
2008,"[93910520, 23237807]",4.672919038254102,50.83235146739183,Dodendreef,Unknown,"[93910520, 23237807]",24062,Leuven,60,
2009,25093526,4.674865507289069,50.82884803692895,Unknown,Unknown,25093526,24062,Leuven,60,
2010,16638060,4.6796493,50.84060565,Unknown,Unknown,16638060,24062,Leuven,60,
2011,16758998,4.71855435,50.88972435,Veeweidepad,Unknown,16758998,24062,Leuven,60,
2012,22476094,4.718526000000001,50.88960815,Eénmeilaan,Unknown,22476094,24062,Leuven,60,
2013,3991634,4.704942619903592,50.87888373438689,Leopold Vanderkelenstraat,Unknown,3991634,24062,Leuven,60,
2014,318825611,4.70684825,50.88788635,Aarschotsesteenweg,Unknown,318825611,24062,Leuven,60,
2015,"[540174493, 540174494, 540174495]",4.706486686608906,50.88794345041824,Unknown,Unknown,"[540174493, 540174494, 540174495]",24062,Leuven,60,
2016,"[1456365026, 27479870]",4.706785741855267,50.88893495010549,Unknown,Unknown,"[1456365026, 27479870]",24062,Leuven,60,
2017,"[282804880, 1001151699]",4.682351103532038,50.88151052098687,Unknown,Unknown,"[282804880, 1001151699]",24062,Leuven,60,
2018,429706869,4.681929146241574,50.88018255522616,Unknown,Unknown,429706869,24062,Leuven,60,
2019,"[813970225, 1433110630]",4.68184178304728,50.880230573251545,Unknown,Unknown,"[813970225, 1433110630]",24062,Leuven,60,
2020,"[447959154, 27656282, 793560511]",4.648472009488004,50.8753411327526,"['Bremstraat', 'Buurtweg 37']",Unknown,"[447959154, 27656282, 793560511]",24062,Leuven,60,
2021,27917866,4.721211884637329,50.88819727171104,Vredeplein,Unknown,27917866,24062,Leuven,60,
2022,9666346,4.720616377088617,50.88768118294435,Gelijkheidsstraat,Unknown,9666346,24062,Leuven,60,
2023,"[521193609, 863272997, 4003927]",4.714840324359505,50.87464850665547,Tiensevest,Unknown,"[521193609, 863272997, 4003927]",24062,Leuven,60,
2024,8111814,4.711207349923486,50.87081722215405,Kerkhofdreef,Unknown,8111814,24062,Leuven,60,
2025,"[609893304, 31091401, 1114893746]",4.719956423153887,50.874654007279126,Martelarenlaan,Unknown,"[609893304, 31091401, 1114893746]",24062,Leuven,60,
2026,784247204,4.719978290919031,50.87334582403285,Martelarenlaan,Unknown,784247204,24062,Leuven,60,
2027,1060303756,4.71288555,50.86726165,Unknown,Unknown,1060303756,24062,Leuven,60,
2028,"[17025762, 8074719]",4.713438991995945,50.86722506997561,Philipssite,Unknown,"[17025762, 8074719]",24062,Leuven,60,
2029,272016176,4.7153834,50.8683961,Unknown,Unknown,272016176,24062,Leuven,60,
2030,33235317,4.715197455863547,50.86844834655426,Unknown,Unknown,33235317,24062,Leuven,60,
2031,768482264,4.715469559548355,50.867877742466064,Unknown,Unknown,768482264,24062,Leuven,60,
2032,28982662,4.714665573000101,50.86865894358706,Unknown,Unknown,28982662,24062,Leuven,60,
2033,272016164,4.713897551868405,50.86816238000614,Unknown,Unknown,272016164,24062,Leuven,60,
2034,768482265,4.71424592598112,50.86944509777754,Unknown,Unknown,768482265,24062,Leuven,60,
2035,89449050,4.7154058751736665,50.8692202477057,Unknown,Unknown,89449050,24062,Leuven,60,
2036,17026914,4.7154206,50.86898615,Unknown,Unknown,17026914,24062,Leuven,60,
2037,272016153,4.716418243316153,50.868428158771565,Unknown,Unknown,272016153,24062,Leuven,60,
2038,768484683,4.7162763000000005,50.86919455,Unknown,Unknown,768484683,24062,Leuven,60,
2039,40017773,4.717037998539185,50.86911378486703,Unknown,Unknown,40017773,24062,Leuven,60,
2040,160912991,4.71440055,50.8696628,Unknown,Unknown,160912991,24062,Leuven,60,
2041,768482266,4.716895810526939,50.87035296435427,Unknown,Unknown,768482266,24062,Leuven,60,
2042,17027306,4.717561928913352,50.8708150806143,Unknown,Unknown,17027306,24062,Leuven,60,
2043,"[40017773, 768487846]",4.717850546294739,50.87088625114256,Unknown,Unknown,"[40017773, 768487846]",24062,Leuven,60,
2044,608715536,4.71598145,50.8733235,Tiensesteenweg,Unknown,608715536,24062,Leuven,60,
2045,86249592,4.690165065248233,50.87481693842491,Unknown,Unknown,86249592,24062,Leuven,60,
2046,"[85598689, 85598685, 907340390]",4.682017660397288,50.869800366653486,Groenveldstraat,Unknown,"[85598689, 85598685, 907340390]",24062,Leuven,60,
2047,17396786,4.685376119818452,50.87663931300991,Voorzorgstraat,Unknown,17396786,24062,Leuven,60,
2048,"[813983392, 813983393, 455505771, 3999689]",4.684873729517308,50.87644347888124,Bankstraat,Unknown,"[813983392, 813983393, 455505771, 3999689]",24062,Leuven,60,
2049,843033247,4.688757900000001,50.8763063,Heilige-Geeststraat,Unknown,843033247,24062,Leuven,60,
2050,"[17396786, 86249597, 539611478]",4.68712513763881,50.87678739419514,Voorzorgstraat,Unknown,"[17396786, 86249597, 539611478]",24062,Leuven,60,
2051,17411048,4.699429374013528,50.88526289736628,Klein Begijnhof,Unknown,17411048,24062,Leuven,60,
2052,10149350,4.7017856,50.8840573,Lombaardenstraat,Unknown,10149350,24062,Leuven,60,
2053,"[1452163014, 17411455]",4.7013652457968,50.88397060066883,Unknown,Unknown,"[1452163014, 17411455]",24062,Leuven,60,
2054,99500153,4.701776312598175,50.88663315638776,Vaartstraat,Unknown,99500153,24062,Leuven,60,
2055,"[126415113, 126415110, 843534479]",4.702252451822715,50.88690853794899,Vaartstraat,Unknown,"[126415113, 126415110, 843534479]",24062,Leuven,60,
2056,147850151,4.691867200000001,50.8906091,Kareelveld,Unknown,147850151,24062,Leuven,60,
2057,17416580,4.698275234189611,50.89406906588398,Unknown,Unknown,17416580,24062,Leuven,60,
2058,26410173,4.697646367408697,50.89415500549905,Achttienaprillaan,Unknown,26410173,24062,Leuven,60,
2059,"[25806808, 1274188447]",4.702254007131874,50.8954145313186,René Verbeeckstraat,Unknown,"[25806808, 1274188447]",24062,Leuven,60,
2060,25806808,4.701382868500311,50.89554121548064,René Verbeeckstraat,Unknown,25806808,24062,Leuven,60,
2061,134004342,4.701696794016224,50.89463548933441,René Verbeeckstraat,Unknown,134004342,24062,Leuven,60,
2062,25806803,4.701362572757826,50.89614256037582,Albert Woutersstraat,Unknown,25806803,24062,Leuven,60,
2063,26410169,4.700617213959374,50.8954380492292,Albert Woutersstraat,Unknown,26410169,24062,Leuven,60,
2064,192559623,4.7034529812280095,50.89651745121969,Pastoor Legrandstraat,Unknown,192559623,24062,Leuven,60,
2065,1498068914,4.67066615,50.8733536,Unknown,Unknown,1498068914,24062,Leuven,60,
2066,8130000,4.670874160488311,50.87346055973918,Sint-Jansbergsesteenweg,Unknown,8130000,24062,Leuven,60,
2067,"[192559632, 608916192, 608916191]",4.669396335777109,50.87241549686213,Sint-Jansbergsesteenweg,Unknown,"[192559632, 608916192, 608916191]",24062,Leuven,60,
2068,23957151,4.720154663897448,50.90261239540722,Waterlelieplein,Unknown,23957151,24062,Leuven,60,
2069,17512793,4.720440419801838,50.90087476372573,Eendenpad,Unknown,17512793,24062,Leuven,60,
2070,17512990,4.720453751953281,50.89844606509235,Unknown,Unknown,17512990,24062,Leuven,60,
2071,23950567,4.720807836860487,50.89795649373279,Unknown,Unknown,23950567,24062,Leuven,60,
2072,27625963,4.7351421555348825,50.888274722586544,Raadhuislaan,Unknown,27625963,24062,Leuven,60,
2073,174796288,4.73451095,50.89202375,Abdij Vlierbeek,Unknown,174796288,24062,Leuven,60,
2074,174796279,4.735154423161537,50.89194395294445,Abdij Vlierbeek,Unknown,174796279,24062,Leuven,60,
2075,174796293,4.734755981419296,50.89227760727078,Abdij Vlierbeek,Unknown,174796293,24062,Leuven,60,
2076,17971329,4.7346190495586855,50.8937517245974,Kloosterdijkpad,Unknown,17971329,24062,Leuven,60,
2077,192359865,4.734664301224633,50.89369679943314,Abdij Van Vlierbeek,Unknown,192359865,24062,Leuven,60,
2078,849576916,4.73490711758902,50.89424754817145,Alberdingk Thymlaan,Unknown,849576916,24062,Leuven,60,
2079,18059294,4.73923585,50.894484,Negenbunderspad,Unknown,18059294,24062,Leuven,60,
2080,22476415,4.741040987899763,50.89416793271836,Negenbunderspad,Unknown,22476415,24062,Leuven,60,
2081,"[136198328, 18498726, 136198312]",4.7415403301612296,50.895659361772566,Negenbunderspad,Unknown,"[136198328, 18498726, 136198312]",24062,Leuven,60,
2082,1370064715,4.743352725989155,50.89417629498134,Negenbunderspad,Unknown,1370064715,24062,Leuven,60,
2083,932651610,4.747265402017019,50.89375496162465,Unknown,Unknown,932651610,24062,Leuven,60,
2084,"[1370064715, 22476414]",4.747363716804214,50.89396281108594,Negenbunderspad,Unknown,"[1370064715, 22476414]",24062,Leuven,60,
2085,133801037,4.75138677170497,50.8900173768867,Jan Davidtsstraat,Unknown,133801037,24062,Leuven,60,
2086,17976690,4.754218455832202,50.899059757420346,Groddeweg,Unknown,17976690,24062,Leuven,60,
2087,17976693,4.754499549356054,50.8978434786107,Kortrijksestraat / Kortrijkstraat,Unknown,17976693,24062,Leuven,60,
2088,18494051,4.753162699424167,50.899427009594426,Groddeweg,Unknown,18494051,24062,Leuven,60,
2089,81145449,4.752730392032861,50.90006965649362,Unknown,Unknown,81145449,24062,Leuven,60,
2090,17976032,4.75247895,50.89896445,Groddeveldpad,Unknown,17976032,24062,Leuven,60,
2091,116985852,4.743293545178477,50.90034167502101,Sneppenstraat,Unknown,116985852,24062,Leuven,60,
2092,180171113,4.746905642321655,50.90173948460643,Sneppenstraat,Unknown,180171113,24062,Leuven,60,
2093,"[17980304, 180171118]",4.747417681600703,50.89987392714988,Veldweg,Unknown,"[17980304, 180171118]",24062,Leuven,60,
2094,"[17971914, 192359869]",4.741748705065823,50.89829567043149,Boskouter,Unknown,"[17971914, 192359869]",24062,Leuven,60,
2095,"[22476416, 192359894]",4.739391609827635,50.89960246022002,Sneppenstraat,Unknown,"[22476416, 192359894]",24062,Leuven,60,
2096,18091377,4.73703781865019,50.90033075934098,Kloosterbosstraat,Unknown,18091377,24062,Leuven,60,
2097,28352392,4.738933244667236,50.89862657461481,Spechtenstraat,Unknown,28352392,24062,Leuven,60,
2098,17982114,4.734256765841997,50.898766217237146,Sneppenstraat,Unknown,17982114,24062,Leuven,60,
2099,192359888,4.733062815745978,50.89851832321885,Schoolbergenstraat,Unknown,192359888,24062,Leuven,60,
2100,"[192359888, 18491563]",4.734613513936468,50.89754726943899,Schoolbergenstraat,Unknown,"[192359888, 18491563]",24062,Leuven,60,
2101,17976024,4.732306346794695,50.8986441936532,Genadeweg,Unknown,17976024,24062,Leuven,60,
2102,17975258,4.731132949999999,50.89892585,Velderblok,Unknown,17975258,24062,Leuven,60,
2103,17975259,4.7306008,50.89940275,Genadeweg,Unknown,17975259,24062,Leuven,60,
2104,"[17975257, 28313555]",4.730066512830969,50.90003928276454,Wilderbos,Unknown,"[17975257, 28313555]",24062,Leuven,60,
2105,"[1442209378, 17975255]",4.729336856795748,50.900386202180734,Tweebunders,Unknown,"[1442209378, 17975255]",24062,Leuven,60,
2106,38211411,4.726953099327866,50.90041810255659,Wilselsesteenweg,Unknown,38211411,24062,Leuven,60,
2107,38211412,4.727488861657676,50.90105646755416,Genadeweg,Unknown,38211412,24062,Leuven,60,
2108,"[28313549, 17975253]",4.72753187780787,50.90152637668879,Op de Vliet,Unknown,"[28313549, 17975253]",24062,Leuven,60,
2109,38210904,4.726630969087263,50.90169214919485,Kesselbergpad,Unknown,38210904,24062,Leuven,60,
2110,1442137404,4.72396995,50.90009600000001,Unknown,Unknown,1442137404,24062,Leuven,60,
2111,"[125835530, 1344409364]",4.722216971247788,50.89939472979404,Domeinstraat,Unknown,"[125835530, 1344409364]",24062,Leuven,60,
2112,125835530,4.724659283836647,50.90042509427506,Domeinstraat,Unknown,125835530,24062,Leuven,60,
2113,"[23950554, 1442137405]",4.724183872187715,50.89981053991716,Herbeemdpad,Unknown,"[23950554, 1442137405]",24062,Leuven,60,
2114,23950555,4.722721876772032,50.89854926669408,Unknown,Unknown,23950555,24062,Leuven,60,
2115,179193442,4.724589201877051,50.89958423099884,Unknown,Unknown,179193442,24062,Leuven,60,
2116,1201619984,4.725697154723827,50.899233536497135,Herbeemdpad,Unknown,1201619984,24062,Leuven,60,
2117,17974346,4.728794915575573,50.89827954867612,Bruineveldpad,Unknown,17974346,24062,Leuven,60,
2118,13823568,4.7291152,50.8988064,Wilselsesteenweg,Unknown,13823568,24062,Leuven,60,
2119,1359813276,4.708519600000001,50.8775314,Erasmusplein,Unknown,1359813276,24062,Leuven,60,
2120,18131047,4.708574041864747,50.877697719440285,Erasmusplein,Unknown,18131047,24062,Leuven,60,
2121,18132176,4.708825924080969,50.87779386239572,Erasmusplein,Unknown,18132176,24062,Leuven,60,
2122,1472104194,4.708950671377839,50.87746501365037,Unknown,Unknown,1472104194,24062,Leuven,60,
2123,18132007,4.7086138,50.8778477,Erasmusplein,Unknown,18132007,24062,Leuven,60,
2124,"[1359813277, 1359813279]",4.708669267258611,50.87798509137371,Erasmusplein,Unknown,"[1359813277, 1359813279]",24062,Leuven,60,
2125,3991678,4.708338899999999,50.87807455,Ravenstraat,Unknown,3991678,24062,Leuven,60,
2126,1359813274,4.708505095585771,50.87807764216393,Erasmusplein,Unknown,1359813274,24062,Leuven,60,
2127,1359813275,4.708227325162427,50.87790634180039,Erasmusplein,Unknown,1359813275,24062,Leuven,60,
2128,18131981,4.70845045,50.87794285,Erasmusplein,Unknown,18131981,24062,Leuven,60,
2129,"[1359813280, 1359813278]",4.708394961771555,50.87780541956149,Erasmusplein,Unknown,"[1359813280, 1359813278]",24062,Leuven,60,
2130,"[1090790381, 194099127]",4.721809716546547,50.88456603912708,Kerkstraat,Unknown,"[1090790381, 194099127]",24062,Leuven,60,
2131,1012971580,4.725982800000001,50.88524695,Lindensestraat,Unknown,1012971580,24062,Leuven,60,
2132,18512153,4.732274505756867,50.88800114405476,Unknown,Unknown,18512153,24062,Leuven,60,
2133,1069699890,4.732650017242009,50.88796681111257,Unknown,Unknown,1069699890,24062,Leuven,60,
2134,1009885681,4.734101,50.88785575,Pastoor Eeckelaerslaan,Unknown,1009885681,24062,Leuven,60,
2135,139521588,4.733759018875122,50.88844202853576,Pastoor Eeckelaerslaan,Unknown,139521588,24062,Leuven,60,
2136,18491553,4.732130396302636,50.89040788970263,Frans Nackaertsplein,Unknown,18491553,24062,Leuven,60,
2137,101386255,4.731569395402733,50.8902841295332,Frans Nackaertsplein,Unknown,101386255,24062,Leuven,60,
2138,18498728,4.73540705,50.8953955,Alberdingk Thymlaan,Unknown,18498728,24062,Leuven,60,
2139,179193408,4.735412999999999,50.89615435,Blokweg,Unknown,179193408,24062,Leuven,60,
2140,"[192359868, 18498727]",4.735876206312729,50.89645870717998,Alberdingk Thymlaan,Unknown,"[192359868, 18498727]",24062,Leuven,60,
2141,"[192359890, 192359892]",4.737060923025767,50.89675112235255,Schoolbergenstraat,Unknown,"[192359890, 192359892]",24062,Leuven,60,
2142,137269826,4.74232565,50.89655085,Schoolbergenstraat,Unknown,137269826,24062,Leuven,60,
2143,"[136198312, 136198328, 18498726]",4.741540330161229,50.89565936177255,Negenbunderspad,Unknown,"[136198312, 136198328, 18498726]",24062,Leuven,60,
2144,"[192359889, 192359893]",4.742830798744666,50.89646613327083,Schoolbergenstraat,Unknown,"[192359889, 192359893]",24062,Leuven,60,
2145,"[18491562, 192359893]",4.743950409287839,50.89612142227392,Schoolbergenstraat,Unknown,"[18491562, 192359893]",24062,Leuven,60,
2146,296157227,4.743254124305667,50.89624860117666,Unknown,Unknown,296157227,24062,Leuven,60,
2147,"[192359882, 18494050]",4.74651699198641,50.89688486616344,Martellekensweg,Unknown,"[192359882, 18494050]",24062,Leuven,60,
2148,"[192359891, 17976029]",4.7468848741138645,50.89505936680228,Schoolbergenstraat,Unknown,"[192359891, 17976029]",24062,Leuven,60,
2149,"[1314119600, 1314119601, 17976034]",4.749047027586421,50.89857885988555,Martellekensweg,Unknown,"[1314119600, 1314119601, 17976034]",24062,Leuven,60,
2150,18582225,4.751624777894167,50.89547984943406,Kortrijksestraat / Kortrijkstraat,Unknown,18582225,24062,Leuven,60,
2151,"[18582225, 694554098]",4.751117001008533,50.89518866228779,Kortrijksestraat / Kortrijkstraat,Unknown,"[18582225, 694554098]",24062,Leuven,60,
2152,961370975,4.76834195,50.88950645,Unknown,Unknown,961370975,24062,Leuven,60,
2153,79852585,4.769044993738875,50.889591428128966,Diestsesteenweg,Unknown,79852585,24062,Leuven,60,
2154,192359870,4.75150305,50.887962550000005,Diestsesteenweg,Unknown,192359870,24062,Leuven,60,
2155,191992024,4.74938621771813,50.88758871392064,Diestsesteenweg,Unknown,191992024,24062,Leuven,60,
2156,18494072,4.749259096792724,50.885049377453385,Zeswiekenpad,Unknown,18494072,24062,Leuven,60,
2157,655224642,4.7459275000000005,50.88694045,Zeswiekenpad,Unknown,655224642,24062,Leuven,60,
2158,276495785,4.741292493667699,50.882761523836976,Jan Vranckxweg,Unknown,276495785,24062,Leuven,60,
2159,87240812,4.740416851116048,50.88287384000028,Unknown,Unknown,87240812,24062,Leuven,60,
2160,87240827,4.739616567905167,50.8814200304264,Bareelweg,Unknown,87240827,24062,Leuven,60,
2161,18494901,4.753746191642508,50.88794265470512,Platte-Lostraat,Unknown,18494901,24062,Leuven,60,
2162,"[907021631, 11995799]",4.725596794882916,50.86309049369878,Norbertijnerweg,Unknown,"[907021631, 11995799]",24062,Leuven,60,
2163,1467147774,4.721950731750678,50.86418798001217,Unknown,Unknown,1467147774,24062,Leuven,60,
2164,19608485,4.739940249738459,50.86363702824625,Villapark,Unknown,19608485,24062,Leuven,60,
2165,19429655,4.738589843826842,50.86335624791149,Hoogland,Unknown,19429655,24062,Leuven,60,
2166,19429654,4.739762199806659,50.86283708033962,Minneveld,Unknown,19429654,24062,Leuven,60,
2167,19429659,4.738130349423946,50.86332790028219,Hoogland,Unknown,19429659,24062,Leuven,60,
2168,19429658,4.73730656083194,50.86346273911084,Hoogland,Unknown,19429658,24062,Leuven,60,
2169,19429663,4.738115749221206,50.86309084804642,Hoogland,Unknown,19429663,24062,Leuven,60,
2170,"[957132339, 19429659]",4.736839321535402,50.86269189635642,Hoogland,Unknown,"[957132339, 19429659]",24062,Leuven,60,
2171,19429660,4.737051436484879,50.86207491796479,Hoogland,Unknown,19429660,24062,Leuven,60,
2172,94583893,4.69814935,50.86785925,Unknown,Unknown,94583893,24062,Leuven,60,
2173,96824547,4.697984407591293,50.86783317276778,Unknown,Unknown,96824547,24062,Leuven,60,
2174,19569435,4.70060175,50.86566035,Jozef Eerdekensstraat,Unknown,19569435,24062,Leuven,60,
2175,"[78345003, 78345004, 78345005]",4.7004327294706165,50.86531289571681,Jozef Eerdekensstraat,Unknown,"[78345003, 78345004, 78345005]",24062,Leuven,60,
2176,78345004,4.700943115126152,50.865485490860735,Jozef Eerdekensstraat,Unknown,78345004,24062,Leuven,60,
2177,301909104,4.701132451565274,50.86558761284429,Jozef Eerdekensstraat,Unknown,301909104,24062,Leuven,60,
2178,"[124042397, 284251318]",4.712244414451009,50.86081425306877,Milseweg,Unknown,"[124042397, 284251318]",24062,Leuven,60,
2179,"[284251316, 293394693]",4.712972750596027,50.86174918183302,Abdijstraat,Unknown,"[284251316, 293394693]",24062,Leuven,60,
2180,84696751,4.714374100000001,50.88187005,Tiensevest,Unknown,84696751,24062,Leuven,60,
2181,89574079,4.71439465,50.88178965,Tiensevest,Unknown,89574079,24062,Leuven,60,
2182,"[377918657, 79596968, 377814547, 78579065, 79596986]",4.714742790544989,50.8818832997609,Unknown,Unknown,"[377918657, 79596968, 377814547, 78579065, 79596986]",24062,Leuven,60,
2183,79193580,4.7143125,50.882050500000005,Tiensevest,Unknown,79193580,24062,Leuven,60,
2184,78815531,4.714293189739531,50.88199001525691,Unknown,Unknown,78815531,24062,Leuven,60,
2185,"[79596967, 377918664, 377918633, 377918663, 79596988]",4.714677588452275,50.88206226024976,Unknown,Unknown,"[79596967, 377918664, 377918633, 377918663, 79596988]",24062,Leuven,60,
2186,326736773,4.678138049999999,50.88432375,Brusselsesteenweg,Unknown,326736773,24062,Leuven,60,
2187,114869072,4.7143499,50.86171605,Abdijstraat,Unknown,114869072,24062,Leuven,60,
2188,"[19955587, 1172748584, 236229457, 970359922, 970359923, 802986451, 79085241]",4.71380779503557,50.86298718198788,Norbertijnerweg,Unknown,"[19955587, 1172748584, 236229457, 970359922, 970359923, 802986451, 79085241]",24062,Leuven,60,
2189,"[970345112, 970345113, 104502509, 126304984]",4.714432915979277,50.88472343578164,Unknown,Unknown,"[970345112, 970345113, 104502509, 126304984]",24062,Leuven,60,
2190,"[1313454424, 126304914]",4.714192945620702,50.88471912690012,Diestsepoort,Unknown,"[1313454424, 126304914]",24062,Leuven,60,
2191,148754273,4.70073235,50.846245800000005,Unknown,Unknown,148754273,24062,Leuven,60,
2192,69664762,4.69603345,50.84558075,Unknown,Unknown,69664762,24062,Leuven,60,
2193,119490089,4.69594575,50.8455785,Bierbeekpleindreef,Unknown,119490089,24062,Leuven,60,
2194,364819994,4.695876697659233,50.84598560897777,Naamsesteenweg,Unknown,364819994,24062,Leuven,60,
2195,364820001,4.69598865814146,50.845482330999005,Naamsesteenweg,Unknown,364820001,24062,Leuven,60,
2196,75104689,4.70414735,50.8449334,Kerspelstraat,Unknown,75104689,24062,Leuven,60,
2197,69664764,4.706430068857211,50.845074554030354,Unknown,Unknown,69664764,24062,Leuven,60,
2198,"[119260780, 75104689, 1206337010, 1104103722]",4.703742414803891,50.84575946202051,Kerspelstraat,Unknown,"[119260780, 75104689, 1206337010, 1104103722]",24062,Leuven,60,
2199,25929265,4.7146622,50.9234595,Lange Beemdenlaan,Unknown,25929265,24062,Leuven,60,
2200,631979426,4.714877998721288,50.92417587133585,Vuntlaan,Unknown,631979426,24062,Leuven,60,
2201,631979429,4.712885595601041,50.925258641355725,Weggevoerdenstraat,Unknown,631979429,24062,Leuven,60,
2202,1433349727,4.7234612,50.92821585,Unknown,Unknown,1433349727,24062,Leuven,60,
2203,16201617,4.7234805274488,50.92831620097323,Aarschotsesteenweg,Unknown,16201617,24062,Leuven,60,
2204,38159437,4.723338039659536,50.92806396757106,Aarschotsesteenweg,Unknown,38159437,24062,Leuven,60,
2205,1491012201,4.723384952642101,50.92822787003312,Schotelveldstraat,Unknown,1491012201,24062,Leuven,60,
2206,82459657,4.726699336415103,50.883216869048,Richard Valvekensstraat,Unknown,82459657,24062,Leuven,60,
2207,21492335,4.723939700000001,50.9292847,Juliaan Haestweg,Unknown,21492335,24062,Leuven,60,
2208,22297185,4.72402295,50.92926425,Pastorijweg,Unknown,22297185,24062,Leuven,60,
2209,663909831,4.724034435108496,50.92936423103208,Aarschotsesteenweg,Unknown,663909831,24062,Leuven,60,
2210,104622422,4.681089350000001,50.86183314999999,Langestaart,Unknown,104622422,24062,Leuven,60,
2211,"[92419475, 73579619]",4.681174590768443,50.861717673437575,Celestijnenlaan,Unknown,"[92419475, 73579619]",24062,Leuven,60,
2212,92419479,4.6805253161540366,50.86242283012949,Celestijnenlaan,Unknown,92419479,24062,Leuven,60,
2213,"[124042384, 1498837906]",4.680549364813416,50.86157494214664,Langestaart,Unknown,"[124042384, 1498837906]",24062,Leuven,60,
2214,101388654,4.719770419479153,50.90359944588101,Vuntcomplex,Unknown,101388654,24062,Leuven,60,
2215,125835620,4.719686961348301,50.90358517247773,Kesseldallaan,Unknown,125835620,24062,Leuven,60,
2216,126304957,4.734658312977471,50.881398644363045,Stadionlaan,Unknown,126304957,24062,Leuven,60,
2217,"[688347309, 688347310, 688347311]",4.73485217983995,50.88124355853721,Désiré Mellaertsstraat,Unknown,"[688347309, 688347310, 688347311]",24062,Leuven,60,
2218,1470942977,4.731491549999999,50.88193735,Schakellaan,Unknown,1470942977,24062,Leuven,60,
2219,126304949,4.736520589928684,50.881950056748266,Rerum Novarumlaan,Unknown,126304949,24062,Leuven,60,
2220,126304950,4.736376800863153,50.88241293572327,Rerum Novarumlaan,Unknown,126304950,24062,Leuven,60,
2221,688347308,4.735965855204742,50.881923035467054,Stadionlaan,Unknown,688347308,24062,Leuven,60,
2222,151083714,4.73503,50.8832671,Stadionlaan,Unknown,151083714,24062,Leuven,60,
2223,460383203,4.735206726846685,50.88374029363026,Unknown,Unknown,460383203,24062,Leuven,60,
2224,32271348,4.7348757,50.8832429,Unknown,Unknown,32271348,24062,Leuven,60,
2225,192659024,4.6852964,50.8576526,Waversebaan,Unknown,192659024,24062,Leuven,60,
2226,1431353294,4.68452425,50.85734255,Unknown,Unknown,1431353294,24062,Leuven,60,
2227,294884343,4.6874573,50.8592371,Unknown,Unknown,294884343,24062,Leuven,60,
2228,294884346,4.687813790681509,50.85916473344764,Unknown,Unknown,294884346,24062,Leuven,60,
2229,"[71384864, 294884346]",4.68732615212337,50.85946269096286,Unknown,Unknown,"[71384864, 294884346]",24062,Leuven,60,
2230,432638325,4.698665399999999,50.86512895,Unknown,Unknown,432638325,24062,Leuven,60,
2231,"[21845457, 1382641350]",4.699732557084592,50.86426906603562,Zeepweg,Unknown,"[21845457, 1382641350]",24062,Leuven,60,
2232,21845582,4.697619368888669,50.86495883605359,Zeepweg,Unknown,21845582,24062,Leuven,60,
2233,5109060,4.699895102006476,50.86368393944876,Hoveniersdreef,Unknown,5109060,24062,Leuven,60,
2234,432311547,4.704106,50.86742045,Unknown,Unknown,432311547,24062,Leuven,60,
2235,841250377,4.70434135,50.86721115,Unknown,Unknown,841250377,24062,Leuven,60,
2236,243767917,4.704706935536459,50.86742252649636,Unknown,Unknown,243767917,24062,Leuven,60,
2237,1307235230,4.72491365,50.92859305000001,Pastoor Eralystraat,Unknown,1307235230,24062,Leuven,60,
2238,38772276,4.724454048186507,50.92853196389628,Unknown,Unknown,38772276,24062,Leuven,60,
2239,"[22297185, 345381447]",4.724697221039067,50.928703971857445,Pastorijweg,Unknown,"[22297185, 345381447]",24062,Leuven,60,
2240,310650087,4.731431001205581,50.92982355792901,Eendebroekstraat,Unknown,310650087,24062,Leuven,60,
2241,310650088,4.730536827142588,50.929796652262105,Eendebroekstraat,Unknown,310650088,24062,Leuven,60,
2242,25955969,4.731334468550278,50.93005305643016,Vierhuizenstraat,Unknown,25955969,24062,Leuven,60,
2243,310650089,4.731269949647193,50.93074259239478,Vierhuizenstraat,Unknown,310650089,24062,Leuven,60,
2244,136064768,4.73180135,50.93688385,Jan-Baptist Vanderelststraat,Unknown,136064768,24062,Leuven,60,
2245,1497201591,4.7317521,50.936913950000005,Van Den Steenstraat,Unknown,1497201591,24062,Leuven,60,
2246,"[1045611482, 1413126333]",4.699275447711049,50.90916133485256,Bornestraat,Unknown,"[1045611482, 1413126333]",24062,Leuven,60,
2247,1430556050,4.699337650565675,50.90914899779423,Unknown,Unknown,1430556050,24062,Leuven,60,
2248,"[1430556309, 1430556310]",4.699546309890167,50.90576730125974,Bornestraat,Unknown,"[1430556309, 1430556310]",24062,Leuven,60,
2249,22355504,4.697939910009151,50.91743175359586,Henri Corbeelsplein,Unknown,22355504,24062,Leuven,60,
2250,135016290,4.698003894353017,50.9176395521386,Henri Corbeelsplein,Unknown,135016290,24062,Leuven,60,
2251,1430556072,4.6979314244484405,50.91746705583349,Unknown,Unknown,1430556072,24062,Leuven,60,
2252,126304943,4.699917183760909,50.91967113477543,Nieuwe Bornestraat,Unknown,126304943,24062,Leuven,60,
2253,135016288,4.698394606818649,50.91862552903402,André Emondstraat,Unknown,135016288,24062,Leuven,60,
2254,25979131,4.6977939,50.91744485,Langenhofstraat,Unknown,25979131,24062,Leuven,60,
2255,"[1045611482, 325162797, 325162798]",4.698607920356179,50.91552484313087,"['Bornestraat', 'Guido Gezellelaan']",Unknown,"[1045611482, 325162797, 325162798]",24062,Leuven,60,
2256,"[608818932, 608818933, 384913438]",4.697718618505521,50.91759871396478,Prosper Vanlangendoncklaan,Unknown,"[608818932, 608818933, 384913438]",24062,Leuven,60,
2257,"[192359880, 192359877, 15081958]",4.743729452591211,50.89227929830943,Kortrijksestraat,Unknown,"[192359880, 192359877, 15081958]",24062,Leuven,60,
2258,"[192359880, 15081960, 17767536, 192359879]",4.7405720092092505,50.89136183490251,Kortrijksestraat,Unknown,"[192359880, 15081960, 17767536, 192359879]",24062,Leuven,60,
2259,23925152,4.7242443000000005,50.8916874,Unknown,Unknown,23925152,24062,Leuven,60,
2260,1082021219,4.72427595,50.891703500000006,Beemdenpad,Unknown,1082021219,24062,Leuven,60,
2261,37826233,4.723907386581618,50.89147958461975,Beemdenstraat,Unknown,37826233,24062,Leuven,60,
2262,37826366,4.724942777214976,50.89149282699393,Leopold Ruelensstraat,Unknown,37826366,24062,Leuven,60,
2263,616174260,4.7144443,50.87350045,Unknown,Unknown,616174260,24062,Leuven,60,
2264,"[4003928, 8130905]",4.714408949417731,50.873591726138336,"['Geldenaaksevest', 'Tiensepoort']",Unknown,"[4003928, 8130905]",24062,Leuven,60,
2265,"[983591576, 98601932]",4.714826607018427,50.87352037183335,Tiensesteenweg,Unknown,"[983591576, 98601932]",24062,Leuven,60,
2266,1191383407,4.714588480570443,50.873463963590666,Unknown,Unknown,1191383407,24062,Leuven,60,
2267,"[1469167957, 1362574773, 1469167958]",4.713980580896571,50.872993592862194,Unknown,Unknown,"[1469167957, 1362574773, 1469167958]",24062,Leuven,60,
2268,"[81522744, 1115244401]",4.714530317475182,50.881457686672746,Tiensevest,Unknown,"[81522744, 1115244401]",24062,Leuven,60,
2269,"[568698945, 22725052]",4.766801418291018,50.8865065533897,Rozenpad,Unknown,"[568698945, 22725052]",24062,Leuven,60,
2270,87384595,4.7544909,50.88842425,Diestsesteenweg,Unknown,87384595,24062,Leuven,60,
2271,22727799,4.75365717809216,50.88839189751936,Unknown,Unknown,22727799,24062,Leuven,60,
2272,22727871,4.747605080024497,50.88730180471018,Unknown,Unknown,22727871,24062,Leuven,60,
2273,22903418,4.70636895,50.907087,Unknown,Unknown,22903418,24062,Leuven,60,
2274,149115984,4.70621825,50.90713644999999,Brandenstraat,Unknown,149115984,24062,Leuven,60,
2275,"[149115984, 22903417]",4.7056568380669415,50.90486298000744,Brandenstraat,Unknown,"[149115984, 22903417]",24062,Leuven,60,
2276,"[159192280, 159192281]",4.70650750754588,50.90604584620668,Jaagpad,Unknown,"[159192280, 159192281]",24062,Leuven,60,
2277,"[292056885, 292056886, 22938871]",4.692914365692314,50.882811327127975,Sint-Servatiusstraat,Unknown,"[292056885, 292056886, 22938871]",24062,Leuven,60,
2278,"[38245536, 22939181]",4.718333749950769,50.89358533938687,Katjeswilgenlaan,Unknown,"[38245536, 22939181]",24062,Leuven,60,
2279,8131717,4.715426000000001,50.876670700000005,Tiensevest,Unknown,8131717,24062,Leuven,60,
2280,27471469,4.71579216374594,50.87713723631447,Unknown,Unknown,27471469,24062,Leuven,60,
2281,22999547,4.69470836887203,50.85599095638506,Unknown,Unknown,22999547,24062,Leuven,60,
2282,94582993,4.694918887206955,50.8556630181628,Unknown,Unknown,94582993,24062,Leuven,60,
2283,"[38158912, 39207590, 38158927, 1053690782, 1053690783]",4.71130271766875,50.927065337736735,Van der Nootstraat,Unknown,"[38158912, 39207590, 38158927, 1053690782, 1053690783]",24062,Leuven,60,
2284,53064968,4.7076399,50.92670735,Unknown,Unknown,53064968,24062,Leuven,60,
2285,23002203,4.707995767315342,50.92625281798976,Unknown,Unknown,23002203,24062,Leuven,60,
2286,56301176,4.72298935,50.92988375,Verbroederingstraat,Unknown,56301176,24062,Leuven,60,
2287,23010601,4.723898825989131,50.93044887807305,Alfons Fierensstraat,Unknown,23010601,24062,Leuven,60,
2288,23019287,4.72403875,50.92946359999999,Verbroederingstraat,Unknown,23019287,24062,Leuven,60,
2289,1433349705,4.7241235,50.92944665,Unknown,Unknown,1433349705,24062,Leuven,60,
2290,25955962,4.728730249673649,50.93243519615224,Prinsstraat,Unknown,25955962,24062,Leuven,60,
2291,292453422,4.730229267344202,50.93338053387161,Vierhuizenstraat,Unknown,292453422,24062,Leuven,60,
2292,25955961,4.729348945733111,50.933985576062426,Vierhuizenstraat,Unknown,25955961,24062,Leuven,60,
2293,25956706,4.728511932354148,50.93482137708983,Vierhuizenstraat,Unknown,25956706,24062,Leuven,60,
2294,1433439766,4.7285781,50.93523089999999,Unknown,Unknown,1433439766,24062,Leuven,60,
2295,182723461,4.675093667303469,50.88253737395012,Unknown,Unknown,182723461,24062,Leuven,60,
2296,326736796,4.6747511035185605,50.88238494598537,Unknown,Unknown,326736796,24062,Leuven,60,
2297,39427454,4.696172155865322,50.927502028812654,Dongelsplein,Unknown,39427454,24062,Leuven,60,
2298,"[39427456, 152449303, 39427455]",4.695749383971977,50.92667311814319,Rietensplein,Unknown,"[39427456, 152449303, 39427455]",24062,Leuven,60,
2299,30838397,4.69630775,50.9269695,Rietensplein,Unknown,30838397,24062,Leuven,60,
2300,1446033613,4.6960867,50.92691405,Rietensplein,Unknown,1446033613,24062,Leuven,60,
2301,1446033614,4.697191800000001,50.927083800000005,Korte Dolagestraat,Unknown,1446033614,24062,Leuven,60,
2302,30838337,4.697499452112317,50.92706348866742,Korte Dolagestraat,Unknown,30838337,24062,Leuven,60,
2303,1423685495,4.697263965935251,50.92681325975215,Korte Dolagestraat,Unknown,1423685495,24062,Leuven,60,
2304,23018428,4.696738812340865,50.92677168223683,Dongelsplein,Unknown,23018428,24062,Leuven,60,
2305,23018429,4.69770115,50.9272393,Korte Dolagestraat,Unknown,23018429,24062,Leuven,60,
2306,23018430,4.698358453078759,50.92662008516248,Korte Dolagestraat,Unknown,23018430,24062,Leuven,60,
2307,23018431,4.698658895459339,50.92608182033006,Korte Dolagestraat,Unknown,23018431,24062,Leuven,60,
2308,30787402,4.67947958962656,50.93172442199478,Hambosstraat,Unknown,30787402,24062,Leuven,60,
2309,35943573,4.679139290782348,50.93423257500103,Hambosstraat,Unknown,35943573,24062,Leuven,60,
2310,"[419874307, 35943573]",4.685143290084901,50.93110872224346,Hambosstraat,Unknown,"[419874307, 35943573]",24062,Leuven,60,
2311,23035341,4.68842385,50.93467795,Meerstraat,Unknown,23035341,24062,Leuven,60,
2312,23035342,4.691968363893579,50.9366309239111,Torenstraat,Unknown,23035342,24062,Leuven,60,
2313,1497196247,4.6957599000000005,50.93713785,Unknown,Unknown,1497196247,24062,Leuven,60,
2314,53086864,4.7104848,50.8914565,Unknown,Unknown,53086864,24062,Leuven,60,
2315,"[187498435, 23041399]",4.711375375189967,50.89353582140267,Dijledreef,Unknown,"[187498435, 23041399]",24062,Leuven,60,
2316,"[187498435, 187498436]",4.711234687862986,50.89267390208197,Unknown,Unknown,"[187498435, 187498436]",24062,Leuven,60,
2317,"[61785253, 592434966, 592434968, 592434969, 25806810]",4.701132322371678,50.90213479059218,Tunnelstraat,Unknown,"[61785253, 592434966, 592434968, 592434969, 25806810]",24062,Leuven,60,
2318,71890307,4.700436373737866,50.90207818379197,Brampad,Unknown,71890307,24062,Leuven,60,
2319,496063126,4.702163180990006,50.90167334710205,Brampad,Unknown,496063126,24062,Leuven,60,
2320,36532843,4.69938405,50.90237045,Unknown,Unknown,36532843,24062,Leuven,60,
2321,23041592,4.697361968090351,50.90242319420128,Oude Wakkerzeelsebaan,Unknown,23041592,24062,Leuven,60,
2322,384911849,4.696723394966591,50.90266549653829,Oude Wakkerzeelsebaan,Unknown,384911849,24062,Leuven,60,
2323,36532842,4.696568988604128,50.902065166586354,Zavelputstraat,Unknown,36532842,24062,Leuven,60,
2324,1177332100,4.698482251738844,50.9017938070447,Zavelputstraat,Unknown,1177332100,24062,Leuven,60,
2325,25933222,4.695647148146083,50.90153109967991,Zavelputstraat,Unknown,25933222,24062,Leuven,60,
2326,23049956,4.685844166164602,50.86327409962934,Unknown,Unknown,23049956,24062,Leuven,60,
2327,48164679,4.686031117702965,50.86308690258701,Unknown,Unknown,48164679,24062,Leuven,60,
2328,77864406,4.686269192622079,50.8632097020628,Unknown,Unknown,77864406,24062,Leuven,60,
2329,564432916,4.661732111151872,50.87847860845454,Unknown,Unknown,564432916,24062,Leuven,60,
2330,23052030,4.71193155,50.881833,Oppendorpgang,Unknown,23052030,24062,Leuven,60,
2331,"[90168777, 616383045, 616383046, 120201111]",4.694240939421658,50.86982208708131,Unknown,Unknown,"[90168777, 616383045, 616383046, 120201111]",24062,Leuven,60,
2332,257982046,4.693666011618548,50.87001799840863,Unknown,Unknown,257982046,24062,Leuven,60,
2333,"[292056888, 292056890, 136389295]",4.693080989507207,50.88225249026713,Vriesenhof,Unknown,"[292056888, 292056890, 136389295]",24062,Leuven,60,
2334,"[1458087488, 1458087485, 1458087487]",4.6885851972093295,50.873201045106406,Unknown,Unknown,"[1458087488, 1458087485, 1458087487]",24062,Leuven,60,
2335,"[1458087488, 254742536]",4.6882975012337145,50.87336640720311,Unknown,Unknown,"[1458087488, 254742536]",24062,Leuven,60,
2336,"[1053337035, 1458087486]",4.6895159283399375,50.87263963205116,Unknown,Unknown,"[1053337035, 1458087486]",24062,Leuven,60,
2337,616383047,4.6927718,50.87051445,Unknown,Unknown,616383047,24062,Leuven,60,
2338,"[616383050, 616383047]",4.692676847716832,50.87057372669588,Unknown,Unknown,"[616383050, 616383047]",24062,Leuven,60,
2339,"[90168779, 616383044, 616383045]",4.695828016524308,50.86931753831056,Unknown,Unknown,"[90168779, 616383044, 616383045]",24062,Leuven,60,
2340,"[616174234, 616174235, 120201124]",4.698415865767437,50.86855644948072,Unknown,Unknown,"[616174234, 616174235, 120201124]",24062,Leuven,60,
2341,"[616174251, 120201124]",4.698291685602514,50.86860200017829,Unknown,Unknown,"[616174251, 120201124]",24062,Leuven,60,
2342,3328222,4.698487988886897,50.86858763936165,Naamsesteenweg,Unknown,3328222,24062,Leuven,60,
2343,"[616174250, 616174234]",4.698543057901774,50.86850758528739,Unknown,Unknown,"[616174250, 616174234]",24062,Leuven,60,
2344,120201112,4.7061248,50.868442650000006,Unknown,Unknown,120201112,24062,Leuven,60,
2345,970355699,4.706167349999999,50.86845135,Unknown,Unknown,970355699,24062,Leuven,60,
2346,48446149,4.699015686133943,50.8682776368204,Erasme Ruelensvest,Unknown,48446149,24062,Leuven,60,
2347,"[1139085575, 978148215]",4.699634372785043,50.86810545421314,Unknown,Unknown,"[1139085575, 978148215]",24062,Leuven,60,
2348,978148215,4.698816747117744,50.86841594282994,Unknown,Unknown,978148215,24062,Leuven,60,
2349,23119592,4.71221275,50.86830625,Philipssite,Unknown,23119592,24062,Leuven,60,
2350,688289954,4.71244715,50.86825795,Unknown,Unknown,688289954,24062,Leuven,60,
2351,688289955,4.712424858594448,50.86847299567214,Philipssite,Unknown,688289955,24062,Leuven,60,
2352,688287822,4.71205775,50.8682537,Philipssite,Unknown,688287822,24062,Leuven,60,
2353,960151732,4.69818985,50.86862095,Unknown,Unknown,960151732,24062,Leuven,60,
2354,"[616174244, 616174245]",4.698269344374982,50.868669788089605,Unknown,Unknown,"[616174244, 616174245]",24062,Leuven,60,
2355,120201105,4.6952889,50.8668678,Unknown,Unknown,120201105,24062,Leuven,60,
2356,628222472,4.69475335,50.86656154999999,Unknown,Unknown,628222472,24062,Leuven,60,
2357,85841029,4.695137502092494,50.86674112512309,Unknown,Unknown,85841029,24062,Leuven,60,
2358,607917128,4.6909446,50.8643905,Unknown,Unknown,607917128,24062,Leuven,60,
2359,257483983,4.689536303426987,50.863710169823285,Kasteelpark Arenberg,Unknown,257483983,24062,Leuven,60,
2360,607917127,4.68744625,50.86239985,Unknown,Unknown,607917127,24062,Leuven,60,
2361,607917130,4.68752155,50.86240025000001,Unknown,Unknown,607917130,24062,Leuven,60,
2362,77864412,4.68743745,50.8623518,Unknown,Unknown,77864412,24062,Leuven,60,
2363,23119899,4.685802799999999,50.86145635,Unknown,Unknown,23119899,24062,Leuven,60,
2364,105427068,4.685846403920113,50.86158881240915,Kasteelpark Arenberg,Unknown,105427068,24062,Leuven,60,
2365,120201068,4.682794608329434,50.86046261105374,Celestijnenlaan,Unknown,120201068,24062,Leuven,60,
2366,257910320,4.6804668,50.8638175,Unknown,Unknown,257910320,24062,Leuven,60,
2367,373013043,4.680601575706068,50.86433775239777,Celestijnenlaan,Unknown,373013043,24062,Leuven,60,
2368,"[415307738, 92419479]",4.68031620544629,50.8635013995105,Celestijnenlaan,Unknown,"[415307738, 92419479]",24062,Leuven,60,
2369,23120698,4.660069713227038,50.85970682048647,Sint-Reneldislaan,Unknown,23120698,24062,Leuven,60,
2370,23124528,4.65991763988233,50.86024165640564,Sint-Reneldisplein,Unknown,23124528,24062,Leuven,60,
2371,"[192659016, 66765019]",4.657107375539313,50.85837626978667,Rotspoelstraat,Unknown,"[192659016, 66765019]",24062,Leuven,60,
2372,108148084,4.648700641358903,50.84975978237094,Lissenweg,Unknown,108148084,24062,Leuven,60,
2373,1441648559,4.657845221766008,50.86003680724517,Kapelberg,Unknown,1441648559,24062,Leuven,60,
2374,195735948,4.645018260561315,50.85269346498416,Lissenweg,Unknown,195735948,24062,Leuven,60,
2375,195735955,4.644380319817537,50.85288758609626,Unknown,Unknown,195735955,24062,Leuven,60,
2376,102156886,4.648485482609066,50.850082476378034,Unknown,Unknown,102156886,24062,Leuven,60,
2377,106432910,4.657267273346917,50.84993522213712,Unknown,Unknown,106432910,24062,Leuven,60,
2378,23163396,4.7533821841313735,50.90697162273375,Leming,Unknown,23163396,24062,Leuven,60,
2379,264061317,4.7067856,50.8760088,Unknown,Unknown,264061317,24062,Leuven,60,
2380,23237055,4.706920500988527,50.87561363049719,Unknown,Unknown,23237055,24062,Leuven,60,
2381,23237290,4.69238775,50.87014285,Unknown,Unknown,23237290,24062,Leuven,60,
2382,140368399,4.69248787873573,50.8703411844032,Tervuursevest,Unknown,140368399,24062,Leuven,60,
2383,93726730,4.691949551040062,50.87028754764166,Unknown,Unknown,93726730,24062,Leuven,60,
2384,"[1436968744, 1436968743]",4.681446220294288,50.85346943417483,Unknown,Unknown,"[1436968744, 1436968743]",24062,Leuven,60,
2385,1436968741,4.68177245,50.853074,Unknown,Unknown,1436968741,24062,Leuven,60,
2386,"[23237689, 1436968742]",4.681022227935998,50.85481661609991,Unknown,Unknown,"[23237689, 1436968742]",24062,Leuven,60,
2387,1431353278,4.68072305,50.85568455000001,Unknown,Unknown,1431353278,24062,Leuven,60,
2388,62353720,4.683216423700006,50.852481616222896,Unknown,Unknown,62353720,24062,Leuven,60,
2389,200003879,4.682102233018727,50.85199758773008,Herendreef,Unknown,200003879,24062,Leuven,60,
2390,25093570,4.68329735,50.851427650000005,Unknown,Unknown,25093570,24062,Leuven,60,
2391,104777095,4.68273965,50.8504939,Herendreef,Unknown,104777095,24062,Leuven,60,
2392,"[23238579, 23237803]",4.684319216491024,50.84687093280674,"['Herendreef', 'Konijnenpijp']",Unknown,"[23238579, 23237803]",24062,Leuven,60,
2393,29455031,4.6867636945589455,50.8469777266813,Unknown,Unknown,29455031,24062,Leuven,60,
2394,821642141,4.680926564358061,50.84795549031183,Unknown,Unknown,821642141,24062,Leuven,60,
2395,25093578,4.6846628500000005,50.8456859,Herendreef,Unknown,25093578,24062,Leuven,60,
2396,"[23237803, 23238579]",4.684319216491024,50.84687093280674,"['Konijnenpijp', 'Herendreef']",Unknown,"[23237803, 23238579]",24062,Leuven,60,
2397,25093571,4.686138383654849,50.84627038149095,Dennenlaan,Unknown,25093571,24062,Leuven,60,
2398,651095581,4.681717801871869,50.84698206927192,Dennenlaan,Unknown,651095581,24062,Leuven,60,
2399,23237802,4.6853183000000005,50.8441615,Herendreef,Unknown,23237802,24062,Leuven,60,
2400,119490042,4.68581215,50.8450869,Bierbeekpleindreef,Unknown,119490042,24062,Leuven,60,
2401,24374656,4.6828452321194405,50.844539109209485,Bierbeekpleindreef,Unknown,24374656,24062,Leuven,60,
2402,119260144,4.68041775,50.82807705,Van Harcourtdreef,Unknown,119260144,24062,Leuven,60,
2403,265516516,4.681067578004431,50.82677774586914,Unknown,Unknown,265516516,24062,Leuven,60,
2404,874830770,4.682102375982511,50.827138018441445,Dodendreef,Unknown,874830770,24062,Leuven,60,
2405,874830772,4.6805291715785655,50.82751401641756,Dodendreef,Unknown,874830772,24062,Leuven,60,
2406,23364452,4.6913196500000005,50.8809973,Unknown,Unknown,23364452,24062,Leuven,60,
2407,"[793869296, 99185983]",4.730051584107938,50.8568018612484,Unknown,Unknown,"[793869296, 99185983]",24062,Leuven,60,
2408,"[263756793, 222366951]",4.728671033503762,50.85706619963536,Abdijstraat,Unknown,"[263756793, 222366951]",24062,Leuven,60,
2409,222366951,4.730852869416246,50.85576906877124,Abdijstraat,Unknown,222366951,24062,Leuven,60,
2410,11296122,4.72767915,50.85746085,Haanhofweg,Unknown,11296122,24062,Leuven,60,
2411,1301073851,4.728772941786413,50.85855269630722,Haanhofweg,Unknown,1301073851,24062,Leuven,60,
2412,23366452,4.735870839473104,50.851844443889895,Stenenkruis,Unknown,23366452,24062,Leuven,60,
2413,99206033,4.734706017411616,50.85225311618648,Stenenkruis,Unknown,99206033,24062,Leuven,60,
2414,622063616,4.735205513052592,50.85230139904487,Stenenkruis,Unknown,622063616,24062,Leuven,60,
2415,99184695,4.736602400000001,50.8513271,Unknown,Unknown,99184695,24062,Leuven,60,
2416,3343975,4.7102396,50.8771056,Maria-Theresiastraat,Unknown,3343975,24062,Leuven,60,
2417,1037906636,4.709873756205385,50.87711111489523,Unknown,Unknown,1037906636,24062,Leuven,60,
2418,112917234,4.733383622160224,50.8784340045128,Duivenstraat,Unknown,112917234,24062,Leuven,60,
2419,99598443,4.65525895,50.87085855,Termunckdreef,Unknown,99598443,24062,Leuven,60,
2420,609991308,4.6558046,50.870999,Tervuursesteenweg,Unknown,609991308,24062,Leuven,60,
2421,"[609991304, 23593370]",4.654596416877711,50.87075077287999,Tervuursesteenweg,Unknown,"[609991304, 23593370]",24062,Leuven,60,
2422,277765395,4.7455283920439735,50.876720979373694,Unknown,Unknown,277765395,24062,Leuven,60,
2423,23707010,4.746365151793961,50.876683171784535,Veldovenweg,Unknown,23707010,24062,Leuven,60,
2424,23707011,4.748573658145057,50.87793248047555,Eikenboslaan,Unknown,23707011,24062,Leuven,60,
2425,1205469390,4.747759649261595,50.87894046180413,Koetsweg,Unknown,1205469390,24062,Leuven,60,
2426,"[277830226, 10649959]",4.749816198379709,50.875294769679634,"['Lobergenbos', 'Willem Quarrélaan']",Unknown,"[277830226, 10649959]",24062,Leuven,60,
2427,23707017,4.740872497528236,50.87761084415229,Eugeen Vanhoorenbekelaan,Unknown,23707017,24062,Leuven,60,
2428,124754547,4.738250156150703,50.87660236900314,Gezusters Grégoirestraat,Unknown,124754547,24062,Leuven,60,
2429,23707020,4.73869835,50.8777541,Steenbakkerspad,Unknown,23707020,24062,Leuven,60,
2430,23707021,4.73773715,50.877664,Kerselarenstraat,Unknown,23707021,24062,Leuven,60,
2431,"[14359731, 69162796, 1080825063]",4.735716543811914,50.87843723052927,"['Klaverstraat', 'Don Boscolaan']",Unknown,"[14359731, 69162796, 1080825063]",24062,Leuven,60,
2432,1470242102,4.7363391,50.8778358,Spreeuwenstraat,Unknown,1470242102,24062,Leuven,60,
2433,1470242101,4.736438605140961,50.87771790724948,Gezusters Grégoirestraat,Unknown,1470242101,24062,Leuven,60,
2434,289939344,4.7442724,50.87605965,Unknown,Unknown,289939344,24062,Leuven,60,
2435,"[23707211, 23707212]",4.743859761629736,50.87633381555198,Unknown,Unknown,"[23707211, 23707212]",24062,Leuven,60,
2436,289939346,4.743891653750769,50.87591007630149,Unknown,Unknown,289939346,24062,Leuven,60,
2437,29586999,4.73498840988953,50.88027060979832,Lijsterlaan,Unknown,29586999,24062,Leuven,60,
2438,"[10672177, 608754700]",4.731760898879713,50.87867380239027,Lijsterlaan,Unknown,"[10672177, 608754700]",24062,Leuven,60,
2439,23707215,4.7312960420724615,50.87802025923475,Ortolanenstraat,Unknown,23707215,24062,Leuven,60,
2440,23707216,4.732702311189231,50.87894119289335,Duivenstraat,Unknown,23707216,24062,Leuven,60,
2441,23707219,4.729571444196513,50.87786621597789,Koning Albertplein,Unknown,23707219,24062,Leuven,60,
2442,23889529,4.730720351985576,50.88127736279438,Schakellaan,Unknown,23889529,24062,Leuven,60,
2443,31058274,4.731622122393248,50.881489919007,Schakellaan,Unknown,31058274,24062,Leuven,60,
2444,23889532,4.732823840892278,50.88136199292531,Gezondheidsstraat,Unknown,23889532,24062,Leuven,60,
2445,23889533,4.733397456393088,50.88105388593871,Partisanenstraat,Unknown,23889533,24062,Leuven,60,
2446,688347311,4.735446460812861,50.88092853892917,Désiré Mellaertsstraat,Unknown,688347311,24062,Leuven,60,
2447,"[1431818872, 70729132]",4.735181250469796,50.881157056248206,Jan Vranckxweg,Unknown,"[1431818872, 70729132]",24062,Leuven,60,
2448,"[1431818872, 23889538]",4.734865338070306,50.88105497997064,Jan Vranckxweg,Unknown,"[1431818872, 23889538]",24062,Leuven,60,
2449,23889539,4.732402109030204,50.87976745670405,Unknown,Unknown,23889539,24062,Leuven,60,
2450,87240817,4.7413678,50.8834254,Boerenkrijglaan,Unknown,87240817,24062,Leuven,60,
2451,23889543,4.7408814007590525,50.88322464453002,Boerenkrijglaan,Unknown,23889543,24062,Leuven,60,
2452,87240818,4.7415628056248025,50.88320856166028,Boerenkrijglaan,Unknown,87240818,24062,Leuven,60,
2453,1469926053,4.7401516,50.8829799,Boerenkrijglaan,Unknown,1469926053,24062,Leuven,60,
2454,295970674,4.73584391783054,50.88127467505332,Jan Vranckxweg,Unknown,295970674,24062,Leuven,60,
2455,23911551,4.647308300000001,50.859487900000005,Voervalleilaan,Unknown,23911551,24062,Leuven,60,
2456,"[896644802, 23911551]",4.647119717386268,50.86037144077716,Voervalleilaan,Unknown,"[896644802, 23911551]",24062,Leuven,60,
2457,"[43547525, 59531190]",4.6529362222217605,50.86021562012591,"['Marie Popelinlaan', 'Elfjespad']",Unknown,"[43547525, 59531190]",24062,Leuven,60,
2458,"[1441672257, 9262319]",4.655024911411679,50.8613020008472,Toverberg,Unknown,"[1441672257, 9262319]",24062,Leuven,60,
2459,1441681471,4.6559308,50.86144465000001,Marie Lemairestraat,Unknown,1441681471,24062,Leuven,60,
2460,"[1318326000, 1318326001, 1187307090, 9810393, 71401212]",4.657260704958669,50.86136049800608,Doleegstraat,Unknown,"[1318326000, 1318326001, 1187307090, 9810393, 71401212]",24062,Leuven,60,
2461,1441681494,4.655929149637373,50.86140195002912,Unknown,Unknown,1441681494,24062,Leuven,60,
2462,"[72536360, 305029439]",4.6635647060407415,50.85913240248812,Unknown,Unknown,"[72536360, 305029439]",24062,Leuven,60,
2463,114676405,4.664458380488648,50.85194509410736,Unknown,Unknown,114676405,24062,Leuven,60,
2464,32963848,4.7246487,50.89213169999999,Unknown,Unknown,32963848,24062,Leuven,60,
2465,179088161,4.724119549999999,50.8917759,Unknown,Unknown,179088161,24062,Leuven,60,
2466,179088164,4.723990538890819,50.8918650335844,Unknown,Unknown,179088164,24062,Leuven,60,
2467,658848344,4.722842777436859,50.89150419669816,Unknown,Unknown,658848344,24062,Leuven,60,
2468,"[179088163, 179088164]",4.7234142708283295,50.89144785522833,Unknown,Unknown,"[179088163, 179088164]",24062,Leuven,60,
2469,"[1370425577, 23949474]",4.728595108316289,50.89470704926986,"['Vijverlaan', 'Beemdenpad']",Unknown,"[1370425577, 23949474]",24062,Leuven,60,
2470,38212420,4.730464040730123,50.89443875209933,Unknown,Unknown,38212420,24062,Leuven,60,
2471,80196405,4.730500269772663,50.894604294859874,Unknown,Unknown,80196405,24062,Leuven,60,
2472,179193441,4.730542999894876,50.89449270641619,Unknown,Unknown,179193441,24062,Leuven,60,
2473,"[38212557, 1243620173]",4.730578199941419,50.893827049091385,Unknown,Unknown,"[38212557, 1243620173]",24062,Leuven,60,
2474,"[1442711892, 1243620173]",4.7306406998758135,50.89382344720177,Unknown,Unknown,"[1442711892, 1243620173]",24062,Leuven,60,
2475,"[38212114, 1442711859]",4.7307009688922665,50.8941955651255,Unknown,Unknown,"[38212114, 1442711859]",24062,Leuven,60,
2476,23925542,4.73746445,50.89440559999999,Unknown,Unknown,23925542,24062,Leuven,60,
2477,"[33690905, 23950463]",4.727583125971224,50.89507948793091,Vijverlaan,Unknown,"[33690905, 23950463]",24062,Leuven,60,
2478,134140071,4.724525073401056,50.89613346953827,Molenbeekpad,Unknown,134140071,24062,Leuven,60,
2479,23950464,4.726721398646322,50.89569330398366,Bruineveld,Unknown,23950464,24062,Leuven,60,
2480,23950548,4.727574625560436,50.89552440236275,Bruineveld,Unknown,23950548,24062,Leuven,60,
2481,23950549,4.7276234814857565,50.89634066635752,Bruineveld,Unknown,23950549,24062,Leuven,60,
2482,23950559,4.72103875,50.89780605,Broekweg,Unknown,23950559,24062,Leuven,60,
2483,970661115,4.72072105,50.89832235,Broekweg,Unknown,970661115,24062,Leuven,60,
2484,23950586,4.72031063287268,50.89883611319839,Domeinstraat,Unknown,23950586,24062,Leuven,60,
2485,296200206,4.720991850000001,50.8977798,Unknown,Unknown,296200206,24062,Leuven,60,
2486,23957018,4.723530858884359,50.89814976403518,Unknown,Unknown,23957018,24062,Leuven,60,
2487,23950566,4.72065395,50.8977448,Unknown,Unknown,23950566,24062,Leuven,60,
2488,"[1370425576, 970662807]",4.721504446905508,50.89718759601019,Molenbeekpad,Unknown,"[1370425576, 970662807]",24062,Leuven,60,
2489,23957017,4.726285698047128,50.89726893300533,Unknown,Unknown,23957017,24062,Leuven,60,
2490,23957129,4.71939975,50.90330285,Unknown,Unknown,23957129,24062,Leuven,60,
2491,1370419459,4.719346403132094,50.90327869838655,Kesseldallaan,Unknown,1370419459,24062,Leuven,60,
2492,112566011,4.71748225,50.90003015,Kesseldallaan,Unknown,112566011,24062,Leuven,60,
2493,125835557,4.7173581907385325,50.89981040688026,Kesseldallaan,Unknown,125835557,24062,Leuven,60,
2494,"[1370419456, 34344880]",4.71666467787989,50.89836900907657,Unknown,Unknown,"[1370419456, 34344880]",24062,Leuven,60,
2495,70023692,4.7166579,50.8981611,Unknown,Unknown,70023692,24062,Leuven,60,
2496,120201120,4.71669455,50.898173400000005,Unknown,Unknown,120201120,24062,Leuven,60,
2497,112566018,4.716713840792203,50.898039310726176,Eénmeilaan,Unknown,112566018,24062,Leuven,60,
2498,53086862,4.7171404,50.8983782,Unknown,Unknown,53086862,24062,Leuven,60,
2499,"[1344409363, 23950587]",4.718564970886237,50.898573636941954,Domeinstraat,Unknown,"[1344409363, 23950587]",24062,Leuven,60,
2500,128494228,4.717097004896519,50.898344010140896,Domeinstraat,Unknown,128494228,24062,Leuven,60,
2501,1429410210,4.717478399999999,50.89963645,Unknown,Unknown,1429410210,24062,Leuven,60,
2502,1429410191,4.717539998628457,50.89986351247461,Unknown,Unknown,1429410191,24062,Leuven,60,
2503,24316690,4.707058796136211,50.84379502613537,Unknown,Unknown,24316690,24062,Leuven,60,
2504,874846054,4.7108685112194735,50.84478644456184,Unknown,Unknown,874846054,24062,Leuven,60,
2505,20274108,4.7053028,50.84260445,Kerspelstraat,Unknown,20274108,24062,Leuven,60,
2506,488565393,4.7050329,50.84313815,Kerspelstraat,Unknown,488565393,24062,Leuven,60,
2507,188334451,4.729419187936673,50.86222209033552,Unknown,Unknown,188334451,24062,Leuven,60,
2508,"[1060353696, 1060353697, 16383222, 23443398]",4.7297333728561455,50.86176716286848,Hoegaardsestraat,Unknown,"[1060353696, 1060353697, 16383222, 23443398]",24062,Leuven,60,
2509,268835789,4.6910488,50.84216405,Prosperdreef,Unknown,268835789,24062,Leuven,60,
2510,24374653,4.691974996674752,50.8407200412584,Unknown,Unknown,24374653,24062,Leuven,60,
2511,25093755,4.69213085,50.84073825,Unknown,Unknown,25093755,24062,Leuven,60,
2512,"[268835857, 268835843, 96884973, 268835862]",4.691999200080308,50.84152479514166,Unknown,Unknown,"[268835857, 268835843, 96884973, 268835862]",24062,Leuven,60,
2513,"[268835848, 268835822, 268835798, 268835836, 268835806]",4.692182716816844,50.841480608528094,Unknown,Unknown,"[268835848, 268835822, 268835798, 268835836, 268835806]",24062,Leuven,60,
2514,"[268835793, 268835851, 268835811]",4.692264351524402,50.84236140823788,Unknown,Unknown,"[268835793, 268835851, 268835811]",24062,Leuven,60,
2515,"[268835829, 219962159]",4.692496409344851,50.842690871194925,Unknown,Unknown,"[268835829, 219962159]",24062,Leuven,60,
2516,"[268835856, 268835860]",4.692770353681311,50.8429520912872,Unknown,Unknown,"[268835856, 268835860]",24062,Leuven,60,
2517,268835819,4.6939765,50.84427159999999,Unknown,Unknown,268835819,24062,Leuven,60,
2518,"[268835812, 119490086, 268835801, 268835802, 268835805]",4.694676407194774,50.84469424351095,Unknown,Unknown,"[268835812, 119490086, 268835801, 268835802, 268835805]",24062,Leuven,60,
2519,"[268835814, 268835818, 268835856, 268835828, 268835797, 268835834]",4.693364899072871,50.8438259356402,Unknown,Unknown,"[268835814, 268835818, 268835856, 268835828, 268835797, 268835834]",24062,Leuven,60,
2520,24374858,4.696437050215968,50.84880711624634,Berthe Gottignystraat,Unknown,24374858,24062,Leuven,60,
2521,1449647285,4.695518006396586,50.848627556839766,Naamsesteenweg,Unknown,1449647285,24062,Leuven,60,
2522,690117535,4.670968800000001,50.86256995,Unknown,Unknown,690117535,24062,Leuven,60,
2523,690117537,4.67062675,50.861987,Unknown,Unknown,690117537,24062,Leuven,60,
2524,25093569,4.687156936330498,50.85410842781016,Prosperdreef,Unknown,25093569,24062,Leuven,60,
2525,62353989,4.686350568778569,50.85265418271248,Prosperdreef,Unknown,62353989,24062,Leuven,60,
2526,112937204,4.68474992605685,50.85360591191814,Unknown,Unknown,112937204,24062,Leuven,60,
2527,25093998,4.685296729154267,50.82813135133805,Unknown,Unknown,25093998,24062,Leuven,60,
2528,959545993,4.6763283,50.82810415,Nieuwedreef,Unknown,959545993,24062,Leuven,60,
2529,792187576,4.674054079224613,50.82639129511503,Unknown,Unknown,792187576,24062,Leuven,60,
2530,874830771,4.67947005,50.8286983,Nieuwedreef,Unknown,874830771,24062,Leuven,60,
2531,53085700,4.707619899999999,50.90353905,Kolonel Begaultlaan,Unknown,53085700,24062,Leuven,60,
2532,25629738,4.714714406293356,50.91764724568616,Eegveld,Unknown,25629738,24062,Leuven,60,
2533,1481221295,4.714528303486492,50.91791733982236,Jules Persoonsstraat,Unknown,1481221295,24062,Leuven,60,
2534,25629947,4.713569976772058,50.91790824141994,Overloopstraat,Unknown,25629947,24062,Leuven,60,
2535,1061869940,4.713622267965695,50.918067104297855,Unknown,Unknown,1061869940,24062,Leuven,60,
2536,25629964,4.71361375,50.917746150000006,Van der Nootstraat,Unknown,25629964,24062,Leuven,60,
2537,156994846,4.713657971591814,50.91776877184962,Vuntpad,Unknown,156994846,24062,Leuven,60,
2538,25745214,4.710392037888628,50.91106217804525,Unknown,Unknown,25745214,24062,Leuven,60,
2539,13883888,4.70706240090236,50.8900975627089,Dijledreef,Unknown,13883888,24062,Leuven,60,
2540,53085699,4.7065732,50.9106283,Wijgmaalsesteenweg,Unknown,53085699,24062,Leuven,60,
2541,1455868503,4.706877694874168,50.90978557779868,Armand Meyswijk,Unknown,1455868503,24062,Leuven,60,
2542,1431366155,4.7157006985559535,50.91427514401168,Unknown,Unknown,1431366155,24062,Leuven,60,
2543,25933101,4.708979599999999,50.91025444999999,Armand Meyswijk,Unknown,25933101,24062,Leuven,60,
2544,241008487,4.711071853677804,50.92079761045035,Vuntlaan,Unknown,241008487,24062,Leuven,60,
2545,25800880,4.712952826128679,50.9213141720739,Vuntlaan,Unknown,25800880,24062,Leuven,60,
2546,39594866,4.711868252501968,50.92125841499546,Unknown,Unknown,39594866,24062,Leuven,60,
2547,39596159,4.71004462706032,50.92104343736634,Unknown,Unknown,39596159,24062,Leuven,60,
2548,1497196250,4.6973696,50.93508745,Unknown,Unknown,1497196250,24062,Leuven,60,
2549,1061869934,4.713682487523854,50.91793322603401,Vuntpad,Unknown,1061869934,24062,Leuven,60,
2550,25648596,4.71401828750832,50.921762951535165,Vuntpad,Unknown,25648596,24062,Leuven,60,
2551,26819985,4.713896828963076,50.92169480561725,Vuntpad,Unknown,26819985,24062,Leuven,60,
2552,156994848,4.714080506020201,50.92186215900181,Vuntpad,Unknown,156994848,24062,Leuven,60,
2553,11614454,4.7062908,50.86363540000001,Hoveniersdreef,Unknown,11614454,24062,Leuven,60,
2554,1422718390,4.706280100000001,50.86360295,Unknown,Unknown,1422718390,24062,Leuven,60,
2555,"[1083999433, 11614454]",4.707301038104728,50.86376775452236,Hoveniersdreef,Unknown,"[1083999433, 11614454]",24062,Leuven,60,
2556,970370159,4.7061931,50.86360385,Ter Spicht,Unknown,970370159,24062,Leuven,60,
2557,38159360,4.723693685655281,50.924577052688015,Bosstraat,Unknown,38159360,24062,Leuven,60,
2558,658907063,4.724385860457182,50.92529931448912,Bosstraat,Unknown,658907063,24062,Leuven,60,
2559,25798418,4.723491417901713,50.924099773176735,Plankenbospad,Unknown,25798418,24062,Leuven,60,
2560,25953344,4.721843949359003,50.92425902448506,Unknown,Unknown,25953344,24062,Leuven,60,
2561,25801768,4.71590775791703,50.920297588989264,Brugveldstraat,Unknown,25801768,24062,Leuven,60,
2562,25806798,4.693171867446549,50.89224996599064,Eikenbergstraat,Unknown,25806798,24062,Leuven,60,
2563,"[1451208654, 25806799]",4.6932355646275,50.89171498571898,Eikenbergstraat,Unknown,"[1451208654, 25806799]",24062,Leuven,60,
2564,"[25806801, 25806807]",4.7015403962296505,50.891098951167095,Bleydenberglaan,Unknown,"[25806801, 25806807]",24062,Leuven,60,
2565,25806802,4.700912842220205,50.890427112775015,Langerijlaan,Unknown,25806802,24062,Leuven,60,
2566,26410168,4.70029285,50.89068325000001,Schorenshof,Unknown,26410168,24062,Leuven,60,
2567,25933423,4.699949689066326,50.89048361591331,Schorenshof,Unknown,25933423,24062,Leuven,60,
2568,337434143,4.700627288805108,50.888562542789074,Unknown,Unknown,337434143,24062,Leuven,60,
2569,"[1231875369, 3869812]",4.700982358528857,50.88850775572103,Engels Plein,Unknown,"[1231875369, 3869812]",24062,Leuven,60,
2570,"[1231875369, 25928482, 330300723, 659297690]",4.70002447267729,50.88800721569727,"['Achter de latten', 'Wolvengang', 'Engels Plein']",Unknown,"[1231875369, 25928482, 330300723, 659297690]",24062,Leuven,60,
2571,25929263,4.71563788200305,50.917554876505584,Eegveld,Unknown,25929263,24062,Leuven,60,
2572,"[80829606, 80829609, 25933101, 1455868503, 1455868504]",4.70765666876178,50.91005902081741,Armand Meyswijk,Unknown,"[80829606, 80829609, 25933101, 1455868503, 1455868504]",24062,Leuven,60,
2573,"[26124368, 26124369]",4.708385145737659,50.911719642522776,Hasselbroekbaan,Unknown,"[26124368, 26124369]",24062,Leuven,60,
2574,531802858,4.699792441180139,50.90091847074925,Ferdinand Perdieusstraat,Unknown,531802858,24062,Leuven,60,
2575,"[1488941465, 25933266]",4.698394616590679,50.900617974491794,Alfons Van Geelstraat,Unknown,"[1488941465, 25933266]",24062,Leuven,60,
2576,"[1488941467, 36532843]",4.69934302356314,50.901878809202685,Ferdinand Perdieusstraat,Unknown,"[1488941467, 36532843]",24062,Leuven,60,
2577,384910301,4.696139199999999,50.90060815,Watervloedstraat,Unknown,384910301,24062,Leuven,60,
2578,"[25933264, 25933266]",4.695642588904391,50.89873936862365,Alfons Van Geelstraat,Unknown,"[25933264, 25933266]",24062,Leuven,60,
2579,122817926,4.697413410525567,50.89981344593471,Unknown,Unknown,122817926,24062,Leuven,60,
2580,"[3876848, 79022446]",4.698281572272427,50.8899324463162,"['Albert Woutersstraat', 'Stadsvest']",Unknown,"[3876848, 79022446]",24062,Leuven,60,
2581,25933422,4.699812508013208,50.89251431579648,Schorenshof,Unknown,25933422,24062,Leuven,60,
2582,151197039,4.699901765316723,50.89233337035449,Unknown,Unknown,151197039,24062,Leuven,60,
2583,1469631821,4.69966875,50.8916792,Unknown,Unknown,1469631821,24062,Leuven,60,
2584,1315337508,4.699778613748426,50.89168612953616,Unknown,Unknown,1315337508,24062,Leuven,60,
2585,134004339,4.698461457259325,50.89046917314134,Unknown,Unknown,134004339,24062,Leuven,60,
2586,151093189,4.70028285,50.8909087,Schorenshof,Unknown,151093189,24062,Leuven,60,
2587,"[1469632828, 151093189]",4.700929893109919,50.89187764526735,"['Schorenshof', 'Schoonzichtlaan']",Unknown,"[1469632828, 151093189]",24062,Leuven,60,
2588,26409820,4.702477298347597,50.89145603869319,Schoonzichtlaan,Unknown,26409820,24062,Leuven,60,
2589,1201187318,4.70114375,50.89744335,Unknown,Unknown,1201187318,24062,Leuven,60,
2590,"[1061869938, 1061869939, 39585911]",4.714002914604921,50.91807737830107,Unknown,Unknown,"[1061869938, 1061869939, 39585911]",24062,Leuven,60,
2591,688837518,4.714324300943145,50.91799755139735,Unknown,Unknown,688837518,24062,Leuven,60,
2592,25953072,4.722002922573973,50.92067214611265,Boomgaardstraat,Unknown,25953072,24062,Leuven,60,
2593,25953345,4.723313679006218,50.922815958419285,Bermstraat,Unknown,25953345,24062,Leuven,60,
2594,1248299345,4.7235708,50.9271444,Bosstraat,Unknown,1248299345,24062,Leuven,60,
2595,25954234,4.7238800521389175,50.92744978302674,Broekhout,Unknown,25954234,24062,Leuven,60,
2596,1248299346,4.7233029277771,50.927517187374185,Bosstraat,Unknown,1248299346,24062,Leuven,60,
2597,"[1031910471, 310650346, 1221300918, 1221300919, 1221300920]",4.724550157011801,50.92755113006932,Sint-Agathaplein,Unknown,"[1031910471, 310650346, 1221300918, 1221300919, 1221300920]",24062,Leuven,60,
2598,1221300920,4.724389361925033,50.92763624562302,Sint-Agathaplein,Unknown,1221300920,24062,Leuven,60,
2599,658907062,4.72432075,50.9259347,Bosstraat,Unknown,658907062,24062,Leuven,60,
2600,25954246,4.725376183881824,50.92156862161164,Gasthuisbosstraat,Unknown,25954246,24062,Leuven,60,
2601,345381446,4.7250445,50.9286128,Pastoor Eralystraat,Unknown,345381446,24062,Leuven,60,
2602,658907060,4.72523165,50.92864105,Pastoor Eralystraat,Unknown,658907060,24062,Leuven,60,
2603,25954248,4.725152505060636,50.92853495165439,Unknown,Unknown,25954248,24062,Leuven,60,
2604,"[25954354, 25954355]",4.7270932214066805,50.92959136942222,Bunswijkstraat,Unknown,"[25954354, 25954355]",24062,Leuven,60,
2605,25955965,4.729200548847728,50.93063740381216,Bunswijkstraat,Unknown,25955965,24062,Leuven,60,
2606,25955964,4.729175296786721,50.93166868294907,Bunsbeekstraat,Unknown,25955964,24062,Leuven,60,
2607,25955971,4.731726200000001,50.93301195,Poelstraat,Unknown,25955971,24062,Leuven,60,
2608,25956299,4.730956950961178,50.933461180307056,Bavenhofstraat,Unknown,25956299,24062,Leuven,60,
2609,"[25955966, 25955967]",4.734372708059148,50.92933193363496,Eendebroekstraat,Unknown,"[25955966, 25955967]",24062,Leuven,60,
2610,25955968,4.73171294555236,50.93005783922676,Vierhuizenstraat,Unknown,25955968,24062,Leuven,60,
2611,25955967,4.73695235,50.9283281,Unknown,Unknown,25955967,24062,Leuven,60,
2612,25955970,4.73152875,50.93165225,Straetmanshof,Unknown,25955970,24062,Leuven,60,
2613,25956298,4.734872842593567,50.932589591243314,Rooistraat,Unknown,25956298,24062,Leuven,60,
2614,"[25956298, 25955971]",4.735234332407476,50.9314728694231,"['Rooistraat', 'Poelstraat']",Unknown,"[25956298, 25955971]",24062,Leuven,60,
2615,1422665972,4.734121520913723,50.93151149426776,Poelstraat,Unknown,1422665972,24062,Leuven,60,
2616,"[25956297, 137435541]",4.733046609445523,50.93230194633991,Perkstraat,Unknown,"[25956297, 137435541]",24062,Leuven,60,
2617,"[137435545, 25956300]",4.733794847641343,50.93277069745322,Woudluchtstraat,Unknown,"[137435545, 25956300]",24062,Leuven,60,
2618,25956303,4.73502065,50.93397315,Jean Baptist Vanderelststraat,Unknown,25956303,24062,Leuven,60,
2619,"[25956301, 1422665974]",4.734847015468228,50.9349802275885,Leibeekstraat,Unknown,"[25956301, 1422665974]",24062,Leuven,60,
2620,25955960,4.731348525657511,50.93463970105452,Nieuwe Prinsstraat,Unknown,25955960,24062,Leuven,60,
2621,25956304,4.739567143240945,50.93282308134182,Kwadenhoekstraat,Unknown,25956304,24062,Leuven,60,
2622,329535535,4.736888256180224,50.9321616820536,Streekstraat,Unknown,329535535,24062,Leuven,60,
2623,231793079,4.74231935,50.93411515,Korte Holsbeeksesteenweg,Unknown,231793079,24062,Leuven,60,
2624,25998799,4.693112401381772,50.932982281860205,Wijveld,Unknown,25998799,24062,Leuven,60,
2625,39591675,4.693416880914446,50.93327325327905,Wijveld,Unknown,39591675,24062,Leuven,60,
2626,30770619,4.694152450000001,50.9336085,Wijveld,Unknown,30770619,24062,Leuven,60,
2627,26124234,4.697445969730653,50.90409695355723,Koksijdewijk,Unknown,26124234,24062,Leuven,60,
2628,26124233,4.697541873524429,50.9046307539796,Koksijdewijk,Unknown,26124233,24062,Leuven,60,
2629,26124235,4.69836235,50.90499235,Alfons Verbovenstraat,Unknown,26124235,24062,Leuven,60,
2630,125835598,4.69958725,50.90517979999999,Bornestraat,Unknown,125835598,24062,Leuven,60,
2631,26124785,4.69907275,50.91351125,Eksterveldstraat,Unknown,26124785,24062,Leuven,60,
2632,1045611482,4.69907265,50.9129574,Bornestraat,Unknown,1045611482,24062,Leuven,60,
2633,1430556076,4.6990085,50.91350935,Unknown,Unknown,1430556076,24062,Leuven,60,
2634,26410170,4.697451646841688,50.89111086629803,Kleine-Huizenstraat,Unknown,26410170,24062,Leuven,60,
2635,26410171,4.6964705,50.8911016,Kleine-Huizenstraat,Unknown,26410171,24062,Leuven,60,
2636,26410174,4.697732654178662,50.89283760041047,Egelantierlaan,Unknown,26410174,24062,Leuven,60,
2637,26410313,4.699107940360607,50.89440143866065,Twaalfmeistraat,Unknown,26410313,24062,Leuven,60,
2638,26410314,4.695716629150772,50.89344113615532,Vergezichtlaan,Unknown,26410314,24062,Leuven,60,
2639,26410691,4.698790600000001,50.89578215,Natuurvriendenlaan,Unknown,26410691,24062,Leuven,60,
2640,26410693,4.699274963146928,50.89580638800698,Natuurvriendenlaan,Unknown,26410693,24062,Leuven,60,
2641,289021149,4.699623370731795,50.89566417976948,Unknown,Unknown,289021149,24062,Leuven,60,
2642,26410694,4.696220792721438,50.89562275075552,Valleistraat,Unknown,26410694,24062,Leuven,60,
2643,26410695,4.697471751463097,50.89485295243336,Valleistraat,Unknown,26410695,24062,Leuven,60,
2644,26410899,4.695036842294147,50.89152014118834,Tuinstraat,Unknown,26410899,24062,Leuven,60,
2645,195394860,4.700198727242356,50.89524721436585,Unknown,Unknown,195394860,24062,Leuven,60,
2646,"[337758968, 374339594, 3869816]",4.704626307969511,50.88792766372079,"['Zeilstraat', 'Engels Plein']",Unknown,"[337758968, 374339594, 3869816]",24062,Leuven,60,
2647,"[3869817, 374339590]",4.704040021044808,50.88786414518214,Ankerstraat,Unknown,"[3869817, 374339590]",24062,Leuven,60,
2648,3869812,4.702748818798344,50.888474756151695,Engels Plein,Unknown,3869812,24062,Leuven,60,
2649,26830582,4.707074826816422,50.90340777605111,Unknown,Unknown,26830582,24062,Leuven,60,
2650,165498332,4.705528989781739,50.91302037652719,Unknown,Unknown,165498332,24062,Leuven,60,
2651,"[39243634, 98807516, 26830582]",4.706708743041772,50.90326820053705,Unknown,Unknown,"[39243634, 98807516, 26830582]",24062,Leuven,60,
2652,73539148,4.706333716963052,50.9031248914852,F8,Unknown,73539148,24062,Leuven,60,
2653,159192280,4.706415230362342,50.90327519777679,Jaagpad,Unknown,159192280,24062,Leuven,60,
2654,26831232,4.710528699999999,50.90498075,Lijnloperspad,Unknown,26831232,24062,Leuven,60,
2655,26831233,4.710668865888375,50.905053977029205,Unknown,Unknown,26831233,24062,Leuven,60,
2656,165498334,4.7104232638385,50.90476600898693,Unknown,Unknown,165498334,24062,Leuven,60,
2657,"[26839662, 26839663]",4.713250614459305,50.92050754140905,Dijkstraat,Unknown,"[26839662, 26839663]",24062,Leuven,60,
2658,419874306,4.7121645,50.9231608,Draaklaan,Unknown,419874306,24062,Leuven,60,
2659,"[26839848, 39595030]",4.713144352518548,50.92242922991929,Petrus Geeraertlaan,Unknown,"[26839848, 39595030]",24062,Leuven,60,
2660,419874305,4.7112552,50.92217525,Berg Bogaertlaan,Unknown,419874305,24062,Leuven,60,
2661,26839846,4.711683247789684,50.92161650340107,Draaklaan,Unknown,26839846,24062,Leuven,60,
2662,"[39589536, 39589535]",4.709953414343489,50.92218121198969,Berg Bogaertlaan,Unknown,"[39589536, 39589535]",24062,Leuven,60,
2663,26839847,4.710396270402396,50.92142678949802,Berg Bogaertlaan,Unknown,26839847,24062,Leuven,60,
2664,39596158,4.710391889494425,50.92128869475978,Unknown,Unknown,39596158,24062,Leuven,60,
2665,26839849,4.7138381394915205,50.92328057715179,Louis Tielemanswijk,Unknown,26839849,24062,Leuven,60,
2666,101394986,4.7137945,50.922962,Louis Tielemanswijk,Unknown,101394986,24062,Leuven,60,
2667,27062245,4.693575061844213,50.87411019755157,Prosper Poulletlaan,Unknown,27062245,24062,Leuven,60,
2668,134969628,4.669449549999999,50.8658031,Gaston Geenslaan,Unknown,134969628,24062,Leuven,60,
2669,134969629,4.66944305,50.86576135,Gaston Geenslaan,Unknown,134969629,24062,Leuven,60,
2670,"[1346898698, 134969637]",4.669802751747633,50.86568800235668,Gaston Geenslaan,Unknown,"[1346898698, 134969637]",24062,Leuven,60,
2671,27063965,4.6978483,50.87443245,Unknown,Unknown,27063965,24062,Leuven,60,
2672,"[27063965, 694962925, 694962926]",4.697998841715031,50.87448130838591,Unknown,Unknown,"[27063965, 694962925, 694962926]",24062,Leuven,60,
2673,27119430,4.687636196952376,50.86566379844341,Unknown,Unknown,27119430,24062,Leuven,60,
2674,909001489,4.687824359888794,50.86517844596119,Unknown,Unknown,909001489,24062,Leuven,60,
2675,96041684,4.666184156680817,50.85006418071054,Unknown,Unknown,96041684,24062,Leuven,60,
2676,27146677,4.69387865,50.93990345,Unknown,Unknown,27146677,24062,Leuven,60,
2677,53507802,4.694101995741735,50.93956265158039,Rotselaarsesteenweg,Unknown,53507802,24062,Leuven,60,
2678,27470972,4.7064185,50.88725765,Unknown,Unknown,27470972,24062,Leuven,60,
2679,98850582,4.706162717751784,50.887091777943326,Unknown,Unknown,98850582,24062,Leuven,60,
2680,1451816941,4.706377929890651,50.88733639165204,Unknown,Unknown,1451816941,24062,Leuven,60,
2681,27471471,4.70940275,50.88612460000001,Unknown,Unknown,27471471,24062,Leuven,60,
2682,304556799,4.709161955258465,50.886227385289054,Unknown,Unknown,304556799,24062,Leuven,60,
2683,1304145424,4.715606791988074,50.877541998546825,Unknown,Unknown,1304145424,24062,Leuven,60,
2684,1304145425,4.71532254405147,50.87670390889806,Unknown,Unknown,1304145425,24062,Leuven,60,
2685,916926786,4.714256799999999,50.8738384,Unknown,Unknown,916926786,24062,Leuven,60,
2686,27471361,4.714211168106375,50.873897334371954,Blijde-Inkomststraat,Unknown,27471361,24062,Leuven,60,
2687,29072723,4.713394628573203,50.87295554582484,Geldenaaksevest,Unknown,29072723,24062,Leuven,60,
2688,27471363,4.7145988,50.87377385,Unknown,Unknown,27471363,24062,Leuven,60,
2689,"[23119321, 105073087]",4.716282676550955,50.87750483365109,Unknown,Unknown,"[23119321, 105073087]",24062,Leuven,60,
2690,429571924,4.71116295,50.88461645,Unknown,Unknown,429571924,24062,Leuven,60,
2691,429571927,4.712504908645658,50.883431550999205,Unknown,Unknown,429571927,24062,Leuven,60,
2692,1431366148,4.712670107275793,50.90905898851084,Unknown,Unknown,1431366148,24062,Leuven,60,
2693,27509417,4.66103795,50.86549245,Oude Nijvelseweg,Unknown,27509417,24062,Leuven,60,
2694,1508307128,4.6609757,50.8655177,Unknown,Unknown,1508307128,24062,Leuven,60,
2695,1485770651,4.661828335589992,50.86643376532703,Unknown,Unknown,1485770651,24062,Leuven,60,
2696,"[206186227, 206186206]",4.663180262787749,50.8655310536069,Unknown,Unknown,"[206186227, 206186206]",24062,Leuven,60,
2697,27509629,4.655728419751084,50.8653697875376,Sint-Jansbergsesteenweg,Unknown,27509629,24062,Leuven,60,
2698,"[532706674, 99598443]",4.653557991947701,50.86743851173979,Termunckdreef,Unknown,"[532706674, 99598443]",24062,Leuven,60,
2699,"[27509536, 532706675, 27509535]",4.653808821916544,50.86499876349859,Termunckdreef,Unknown,"[27509536, 532706675, 27509535]",24062,Leuven,60,
2700,"[669126272, 669126274, 669126276, 4014041, 1161995931]",4.6507983013129,50.86380243925599,Veldstraat,Unknown,"[669126272, 669126274, 669126276, 4014041, 1161995931]",24062,Leuven,60,
2701,1187690468,4.654179934577516,50.864163345540895,Unknown,Unknown,1187690468,24062,Leuven,60,
2702,1508307129,4.6609801,50.86542245,Unknown,Unknown,1508307129,24062,Leuven,60,
2703,264864154,4.6605888475166255,50.86515767917553,Unknown,Unknown,264864154,24062,Leuven,60,
2704,27509630,4.659775518860389,50.86571013725871,Unknown,Unknown,27509630,24062,Leuven,60,
2705,27566522,4.723843437368827,50.88545946343113,Jozef Pierrestraat,Unknown,27566522,24062,Leuven,60,
2706,27821559,4.723870717788478,50.884911204199625,Patroonschapstraat,Unknown,27821559,24062,Leuven,60,
2707,27566524,4.7243586,50.88689715,Jeugdplein,Unknown,27566524,24062,Leuven,60,
2708,27566525,4.72382255,50.8863385,Jeugdstraat,Unknown,27566525,24062,Leuven,60,
2709,69717160,4.724458907668263,50.8863359915661,Jeugdplein,Unknown,69717160,24062,Leuven,60,
2710,286591662,4.724954569891247,50.88474896604456,Lindensestraat,Unknown,286591662,24062,Leuven,60,
2711,1012971578,4.724253571842146,50.88432999519456,Patroonschapstraat,Unknown,1012971578,24062,Leuven,60,
2712,"[27566528, 1012971579]",4.723354350553412,50.88435471162214,Lindensestraat,Unknown,"[27566528, 1012971579]",24062,Leuven,60,
2713,24905455,4.724539350364248,50.88417209585439,Diestsesteenweg,Unknown,24905455,24062,Leuven,60,
2714,27566528,4.72254225,50.88401825,Lindensestraat,Unknown,27566528,24062,Leuven,60,
2715,1449467692,4.722649249999999,50.884007,Diestsesteenweg,Unknown,1449467692,24062,Leuven,60,
2716,1052752215,4.730686079291956,50.88465294511581,Sportpleinpad,Unknown,1052752215,24062,Leuven,60,
2717,1268597847,4.7309113,50.8840042,Sportpleinpad,Unknown,1268597847,24062,Leuven,60,
2718,32271342,4.730997213546824,50.88397806261632,Sportpleinpad,Unknown,32271342,24062,Leuven,60,
2719,1268664787,4.730950409353282,50.88386211602289,Unknown,Unknown,1268664787,24062,Leuven,60,
2720,"[1268664788, 87348878]",4.730918424832307,50.883694292095136,Unknown,Unknown,"[1268664788, 87348878]",24062,Leuven,60,
2721,1268597846,4.730320436012727,50.8841143484083,Unknown,Unknown,1268597846,24062,Leuven,60,
2722,286591669,4.722265748456072,50.88411271686583,Unknown,Unknown,286591669,24062,Leuven,60,
2723,27625541,4.72305156033075,50.88819572636967,Vrijheidstraat,Unknown,27625541,24062,Leuven,60,
2724,"[1201648872, 1201648873, 1201648871]",4.722349833392282,50.888474610477445,Verzoeningsstraat,Unknown,"[1201648872, 1201648873, 1201648871]",24062,Leuven,60,
2725,27938305,4.723091140716053,50.88883395091284,Verzoeningsstraat,Unknown,27938305,24062,Leuven,60,
2726,35144388,4.722063971354247,50.88999433131234,Van Rodestraat,Unknown,35144388,24062,Leuven,60,
2727,69232195,4.722984430897067,50.88938860166541,Van Rodestraat,Unknown,69232195,24062,Leuven,60,
2728,1201648874,4.7259097,50.8907711,Leopold Ruelensstraat,Unknown,1201648874,24062,Leuven,60,
2729,29013842,4.723964745163581,50.89046076250276,Albrecht Rodenbachstraat,Unknown,29013842,24062,Leuven,60,
2730,72658255,4.721357368601319,50.89002256393266,Lentedreef,Unknown,72658255,24062,Leuven,60,
2731,27625553,4.7216364,50.88869095,Vredeplein,Unknown,27625553,24062,Leuven,60,
2732,27625550,4.721462816930985,50.88891877030075,Onze toevluchtstraat,Unknown,27625550,24062,Leuven,60,
2733,27938304,4.721724249999999,50.88868235,Vredeplein,Unknown,27938304,24062,Leuven,60,
2734,27625552,4.721705515588558,50.88862671287214,Vredeplein,Unknown,27625552,24062,Leuven,60,
2735,17513766,4.720802468356448,50.88857745596742,Broederlijkheidstraat,Unknown,17513766,24062,Leuven,60,
2736,27625554,4.726646082602708,50.89004557535563,Leopold Ruelensstraat,Unknown,27625554,24062,Leuven,60,
2737,27626434,4.727679155760908,50.88925990460088,Weergalmlaan,Unknown,27626434,24062,Leuven,60,
2738,27625566,4.72587565,50.8902442,Alfons Roelandtsstraat,Unknown,27625566,24062,Leuven,60,
2739,348273662,4.728525034401227,50.88886995862425,Toekomststraat,Unknown,348273662,24062,Leuven,60,
2740,348273663,4.727590374932841,50.8883383920936,Toekomststraat,Unknown,348273663,24062,Leuven,60,
2741,27625565,4.72496105,50.8901149,Alfons Roelandtsstraat,Unknown,27625565,24062,Leuven,60,
2742,27625567,4.7253349,50.8899692,Alfons Roelandtsstraat,Unknown,27625567,24062,Leuven,60,
2743,27625569,4.728978550000001,50.88935125,Toekomststraat,Unknown,27625569,24062,Leuven,60,
2744,27625571,4.728875651538243,50.88913220039061,Toekomststraat,Unknown,27625571,24062,Leuven,60,
2745,131851338,4.729328219424531,50.88932204145811,Toekomstpad,Unknown,131851338,24062,Leuven,60,
2746,12705610,4.725876440838868,50.88768373226765,Leopold Beosierlaan,Unknown,12705610,24062,Leuven,60,
2747,"[12705610, 69232311]",4.726718248242782,50.886749689028335,Leopold Beosierlaan,Unknown,"[12705610, 69232311]",24062,Leuven,60,
2748,38243842,4.732920486334386,50.89164247340668,Vlierbeeklaan,Unknown,38243842,24062,Leuven,60,
2749,"[12370682, 192359895]",4.731531541650942,50.89230482783242,Thomas Woodrow Wilsonlaan,Unknown,"[12370682, 192359895]",24062,Leuven,60,
2750,27625958,4.7312072727541965,50.88465247255336,Unknown,Unknown,27625958,24062,Leuven,60,
2751,"[1387849715, 1052752215]",4.730752405796706,50.88438258873337,Sportpleinpad,Unknown,"[1387849715, 1052752215]",24062,Leuven,60,
2752,27625959,4.72908830309947,50.88726880385865,Warandelaan,Unknown,27625959,24062,Leuven,60,
2753,1087930264,4.729050270611405,50.88684283671056,Unknown,Unknown,1087930264,24062,Leuven,60,
2754,27625960,4.730862454980691,50.88816373997865,Heuvelhof,Unknown,27625960,24062,Leuven,60,
2755,1071640713,4.730392739937748,50.88828505153337,Kortrijksestraat,Unknown,1071640713,24062,Leuven,60,
2756,139697977,4.731180849999999,50.88815815,Heuvelhof,Unknown,139697977,24062,Leuven,60,
2757,1202299246,4.733567450000001,50.88785665,Borstelsstraat,Unknown,1202299246,24062,Leuven,60,
2758,139700476,4.733706868814916,50.88799279434241,Raadhuislaan,Unknown,139700476,24062,Leuven,60,
2759,139517685,4.734114746111976,50.88762551085207,Borstelsstraat,Unknown,139517685,24062,Leuven,60,
2760,563888400,4.734274793715551,50.88749966699931,Pastoor Eeckelaerslaan,Unknown,563888400,24062,Leuven,60,
2761,27625964,4.734602201006885,50.88905393804785,Emiel Vlieberghlaan,Unknown,27625964,24062,Leuven,60,
2762,139521593,4.734375750000001,50.88730585,Borstelsstraat,Unknown,139521593,24062,Leuven,60,
2763,27625965,4.73521240108322,50.88740954363346,Ruiterslaan,Unknown,27625965,24062,Leuven,60,
2764,"[139521593, 1089609637, 940919065]",4.735084910325861,50.88622277600758,Borstelsstraat,Unknown,"[139521593, 1089609637, 940919065]",24062,Leuven,60,
2765,"[139700473, 347711109, 27625967]",4.736906813065183,50.886811582047336,"['Dennenboslaan', 'Molenveldlaan', 'Molenveldplein']",Unknown,"[139700473, 347711109, 27625967]",24062,Leuven,60,
2766,"[17767536, 15081960, 192359880, 192359879]",4.74057200920925,50.8913618349025,Kortrijksestraat,Unknown,"[17767536, 15081960, 192359880, 192359879]",24062,Leuven,60,
2767,27625970,4.739741591076559,50.89076930143264,Pieter Paradaenslaan,Unknown,27625970,24062,Leuven,60,
2768,27625969,4.741483441908594,50.89078996759692,Benedictijnenlaan,Unknown,27625969,24062,Leuven,60,
2769,327674372,4.738770396499041,50.88999779930204,Atalantastraat,Unknown,327674372,24062,Leuven,60,
2770,558240042,4.739475685170869,50.88976507450288,Meikeverstraat,Unknown,558240042,24062,Leuven,60,
2771,253165430,4.74026135,50.889626,Garestalaan,Unknown,253165430,24062,Leuven,60,
2772,27625974,4.741338177482254,50.889158427922816,Peter Scribslaan,Unknown,27625974,24062,Leuven,60,
2773,27625973,4.74485725,50.8889455,Meugenslaan,Unknown,27625973,24062,Leuven,60,
2774,"[27626219, 253165430]",4.743398773501821,50.890049565179424,"['Meugenslaan', 'Garestalaan']",Unknown,"[27626219, 253165430]",24062,Leuven,60,
2775,139710185,4.7449996500000005,50.88877804999999,Meugenslaan,Unknown,139710185,24062,Leuven,60,
2776,27625976,4.741337203320623,50.88849002102128,Laurent-Benoit Dewezlaan,Unknown,27625976,24062,Leuven,60,
2777,27625977,4.743523689237327,50.88878250325131,Laurent-Benoit Dewezlaan,Unknown,27625977,24062,Leuven,60,
2778,1466711247,4.743869542194143,50.88880850540943,Laurent-Benoit Dewezlaan,Unknown,1466711247,24062,Leuven,60,
2779,27646579,4.69782395,50.87009555,Ooiendonk,Unknown,27646579,24062,Leuven,60,
2780,28588899,4.697855649999999,50.8696616,Schapenstraat,Unknown,28588899,24062,Leuven,60,
2781,27656279,4.68356575,50.8766909,Unknown,Unknown,27656279,24062,Leuven,60,
2782,27656281,4.65142195,50.87011499999999,Bremstraat,Unknown,27656281,24062,Leuven,60,
2783,134470586,4.651300600000001,50.87007,Tervuursesteenweg,Unknown,134470586,24062,Leuven,60,
2784,"[99598433, 609991306, 609991316]",4.652456551312802,50.87030766886159,Tervuursesteenweg,Unknown,"[99598433, 609991306, 609991316]",24062,Leuven,60,
2785,"[27656386, 99598436]",4.6499885445461695,50.86921996646027,Alsembergstraat,Unknown,"[27656386, 99598436]",24062,Leuven,60,
2786,27656389,4.65127540282392,50.869569372168726,Buurtweg 37,Unknown,27656389,24062,Leuven,60,
2787,55894521,4.652484948894252,50.86927876477023,Bertemstraat,Unknown,55894521,24062,Leuven,60,
2788,79433446,4.651532131939805,50.86906314608894,Alsembergstraat,Unknown,79433446,24062,Leuven,60,
2789,55894520,4.651724175041672,50.868542281793246,Buurtweg 41,Unknown,55894520,24062,Leuven,60,
2790,532706673,4.649479864043475,50.86804764715028,Bertemstraat,Unknown,532706673,24062,Leuven,60,
2791,911328778,4.741899200000001,50.8862383,Diestsesteenweg,Unknown,911328778,24062,Leuven,60,
2792,"[191992025, 125835525]",4.74100928795151,50.886079364932655,Diestsesteenweg,Unknown,"[191992025, 125835525]",24062,Leuven,60,
2793,191992032,4.741589161672866,50.88621960533501,Unknown,Unknown,191992032,24062,Leuven,60,
2794,191992033,4.7412247,50.8870579,Unknown,Unknown,191992033,24062,Leuven,60,
2795,87369968,4.741438208060966,50.88708186326123,Unknown,Unknown,87369968,24062,Leuven,60,
2796,"[191992032, 191992033, 1122289425]",4.741450444470686,50.88653534105989,Unknown,Unknown,"[191992032, 191992033, 1122289425]",24062,Leuven,60,
2797,87369978,4.74077205,50.8873982,Unknown,Unknown,87369978,24062,Leuven,60,
2798,319233740,4.731894724822194,50.90388976281166,Kesselpad,Unknown,319233740,24062,Leuven,60,
2799,27664870,4.735052324365176,50.90438908528962,Bergstraat,Unknown,27664870,24062,Leuven,60,
2800,27682269,4.736469251573151,50.90552257844461,Kriekenbergweg,Unknown,27682269,24062,Leuven,60,
2801,27682443,4.757132444355024,50.88070075457606,Bovenloweg,Unknown,27682443,24062,Leuven,60,
2802,131882344,4.758509567752611,50.88108776207341,Bovenloweg,Unknown,131882344,24062,Leuven,60,
2803,1382635937,4.75303185,50.87758789999999,Heidebergstraat,Unknown,1382635937,24062,Leuven,60,
2804,192706263,4.753269558487942,50.87773023908041,Bovenloweg,Unknown,192706263,24062,Leuven,60,
2805,192706265,4.7543157810690015,50.877067233148416,Heidebergstraat,Unknown,192706265,24062,Leuven,60,
2806,231055126,4.75304197629943,50.87765977780851,Unknown,Unknown,231055126,24062,Leuven,60,
2807,27818679,4.684239599585864,50.8850345524886,Ten Wijngaard,Unknown,27818679,24062,Leuven,60,
2808,27818681,4.68469945,50.88549255,Ten Wijngaard,Unknown,27818681,24062,Leuven,60,
2809,27818680,4.68433125,50.88543914999999,Ten Wijngaard,Unknown,27818680,24062,Leuven,60,
2810,"[27818680, 1108587337]",4.684632885888202,50.88581919673238,Ten Wijngaard,Unknown,"[27818680, 1108587337]",24062,Leuven,60,
2811,28313549,4.730327888015856,50.90218279217193,Op de Vliet,Unknown,28313549,24062,Leuven,60,
2812,"[17975253, 28313549]",4.72753187780787,50.90152637668879,Op de Vliet,Unknown,"[17975253, 28313549]",24062,Leuven,60,
2813,28313551,4.728778490151052,50.90118036141224,Tweebunders,Unknown,28313551,24062,Leuven,60,
2814,100599273,4.727137399905602,50.90207018160204,Jan Van Bouwelstraat,Unknown,100599273,24062,Leuven,60,
2815,28313553,4.729487369904822,50.90142051092602,Wijkweg,Unknown,28313553,24062,Leuven,60,
2816,100599270,4.731841147643337,50.9006693556068,Unknown,Unknown,100599270,24062,Leuven,60,
2817,28313555,4.73112725,50.8999145,Wilderbos,Unknown,28313555,24062,Leuven,60,
2818,1442209395,4.73041765,50.90032365,Wilderbos,Unknown,1442209395,24062,Leuven,60,
2819,1442222969,4.735329871459537,50.90072145217356,Wijnbergenstraat,Unknown,1442222969,24062,Leuven,60,
2820,28352298,4.735653750868856,50.90090009808935,Wijnbergenstraat,Unknown,28352298,24062,Leuven,60,
2821,28352363,4.735419969834866,50.90083862525546,Unknown,Unknown,28352363,24062,Leuven,60,
2822,"[192359896, 28352298]",4.7416014846323575,50.902221581212935,Wijnbergenstraat,Unknown,"[192359896, 28352298]",24062,Leuven,60,
2823,28352299,4.750601850000001,50.903125450000005,Sneppenstraat,Unknown,28352299,24062,Leuven,60,
2824,1195568464,4.75075945,50.9031762,Sneppenstraat,Unknown,1195568464,24062,Leuven,60,
2825,192359896,4.749152248322695,50.90352352552414,Wijnbergenstraat,Unknown,192359896,24062,Leuven,60,
2826,"[74284712, 28352484]",4.745362466281511,50.90665663005886,Bergpad,Unknown,"[74284712, 28352484]",24062,Leuven,60,
2827,28449046,4.729425775040972,50.87159695811464,Unknown,Unknown,28449046,24062,Leuven,60,
2828,79940703,4.729969445599143,50.87114040528115,Grensstraat,Unknown,79940703,24062,Leuven,60,
2829,25983371,4.70445550015486,50.88186364637504,Rijschoolstraat,Unknown,25983371,24062,Leuven,60,
2830,586268890,4.7141883,50.87364165,Tiensestraat,Unknown,586268890,24062,Leuven,60,
2831,738525348,4.7162463,50.8783802,Professor Roger Van Overstraetenplein,Unknown,738525348,24062,Leuven,60,
2832,29189579,4.715950902253061,50.87888493251789,Professor Roger Van Overstraetenplein,Unknown,29189579,24062,Leuven,60,
2833,"[29189578, 29189581, 29189582, 29189583]",4.715755247066189,50.87971662455839,Professor Roger Van Overstraetenplein,Unknown,"[29189578, 29189581, 29189582, 29189583]",24062,Leuven,60,
2834,23119321,4.7156973,50.87926195,Unknown,Unknown,23119321,24062,Leuven,60,
2835,110133724,4.68242865,50.941607700000006,Bloemersweg,Unknown,110133724,24062,Leuven,60,
2836,"[380456585, 39593715]",4.682971622617309,50.940703089123936,"['Wijgmaalsesteenweg / Wakkerzeelsebaan', 'Wakkerzeelsebaan']",Unknown,"[380456585, 39593715]",24062,Leuven,60,
2837,29436865,4.7027316751079065,50.85208661515908,Unknown,Unknown,29436865,24062,Leuven,60,
2838,279710605,4.70123392489867,50.85364238433672,Unknown,Unknown,279710605,24062,Leuven,60,
2839,894845986,4.702213310324034,50.85183339948683,Unknown,Unknown,894845986,24062,Leuven,60,
2840,71397133,4.702603374417154,50.851749952475984,Unknown,Unknown,71397133,24062,Leuven,60,
2841,894845987,4.703231798153405,50.85132721194597,Unknown,Unknown,894845987,24062,Leuven,60,
2842,"[301552209, 23104271]",4.699363871859073,50.86715033680829,Erasme Ruelenspark,Unknown,"[301552209, 23104271]",24062,Leuven,60,
2843,"[23104272, 3374389, 23104271]",4.699002878552303,50.867273121256254,Erasme Ruelenspark,Unknown,"[23104272, 3374389, 23104271]",24062,Leuven,60,
2844,48446711,4.699207343140661,50.86720055955737,Unknown,Unknown,48446711,24062,Leuven,60,
2845,93725576,4.699425446311228,50.86735784052099,Unknown,Unknown,93725576,24062,Leuven,60,
2846,85195417,4.69058965,50.84733025,Unknown,Unknown,85195417,24062,Leuven,60,
2847,93537136,4.69183545,50.84653385,Unknown,Unknown,93537136,24062,Leuven,60,
2848,69655778,4.69174806384918,50.84772340883838,Unknown,Unknown,69655778,24062,Leuven,60,
2849,93537134,4.694490879808623,50.846444645729015,Unknown,Unknown,93537134,24062,Leuven,60,
2850,"[93537136, 93537137]",4.694461330574751,50.84669262462255,Unknown,Unknown,"[93537136, 93537137]",24062,Leuven,60,
2851,608818920,4.700600019420898,50.9028658501394,Tunnelweg,Unknown,608818920,24062,Leuven,60,
2852,"[608818920, 608818921]",4.700196826713216,50.90296915590503,Tunnelweg,Unknown,"[608818920, 608818921]",24062,Leuven,60,
2853,29545768,4.70046214541843,50.90304990983644,Unknown,Unknown,29545768,24062,Leuven,60,
2854,29545770,4.700524103722097,50.90319193113322,Unknown,Unknown,29545770,24062,Leuven,60,
2855,"[608818921, 1391185430]",4.699718623640371,50.90307540608704,Tunnelweg,Unknown,"[608818921, 1391185430]",24062,Leuven,60,
2856,870313897,4.7012087000000005,50.90296205,Unknown,Unknown,870313897,24062,Leuven,60,
2857,29545785,4.70079995,50.90302755,Unknown,Unknown,29545785,24062,Leuven,60,
2858,29545808,4.7009398,50.9030901,Unknown,Unknown,29545808,24062,Leuven,60,
2859,819735234,4.735985596213543,50.88069119530491,Ploegstaart,Unknown,819735234,24062,Leuven,60,
2860,30707382,4.7267831000000005,50.86633045,Esplanadelaan,Unknown,30707382,24062,Leuven,60,
2861,30707383,4.728430226767754,50.86663740913808,Esplanadelaan,Unknown,30707383,24062,Leuven,60,
2862,13841628,4.69897105,50.92905985,Henricus Wittebolsstraat,Unknown,13841628,24062,Leuven,60,
2863,30770179,4.7005644624977645,50.92889659053393,Remy Alloingstraat,Unknown,30770179,24062,Leuven,60,
2864,314629174,4.70591585,50.88696709999999,Unknown,Unknown,314629174,24062,Leuven,60,
2865,"[419874313, 30787418, 1009164253]",4.6835440688640775,50.92813919124589,Vaartdijk,Unknown,"[419874313, 30787418, 1009164253]",24062,Leuven,60,
2866,25706065,4.696694322084069,50.933619037457234,Driesstraat,Unknown,25706065,24062,Leuven,60,
2867,"[318892100, 318892101]",4.696263161363329,50.93275547981752,Steenakkerstraat,Unknown,"[318892100, 318892101]",24062,Leuven,60,
2868,1427755020,4.695892125441858,50.93483112209553,Unknown,Unknown,1427755020,24062,Leuven,60,
2869,30838364,4.69797515,50.92574935000001,Korte Dolagestraat,Unknown,30838364,24062,Leuven,60,
2870,53064970,4.696385,50.9263233,Unknown,Unknown,53064970,24062,Leuven,60,
2871,1446479174,4.69630825,50.9263848,Rietensplein,Unknown,1446479174,24062,Leuven,60,
2872,1446479176,4.696395300000001,50.926401850000005,Rietensplein,Unknown,1446479176,24062,Leuven,60,
2873,30838381,4.696258351752488,50.92665864303643,Rietensplein,Unknown,30838381,24062,Leuven,60,
2874,1446033615,4.697366103597326,50.92683928800182,Korte Dolagestraat,Unknown,1446033615,24062,Leuven,60,
2875,31058514,4.731123536365017,50.88077352208184,Poortveldstraat,Unknown,31058514,24062,Leuven,60,
2876,31058513,4.73114321143994,50.87995498926867,Partisanenstraat,Unknown,31058513,24062,Leuven,60,
2877,95942077,4.7301833,50.88099375,Lolanden,Unknown,95942077,24062,Leuven,60,
2878,"[95942080, 31058512]",4.7301433362452245,50.8808226843795,Lolanden,Unknown,"[95942080, 31058512]",24062,Leuven,60,
2879,327293825,4.72658435,50.880322250000006,Krakaulaan,Unknown,327293825,24062,Leuven,60,
2880,116692562,4.726766561557207,50.87998097759345,Cristianlaan,Unknown,116692562,24062,Leuven,60,
2881,126304965,4.727257025887809,50.88005286332785,Weerstandlaan,Unknown,126304965,24062,Leuven,60,
2882,31058499,4.726938017421765,50.87938835102581,Waterleidingstraat,Unknown,31058499,24062,Leuven,60,
2883,31058506,4.728482237980771,50.88112263783978,Lolanden,Unknown,31058506,24062,Leuven,60,
2884,31092163,4.72856433055444,50.88074168532662,Lolanden,Unknown,31092163,24062,Leuven,60,
2885,"[279556546, 279556548]",4.728719860261626,50.88058810941923,Unknown,Unknown,"[279556546, 279556548]",24062,Leuven,60,
2886,31058512,4.729605895516003,50.88045224014159,Lolanden,Unknown,31058512,24062,Leuven,60,
2887,31092162,4.72982303034546,50.87993197359795,Lolanden,Unknown,31092162,24062,Leuven,60,
2888,31058515,4.730103924445827,50.87999532881422,Unknown,Unknown,31058515,24062,Leuven,60,
2889,87304285,4.72941865,50.8795531,Prins-Regentplein,Unknown,87304285,24062,Leuven,60,
2890,31058502,4.72901485,50.8790446,Prins-Regentplein,Unknown,31058502,24062,Leuven,60,
2891,31092208,4.728292214766179,50.87931100634385,Bijendreef,Unknown,31092208,24062,Leuven,60,
2892,"[10672178, 112917229]",4.729495729497452,50.87869501731687,Prins-Regentplein,Unknown,"[10672178, 112917229]",24062,Leuven,60,
2893,99500141,4.699129104504229,50.877669447688,Oude Markt,Unknown,99500141,24062,Leuven,60,
2894,112566021,4.719573368150913,50.9033051513524,Kesseldallaan,Unknown,112566021,24062,Leuven,60,
2895,"[120201123, 1429410199]",4.719854890815508,50.90330943857936,Unknown,Unknown,"[120201123, 1429410199]",24062,Leuven,60,
2896,"[112566003, 1429477286]",4.719983971438006,50.903280305803065,Unknown,Unknown,"[112566003, 1429477286]",24062,Leuven,60,
2897,120201104,4.71989368447857,50.90353849632192,Unknown,Unknown,120201104,24062,Leuven,60,
2898,127840279,4.719395627415336,50.90352989686749,Unknown,Unknown,127840279,24062,Leuven,60,
2899,127840269,4.7198188000000005,50.90363089999999,Unknown,Unknown,127840269,24062,Leuven,60,
2900,"[31861564, 31861566, 31861567]",4.718453040695078,50.90561471525301,Unknown,Unknown,"[31861564, 31861566, 31861567]",24062,Leuven,60,
2901,1459645524,4.716289746504065,50.90734575752936,Unknown,Unknown,1459645524,24062,Leuven,60,
2902,31861565,4.716441940921111,50.90782887589667,Unknown,Unknown,31861565,24062,Leuven,60,
2903,31861844,4.715374890932101,50.90859372748946,Unknown,Unknown,31861844,24062,Leuven,60,
2904,32271341,4.729397894378715,50.88412157972888,Sportpleinpad,Unknown,32271341,24062,Leuven,60,
2905,34722391,4.728207419910327,50.88423346779733,Richard Valvekensstraat,Unknown,34722391,24062,Leuven,60,
2906,1387849715,4.73082725,50.8841372,Sportpleinpad,Unknown,1387849715,24062,Leuven,60,
2907,27566527,4.730711451846907,50.88413598335876,Unknown,Unknown,27566527,24062,Leuven,60,
2908,32271350,4.732634152133,50.884493861322746,Unknown,Unknown,32271350,24062,Leuven,60,
2909,"[32271352, 460383204]",4.732945987770847,50.88316625107722,Desire Mellaertspad,Unknown,"[32271352, 460383204]",24062,Leuven,60,
2910,32271940,4.73537722794756,50.88435614096334,Unknown,Unknown,32271940,24062,Leuven,60,
2911,"[32271345, 32271348]",4.73428697410391,50.88248738288648,Unknown,Unknown,"[32271345, 32271348]",24062,Leuven,60,
2912,"[688347308, 126304957]",4.735028343652483,50.88157932008805,Stadionlaan,Unknown,"[688347308, 126304957]",24062,Leuven,60,
2913,688336520,4.73262735,50.88485145,Diestsesteenweg,Unknown,688336520,24062,Leuven,60,
2914,460383204,4.732727719500693,50.88207544098648,Desire Mellaertspad,Unknown,460383204,24062,Leuven,60,
2915,283590969,4.735815201502892,50.88449336274144,Marie-Elisabeth Belpairestraat,Unknown,283590969,24062,Leuven,60,
2916,90638335,4.730154492128473,50.85592883456814,Unknown,Unknown,90638335,24062,Leuven,60,
2917,"[79501547, 90638335]",4.731455187402025,50.85469276157367,Unknown,Unknown,"[79501547, 90638335]",24062,Leuven,60,
2918,"[1022582216, 32476082, 1022582215]",4.729825363876624,50.855199084059294,Unknown,Unknown,"[1022582216, 32476082, 1022582215]",24062,Leuven,60,
2919,32476081,4.729481301002624,50.85447950867809,Brabantlaan,Unknown,32476081,24062,Leuven,60,
2920,90638332,4.72963802205185,50.85465898084294,Unknown,Unknown,90638332,24062,Leuven,60,
2921,1432632857,4.678053286553025,50.88429656244513,Sellekensstraat,Unknown,1432632857,24062,Leuven,60,
2922,147850146,4.680824112483778,50.88606802539778,Galgebergstraat,Unknown,147850146,24062,Leuven,60,
2923,"[147850146, 147850143]",4.679833802233621,50.88657348509041,Galgebergstraat,Unknown,"[147850146, 147850143]",24062,Leuven,60,
2924,"[670679041, 32805098]",4.67979308930034,50.88517738128159,Unknown,Unknown,"[670679041, 32805098]",24062,Leuven,60,
2925,499112586,4.724135603268754,50.89197578235754,Unknown,Unknown,499112586,24062,Leuven,60,
2926,33040064,4.70745445,50.8961683,Unknown,Unknown,33040064,24062,Leuven,60,
2927,601679664,4.707171599439551,50.89616877372154,Unknown,Unknown,601679664,24062,Leuven,60,
2928,3390204,4.697690639605745,50.87564879369289,Schapenstraat,Unknown,3390204,24062,Leuven,60,
2929,242622344,4.716739420641033,50.89837003510528,Unknown,Unknown,242622344,24062,Leuven,60,
2930,33233154,4.716967240839841,50.8982655644412,Unknown,Unknown,33233154,24062,Leuven,60,
2931,33284921,4.729766387418405,50.890493278150565,Gemeenteplein,Unknown,33284921,24062,Leuven,60,
2932,550895386,4.730493319713526,50.88972117017523,Borstelsstraat,Unknown,550895386,24062,Leuven,60,
2933,"[456815177, 456815175]",4.706604049944321,50.880258451745696,Unknown,Unknown,"[456815177, 456815175]",24062,Leuven,60,
2934,1177332089,4.7242558500000005,50.891716900000006,Beemdenpad,Unknown,1177332089,24062,Leuven,60,
2935,"[125835618, 22407254]",4.72259730922291,50.8907847024243,Unknown,Unknown,"[125835618, 22407254]",24062,Leuven,60,
2936,33688700,4.730116199999999,50.89413425,Unknown,Unknown,33688700,24062,Leuven,60,
2937,179193426,4.730269907977055,50.89437833198043,Unknown,Unknown,179193426,24062,Leuven,60,
2938,179193411,4.730566501083523,50.89459771658986,Holsbeeksesteenweg,Unknown,179193411,24062,Leuven,60,
2939,33690910,4.728878612746178,50.8932419941822,Unknown,Unknown,33690910,24062,Leuven,60,
2940,694554093,4.72939385,50.8935127,Unknown,Unknown,694554093,24062,Leuven,60,
2941,"[11256344, 69047944]",4.732763177229345,50.8759220561849,"['Hugo Verriestlaan', 'Franz Schollaertstraat']",Unknown,"[11256344, 69047944]",24062,Leuven,60,
2942,34145810,4.733446956800878,50.8756492884041,Priester Daensstraat,Unknown,34145810,24062,Leuven,60,
2943,1114893753,4.717393400000001,50.88216284999999,Ernest Solvaystraat,Unknown,1114893753,24062,Leuven,60,
2944,23707243,4.7170218585140375,50.883957731731314,Diestsesteenweg,Unknown,23707243,24062,Leuven,60,
2945,"[125835568, 429571921, 1304210228]",4.717432455908988,50.88435241813854,"['Baron August de Becker Remyplein', 'Leuvensestraat']",Unknown,"[125835568, 429571921, 1304210228]",24062,Leuven,60,
2946,1079771226,4.717698398350134,50.88441100853456,Unknown,Unknown,1079771226,24062,Leuven,60,
2947,34340868,4.716398759951252,50.917076931671126,Eegstraat,Unknown,34340868,24062,Leuven,60,
2948,120201125,4.717019987790682,50.89852106181321,Unknown,Unknown,120201125,24062,Leuven,60,
2949,1011801187,4.73039955,50.87555465,Platte-Lostraat,Unknown,1011801187,24062,Leuven,60,
2950,1468921621,4.730484000000001,50.8755661,Romain Rollandstraat,Unknown,1468921621,24062,Leuven,60,
2951,"[1497196272, 310525202, 310525203, 35943132]",4.695481772501123,50.92837605681175,Ursulinenstraat,Unknown,"[1497196272, 310525202, 310525203, 35943132]",24062,Leuven,60,
2952,228863805,4.695092123279372,50.92869110206082,Ursulinenstraat,Unknown,228863805,24062,Leuven,60,
2953,30770189,4.6959444,50.92812685,Groeningestraat,Unknown,30770189,24062,Leuven,60,
2954,310525202,4.6959012,50.92814105,Ursulinenstraat,Unknown,310525202,24062,Leuven,60,
2955,"[206745395, 39173908]",4.696393595573398,50.92881016820965,Baron E. Descampslaan,Unknown,"[206745395, 39173908]",24062,Leuven,60,
2956,1423685503,4.69689315,50.92649245,Unknown,Unknown,1423685503,24062,Leuven,60,
2957,1446479177,4.6969009,50.92651815,Rietensplein,Unknown,1446479177,24062,Leuven,60,
2958,37769958,4.705781669149888,50.88016506946624,Puttegang,Unknown,37769958,24062,Leuven,60,
2959,100011818,4.71282655,50.90922265,Unknown,Unknown,100011818,24062,Leuven,60,
2960,351000218,4.712932781765488,50.90931064092189,Aarschotsesteenweg,Unknown,351000218,24062,Leuven,60,
2961,"[351000218, 440732692, 13882237]",4.712800645016145,50.90906393291585,Aarschotsesteenweg,Unknown,"[351000218, 440732692, 13882237]",24062,Leuven,60,
2962,37873073,4.7193249,50.920938,Henri Elsenwijk,Unknown,37873073,24062,Leuven,60,
2963,1433439791,4.71938755,50.9209256,Unknown,Unknown,1433439791,24062,Leuven,60,
2964,38241796,4.71162745,50.882355,Vanden Tymplestraat,Unknown,38241796,24062,Leuven,60,
2965,38542473,4.711262558537586,50.88276676732771,Vanden Tymplestraat,Unknown,38542473,24062,Leuven,60,
2966,38208662,4.7294636322403045,50.90622223458212,Unknown,Unknown,38208662,24062,Leuven,60,
2967,38208848,4.728279445151059,50.906243083366974,Sypestraat,Unknown,38208848,24062,Leuven,60,
2968,"[192559614, 192559615]",4.728825524487448,50.90567143858807,Koningsstraat,Unknown,"[192559614, 192559615]",24062,Leuven,60,
2969,38208849,4.7271511214919375,50.90619373637116,Unknown,Unknown,38208849,24062,Leuven,60,
2970,849572212,4.727095413392664,50.905584970951125,Unknown,Unknown,849572212,24062,Leuven,60,
2971,38209282,4.7229003,50.90608725,Unknown,Unknown,38209282,24062,Leuven,60,
2972,67558077,4.723131871812417,50.90608434564549,Unknown,Unknown,67558077,24062,Leuven,60,
2973,83742558,4.723406336544357,50.90584066376164,Unknown,Unknown,83742558,24062,Leuven,60,
2974,"[38209281, 67558076]",4.722984922369113,50.90655105730165,Unknown,Unknown,"[38209281, 67558076]",24062,Leuven,60,
2975,"[179540266, 38209284]",4.722440483171599,50.90615259403807,Unknown,Unknown,"[179540266, 38209284]",24062,Leuven,60,
2976,1233243720,4.722917600232232,50.90621545231431,Unknown,Unknown,1233243720,24062,Leuven,60,
2977,38210166,4.7218319,50.90606305,Unknown,Unknown,38210166,24062,Leuven,60,
2978,38209385,4.72187235,50.9060062,Unknown,Unknown,38209385,24062,Leuven,60,
2979,"[38209386, 38209383]",4.721680239926834,50.90600737834637,Unknown,Unknown,"[38209386, 38209383]",24062,Leuven,60,
2980,38209387,4.72192122448106,50.90551612648613,Unknown,Unknown,38209387,24062,Leuven,60,
2981,38209475,4.721655528765941,50.906724679589686,Unknown,Unknown,38209475,24062,Leuven,60,
2982,125389331,4.722572406398142,50.90503975067304,Unknown,Unknown,125389331,24062,Leuven,60,
2983,"[38210057, 38209956]",4.72504610707823,50.90283638042548,Bergstraat,Unknown,"[38210057, 38209956]",24062,Leuven,60,
2984,38211415,4.7260812,50.8999985,Wilselsesteenweg,Unknown,38211415,24062,Leuven,60,
2985,12370682,4.730517111782149,50.89354716003113,Thomas Woodrow Wilsonlaan,Unknown,12370682,24062,Leuven,60,
2986,231054538,4.730581455059446,50.89358442520084,Unknown,Unknown,231054538,24062,Leuven,60,
2987,38245748,4.717561249999999,50.8935941,Unknown,Unknown,38245748,24062,Leuven,60,
2988,38245752,4.7176451,50.893571300000005,Eénmeilaan,Unknown,38245752,24062,Leuven,60,
2989,126304922,4.7184444,50.8919848,Herfstlaan,Unknown,126304922,24062,Leuven,60,
2990,"[1429410228, 138017422]",4.718253597360717,50.892254278747785,Unknown,Unknown,"[1429410228, 138017422]",24062,Leuven,60,
2991,"[1429410216, 53086861]",4.717159888900845,50.8943816171799,Unknown,Unknown,"[1429410216, 53086861]",24062,Leuven,60,
2992,23691160,4.7096556,50.88658935,Vuurkruisenlaan,Unknown,23691160,24062,Leuven,60,
2993,104341004,4.7098136046744745,50.886157951971,Diestsevest,Unknown,104341004,24062,Leuven,60,
2994,254811217,4.709726092300797,50.886155139701366,Diestsevest,Unknown,254811217,24062,Leuven,60,
2995,231212166,4.7255346,50.85404215,Unknown,Unknown,231212166,24062,Leuven,60,
2996,"[1085376892, 231212156, 1085376893]",4.725479768507275,50.85401159742769,Unknown,Unknown,"[1085376892, 231212156, 1085376893]",24062,Leuven,60,
2997,653482598,4.72497565,50.8539922,Unknown,Unknown,653482598,24062,Leuven,60,
2998,231212173,4.727380699999999,50.85374149999999,Unknown,Unknown,231212173,24062,Leuven,60,
2999,90634063,4.727294243664377,50.85369074048285,Brabantlaan,Unknown,90634063,24062,Leuven,60,
3000,90673910,4.727433303033291,50.85366118859325,Brabantlaan,Unknown,90673910,24062,Leuven,60,
3001,10575879,4.733084432373808,50.8533875911429,Evenementenlaan,Unknown,10575879,24062,Leuven,60,
3002,622063618,4.730435707538223,50.8532103703696,Unknown,Unknown,622063618,24062,Leuven,60,
3003,622063620,4.733714514202622,50.85265237560788,Unknown,Unknown,622063620,24062,Leuven,60,
3004,231212168,4.736319509632338,50.84747132920148,Unknown,Unknown,231212168,24062,Leuven,60,
3005,231212155,4.72616485,50.85098495,Unknown,Unknown,231212155,24062,Leuven,60,
3006,231212152,4.7262475,50.851367,Unknown,Unknown,231212152,24062,Leuven,60,
3007,92514141,4.727903749999999,50.8534777,Unknown,Unknown,92514141,24062,Leuven,60,
3008,92676009,4.73498335,50.85014875,Unknown,Unknown,92676009,24062,Leuven,60,
3009,622063624,4.733632162468474,50.85256787638794,Unknown,Unknown,622063624,24062,Leuven,60,
3010,"[8130906, 586268893]",4.713957534937422,50.87334125423941,Geldenaaksevest,Unknown,"[8130906, 586268893]",24062,Leuven,60,
3011,"[863272995, 863272991]",4.714342850992096,50.87380024957327,Tiensevest,Unknown,"[863272995, 863272991]",24062,Leuven,60,
3012,586268892,4.714548442759005,50.873836886294704,Tiensevest,Unknown,586268892,24062,Leuven,60,
3013,"[314629158, 1451816942, 304556794, 304556795, 304556796]",4.706873187496249,50.88754568778068,Unknown,Unknown,"[314629158, 1451816942, 304556794, 304556795, 304556796]",24062,Leuven,60,
3014,314629158,4.70662785869171,50.88726358414498,Unknown,Unknown,314629158,24062,Leuven,60,
3015,98825484,4.70699605,50.8877929,Redersstraat,Unknown,98825484,24062,Leuven,60,
3016,304556795,4.70705825,50.8878137,Unknown,Unknown,304556795,24062,Leuven,60,
3017,38159440,4.7222627500000005,50.9261825,Aarschotsesteenweg,Unknown,38159440,24062,Leuven,60,
3018,38778108,4.72221065,50.92617405,Van Calsterenstraat,Unknown,38778108,24062,Leuven,60,
3019,"[38159440, 1239799671]",4.722080508733641,50.92584589288618,Aarschotsesteenweg,Unknown,"[38159440, 1239799671]",24062,Leuven,60,
3020,130301666,4.699399668576629,50.92431290088932,Unknown,Unknown,130301666,24062,Leuven,60,
3021,1424857808,4.70626415,50.90312885,Unknown,Unknown,1424857808,24062,Leuven,60,
3022,53085949,4.7060817,50.9018376,Unknown,Unknown,53085949,24062,Leuven,60,
3023,480674878,4.706122645419977,50.901776538731816,Unknown,Unknown,480674878,24062,Leuven,60,
3024,804167143,4.706194500131764,50.90183482374094,F8,Unknown,804167143,24062,Leuven,60,
3025,98807509,4.7063767,50.90187375,Kolonel Begaultlaan,Unknown,98807509,24062,Leuven,60,
3026,1456740780,4.7064174,50.9018109,Unknown,Unknown,1456740780,24062,Leuven,60,
3027,496063130,4.70645575,50.90180985,F8,Unknown,496063130,24062,Leuven,60,
3028,1456742878,4.70647959539267,50.90184123872039,Unknown,Unknown,1456742878,24062,Leuven,60,
3029,39352016,4.725420275734617,50.89982323974425,Witte-Vrouwenpad,Unknown,39352016,24062,Leuven,60,
3030,179193418,4.7258800969893215,50.90014191914285,Wilselsesteenweg,Unknown,179193418,24062,Leuven,60,
3031,"[962606169, 39594506, 39426293]",4.704380204924082,50.93032031783205,Pikkelstraat,Unknown,"[962606169, 39594506, 39426293]",24062,Leuven,60,
3032,"[1423637554, 1423637556]",4.696412354481655,50.92723716607745,Dongelsplein,Unknown,"[1423637554, 1423637556]",24062,Leuven,60,
3033,39427457,4.694068619952301,50.92863751293861,Rozengaard,Unknown,39427457,24062,Leuven,60,
3034,419874312,4.694741997924661,50.92878309603155,Ursulinenstraat,Unknown,419874312,24062,Leuven,60,
3035,"[419874312, 8402609]",4.692189476041429,50.92995817531524,Ursulinenstraat,Unknown,"[419874312, 8402609]",24062,Leuven,60,
3036,39591659,4.693782842368675,50.93324114720995,Wijveld,Unknown,39591659,24062,Leuven,60,
3037,39591660,4.694640516521224,50.93345255801087,Wijveld,Unknown,39591660,24062,Leuven,60,
3038,39591661,4.695494316972139,50.93373625920961,Wijveld,Unknown,39591661,24062,Leuven,60,
3039,39591662,4.695596762862066,50.93418573521064,Wijveld,Unknown,39591662,24062,Leuven,60,
3040,1427755018,4.695890847824894,50.93387592925431,Unknown,Unknown,1427755018,24062,Leuven,60,
3041,39591665,4.69531295,50.93423615,Wijveld,Unknown,39591665,24062,Leuven,60,
3042,39591663,4.6956457,50.9344411,Wijveld,Unknown,39591663,24062,Leuven,60,
3043,39591664,4.6951907,50.93450615,Wijveld,Unknown,39591664,24062,Leuven,60,
3044,39591666,4.69360155,50.934225,Wijveld,Unknown,39591666,24062,Leuven,60,
3045,39591667,4.6940768,50.934150300000006,Wijveld,Unknown,39591667,24062,Leuven,60,
3046,39591669,4.69373825,50.93395215,Wijveld,Unknown,39591669,24062,Leuven,60,
3047,39591670,4.694213749999999,50.93387905,Wijveld,Unknown,39591670,24062,Leuven,60,
3048,39591671,4.69380935,50.9336764,Wijveld,Unknown,39591671,24062,Leuven,60,
3049,39591672,4.6931131,50.9328728,Wijveld,Unknown,39591672,24062,Leuven,60,
3050,39591673,4.693165816323575,50.93297754957975,Wijveld,Unknown,39591673,24062,Leuven,60,
3051,228863841,4.694009347864472,50.932240154876446,Unknown,Unknown,228863841,24062,Leuven,60,
3052,39593806,4.697604200000001,50.93380825,Langenbos,Unknown,39593806,24062,Leuven,60,
3053,1497196281,4.69755105,50.9338102,Unknown,Unknown,1497196281,24062,Leuven,60,
3054,"[39594464, 1454975553]",4.705957391371686,50.92729697036842,Remy Alloingstraat,Unknown,"[39594464, 1454975553]",24062,Leuven,60,
3055,39173911,4.7077532900942645,50.93239356112875,Wijgmaalbroek,Unknown,39173911,24062,Leuven,60,
3056,39594625,4.708971100115925,50.93201923766606,Haverstraat,Unknown,39594625,24062,Leuven,60,
3057,39594627,4.71006465,50.93202715,Unknown,Unknown,39594627,24062,Leuven,60,
3058,"[39594626, 39594628]",4.710120363628911,50.9330163392477,Haverstraat,Unknown,"[39594626, 39594628]",24062,Leuven,60,
3059,"[39596159, 419874303]",4.711034284952026,50.92129385691083,Unknown,Unknown,"[39596159, 419874303]",24062,Leuven,60,
3060,"[419874303, 39596159]",4.711034284952026,50.92129385691083,Unknown,Unknown,"[419874303, 39596159]",24062,Leuven,60,
3061,"[1433327371, 1433439783]",4.721041762052914,50.92414437920439,Unknown,Unknown,"[1433327371, 1433439783]",24062,Leuven,60,
3062,1433439779,4.72132835,50.9243132,Unknown,Unknown,1433439779,24062,Leuven,60,
3063,"[1433439802, 127840262]",4.716828043422591,50.916224704531245,Unknown,Unknown,"[1433439802, 127840262]",24062,Leuven,60,
3064,"[1433439785, 1433439787, 1433439780]",4.719751535453439,50.9214776919827,Unknown,Unknown,"[1433439785, 1433439787, 1433439780]",24062,Leuven,60,
3065,"[1433439784, 1433327370]",4.719578340167359,50.92147820469749,Unknown,Unknown,"[1433439784, 1433327370]",24062,Leuven,60,
3066,"[1433439779, 1433439780]",4.720649997441,50.92309278989269,Unknown,Unknown,"[1433439779, 1433439780]",24062,Leuven,60,
3067,"[1433439761, 1433349689]",4.730142047768222,50.93608880421239,Unknown,Unknown,"[1433439761, 1433349689]",24062,Leuven,60,
3068,"[1433349690, 1433349700]",4.72776236479557,50.93482702172179,Unknown,Unknown,"[1433349690, 1433349700]",24062,Leuven,60,
3069,14099895,4.72505705,50.93113075,Aambeeldstraat,Unknown,14099895,24062,Leuven,60,
3070,1433349693,4.72499255,50.9311427,Unknown,Unknown,1433349693,24062,Leuven,60,
3071,"[1433439768, 1433439769, 1433349711]",4.723945209347183,50.92938341471869,Unknown,Unknown,"[1433439768, 1433439769, 1433349711]",24062,Leuven,60,
3072,"[1433349714, 1433349711]",4.723655388369002,50.928810691509895,Unknown,Unknown,"[1433349714, 1433349711]",24062,Leuven,60,
3073,"[1433349696, 1433327378]",4.724113334316435,50.929345944715664,Unknown,Unknown,"[1433349696, 1433327378]",24062,Leuven,60,
3074,1497201596,4.72357355,50.9283614,Unknown,Unknown,1497201596,24062,Leuven,60,
3075,"[1433349720, 1433327378]",4.723835067504739,50.92883691852188,Unknown,Unknown,"[1433349720, 1433327378]",24062,Leuven,60,
3076,"[1497201594, 1433349715]",4.723366685297062,50.92828315821383,Unknown,Unknown,"[1497201594, 1433349715]",24062,Leuven,60,
3077,"[1491012202, 1491012204]",4.723252473703216,50.92808050451127,Unknown,Unknown,"[1491012202, 1491012204]",24062,Leuven,60,
3078,39682324,4.7137608,50.91093119999999,Unknown,Unknown,39682324,24062,Leuven,60,
3079,1433439823,4.7138504,50.91091105,Unknown,Unknown,1433439823,24062,Leuven,60,
3080,"[377918608, 37713149]",4.713648701426624,50.9106402491784,Aarschotsesteenweg,Unknown,"[377918608, 37713149]",24062,Leuven,60,
3081,5109036,4.70879055,50.86086885,Armand Thiérylaan,Unknown,5109036,24062,Leuven,60,
3082,141114452,4.710409212866662,50.86062621442157,Heidelaan,Unknown,141114452,24062,Leuven,60,
3083,301909102,4.7057509500000005,50.865663350000005,Goede Haardlaan,Unknown,301909102,24062,Leuven,60,
3084,126197751,4.7054958747291415,50.86542852662912,Zegelaan,Unknown,126197751,24062,Leuven,60,
3085,301909103,4.706277952090747,50.86550718516171,Goede Haardlaan,Unknown,301909103,24062,Leuven,60,
3086,"[85944748, 85944747, 4003916]",4.686191436614015,50.8645349644232,Unknown,Unknown,"[85944748, 85944747, 4003916]",24062,Leuven,60,
3087,81540682,4.73922355774087,50.86650353300318,Molweg,Unknown,81540682,24062,Leuven,60,
3088,173336676,4.737620545067241,50.86486002190664,Unknown,Unknown,173336676,24062,Leuven,60,
3089,915483289,4.72268095,50.8510364,Unknown,Unknown,915483289,24062,Leuven,60,
3090,1228851397,4.72264225,50.85099005,Unknown,Unknown,1228851397,24062,Leuven,60,
3091,23949621,4.747480649999999,50.88565675,Jan Vranckxweg,Unknown,23949621,24062,Leuven,60,
3092,25954243,4.73295466526121,50.92644820683717,Scouts en Gidsen pad,Unknown,25954243,24062,Leuven,60,
3093,25954244,4.734948810410294,50.92759512012985,Ristweg,Unknown,25954244,24062,Leuven,60,
3094,41723350,4.702347094609327,50.93793625815417,Langenbos,Unknown,41723350,24062,Leuven,60,
3095,283982813,4.703781047054967,50.93916940224453,Wijgmaalbroek,Unknown,283982813,24062,Leuven,60,
3096,1450375013,4.703141314229968,50.94039058200261,Wijgmaalbroek,Unknown,1450375013,24062,Leuven,60,
3097,"[1159503589, 43546742]",4.645765885227457,50.86031643770914,Unknown,Unknown,"[1159503589, 43546742]",24062,Leuven,60,
3098,43547523,4.651159157558525,50.85930699188166,Toverberg,Unknown,43547523,24062,Leuven,60,
3099,43547534,4.65270028540098,50.8583861275588,Toverberg,Unknown,43547534,24062,Leuven,60,
3100,43547527,4.652075173297379,50.85939814873564,Marie Popelinlaan,Unknown,43547527,24062,Leuven,60,
3101,1441722886,4.652068001863752,50.85965971954828,Marie Popelinlaan,Unknown,1441722886,24062,Leuven,60,
3102,43547535,4.652975211854982,50.85821166196512,Toverberg,Unknown,43547535,24062,Leuven,60,
3103,102139632,4.6533410266439095,50.85781451372553,Unknown,Unknown,102139632,24062,Leuven,60,
3104,"[43547536, 1441726937]",4.653811455184613,50.85820314646713,Bredeweg,Unknown,"[43547536, 1441726937]",24062,Leuven,60,
3105,"[43561768, 1441726937]",4.651614485060755,50.8573324676078,Bredeweg,Unknown,"[43561768, 1441726937]",24062,Leuven,60,
3106,43547536,4.654899036323711,50.85857049620524,Bredeweg,Unknown,43547536,24062,Leuven,60,
3107,43547537,4.654174635983725,50.85859916156907,Unknown,Unknown,43547537,24062,Leuven,60,
3108,43547538,4.654016509361918,50.85886556116988,Antonia van Roesmaelelaan,Unknown,43547538,24062,Leuven,60,
3109,43547539,4.653686284834749,50.85868544484821,Antonia van Roesmaelelaan,Unknown,43547539,24062,Leuven,60,
3110,43547541,4.653882606634067,50.85920031589464,Antonia van Roesmaelelaan,Unknown,43547541,24062,Leuven,60,
3111,43547540,4.654636511201954,50.85891104834492,Antonia van Roesmaelelaan,Unknown,43547540,24062,Leuven,60,
3112,43548666,4.652728604830903,50.85938207380747,Toverberg,Unknown,43548666,24062,Leuven,60,
3113,430072707,4.655516049999999,50.85868,Unknown,Unknown,430072707,24062,Leuven,60,
3114,43547532,4.654918903308838,50.86110468837393,Toverberg,Unknown,43547532,24062,Leuven,60,
3115,"[23911554, 1441681471]",4.656192786462485,50.86199431872926,Marie Lemairestraat,Unknown,"[23911554, 1441681471]",24062,Leuven,60,
3116,1318325958,4.6594464,50.8621969,Sint-Jansbergsesteenweg,Unknown,1318325958,24062,Leuven,60,
3117,"[43548669, 43549047]",4.659630595890507,50.86188709715355,Sint-Jansbergsesteenweg,Unknown,"[43548669, 43549047]",24062,Leuven,60,
3118,"[102135101, 1441648557]",4.654853844492883,50.85787808831123,Unknown,Unknown,"[102135101, 1441648557]",24062,Leuven,60,
3119,43561768,4.6475978699267015,50.85664416663143,Bredeweg,Unknown,43561768,24062,Leuven,60,
3120,61649687,4.6767116,50.84884695,Unknown,Unknown,61649687,24062,Leuven,60,
3121,1463666180,4.675107049999999,50.8492842,Unknown,Unknown,1463666180,24062,Leuven,60,
3122,821642140,4.675839604360059,50.84921693227127,Unknown,Unknown,821642140,24062,Leuven,60,
3123,43625403,4.67459785,50.84971095,Unknown,Unknown,43625403,24062,Leuven,60,
3124,43625406,4.67531735,50.8496326,Unknown,Unknown,43625406,24062,Leuven,60,
3125,571659533,4.674918628592459,50.85004527792465,Unknown,Unknown,571659533,24062,Leuven,60,
3126,43625404,4.676929599157057,50.85007374206956,Unknown,Unknown,43625404,24062,Leuven,60,
3127,93479398,4.678021870744487,50.85100783552944,Unknown,Unknown,93479398,24062,Leuven,60,
3128,43858761,4.6852063,50.86214590000001,Kasteelpark Arenberg,Unknown,43858761,24062,Leuven,60,
3129,965193693,4.6851486,50.862094,Unknown,Unknown,965193693,24062,Leuven,60,
3130,"[77864411, 1147771469]",4.6846978370885495,50.86247080424143,Kasteelpark Arenberg,Unknown,"[77864411, 1147771469]",24062,Leuven,60,
3131,"[44584602, 1117835831]",4.680927746127241,50.93459266229895,Hambosstraat,Unknown,"[44584602, 1117835831]",24062,Leuven,60,
3132,133526235,4.67112434316794,50.87587533694298,Tweekleinewegenstraat,Unknown,133526235,24062,Leuven,60,
3133,126304960,4.673136798718485,50.87649840374869,Tweekleinewegenstraat,Unknown,126304960,24062,Leuven,60,
3134,930708122,4.6711447395222665,50.87597333289587,Tweekleinewegenstraat,Unknown,930708122,24062,Leuven,60,
3135,3373670,4.68634245,50.863442500000005,Unknown,Unknown,3373670,24062,Leuven,60,
3136,77864413,4.68649997741683,50.86315853615204,Unknown,Unknown,77864413,24062,Leuven,60,
3137,"[77864400, 43858761, 48918816]",4.686353716614187,50.86289881197458,Kasteelpark Arenberg,Unknown,"[77864400, 43858761, 48918816]",24062,Leuven,60,
3138,453538101,4.699843351439467,50.8783919564862,Oude Markt,Unknown,453538101,24062,Leuven,60,
3139,48245707,4.7014143,50.871868850000006,Unknown,Unknown,48245707,24062,Leuven,60,
3140,301126433,4.70157715,50.8719178,Unknown,Unknown,301126433,24062,Leuven,60,
3141,"[1381614320, 1381614321, 1381614319]",4.699988019376479,50.87237003496573,Unknown,Unknown,"[1381614320, 1381614321, 1381614319]",24062,Leuven,60,
3142,48245752,4.7017565988303245,50.871856739125896,Unknown,Unknown,48245752,24062,Leuven,60,
3143,3990533,4.702934900000001,50.87267375,Parkstraat,Unknown,3990533,24062,Leuven,60,
3144,891927724,4.702919100000001,50.8727196,Unknown,Unknown,891927724,24062,Leuven,60,
3145,48246695,4.70369758768788,50.87396887292484,Unknown,Unknown,48246695,24062,Leuven,60,
3146,"[48246697, 891927654, 891927655]",4.703674792883385,50.873681422124086,Unknown,Unknown,"[48246697, 891927654, 891927655]",24062,Leuven,60,
3147,"[48247130, 891276859, 891276860]",4.707876833369103,50.87415849555357,Unknown,Unknown,"[48247130, 891276859, 891276860]",24062,Leuven,60,
3148,1273491785,4.70842565838972,50.8742124661196,Dekenstraat,Unknown,1273491785,24062,Leuven,60,
3149,48247154,4.70839105,50.87377519999999,Unknown,Unknown,48247154,24062,Leuven,60,
3150,3343976,4.707349150000001,50.87489825,Andreas Vesaliusstraat,Unknown,3343976,24062,Leuven,60,
3151,8101955,4.70163915,50.87701495,Sint-Michielsstraat,Unknown,8101955,24062,Leuven,60,
3152,"[48247883, 631597237, 631597238]",4.701805520387991,50.87677604194419,Unknown,Unknown,"[48247883, 631597237, 631597238]",24062,Leuven,60,
3153,"[48446096, 616174237]",4.698755240141475,50.86867144678092,Unknown,Unknown,"[48446096, 616174237]",24062,Leuven,60,
3154,1430846070,4.698932438742353,50.86855541637435,Unknown,Unknown,1430846070,24062,Leuven,60,
3155,86164005,4.69872595,50.8687356,Naamsevest,Unknown,86164005,24062,Leuven,60,
3156,"[48446096, 616174236]",4.698819590737655,50.86875463201565,Unknown,Unknown,"[48446096, 616174236]",24062,Leuven,60,
3157,48446148,4.69879749425229,50.86827574135706,Erasme Ruelensvest,Unknown,48446148,24062,Leuven,60,
3158,"[48446149, 303392599]",4.699616705201544,50.86803600395644,Erasme Ruelensvest,Unknown,"[48446149, 303392599]",24062,Leuven,60,
3159,48446227,4.700577572656983,50.86782856197979,Erasme Ruelensvest,Unknown,48446227,24062,Leuven,60,
3160,95571485,4.700244871707565,50.867894474585576,Broekstraat,Unknown,95571485,24062,Leuven,60,
3161,97856291,4.699291529849902,50.86696627275296,Unknown,Unknown,97856291,24062,Leuven,60,
3162,97856296,4.699061917141452,50.86696797217413,Unknown,Unknown,97856296,24062,Leuven,60,
3163,48446710,4.6994885,50.86675215,Unknown,Unknown,48446710,24062,Leuven,60,
3164,302792141,4.6993214000000005,50.8667548,Unknown,Unknown,302792141,24062,Leuven,60,
3165,83869544,4.71798975,50.871138,Tivolistraat,Unknown,83869544,24062,Leuven,60,
3166,20681417,4.7180579723809295,50.8717196484492,Tivolistraat,Unknown,20681417,24062,Leuven,60,
3167,1482033395,4.71795115,50.8710043,Tivolistraat,Unknown,1482033395,24062,Leuven,60,
3168,"[1036486945, 17025306, 1071283027, 70726948]",4.718903890713412,50.871019887894846,Tivolibrug,Unknown,"[1036486945, 17025306, 1071283027, 70726948]",24062,Leuven,60,
3169,48918794,4.685499532267327,50.86214522540561,Unknown,Unknown,48918794,24062,Leuven,60,
3170,3373675,4.685034829525402,50.86335920370987,Kasteelpark Arenberg,Unknown,3373675,24062,Leuven,60,
3171,50431600,4.68897135,50.86390505,Unknown,Unknown,50431600,24062,Leuven,60,
3172,3996959,4.688364712933142,50.86407875754123,Kasteelpark Arenberg,Unknown,3996959,24062,Leuven,60,
3173,50431575,4.688812873521881,50.86419666760652,Kasteelpark Arenberg,Unknown,50431575,24062,Leuven,60,
3174,844373390,4.688750362151739,50.86339496316975,Kasteelpark Arenberg,Unknown,844373390,24062,Leuven,60,
3175,"[43858755, 48164678]",4.686328510019526,50.86191782361318,Unknown,Unknown,"[43858755, 48164678]",24062,Leuven,60,
3176,50431612,4.685502545861747,50.86200487139121,Unknown,Unknown,50431612,24062,Leuven,60,
3177,52332439,4.698781033019713,50.88384316445566,Halfmaartstraat,Unknown,52332439,24062,Leuven,60,
3178,99500130,4.6985003153132405,50.88411678382436,Halfmaartstraat,Unknown,99500130,24062,Leuven,60,
3179,53063940,4.696393269175312,50.88473724548859,Leerlooierijstraat,Unknown,53063940,24062,Leuven,60,
3180,"[60966477, 247196069, 60966478]",4.694759921557792,50.88503470571136,Penitentienenstraat,Unknown,"[60966477, 247196069, 60966478]",24062,Leuven,60,
3181,60966478,4.697092112125016,50.88502198093259,Penitentienenstraat,Unknown,60966478,24062,Leuven,60,
3182,53063944,4.695956799999999,50.88449945,Leerlooierijstraat,Unknown,53063944,24062,Leuven,60,
3183,53063941,4.696729841601781,50.88347458098994,Raoul Claesstraat,Unknown,53063941,24062,Leuven,60,
3184,293834028,4.695570013120278,50.88591615796511,Marrainenplein,Unknown,293834028,24062,Leuven,60,
3185,"[608715645, 608715644, 3358669]",4.684996358416724,50.88271443567231,Brusselsestraat,Unknown,"[608715645, 608715644, 3358669]",24062,Leuven,60,
3186,53064217,4.685429878106573,50.88194104032024,Muurkruidstraat,Unknown,53064217,24062,Leuven,60,
3187,53064969,4.706630532326965,50.925883248161,Unknown,Unknown,53064969,24062,Leuven,60,
3188,152449303,4.69699825,50.9256829,Unknown,Unknown,152449303,24062,Leuven,60,
3189,61281914,4.69756225,50.92554875,Unknown,Unknown,61281914,24062,Leuven,60,
3190,"[235486908, 849572214]",4.724753623470946,50.90582775664558,Unknown,Unknown,"[235486908, 849572214]",24062,Leuven,60,
3191,98645213,4.71831531396869,50.90464568988613,Unknown,Unknown,98645213,24062,Leuven,60,
3192,53086863,4.701086944745764,50.90269810554862,Unknown,Unknown,53086863,24062,Leuven,60,
3193,"[1430691500, 53085951]",4.700915633583021,50.90278756774902,Unknown,Unknown,"[1430691500, 53085951]",24062,Leuven,60,
3194,61785252,4.7009816005027,50.90257306729927,Tunnelstraat,Unknown,61785252,24062,Leuven,60,
3195,38245753,4.71691835,50.89528725,Eénmeilaan,Unknown,38245753,24062,Leuven,60,
3196,80284458,4.716764717025956,50.89589150916064,Eénmeilaan,Unknown,80284458,24062,Leuven,60,
3197,"[1429410211, 1429410212]",4.71692101802025,50.89538172593701,Unknown,Unknown,"[1429410211, 1429410212]",24062,Leuven,60,
3198,"[1429410213, 1468786118]",4.716848549334665,50.895363616285934,Unknown,Unknown,"[1429410213, 1468786118]",24062,Leuven,60,
3199,112566015,4.716779523695724,50.8980285369228,Eénmeilaan,Unknown,112566015,24062,Leuven,60,
3200,107068083,4.701889428202241,50.90247308417237,Brandweg,Unknown,107068083,24062,Leuven,60,
3201,120201116,4.719739403343052,50.90325616518786,Unknown,Unknown,120201116,24062,Leuven,60,
3202,112386323,4.71853025,50.90141075,Unknown,Unknown,112386323,24062,Leuven,60,
3203,440732701,4.718397623040414,50.901363160693776,Unknown,Unknown,440732701,24062,Leuven,60,
3204,440732704,4.7187081303970375,50.901389023751534,Unknown,Unknown,440732704,24062,Leuven,60,
3205,440732702,4.719048894814449,50.90242729155076,Unknown,Unknown,440732702,24062,Leuven,60,
3206,23041938,4.70631325,50.90053865,Kolonel Begaultlaan,Unknown,23041938,24062,Leuven,60,
3207,1478525961,4.70635195,50.9004636,Unknown,Unknown,1478525961,24062,Leuven,60,
3208,53086865,4.70626070113374,50.90045301993521,Unknown,Unknown,53086865,24062,Leuven,60,
3209,26830584,4.706351687496727,50.89815928060922,Kolonel Begaultlaan,Unknown,26830584,24062,Leuven,60,
3210,1456486151,4.70309425,50.9014664,Unknown,Unknown,1456486151,24062,Leuven,60,
3211,"[458555387, 104502516]",4.717617032765903,50.88356903597783,Unknown,Unknown,"[458555387, 104502516]",24062,Leuven,60,
3212,458555388,4.7174760604143815,50.88356730026809,Unknown,Unknown,458555388,24062,Leuven,60,
3213,126304984,4.71462365,50.88461345,Unknown,Unknown,126304984,24062,Leuven,60,
3214,"[9666344, 22423890]",4.715220199914725,50.88464140500807,Brugbergpad,Unknown,"[9666344, 22423890]",24062,Leuven,60,
3215,"[1313454416, 1313454415]",4.714595286968037,50.88457385507354,Unknown,Unknown,"[1313454416, 1313454415]",24062,Leuven,60,
3216,53203695,4.679643908794327,50.87992699636349,Unknown,Unknown,53203695,24062,Leuven,60,
3217,1044729455,4.680131860543117,50.87994979082161,Unknown,Unknown,1044729455,24062,Leuven,60,
3218,"[16923625, 1511701444, 1511701445]",4.679906083403455,50.87984238625639,Unknown,Unknown,"[16923625, 1511701444, 1511701445]",24062,Leuven,60,
3219,1120987587,4.675622216928021,50.880793507277545,Unknown,Unknown,1120987587,24062,Leuven,60,
3220,"[129459875, 810580949]",4.677175625142166,50.88043667383708,Unknown,Unknown,"[129459875, 810580949]",24062,Leuven,60,
3221,129459876,4.677268512668098,50.88036976634029,Unknown,Unknown,129459876,24062,Leuven,60,
3222,421437225,4.715759670079923,50.86487113167151,Unknown,Unknown,421437225,24062,Leuven,60,
3223,53085951,4.699736236474598,50.90311529857636,Unknown,Unknown,53085951,24062,Leuven,60,
3224,55067675,4.693533190188385,50.87025045812299,Voerviaduct,Unknown,55067675,24062,Leuven,60,
3225,"[1055164586, 1055164587, 55067676]",4.691193888904736,50.87176179311606,Voerviaduct,Unknown,"[1055164586, 1055164587, 55067676]",24062,Leuven,60,
3226,55067673,4.688921683823156,50.87321417445492,Voerviaduct,Unknown,55067673,24062,Leuven,60,
3227,325304005,4.652780641066884,50.86870305568517,Unknown,Unknown,325304005,24062,Leuven,60,
3228,"[325304005, 542834823]",4.6493147955010645,50.86661035554136,Unknown,Unknown,"[325304005, 542834823]",24062,Leuven,60,
3229,"[609991314, 99615100]",4.649884714742426,50.86977963205825,Tervuursesteenweg,Unknown,"[609991314, 99615100]",24062,Leuven,60,
3230,99598433,4.65371285,50.87056855,Tervuursesteenweg,Unknown,99598433,24062,Leuven,60,
3231,295211032,4.7562262,50.8875911,Unknown,Unknown,295211032,24062,Leuven,60,
3232,55995141,4.757269876669176,50.88746429292752,Unknown,Unknown,55995141,24062,Leuven,60,
3233,87384590,4.75743399205019,50.886915929451455,Unknown,Unknown,87384590,24062,Leuven,60,
3234,"[56301056, 1152979459]",4.72537504098463,50.927727515684985,Bunswijkpad,Unknown,"[56301056, 1152979459]",24062,Leuven,60,
3235,56301056,4.725163450145581,50.92742421776761,Bunswijkpad,Unknown,56301056,24062,Leuven,60,
3236,1425096252,4.725189431104247,50.92739234533739,Unknown,Unknown,1425096252,24062,Leuven,60,
3237,38159441,4.724148250000001,50.92622105,Bosstraat,Unknown,38159441,24062,Leuven,60,
3238,"[56301056, 1221292666]",4.724776174060392,50.92660935355588,Bunswijkpad,Unknown,"[56301056, 1221292666]",24062,Leuven,60,
3239,142770802,4.758790449999999,50.8777325,Unknown,Unknown,142770802,24062,Leuven,60,
3240,250646772,4.760216651153533,50.88011961288439,Unknown,Unknown,250646772,24062,Leuven,60,
3241,112386319,4.7246979522552905,50.90419481700312,Unknown,Unknown,112386319,24062,Leuven,60,
3242,"[125389329, 414691708]",4.724233455716842,50.9039973254854,Unknown,Unknown,"[125389329, 414691708]",24062,Leuven,60,
3243,125389329,4.72522863698486,50.90440814688348,Unknown,Unknown,125389329,24062,Leuven,60,
3244,651985139,4.725707077952827,50.90494805958857,Unknown,Unknown,651985139,24062,Leuven,60,
3245,1083168191,4.724935077331774,50.9045289251598,Unknown,Unknown,1083168191,24062,Leuven,60,
3246,1233243727,4.72514964551578,50.90524997136486,Unknown,Unknown,1233243727,24062,Leuven,60,
3247,91022683,4.677068866387732,50.84213371133984,Unknown,Unknown,91022683,24062,Leuven,60,
3248,784533363,4.676274476163881,50.84083284147442,Van Harcourtdreef,Unknown,784533363,24062,Leuven,60,
3249,117926049,4.67598505,50.83865045,Van Harcourtdreef,Unknown,117926049,24062,Leuven,60,
3250,"[388729935, 1152487319]",4.674246816911865,50.83805224137959,Unknown,Unknown,"[388729935, 1152487319]",24062,Leuven,60,
3251,119260127,4.67450295,50.83704935,Damendreef,Unknown,119260127,24062,Leuven,60,
3252,60686793,4.673717653023782,50.835266474591336,Karrendreef,Unknown,60686793,24062,Leuven,60,
3253,119260143,4.6757385,50.8339976,Parnassusbergdreef,Unknown,119260143,24062,Leuven,60,
3254,23237805,4.6731286254893405,50.83349397183107,Parnassusbergdreef,Unknown,23237805,24062,Leuven,60,
3255,69651202,4.700981534271292,50.84276590243642,Unknown,Unknown,69651202,24062,Leuven,60,
3256,75099246,4.699994796775623,50.84335389337701,Unknown,Unknown,75099246,24062,Leuven,60,
3257,91027768,4.702762333815943,50.843806389195954,Unknown,Unknown,91027768,24062,Leuven,60,
3258,"[121596968, 72024493]",4.704016946933721,50.84463370404445,Unknown,Unknown,"[121596968, 72024493]",24062,Leuven,60,
3259,72024493,4.70190409594258,50.84458533686133,Unknown,Unknown,72024493,24062,Leuven,60,
3260,85128184,4.67101205,50.8271169,Nieuwedreef,Unknown,85128184,24062,Leuven,60,
3261,333047259,4.6724374270445885,50.826744729746615,Unknown,Unknown,333047259,24062,Leuven,60,
3262,333047260,4.671781877806281,50.826004824676616,Praegeweg,Unknown,333047260,24062,Leuven,60,
3263,10363334,4.676374096113166,50.84675232744485,Lozeweg,Unknown,10363334,24062,Leuven,60,
3264,62353991,4.67828555,50.84883555000001,Dennendreef,Unknown,62353991,24062,Leuven,60,
3265,37713148,4.701836228056517,50.92202594785232,Remylaan,Unknown,37713148,24062,Leuven,60,
3266,61919413,4.679364249671068,50.82567952727347,Unknown,Unknown,61919413,24062,Leuven,60,
3267,769120160,4.679106253943417,50.82669079032839,Unknown,Unknown,769120160,24062,Leuven,60,
3268,117926047,4.683904549999999,50.837164,Filosofendreef,Unknown,117926047,24062,Leuven,60,
3269,874830773,4.6865507,50.83604305,Parnassusbergdreef,Unknown,874830773,24062,Leuven,60,
3270,61919415,4.67949825,50.84674695,Filosofendreef,Unknown,61919415,24062,Leuven,60,
3271,117926041,4.680290599999999,50.845030300000005,Filosofendreef,Unknown,117926041,24062,Leuven,60,
3272,1217801803,4.71744815,50.8836413,Oude Diestsesteenweg,Unknown,1217801803,24062,Leuven,60,
3273,1049740890,4.688695014213341,50.84721295763796,Prosperdreef,Unknown,1049740890,24062,Leuven,60,
3274,62353988,4.68779805,50.8491261,Prosperdreef,Unknown,62353988,24062,Leuven,60,
3275,85504738,4.686032600000001,50.85024765,Dennendreef,Unknown,85504738,24062,Leuven,60,
3276,104777094,4.68831255,50.85065735,Dennendreef,Unknown,104777094,24062,Leuven,60,
3277,25093516,4.687762370728611,50.852380790942206,Unknown,Unknown,25093516,24062,Leuven,60,
3278,395999136,4.671105537333413,50.82539139576857,Unknown,Unknown,395999136,24062,Leuven,60,
3279,268835788,4.68999735,50.84437785,Prosperdreef,Unknown,268835788,24062,Leuven,60,
3280,"[268835809, 62393357]",4.690546661003392,50.84390773235665,Unknown,Unknown,"[268835809, 62393357]",24062,Leuven,60,
3281,"[268835792, 265516517]",4.6909876258061365,50.844127692755166,Unknown,Unknown,"[268835792, 265516517]",24062,Leuven,60,
3282,"[268835832, 268835845]",4.690970630756091,50.84363342038902,Unknown,Unknown,"[268835832, 268835845]",24062,Leuven,60,
3283,62485722,4.679125501724737,50.84912391350996,Unknown,Unknown,62485722,24062,Leuven,60,
3284,390616570,4.679081999999999,50.84931035,Unknown,Unknown,390616570,24062,Leuven,60,
3285,390616583,4.679281469527439,50.84936213142869,Unknown,Unknown,390616583,24062,Leuven,60,
3286,104777049,4.679601986211425,50.85114468223424,Unknown,Unknown,104777049,24062,Leuven,60,
3287,390616559,4.678522819262607,50.85021880774915,Unknown,Unknown,390616559,24062,Leuven,60,
3288,69657209,4.681019647313358,50.852035864532496,Unknown,Unknown,69657209,24062,Leuven,60,
3289,62490157,4.68239127373855,50.82651202908868,Unknown,Unknown,62490157,24062,Leuven,60,
3290,123929783,4.684116383421033,50.8271463209524,Unknown,Unknown,123929783,24062,Leuven,60,
3291,"[63402977, 71834709]",4.679631947871018,50.85994118287702,Unknown,Unknown,"[63402977, 71834709]",24062,Leuven,60,
3292,242622333,4.716810909580781,50.89823864808049,Unknown,Unknown,242622333,24062,Leuven,60,
3293,66588629,4.725671349497854,50.90648101643861,Unknown,Unknown,66588629,24062,Leuven,60,
3294,66588637,4.725438787316503,50.90664046579952,Unknown,Unknown,66588637,24062,Leuven,60,
3295,66588639,4.725852997911905,50.90652992854803,Unknown,Unknown,66588639,24062,Leuven,60,
3296,66588634,4.72618113545699,50.90655088520754,Unknown,Unknown,66588634,24062,Leuven,60,
3297,125389655,4.725820699176023,50.90633478949201,Unknown,Unknown,125389655,24062,Leuven,60,
3298,14391935,4.72282328803899,50.90751525113939,Unknown,Unknown,14391935,24062,Leuven,60,
3299,67558076,4.723186784090893,50.90708101590722,Unknown,Unknown,67558076,24062,Leuven,60,
3300,135228431,4.723688580412696,50.907237632801966,Unknown,Unknown,135228431,24062,Leuven,60,
3301,69564451,4.725070891505496,50.906772264353904,Unknown,Unknown,69564451,24062,Leuven,60,
3302,74517180,4.725326454001786,50.90702368810563,Unknown,Unknown,74517180,24062,Leuven,60,
3303,66966816,4.695067922586326,50.90030297944864,Alfons Stesselstraat,Unknown,66966816,24062,Leuven,60,
3304,"[66966816, 384910285]",4.692806951484024,50.89911893850112,"['Alfons Stesselstraat', 'Aarschotseweg / Alfons Stesselstraat']",Unknown,"[66966816, 384910285]",24062,Leuven,60,
3305,66966817,4.695492585249637,50.90056572283349,Alfons Stesselstraat,Unknown,66966817,24062,Leuven,60,
3306,67558073,4.73346610819789,50.90438558630046,Unknown,Unknown,67558073,24062,Leuven,60,
3307,69564452,4.7331887,50.9047895,Unknown,Unknown,69564452,24062,Leuven,60,
3308,194636694,4.7331043,50.90470345000001,Unknown,Unknown,194636694,24062,Leuven,60,
3309,67558074,4.734024068806642,50.904900252631705,Unknown,Unknown,67558074,24062,Leuven,60,
3310,265313953,4.7330318,50.90480315,Unknown,Unknown,265313953,24062,Leuven,60,
3311,319233741,4.732402745572832,50.90435243596688,Unknown,Unknown,319233741,24062,Leuven,60,
3312,265313955,4.731536280842118,50.90594549271911,Unknown,Unknown,265313955,24062,Leuven,60,
3313,125389330,4.723402400412144,50.90676670269925,Unknown,Unknown,125389330,24062,Leuven,60,
3314,68437215,4.678233349999999,50.84560695,Unknown,Unknown,68437215,24062,Leuven,60,
3315,68438667,4.68680445,50.844883,Unknown,Unknown,68438667,24062,Leuven,60,
3316,390616563,4.68792635,50.845485,Bierbeekpleindreef,Unknown,390616563,24062,Leuven,60,
3317,253090906,4.6871581,50.84409975,Unknown,Unknown,253090906,24062,Leuven,60,
3318,112952785,4.688354300497392,50.844770705825695,Unknown,Unknown,112952785,24062,Leuven,60,
3319,119490073,4.689543232401748,50.845347396864206,Prosperdreef,Unknown,119490073,24062,Leuven,60,
3320,"[268835842, 268835844, 268835817, 268835849, 119490096, 268835799, 268835807]",4.690594620245655,50.84484736652805,Unknown,Unknown,"[268835842, 268835844, 268835817, 268835849, 119490096, 268835799, 268835807]",24062,Leuven,60,
3321,68438669,4.691634844579683,50.84480257771016,Unknown,Unknown,68438669,24062,Leuven,60,
3322,"[268835841, 268835821, 219962158, 268835823]",4.692112394819081,50.84474465473276,Unknown,Unknown,"[268835841, 268835821, 219962158, 268835823]",24062,Leuven,60,
3323,"[268835824, 268835831]",4.691477620587282,50.844469486337694,Unknown,Unknown,"[268835824, 268835831]",24062,Leuven,60,
3324,119490052,4.694480349999999,50.8437129,Grezweg,Unknown,119490052,24062,Leuven,60,
3325,"[85389808, 20274129, 268835766]",4.695638388243781,50.8452863415853,Grezweg,Unknown,"[85389808, 20274129, 268835766]",24062,Leuven,60,
3326,"[69047944, 11256344]",4.732763177229346,50.87592205618492,"['Hugo Verriestlaan', 'Franz Schollaertstraat']",Unknown,"[69047944, 11256344]",24062,Leuven,60,
3327,69162804,4.7349632,50.87676105,Jozef Deveusterlaan,Unknown,69162804,24062,Leuven,60,
3328,69162802,4.734565044551789,50.87657933551517,Jozef Deveusterlaan,Unknown,69162802,24062,Leuven,60,
3329,"[69162804, 69162796]",4.734559032340067,50.87724058387672,"['Don Boscolaan', 'Jozef Deveusterlaan']",Unknown,"[69162804, 69162796]",24062,Leuven,60,
3330,69162795,4.736700600000001,50.87668485,Herman Teirlincklaan,Unknown,69162795,24062,Leuven,60,
3331,69162801,4.734486585717751,50.87642417674303,Jozef Deveusterlaan,Unknown,69162801,24062,Leuven,60,
3332,69162793,4.734445750000001,50.8779668,Pater Lievenslaan,Unknown,69162793,24062,Leuven,60,
3333,967389900,4.73565275,50.87617685,Unknown,Unknown,967389900,24062,Leuven,60,
3334,34174096,4.7176276,50.8823887,Benedenplein,Unknown,34174096,24062,Leuven,60,
3335,105073085,4.717512435584344,50.88260828813374,Locomotievenstraat,Unknown,105073085,24062,Leuven,60,
3336,195370296,4.717901715890462,50.88248320123087,Locomotievenstraat,Unknown,195370296,24062,Leuven,60,
3337,179540265,4.733206000381442,50.90615189349053,Unknown,Unknown,179540265,24062,Leuven,60,
3338,125389654,4.725547609335402,50.90615151383096,Unknown,Unknown,125389654,24062,Leuven,60,
3339,293917153,4.725322977697527,50.90580957908314,Unknown,Unknown,293917153,24062,Leuven,60,
3340,69652008,4.698946855343548,50.84433315649995,Unknown,Unknown,69652008,24062,Leuven,60,
3341,282479564,4.698196497122375,50.84290813615853,Unknown,Unknown,282479564,24062,Leuven,60,
3342,112937206,4.684537300000001,50.850823950000006,Unknown,Unknown,112937206,24062,Leuven,60,
3343,3992440,4.7001858,50.84774255000001,Bierbeekpleindreef,Unknown,3992440,24062,Leuven,60,
3344,90642466,4.72659845,50.851453750000005,Unknown,Unknown,90642466,24062,Leuven,60,
3345,92514146,4.726745406707903,50.85179976652254,Unknown,Unknown,92514146,24062,Leuven,60,
3346,1394589964,4.6702267,50.87585345,Unknown,Unknown,1394589964,24062,Leuven,60,
3347,"[130786744, 125835626, 578662063, 578662065, 199586552]",4.670739240865375,50.8751676319704,Berg Taborweg,Unknown,"[130786744, 125835626, 578662063, 578662065, 199586552]",24062,Leuven,60,
3348,1305895615,4.670472844810591,50.87587835875581,Unknown,Unknown,1305895615,24062,Leuven,60,
3349,23090329,4.671486,50.87423975,Tervuursesteenweg,Unknown,23090329,24062,Leuven,60,
3350,122099684,4.6713421,50.87421775,Tervuursesteenweg,Unknown,122099684,24062,Leuven,60,
3351,130786745,4.671385600000001,50.874276,Berg Taborweg,Unknown,130786745,24062,Leuven,60,
3352,70006869,4.7299601,50.87651655,Albert Dejonghestraat,Unknown,70006869,24062,Leuven,60,
3353,70006864,4.7303866,50.8763143,Albert Dejonghestraat,Unknown,70006864,24062,Leuven,60,
3354,70006868,4.730072257025282,50.87600815997269,Albert Dejonghestraat,Unknown,70006868,24062,Leuven,60,
3355,97233940,4.7290378,50.87654635,Unknown,Unknown,97233940,24062,Leuven,60,
3356,70006862,4.729159947080964,50.87660400631186,Albert Dejonghestraat,Unknown,70006862,24062,Leuven,60,
3357,97233937,4.7297171,50.87599985,Unknown,Unknown,97233937,24062,Leuven,60,
3358,70006872,4.73009725,50.8761782,Albert Dejonghestraat,Unknown,70006872,24062,Leuven,60,
3359,1449467696,4.72009285,50.88378925,Diestsesteenweg,Unknown,1449467696,24062,Leuven,60,
3360,126304967,4.720066143362341,50.88363637527595,Werkhuizenstraat,Unknown,126304967,24062,Leuven,60,
3361,87304282,4.7248492,50.8830437,Locomotievenstraat,Unknown,87304282,24062,Leuven,60,
3362,"[282276416, 872931754, 282276415]",4.724643737206171,50.88324297696521,Paswerkerij,Unknown,"[282276416, 872931754, 282276415]",24062,Leuven,60,
3363,168406083,4.71961885,50.87822695,Klaprozenveld,Unknown,168406083,24062,Leuven,60,
3364,"[8154434, 4003927]",4.7160350090225664,50.87755531147703,Tiensevest,Unknown,"[8154434, 4003927]",24062,Leuven,60,
3365,"[120201115, 4005355]",4.698642402971644,50.86852366079942,Unknown,Unknown,"[120201115, 4005355]",24062,Leuven,60,
3366,1391185431,4.699467146457865,50.9032379137705,Bornestraat,Unknown,1391185431,24062,Leuven,60,
3367,22903417,4.7051704,50.90190945,Brandenstraat,Unknown,22903417,24062,Leuven,60,
3368,"[1431366153, 1433439821]",4.714327133859595,50.91169268102501,Unknown,Unknown,"[1431366153, 1433439821]",24062,Leuven,60,
3369,61280707,4.730571331359871,50.904430589198654,Koningsstraat,Unknown,61280707,24062,Leuven,60,
3370,"[13823562, 10362550]",4.718751785426963,50.90145658027152,"['Kesselsteinplein', 'Edelzangerslaan']",Unknown,"[13823562, 10362550]",24062,Leuven,60,
3371,"[1429410168, 120201125]",4.716813196191566,50.89854655685777,Unknown,Unknown,"[1429410168, 120201125]",24062,Leuven,60,
3372,13823565,4.719420299999999,50.90326195,Kesseldallaan,Unknown,13823565,24062,Leuven,60,
3373,120201123,4.7199025500000005,50.9033844,Unknown,Unknown,120201123,24062,Leuven,60,
3374,192559635,4.719653140710061,50.90362522549323,Vuntcomplex,Unknown,192559635,24062,Leuven,60,
3375,"[69564451, 125389655]",4.725379767211913,50.906409570389975,Unknown,Unknown,"[69564451, 125389655]",24062,Leuven,60,
3376,268835763,4.67788275,50.83766345,Damendreef,Unknown,268835763,24062,Leuven,60,
3377,268835777,4.6806632,50.8365574,Lozeweg,Unknown,268835777,24062,Leuven,60,
3378,112966275,4.67574205,50.839590400000006,Unknown,Unknown,112966275,24062,Leuven,60,
3379,653024361,4.6919695,50.83705745,Parnassusbergdreef,Unknown,653024361,24062,Leuven,60,
3380,24374655,4.693823643453058,50.83597365575909,Prosperdreef,Unknown,24374655,24062,Leuven,60,
3381,60694243,4.70072861075375,50.84131416373531,Unknown,Unknown,60694243,24062,Leuven,60,
3382,70787880,4.69435685,50.8663875,Unknown,Unknown,70787880,24062,Leuven,60,
3383,628222473,4.6937611,50.86599660000001,Unknown,Unknown,628222473,24062,Leuven,60,
3384,1115671750,4.6944285,50.86633645,Unknown,Unknown,1115671750,24062,Leuven,60,
3385,71829723,4.693326439593388,50.86702519698392,Unknown,Unknown,71829723,24062,Leuven,60,
3386,"[72528170, 71829732]",4.692396519227215,50.86693028038918,Unknown,Unknown,"[72528170, 71829732]",24062,Leuven,60,
3387,"[1482200493, 70787870]",4.693237581970843,50.86734971524751,Unknown,Unknown,"[1482200493, 70787870]",24062,Leuven,60,
3388,70789205,4.6979989,50.86834229999999,Unknown,Unknown,70789205,24062,Leuven,60,
3389,"[120201105, 23119850]",4.698113216779261,50.86847521191283,Unknown,Unknown,"[120201105, 23119850]",24062,Leuven,60,
3390,80201629,4.696563259777745,50.86842342845006,Unknown,Unknown,80201629,24062,Leuven,60,
3391,"[1214760881, 1214760882]",4.696840141444206,50.86879728945044,Unknown,Unknown,"[1214760881, 1214760882]",24062,Leuven,60,
3392,70789208,4.696358160110996,50.86853724891059,Unknown,Unknown,70789208,24062,Leuven,60,
3393,1214760880,4.6969363,50.8689387,Unknown,Unknown,1214760880,24062,Leuven,60,
3394,70789212,4.696658425273828,50.868944136870695,Unknown,Unknown,70789212,24062,Leuven,60,
3395,258440224,4.69810165,50.8577507,Unknown,Unknown,258440224,24062,Leuven,60,
3396,729015209,4.698090370683687,50.85746868026248,Unknown,Unknown,729015209,24062,Leuven,60,
3397,636897130,4.698415756179641,50.8575921043713,Unknown,Unknown,636897130,24062,Leuven,60,
3398,"[642535237, 846319868, 846319869]",4.698061782486384,50.858083051891285,Unknown,Unknown,"[642535237, 846319868, 846319869]",24062,Leuven,60,
3399,71175603,4.700334020135446,50.85735040392567,Unknown,Unknown,71175603,24062,Leuven,60,
3400,71175604,4.701876,50.85770245,Unknown,Unknown,71175604,24062,Leuven,60,
3401,1386555982,4.701575999999999,50.8579533,Unknown,Unknown,1386555982,24062,Leuven,60,
3402,192659007,4.70419065,50.85294395,Kerspelstraat,Unknown,192659007,24062,Leuven,60,
3403,71176470,4.708994479193105,50.85458537536153,Unknown,Unknown,71176470,24062,Leuven,60,
3404,71176481,4.710417913606104,50.85433489875324,Unknown,Unknown,71176481,24062,Leuven,60,
3405,71176476,4.71492655,50.858048,Vinkenbosstraat,Unknown,71176476,24062,Leuven,60,
3406,"[71176476, 8656934]",4.7138831346450045,50.85909385112634,Vinkenbosstraat,Unknown,"[71176476, 8656934]",24062,Leuven,60,
3407,"[1469908782, 22888967]",4.715221653485274,50.85792502871067,Vinkenbosstraat,Unknown,"[1469908782, 22888967]",24062,Leuven,60,
3408,"[71176481, 71176470]",4.712789522472568,50.85199176816583,Unknown,Unknown,"[71176481, 71176470]",24062,Leuven,60,
3409,1107041527,4.711199171450653,50.85355329689446,Unknown,Unknown,1107041527,24062,Leuven,60,
3410,1107041526,4.71066655,50.85306384999999,Unknown,Unknown,1107041526,24062,Leuven,60,
3411,85840977,4.6818921,50.86294275,Kasteelpark Arenberg,Unknown,85840977,24062,Leuven,60,
3412,810761980,4.681858988775364,50.862677741125786,Unknown,Unknown,810761980,24062,Leuven,60,
3413,229768923,4.68181455,50.86240625,Unknown,Unknown,229768923,24062,Leuven,60,
3414,667404466,4.68147463825582,50.86223668263523,Kasteelpark Arenberg,Unknown,667404466,24062,Leuven,60,
3415,71320644,4.682274699992697,50.86282939803943,Kasteelpark Arenberg,Unknown,71320644,24062,Leuven,60,
3416,71320761,4.677620428953141,50.86305737636051,Unknown,Unknown,71320761,24062,Leuven,60,
3417,161941001,4.6857571,50.85828495,Unknown,Unknown,161941001,24062,Leuven,60,
3418,1463793031,4.685633984239201,50.85829164876375,Unknown,Unknown,1463793031,24062,Leuven,60,
3419,71826173,4.687559657292459,50.86403981018032,Unknown,Unknown,71826173,24062,Leuven,60,
3420,96236317,4.693207781843056,50.8666411032404,Unknown,Unknown,96236317,24062,Leuven,60,
3421,"[71829725, 1482200478]",4.694733984528626,50.86669781658451,Unknown,Unknown,"[71829725, 1482200478]",24062,Leuven,60,
3422,72528170,4.691871062640059,50.8662441205017,Unknown,Unknown,72528170,24062,Leuven,60,
3423,497226566,4.691090022972063,50.86632151281834,Unknown,Unknown,497226566,24062,Leuven,60,
3424,628222471,4.690506154802686,50.86543153940168,Unknown,Unknown,628222471,24062,Leuven,60,
3425,72528168,4.691048283362704,50.865453518811904,Unknown,Unknown,72528168,24062,Leuven,60,
3426,3373673,4.687524691648005,50.864485558802805,Kasteelpark Arenberg,Unknown,3373673,24062,Leuven,60,
3427,71829739,4.686863556805895,50.86451641934865,Kasteelpark Arenberg,Unknown,71829739,24062,Leuven,60,
3428,77864402,4.686271921043772,50.86401481133326,Unknown,Unknown,77864402,24062,Leuven,60,
3429,77864398,4.686162036766057,50.86393446854306,Unknown,Unknown,77864398,24062,Leuven,60,
3430,86614479,4.687684434160277,50.86471865594178,Kasteelpark Arenberg,Unknown,86614479,24062,Leuven,60,
3431,"[96452992, 96452993]",4.688102926808192,50.864528176932886,Unknown,Unknown,"[96452992, 96452993]",24062,Leuven,60,
3432,760181134,4.6891462,50.86519375,Unknown,Unknown,760181134,24062,Leuven,60,
3433,1280024239,4.6994496,50.86853899999999,Naamsevest,Unknown,1280024239,24062,Leuven,60,
3434,"[120086001, 608715575]",4.699578798669893,50.86820956864372,Erasme Ruelensvest,Unknown,"[120086001, 608715575]",24062,Leuven,60,
3435,"[133614914, 133614915, 133614909]",4.665530737256239,50.859324213231474,Unknown,Unknown,"[133614914, 133614915, 133614909]",24062,Leuven,60,
3436,98798977,4.680751949999999,50.8604386,Unknown,Unknown,98798977,24062,Leuven,60,
3437,71834711,4.680925738018112,50.85989465097121,Unknown,Unknown,71834711,24062,Leuven,60,
3438,"[320989025, 3358666]",4.682722600101726,50.860631364578346,Celestijnenlaan,Unknown,"[320989025, 3358666]",24062,Leuven,60,
3439,1482169319,4.681477300455926,50.85949505102212,Unknown,Unknown,1482169319,24062,Leuven,60,
3440,93479397,4.695482672311078,50.83932547936178,Unknown,Unknown,93479397,24062,Leuven,60,
3441,268835815,4.6938499,50.84245985,Unknown,Unknown,268835815,24062,Leuven,60,
3442,72528155,4.691716571080606,50.86578772663104,Unknown,Unknown,72528155,24062,Leuven,60,
3443,628222470,4.690621482914653,50.86442965085607,Unknown,Unknown,628222470,24062,Leuven,60,
3444,"[1076087336, 257910301]",4.692793719690247,50.86558628747605,Unknown,Unknown,"[1076087336, 257910301]",24062,Leuven,60,
3445,108157015,4.68700905480891,50.86429984690847,Unknown,Unknown,108157015,24062,Leuven,60,
3446,117340200,4.6702632780937,50.85887668727496,Unknown,Unknown,117340200,24062,Leuven,60,
3447,373017593,4.6701922487160745,50.86023209541183,Unknown,Unknown,373017593,24062,Leuven,60,
3448,72903733,4.684058183278288,50.86213359833974,Kasteelpark Arenberg,Unknown,72903733,24062,Leuven,60,
3449,72903737,4.683591796646853,50.86272590578734,Kasteelpark Arenberg,Unknown,72903737,24062,Leuven,60,
3450,43858755,4.685698805647193,50.8617837897956,Unknown,Unknown,43858755,24062,Leuven,60,
3451,72903736,4.685406116153852,50.86193073354573,Kasteelpark Arenberg,Unknown,72903736,24062,Leuven,60,
3452,"[73579619, 92419475]",4.681174590768443,50.86171767343759,Celestijnenlaan,Unknown,"[73579619, 92419475]",24062,Leuven,60,
3453,89792985,4.680438022874926,50.86108521180375,Unknown,Unknown,89792985,24062,Leuven,60,
3454,74284697,4.7398939,50.90686504999999,Unknown,Unknown,74284697,24062,Leuven,60,
3455,188277178,4.7390199,50.90673455,Unknown,Unknown,188277178,24062,Leuven,60,
3456,380559332,4.7399374174996725,50.90718359712104,Verbrandenbos,Unknown,380559332,24062,Leuven,60,
3457,179540263,4.742642903288445,50.90720255259591,Verbrandenbos,Unknown,179540263,24062,Leuven,60,
3458,"[849572216, 188277170, 74284700]",4.741764095447933,50.90617994203082,Hertendries,Unknown,"[849572216, 188277170, 74284700]",24062,Leuven,60,
3459,293915006,4.74219372787143,50.90588643290957,Begijnenberg,Unknown,293915006,24062,Leuven,60,
3460,380559330,4.743516844263545,50.90756914899435,Smokkelweg,Unknown,380559330,24062,Leuven,60,
3461,74284709,4.743719655208629,50.90727816243274,Musbergpad,Unknown,74284709,24062,Leuven,60,
3462,179540267,4.743127741956834,50.90685294405808,Begijnenberg,Unknown,179540267,24062,Leuven,60,
3463,"[74284736, 74284733]",4.739002671820494,50.9060833328246,"['Koestaart', 'Sukkelpad']",Unknown,"[74284736, 74284733]",24062,Leuven,60,
3464,95926674,4.714091545500619,50.86714352953036,Unknown,Unknown,95926674,24062,Leuven,60,
3465,1408757694,4.699768049999999,50.8408593,Unknown,Unknown,1408757694,24062,Leuven,60,
3466,364819996,4.6966317,50.8433258,Naamsesteenweg,Unknown,364819996,24062,Leuven,60,
3467,"[364819987, 364819996]",4.696270124594584,50.84460299966546,Naamsesteenweg,Unknown,"[364819987, 364819996]",24062,Leuven,60,
3468,75738649,4.66704376680439,50.82605485217772,Unknown,Unknown,75738649,24062,Leuven,60,
3469,71754927,4.714924399999999,50.8823396,Unknown,Unknown,71754927,24062,Leuven,60,
3470,79264897,4.7149647,50.8822507,Unknown,Unknown,79264897,24062,Leuven,60,
3471,79264899,4.7150845,50.8819864,Unknown,Unknown,79264899,24062,Leuven,60,
3472,"[459446600, 78815533, 459446598]",4.715153575986969,50.88183398911632,Martelarenplein,Unknown,"[459446600, 78815533, 459446598]",24062,Leuven,60,
3473,377918635,4.71504455,50.88207455,Unknown,Unknown,377918635,24062,Leuven,60,
3474,23691157,4.7141922,50.8823863,Diestsepoort,Unknown,23691157,24062,Leuven,60,
3475,80371128,4.7141308,50.882361,Tiensevest,Unknown,80371128,24062,Leuven,60,
3476,"[79264891, 377918638]",4.71453440371478,50.882427622963824,Unknown,Unknown,"[79264891, 377918638]",24062,Leuven,60,
3477,78568409,4.71421775,50.882293950000005,Tiensevest,Unknown,78568409,24062,Leuven,60,
3478,"[377918658, 79596974, 79596980, 79596982, 79596987]",4.714564535045735,50.882327724979575,Unknown,Unknown,"[377918658, 79596974, 79596980, 79596982, 79596987]",24062,Leuven,60,
3479,"[27656282, 447959154, 793560511]",4.648472009488004,50.8753411327526,"['Bremstraat', 'Buurtweg 37']",Unknown,"[27656282, 447959154, 793560511]",24062,Leuven,60,
3480,"[27656281, 27656282, 793560510]",4.6502331227740425,50.87221398302176,"['Bremstraat', 'Buurtweg 37']",Unknown,"[27656281, 27656282, 793560510]",24062,Leuven,60,
3481,564433286,4.650709202477483,50.8747060460412,Unknown,Unknown,564433286,24062,Leuven,60,
3482,77767964,4.6935823,50.87350415,Unknown,Unknown,77767964,24062,Leuven,60,
3483,48392358,4.70836670280765,50.87339363484889,Brabançonnestraat,Unknown,48392358,24062,Leuven,60,
3484,96452994,4.686628237861123,50.864001780901006,Unknown,Unknown,96452994,24062,Leuven,60,
3485,510790348,4.70597655,50.8869444,Havenkant,Unknown,510790348,24062,Leuven,60,
3486,124190277,4.7060237950249215,50.88691768878086,Schipvaartstraat,Unknown,124190277,24062,Leuven,60,
3487,"[510790349, 1512736655]",4.706266737713664,50.887058253102246,Havenkant,Unknown,"[510790349, 1512736655]",24062,Leuven,60,
3488,"[314629158, 1378675223]",4.706317303028516,50.8869953752172,Unknown,Unknown,"[314629158, 1378675223]",24062,Leuven,60,
3489,284251318,4.712380211558958,50.85970949765344,Milseweg,Unknown,284251318,24062,Leuven,60,
3490,"[723240768, 723240769, 8127972]",4.6979547149833145,50.87061936705579,Schapenstraat,Unknown,"[723240768, 723240769, 8127972]",24062,Leuven,60,
3491,"[723240770, 3848767]",4.698138893332144,50.8708855500584,Sint-Beggaberg,Unknown,"[723240770, 3848767]",24062,Leuven,60,
3492,8129635,4.698145963720169,50.87098885536288,Sint-Beggaberg,Unknown,8129635,24062,Leuven,60,
3493,891927558,4.702104419644218,50.87180721892835,Unknown,Unknown,891927558,24062,Leuven,60,
3494,78685969,4.7543274312677655,50.87425670202655,Trolieberg,Unknown,78685969,24062,Leuven,60,
3495,"[69162796, 69162804]",4.734559032340067,50.87724058387672,"['Don Boscolaan', 'Jozef Deveusterlaan']",Unknown,"[69162796, 69162804]",24062,Leuven,60,
3496,15093230,4.69369115,50.856963050000005,Berkenhoflaan,Unknown,15093230,24062,Leuven,60,
3497,15093232,4.692985681930246,50.85778533388343,Pater Perquylaan,Unknown,15093232,24062,Leuven,60,
3498,3701257,4.69229935,50.85920605,Middelweg,Unknown,3701257,24062,Leuven,60,
3499,22999846,4.691193664065629,50.85969654001771,Wijngaardlaan,Unknown,22999846,24062,Leuven,60,
3500,15093236,4.69285528401642,50.85700231122357,Pieter De Somerlaan,Unknown,15093236,24062,Leuven,60,
3501,14040468,4.690728998565396,50.85884339111637,Eburonenlaan,Unknown,14040468,24062,Leuven,60,
3502,70925210,4.689081754966449,50.85959769293567,Waversebaan,Unknown,70925210,24062,Leuven,60,
3503,"[563351921, 563351922, 23000039]",4.694430896709287,50.861051123645446,Nachtegalenstraat,Unknown,"[563351921, 563351922, 23000039]",24062,Leuven,60,
3504,48952572,4.693900919447423,50.861831831554994,Hertogstraat,Unknown,48952572,24062,Leuven,60,
3505,22999845,4.693721711253999,50.85825843475506,Willem Vanden Abeelelaan,Unknown,22999845,24062,Leuven,60,
3506,22999847,4.692600254493795,50.85881979650035,Zwaluwenlaan,Unknown,22999847,24062,Leuven,60,
3507,3701213,4.69514409236251,50.8577473398501,Willem Vanden Abeelelaan,Unknown,3701213,24062,Leuven,60,
3508,15093256,4.69440905,50.86026485,Mezenlaan,Unknown,15093256,24062,Leuven,60,
3509,22999516,4.693187435889485,50.85992670810898,Nachtegalenstraat,Unknown,22999516,24062,Leuven,60,
3510,1431560129,4.6920465,50.85619125,Unknown,Unknown,1431560129,24062,Leuven,60,
3511,941557139,4.694949501274797,50.86748739016387,Unknown,Unknown,941557139,24062,Leuven,60,
3512,79175435,4.7142165,50.88200559999999,Tiensevest,Unknown,79175435,24062,Leuven,60,
3513,79264888,4.7150046,50.8821627,Unknown,Unknown,79264888,24062,Leuven,60,
3514,79211473,4.7143479,50.8818589,Tiensevest,Unknown,79211473,24062,Leuven,60,
3515,79211472,4.714266800000001,50.8819512,Tiensevest,Unknown,79211472,24062,Leuven,60,
3516,1313454414,4.71430135,50.88444365,Unknown,Unknown,1313454414,24062,Leuven,60,
3517,"[584356742, 584356745, 584356749, 61556877, 584356751, 451873773, 451873774, 663770966, 198559166]",4.714294446230896,50.88350714702093,Diestsepoort,Unknown,"[584356742, 584356745, 584356749, 61556877, 584356751, 451873773, 451873774, 663770966, 198559166]",24062,Leuven,60,
3518,"[1313454418, 1313454414]",4.714123172893604,50.8844850303858,Unknown,Unknown,"[1313454418, 1313454414]",24062,Leuven,60,
3519,"[533642162, 79213662]",4.7150030994566245,50.881793749783895,Unknown,Unknown,"[533642162, 79213662]",24062,Leuven,60,
3520,325489446,4.715115107684808,50.88171312617244,Martelarenplein,Unknown,325489446,24062,Leuven,60,
3521,19793394,4.714196674853785,50.88210946689078,Tiensevest,Unknown,19793394,24062,Leuven,60,
3522,80458208,4.714143717514336,50.88206734661792,Tiensevest,Unknown,80458208,24062,Leuven,60,
3523,949439844,4.71489315,50.88240345,Unknown,Unknown,949439844,24062,Leuven,60,
3524,79269911,4.715631546262218,50.87966482541035,Unknown,Unknown,79269911,24062,Leuven,60,
3525,894418143,4.71695115,50.87534185,Unknown,Unknown,894418143,24062,Leuven,60,
3526,686098029,4.716723368797674,50.8750028662758,Hertog Jan I-straat,Unknown,686098029,24062,Leuven,60,
3527,92514143,4.731300436043333,50.85065149376524,Unknown,Unknown,92514143,24062,Leuven,60,
3528,653480979,4.727899322386273,50.85338680380197,Unknown,Unknown,653480979,24062,Leuven,60,
3529,79801751,4.726204311329402,50.8536255955817,Unknown,Unknown,79801751,24062,Leuven,60,
3530,"[231212169, 1085376894, 1085376895]",4.725277268311419,50.853724475910965,Unknown,Unknown,"[231212169, 1085376894, 1085376895]",24062,Leuven,60,
3531,22966620,4.725210102134628,50.851257921922446,Unknown,Unknown,22966620,24062,Leuven,60,
3532,231212171,4.7243292,50.85115695,Unknown,Unknown,231212171,24062,Leuven,60,
3533,79801752,4.723463760959757,50.85106996284231,Unknown,Unknown,79801752,24062,Leuven,60,
3534,231212153,4.724341966469732,50.85271566126329,Unknown,Unknown,231212153,24062,Leuven,60,
3535,1212183797,4.71422265,50.8505914,Unknown,Unknown,1212183797,24062,Leuven,60,
3536,79801753,4.712408365543089,50.8515550930334,Unknown,Unknown,79801753,24062,Leuven,60,
3537,114869078,4.71450615,50.85048545,Unknown,Unknown,114869078,24062,Leuven,60,
3538,1463510919,4.714557497099685,50.85039773990652,Unknown,Unknown,1463510919,24062,Leuven,60,
3539,1301076050,4.7190852,50.85042955,Unknown,Unknown,1301076050,24062,Leuven,60,
3540,584586887,4.71932715,50.85067015,Unknown,Unknown,584586887,24062,Leuven,60,
3541,127361136,4.721496046807903,50.850943084118,Unknown,Unknown,127361136,24062,Leuven,60,
3542,79861090,4.7593073,50.87989034999999,Unknown,Unknown,79861090,24062,Leuven,60,
3543,79861213,4.7607093,50.8835837,Unknown,Unknown,79861213,24062,Leuven,60,
3544,79861165,4.761126067742631,50.88344115327703,Unknown,Unknown,79861165,24062,Leuven,60,
3545,170642836,4.760253554985333,50.88371987779504,Unknown,Unknown,170642836,24062,Leuven,60,
3546,79861229,4.76136465,50.8830133,Unknown,Unknown,79861229,24062,Leuven,60,
3547,170642840,4.76206775,50.8827496,Unknown,Unknown,170642840,24062,Leuven,60,
3548,170642832,4.7615611,50.8826842,Unknown,Unknown,170642832,24062,Leuven,60,
3549,170642839,4.76109225,50.8838536,Unknown,Unknown,170642839,24062,Leuven,60,
3550,848873750,4.760436407569003,50.883986824071926,Unknown,Unknown,848873750,24062,Leuven,60,
3551,1457987479,4.762491703298411,50.88348055606454,Unknown,Unknown,1457987479,24062,Leuven,60,
3552,"[76845671, 150497127]",4.7640164167563,50.88419874360528,Heidebloempad,Unknown,"[76845671, 150497127]",24062,Leuven,60,
3553,1446571680,4.7615794000000005,50.882326000000006,Unknown,Unknown,1446571680,24062,Leuven,60,
3554,637171998,4.762142055293161,50.88417017981456,Unknown,Unknown,637171998,24062,Leuven,60,
3555,630213450,4.76194735,50.883687550000005,Unknown,Unknown,630213450,24062,Leuven,60,
3556,371242778,4.711997100223458,50.87636144970751,Burgemeestersstraat,Unknown,371242778,24062,Leuven,60,
3557,16767290,4.708909096456782,50.87606848940116,Maria-Theresiastraat,Unknown,16767290,24062,Leuven,60,
3558,"[16775050, 670002670]",4.708399656320906,50.876995903545904,Blijde-Inkomststraat,Unknown,"[16775050, 670002670]",24062,Leuven,60,
3559,"[71745449, 898173883, 898173876]",4.7106144096056255,50.87529360216736,Burgemeestersstraat,Unknown,"[71745449, 898173883, 898173876]",24062,Leuven,60,
3560,"[670002673, 582454666, 898173878]",4.710201400633953,50.87602378475495,Blijde-Inkomststraat,Unknown,"[670002673, 582454666, 898173878]",24062,Leuven,60,
3561,589006899,4.7141015,50.8739106,Blijde-Inkomststraat,Unknown,589006899,24062,Leuven,60,
3562,3876897,4.714046262648616,50.87374175785393,Tiensepoort,Unknown,3876897,24062,Leuven,60,
3563,80143054,4.675568,50.8634081,Unknown,Unknown,80143054,24062,Leuven,60,
3564,1394240753,4.676425621790149,50.86246660786468,Unknown,Unknown,1394240753,24062,Leuven,60,
3565,1395051954,4.67554495,50.86328445,Unknown,Unknown,1395051954,24062,Leuven,60,
3566,3991620,4.70676765,50.87788435,Unknown,Unknown,3991620,24062,Leuven,60,
3567,"[3991619, 198882510]",4.706139882974257,50.87821090152419,Monseigneur Ladeuzeplein,Unknown,"[3991619, 198882510]",24062,Leuven,60,
3568,3991661,4.70780164785957,50.87863535509948,Koning Leopold I-straat,Unknown,3991661,24062,Leuven,60,
3569,80221430,4.714955845668029,50.88159072761909,Unknown,Unknown,80221430,24062,Leuven,60,
3570,80221429,4.71449715,50.8815182,Unknown,Unknown,80221429,24062,Leuven,60,
3571,"[80220984, 950066675]",4.713862739303704,50.882477052369374,Unknown,Unknown,"[80220984, 950066675]",24062,Leuven,60,
3572,"[80220944, 694257156]",4.714745348502562,50.880647918022696,Unknown,Unknown,"[80220944, 694257156]",24062,Leuven,60,
3573,"[80284440, 80221435]",4.714208751279659,50.88109901058571,Unknown,Unknown,"[80284440, 80221435]",24062,Leuven,60,
3574,"[12712557, 8590231]",4.715548287647204,50.87881241301757,Tiensevest,Unknown,"[12712557, 8590231]",24062,Leuven,60,
3575,"[419034242, 9923874]",4.719415093863349,50.865100813893314,Unknown,Unknown,"[419034242, 9923874]",24062,Leuven,60,
3576,80341410,4.72843265,50.870417,Tiensesteenweg,Unknown,80341410,24062,Leuven,60,
3577,1432544590,4.728164700000001,50.870482,Tiensesteenweg,Unknown,1432544590,24062,Leuven,60,
3578,80341409,4.728036455295592,50.87056984657991,Unknown,Unknown,80341409,24062,Leuven,60,
3579,"[1432415483, 80341411]",4.727832396950259,50.87059300132777,Unknown,Unknown,"[1432415483, 80341411]",24062,Leuven,60,
3580,742307328,4.726786484377244,50.870799521956975,Tiensesteenweg,Unknown,742307328,24062,Leuven,60,
3581,339533471,4.740077519743441,50.86774106459894,Tiensesteenweg,Unknown,339533471,24062,Leuven,60,
3582,"[1432544604, 188199775]",4.740165431455343,50.867735810941255,Tiensesteenweg,Unknown,"[1432544604, 188199775]",24062,Leuven,60,
3583,"[92326682, 339533471]",4.740290486246245,50.86768063077697,Tiensesteenweg,Unknown,"[92326682, 339533471]",24062,Leuven,60,
3584,3343969,4.712561910627554,50.8768087860154,Arnould Nobelstraat,Unknown,3343969,24062,Leuven,60,
3585,"[3343968, 893949565, 893949566]",4.711386189582584,50.8770737401601,Bogaardenstraat,Unknown,"[3343968, 893949565, 893949566]",24062,Leuven,60,
3586,3991663,4.709793941309387,50.87791163007616,Bogaardenstraat,Unknown,3991663,24062,Leuven,60,
3587,1424372825,4.71566015,50.8778755,Unknown,Unknown,1424372825,24062,Leuven,60,
3588,"[25851248, 1436679380]",4.715731454068545,50.87781331538141,Justus Lipsiusstraat,Unknown,"[25851248, 1436679380]",24062,Leuven,60,
3589,3991679,4.709576930377814,50.87878959662249,Ravenstraat,Unknown,3991679,24062,Leuven,60,
3590,3991664,4.707422089411491,50.87916037889099,Bogaardenstraat,Unknown,3991664,24062,Leuven,60,
3591,"[997445588, 71176470]",4.708647808458091,50.854141290886034,Unknown,Unknown,"[997445588, 71176470]",24062,Leuven,60,
3592,"[80374932, 3999767]",4.668722630995191,50.86201302842437,Unknown,Unknown,"[80374932, 3999767]",24062,Leuven,60,
3593,690117534,4.669616548096442,50.86231162449354,Unknown,Unknown,690117534,24062,Leuven,60,
3594,150384529,4.672822839535398,50.86469420725429,Unknown,Unknown,150384529,24062,Leuven,60,
3595,"[1468280537, 1468280535]",4.670759107702838,50.86268948387181,Unknown,Unknown,"[1468280537, 1468280535]",24062,Leuven,60,
3596,1468280534,4.6701501602027,50.86408315346591,Unknown,Unknown,1468280534,24062,Leuven,60,
3597,240410479,4.76544265,50.8892935,Diestsesteenweg,Unknown,240410479,24062,Leuven,60,
3598,901791675,4.673210470353427,50.86267957979709,Unknown,Unknown,901791675,24062,Leuven,60,
3599,1433349731,4.72217665,50.9261975,Unknown,Unknown,1433349731,24062,Leuven,60,
3600,"[1299539568, 1299539569, 38778108]",4.72146228475788,50.926237608970006,Van Calsterenstraat,Unknown,"[1299539568, 1299539569, 38778108]",24062,Leuven,60,
3601,"[1433349730, 1433349735]",4.721997168669727,50.92586096675468,Unknown,Unknown,"[1433349730, 1433349735]",24062,Leuven,60,
3602,81145448,4.7478008629972805,50.90282009136639,Unknown,Unknown,81145448,24062,Leuven,60,
3603,776710380,4.7508742,50.90253345,Unknown,Unknown,776710380,24062,Leuven,60,
3604,81145446,4.75024745522225,50.90261235732161,Martellekensweg,Unknown,81145446,24062,Leuven,60,
3605,"[180171107, 81145446]",4.7501496243476975,50.90097029431037,Martellekensweg,Unknown,"[180171107, 81145446]",24062,Leuven,60,
3606,305434680,4.7031283233197385,50.880116572803786,Vaartstraat,Unknown,305434680,24062,Leuven,60,
3607,"[291791064, 291233253, 221538224]",4.692892713736437,50.88369476367561,Unknown,Unknown,"[291791064, 291233253, 221538224]",24062,Leuven,60,
3608,"[567873922, 567873924, 567873918, 567873927]",4.703079648982853,50.874959955570695,Vlamingenstraat,Unknown,"[567873922, 567873924, 567873918, 567873927]",24062,Leuven,60,
3609,891276860,4.707745801365793,50.873861309591305,Unknown,Unknown,891276860,24062,Leuven,60,
3610,3990535,4.704217611417496,50.8743277923333,Edward Van Evenstraat,Unknown,3990535,24062,Leuven,60,
3611,3991554,4.7052098408178304,50.873977755728966,Frederik Lintsstraat,Unknown,3991554,24062,Leuven,60,
3612,44949316,4.70268325,50.8744585,Monnikenstraat,Unknown,44949316,24062,Leuven,60,
3613,83065674,4.6747872,50.87696429999999,Unknown,Unknown,83065674,24062,Leuven,60,
3614,83524492,4.730441220720715,50.9014782709702,Kesselveld,Unknown,83524492,24062,Leuven,60,
3615,83524494,4.730897347371564,50.90078423358761,Kesselveld,Unknown,83524494,24062,Leuven,60,
3616,83524606,4.72949840726541,50.90225947993181,Op de Vliet,Unknown,83524606,24062,Leuven,60,
3617,418370125,4.72388624602762,50.90528723702211,Unknown,Unknown,418370125,24062,Leuven,60,
3618,256637760,4.686111,50.8679388,Unknown,Unknown,256637760,24062,Leuven,60,
3619,814922752,4.68565085,50.8678953,Unknown,Unknown,814922752,24062,Leuven,60,
3620,83917788,4.6842167,50.86553005,Unknown,Unknown,83917788,24062,Leuven,60,
3621,1383563675,4.685010645810546,50.86601807935629,Unknown,Unknown,1383563675,24062,Leuven,60,
3622,4014048,4.674898649999999,50.8664379,Steengroevenlaan,Unknown,4014048,24062,Leuven,60,
3623,1159503594,4.6748701,50.8664226,Unknown,Unknown,1159503594,24062,Leuven,60,
3624,1255976785,4.675050102759284,50.866402954997085,Steengroevenlaan,Unknown,1255976785,24062,Leuven,60,
3625,"[1482173859, 8131844, 8131845]",4.68928177381433,50.86739932984747,Unknown,Unknown,"[1482173859, 8131844, 8131845]",24062,Leuven,60,
3626,844467570,4.690048682666521,50.86735683453517,Unknown,Unknown,844467570,24062,Leuven,60,
3627,"[120201106, 95890229]",4.698605132545381,50.8688605872139,Unknown,Unknown,"[120201106, 95890229]",24062,Leuven,60,
3628,"[120201106, 1434554543]",4.69878300821055,50.86881117960211,Unknown,Unknown,"[120201106, 1434554543]",24062,Leuven,60,
3629,120201114,4.6976609,50.8690821,Unknown,Unknown,120201114,24062,Leuven,60,
3630,368282243,4.697669749999999,50.869053750000006,Schapenstraat,Unknown,368282243,24062,Leuven,60,
3631,616174243,4.699192545042536,50.86869591146356,Unknown,Unknown,616174243,24062,Leuven,60,
3632,"[112471125, 110296622]",4.688034776222478,50.835332469116345,Unknown,Unknown,"[112471125, 110296622]",24062,Leuven,60,
3633,86109939,4.6849089500000005,50.8804973,Unknown,Unknown,86109939,24062,Leuven,60,
3634,"[1085368361, 86109939]",4.685176285619892,50.880318595402365,Unknown,Unknown,"[1085368361, 86109939]",24062,Leuven,60,
3635,205405883,4.684838694747022,50.88033673551832,Unknown,Unknown,205405883,24062,Leuven,60,
3636,"[984369393, 3752556]",4.684152272593077,50.87906582541928,Groefplein,Unknown,"[984369393, 3752556]",24062,Leuven,60,
3637,984369395,4.683377671771806,50.87962260527083,Groefplein,Unknown,984369395,24062,Leuven,60,
3638,205405884,4.683591438847652,50.88069193444157,Unknown,Unknown,205405884,24062,Leuven,60,
3639,86109960,4.68310565,50.8807092,Unknown,Unknown,86109960,24062,Leuven,60,
3640,3869826,4.69157515,50.87979470000001,Unknown,Unknown,3869826,24062,Leuven,60,
3641,1428386599,4.6834203500000005,50.87677455,Unknown,Unknown,1428386599,24062,Leuven,60,
3642,86126154,4.6909791,50.87970315,Unknown,Unknown,86126154,24062,Leuven,60,
3643,86126169,4.69045310895404,50.88008734032791,Unknown,Unknown,86126169,24062,Leuven,60,
3644,86126147,4.69092335,50.8795701,Unknown,Unknown,86126147,24062,Leuven,60,
3645,86126174,4.69103535,50.879837300000005,Unknown,Unknown,86126174,24062,Leuven,60,
3646,344505059,4.726130012321254,50.87102363228754,Unknown,Unknown,344505059,24062,Leuven,60,
3647,"[344505060, 86203341]",4.7263457791985015,50.87104488235977,Unknown,Unknown,"[344505060, 86203341]",24062,Leuven,60,
3648,"[187423045, 344505062]",4.726380288353473,50.87110015040954,Unknown,Unknown,"[187423045, 344505062]",24062,Leuven,60,
3649,86203341,4.7265394,50.8709849,Unknown,Unknown,86203341,24062,Leuven,60,
3650,86203339,4.727549,50.8715881,Unknown,Unknown,86203339,24062,Leuven,60,
3651,956529611,4.7273934,50.871402,Unknown,Unknown,956529611,24062,Leuven,60,
3652,"[86203339, 86203358]",4.727504034542109,50.871319843832914,Unknown,Unknown,"[86203339, 86203358]",24062,Leuven,60,
3653,86203340,4.728690521255571,50.87158892132486,Unknown,Unknown,86203340,24062,Leuven,60,
3654,86203358,4.72713605,50.8712608,Unknown,Unknown,86203358,24062,Leuven,60,
3655,956529612,4.7270385,50.8712991,Unknown,Unknown,956529612,24062,Leuven,60,
3656,"[86203346, 86203358]",4.726851773245888,50.87110908905585,Unknown,Unknown,"[86203346, 86203358]",24062,Leuven,60,
3657,"[86203340, 86203343]",4.729399486949051,50.87120035387814,Unknown,Unknown,"[86203340, 86203343]",24062,Leuven,60,
3658,419978207,4.729439160317818,50.870594958953625,Grensstraat,Unknown,419978207,24062,Leuven,60,
3659,"[86203360, 742307328]",4.72627060339141,50.87091946484721,Tiensesteenweg,Unknown,"[86203360, 742307328]",24062,Leuven,60,
3660,86203364,4.728796508631531,50.87130081923856,Unknown,Unknown,86203364,24062,Leuven,60,
3661,249986636,4.650816641048459,50.85963134699274,Unknown,Unknown,249986636,24062,Leuven,60,
3662,1441722849,4.651006365989137,50.85955866867079,Toverberg,Unknown,1441722849,24062,Leuven,60,
3663,789946749,4.652941663333885,50.85974755448603,Unknown,Unknown,789946749,24062,Leuven,60,
3664,789946750,4.651500859044222,50.85965446527032,Unknown,Unknown,789946750,24062,Leuven,60,
3665,86249599,4.68911145,50.87456325,Unknown,Unknown,86249599,24062,Leuven,60,
3666,86249608,4.6891290761862425,50.87465296948662,Unknown,Unknown,86249608,24062,Leuven,60,
3667,86249610,4.689357184142553,50.87402255234617,Slachthuislaan,Unknown,86249610,24062,Leuven,60,
3668,86249598,4.685416248133452,50.876943498262825,Voorzorgstraat,Unknown,86249598,24062,Leuven,60,
3669,"[813979468, 123929644]",4.68248685128162,50.87668681859963,Tervuursesteenweg,Unknown,"[813979468, 123929644]",24062,Leuven,60,
3670,"[1290329256, 1290329255]",4.683232158678437,50.87682448047579,Unknown,Unknown,"[1290329256, 1290329255]",24062,Leuven,60,
3671,1488796390,4.6890503500000005,50.87477305,Unknown,Unknown,1488796390,24062,Leuven,60,
3672,17336342,4.6909375,50.87410875,Slachthuislaan,Unknown,17336342,24062,Leuven,60,
3673,"[254742536, 1458087488]",4.6882975012337145,50.87336640720311,Unknown,Unknown,"[254742536, 1458087488]",24062,Leuven,60,
3674,192559610,4.67107865,50.8735646,Keibergstraat,Unknown,192559610,24062,Leuven,60,
3675,1498068913,4.6710173,50.87360545,Unknown,Unknown,1498068913,24062,Leuven,60,
3676,"[8130000, 608916196, 608916197]",4.671261149796349,50.873730460209295,Sint-Jansbergsesteenweg,Unknown,"[8130000, 608916196, 608916197]",24062,Leuven,60,
3677,120320201,4.671636299999999,50.87397,Celestijnenlaan,Unknown,120320201,24062,Leuven,60,
3678,8129999,4.671624256321823,50.87409081912614,Sint-Jansbergsesteenweg,Unknown,8129999,24062,Leuven,60,
3679,608916197,4.671539161866956,50.87393212373147,Sint-Jansbergsesteenweg,Unknown,608916197,24062,Leuven,60,
3680,87240813,4.7392032,50.8845429,Boerenkrijglaan,Unknown,87240813,24062,Leuven,60,
3681,87240815,4.7379333,50.8829901,Guldensporenlaan,Unknown,87240815,24062,Leuven,60,
3682,87240819,4.73865865,50.88330175,Guldensporenlaan,Unknown,87240819,24062,Leuven,60,
3683,87240824,4.738887,50.8832277,Guldensporenlaan,Unknown,87240824,24062,Leuven,60,
3684,"[283806792, 1053353180, 87240814]",4.739230751253344,50.88518625532127,Roggepad,Unknown,"[283806792, 1053353180, 87240814]",24062,Leuven,60,
3685,87240823,4.738848775545888,50.88341905942994,Guldensporenlaan,Unknown,87240823,24062,Leuven,60,
3686,"[1089609634, 1089609642, 1089609635]",4.737930755480135,50.8855332208877,Diestsesteenweg,Unknown,"[1089609634, 1089609642, 1089609635]",24062,Leuven,60,
3687,329839349,4.737115092412764,50.88341158036707,Kleuterpad,Unknown,329839349,24062,Leuven,60,
3688,87304308,4.724902950000001,50.881222300000005,Krakauplein,Unknown,87304308,24062,Leuven,60,
3689,126304964,4.72476785,50.88103185,Krakaulaan,Unknown,126304964,24062,Leuven,60,
3690,"[151302596, 126304964]",4.724028718408063,50.88134560249773,Krakaulaan,Unknown,"[151302596, 126304964]",24062,Leuven,60,
3691,87304305,4.7258508,50.8815545,Tarweschoof,Unknown,87304305,24062,Leuven,60,
3692,104200652,4.726496904507124,50.88081640229256,Tarweschoof,Unknown,104200652,24062,Leuven,60,
3693,281813660,4.726965783843864,50.88128714515919,Unknown,Unknown,281813660,24062,Leuven,60,
3694,281813662,4.72699408405064,50.88107927705615,Unknown,Unknown,281813662,24062,Leuven,60,
3695,281803107,4.7250437000000005,50.8814108,Unknown,Unknown,281803107,24062,Leuven,60,
3696,87304276,4.725905772705733,50.88096550741541,Krakauplein,Unknown,87304276,24062,Leuven,60,
3697,87304303,4.728840138726697,50.88562847645011,Leopold Beosierlaan,Unknown,87304303,24062,Leuven,60,
3698,126304913,4.72542975,50.8810199,Cristianlaan,Unknown,126304913,24062,Leuven,60,
3699,116692564,4.72506245767942,50.88279913784484,Smidsestraat,Unknown,116692564,24062,Leuven,60,
3700,216229814,4.7270976000000005,50.88210215,Unknown,Unknown,216229814,24062,Leuven,60,
3701,1470942978,4.727390182236606,50.882295062405234,Unknown,Unknown,1470942978,24062,Leuven,60,
3702,"[87304269, 316395278, 316395279]",4.708596000611204,50.885336522370416,Tweewatersstraat,Unknown,"[87304269, 316395278, 316395279]",24062,Leuven,60,
3703,87348878,4.7309159,50.88362605,Unknown,Unknown,87348878,24062,Leuven,60,
3704,1268597844,4.7310073,50.88361875,Unknown,Unknown,1268597844,24062,Leuven,60,
3705,688336521,4.73387485,50.88498395,Diestsesteenweg,Unknown,688336521,24062,Leuven,60,
3706,87366812,4.734203759765013,50.88460849008537,Unknown,Unknown,87366812,24062,Leuven,60,
3707,"[485293329, 485293334, 485293335, 485293336, 940919067]",4.734713692744085,50.88505361955782,Diestsesteenweg,Unknown,"[485293329, 485293334, 485293335, 485293336, 940919067]",24062,Leuven,60,
3708,1151601489,4.73268645,50.88488355,Unknown,Unknown,1151601489,24062,Leuven,60,
3709,"[89541110, 16208398]",4.742736036414839,50.88442129831691,Heidebergstraat,Unknown,"[89541110, 16208398]",24062,Leuven,60,
3710,1443101606,4.741324898784807,50.88606483775337,Unknown,Unknown,1443101606,24062,Leuven,60,
3711,87369964,4.740355041859117,50.88745606862104,Unknown,Unknown,87369964,24062,Leuven,60,
3712,87369967,4.741066110197959,50.88780049504031,Unknown,Unknown,87369967,24062,Leuven,60,
3713,759158333,4.741457150897406,50.88750499280453,Unknown,Unknown,759158333,24062,Leuven,60,
3714,333415297,4.7330212,50.8855057,Sparrenweg,Unknown,333415297,24062,Leuven,60,
3715,87369979,4.732224035091201,50.88565292849665,Unknown,Unknown,87369979,24062,Leuven,60,
3716,87369970,4.7331264,50.88492455,Sparrenweg,Unknown,87369970,24062,Leuven,60,
3717,544317216,4.732481653554395,50.886312808892704,Unknown,Unknown,544317216,24062,Leuven,60,
3718,87384586,4.75226135,50.88791665,Unknown,Unknown,87384586,24062,Leuven,60,
3719,87384584,4.752792955640154,50.88771526655223,Unknown,Unknown,87384584,24062,Leuven,60,
3720,87384575,4.763456841697568,50.889112276304,Unknown,Unknown,87384575,24062,Leuven,60,
3721,"[890217976, 292056889, 292056887]",4.693039570294861,50.881800437704776,Vriesenhof,Unknown,"[890217976, 292056889, 292056887]",24062,Leuven,60,
3722,1467622383,4.677524099999999,50.93600775,Unknown,Unknown,1467622383,24062,Leuven,60,
3723,"[30788469, 35943573]",4.677156355997552,50.93641750230383,"['Spoorstraat', 'Hambosstraat']",Unknown,"[30788469, 35943573]",24062,Leuven,60,
3724,"[339923929, 87786395, 339923931]",4.6702424173411385,50.857380364071375,Unknown,Unknown,"[339923929, 87786395, 339923931]",24062,Leuven,60,
3725,"[339923930, 87786386, 87786395]",4.670394606909659,50.85754093396017,Unknown,Unknown,"[339923930, 87786386, 87786395]",24062,Leuven,60,
3726,622696747,4.670190823866657,50.85664955877012,Unknown,Unknown,622696747,24062,Leuven,60,
3727,"[87786384, 339923930, 339923928, 92419447]",4.67018217143005,50.8584718900426,Unknown,Unknown,"[87786384, 339923930, 339923928, 92419447]",24062,Leuven,60,
3728,339923931,4.67026445,50.85798405,Unknown,Unknown,339923931,24062,Leuven,60,
3729,"[339923930, 87786395, 87786386]",4.670394606909659,50.85754093396017,Unknown,Unknown,"[339923930, 87786395, 87786386]",24062,Leuven,60,
3730,"[339923928, 339923930, 87786384, 92419447]",4.670182171430051,50.85847189004261,Unknown,Unknown,"[339923928, 339923930, 87786384, 92419447]",24062,Leuven,60,
3731,95046543,4.746360336266485,50.86540491264445,Unknown,Unknown,95046543,24062,Leuven,60,
3732,88181460,4.74665929977784,50.86532063022012,Unknown,Unknown,88181460,24062,Leuven,60,
3733,95046596,4.746637180267631,50.865650053729,Unknown,Unknown,95046596,24062,Leuven,60,
3734,103559274,4.690330149999999,50.87212925,Unknown,Unknown,103559274,24062,Leuven,60,
3735,616383058,4.6902817500000005,50.87208085,Unknown,Unknown,616383058,24062,Leuven,60,
3736,88361305,4.69070155,50.871843600000005,Unknown,Unknown,88361305,24062,Leuven,60,
3737,"[85044922, 16771611]",4.690955455841444,50.87174759588367,Tervuursevest,Unknown,"[85044922, 16771611]",24062,Leuven,60,
3738,88361298,4.688727050000001,50.872684500000005,Unknown,Unknown,88361298,24062,Leuven,60,
3739,100344071,4.688510256551162,50.87262915021757,Unknown,Unknown,100344071,24062,Leuven,60,
3740,"[616383056, 616383057, 616383058]",4.690693189254638,50.87173278974418,Unknown,Unknown,"[616383056, 616383057, 616383058]",24062,Leuven,60,
3741,1414302240,4.687794310292901,50.870259364344,Unknown,Unknown,1414302240,24062,Leuven,60,
3742,366714496,4.69144625,50.87251835,Unknown,Unknown,366714496,24062,Leuven,60,
3743,88361324,4.691309411152526,50.87250343519513,Unknown,Unknown,88361324,24062,Leuven,60,
3744,513968177,4.69137427595603,50.87252256314172,Unknown,Unknown,513968177,24062,Leuven,60,
3745,88361297,4.689473086211725,50.87201249771292,Unknown,Unknown,88361297,24062,Leuven,60,
3746,88361315,4.690160441887939,50.872004963838286,Unknown,Unknown,88361315,24062,Leuven,60,
3747,"[257982046, 616383047]",4.69317935602571,50.87026890473874,Unknown,Unknown,"[257982046, 616383047]",24062,Leuven,60,
3748,88361316,4.6889114,50.8723361,Unknown,Unknown,88361316,24062,Leuven,60,
3749,95890234,4.69153017024896,50.8724538116671,Unknown,Unknown,95890234,24062,Leuven,60,
3750,366340137,4.691807851029415,50.87248646998305,Redingenstraat,Unknown,366340137,24062,Leuven,60,
3751,928798063,4.68963665,50.87222715,Unknown,Unknown,928798063,24062,Leuven,60,
3752,130894457,4.68541095,50.86748765,Unknown,Unknown,130894457,24062,Leuven,60,
3753,85598689,4.684108639422879,50.871267600962085,Groenveldstraat,Unknown,85598689,24062,Leuven,60,
3754,"[95890227, 13066183]",4.699940264214725,50.87409865275712,Naamsestraat,Unknown,"[95890227, 13066183]",24062,Leuven,60,
3755,"[88634858, 3990532]",4.700280612993713,50.874119138432725,Parkstraat,Unknown,"[88634858, 3990532]",24062,Leuven,60,
3756,"[586268889, 9713679]",4.714374455607603,50.873182115056586,Léon Schreursvest,Unknown,"[586268889, 9713679]",24062,Leuven,60,
3757,89299925,4.6623495,50.87629985,Unknown,Unknown,89299925,24062,Leuven,60,
3758,151375617,4.663304147620867,50.87586710410552,Groeneweg,Unknown,151375617,24062,Leuven,60,
3759,1421429588,4.664430580727329,50.87586468441775,Unknown,Unknown,1421429588,24062,Leuven,60,
3760,"[1396813026, 1396813027, 94926315]",4.661717982960886,50.8760355427945,Unknown,Unknown,"[1396813026, 1396813027, 94926315]",24062,Leuven,60,
3761,"[94926314, 89299925]",4.660771271027435,50.87632746111496,Unknown,Unknown,"[94926314, 89299925]",24062,Leuven,60,
3762,"[123929644, 813979468]",4.68248685128162,50.87668681859963,Tervuursesteenweg,Unknown,"[123929644, 813979468]",24062,Leuven,60,
3763,986600728,4.6813466050945465,50.87722884773376,Tweekleinewegenstraat,Unknown,986600728,24062,Leuven,60,
3764,89449051,4.715184800771975,50.87033492335032,Unknown,Unknown,89449051,24062,Leuven,60,
3765,89449061,4.7174254,50.87092749999999,Unknown,Unknown,89449061,24062,Leuven,60,
3766,"[89449050, 768487847]",4.716629043011712,50.871348172133466,Unknown,Unknown,"[89449050, 768487847]",24062,Leuven,60,
3767,90613909,4.723841837687329,50.84475113432745,Grauwmeer,Unknown,90613909,24062,Leuven,60,
3768,90613930,4.724037541474827,50.84590962098641,Industrieweg,Unknown,90613930,24062,Leuven,60,
3769,183267885,4.714828258790806,50.85469415372692,Veldlaan,Unknown,183267885,24062,Leuven,60,
3770,"[1265560104, 96847772]",4.680396287711462,50.86039611601627,Unknown,Unknown,"[1265560104, 96847772]",24062,Leuven,60,
3771,339533476,4.74776995,50.86655265,Uitbreidingslaan,Unknown,339533476,24062,Leuven,60,
3772,1422748930,4.72594425,50.86801415,Spaanse-Kroonlaan,Unknown,1422748930,24062,Leuven,60,
3773,1459237828,4.7070748,50.88845835,Unknown,Unknown,1459237828,24062,Leuven,60,
3774,90613907,4.7265166,50.8448514,Geldenaaksebaan,Unknown,90613907,24062,Leuven,60,
3775,1431707301,4.7255444,50.8464413,Unknown,Unknown,1431707301,24062,Leuven,60,
3776,1426348225,4.724319375283092,50.8448964259634,Unknown,Unknown,1426348225,24062,Leuven,60,
3777,1449597336,4.72782915,50.8529615,Unknown,Unknown,1449597336,24062,Leuven,60,
3778,"[1449597336, 90623613, 1449597335]",4.728386207935549,50.85251593470838,Unknown,Unknown,"[1449597336, 90623613, 1449597335]",24062,Leuven,60,
3779,90634062,4.727760114629051,50.85350283702747,Brabantlaan,Unknown,90634062,24062,Leuven,60,
3780,90623613,4.7279268000000005,50.85306055,Unknown,Unknown,90623613,24062,Leuven,60,
3781,90623609,4.7285352,50.85333919999999,Unknown,Unknown,90623609,24062,Leuven,60,
3782,622063626,4.7307245158993405,50.853061965371104,Unknown,Unknown,622063626,24062,Leuven,60,
3783,231212163,4.728016050000001,50.8533577,Unknown,Unknown,231212163,24062,Leuven,60,
3784,"[231212152, 1449597341]",4.727484831070153,50.85277720694212,Unknown,Unknown,"[231212152, 1449597341]",24062,Leuven,60,
3785,79501548,4.726320152082273,50.85367876220962,Technologielaan,Unknown,79501548,24062,Leuven,60,
3786,"[92514146, 653480978]",4.728110837140762,50.85320081335205,Unknown,Unknown,"[92514146, 653480978]",24062,Leuven,60,
3787,"[254801122, 22966634, 254801120]",4.727407429896801,50.85256943841672,Esperantolaan,Unknown,"[254801122, 22966634, 254801120]",24062,Leuven,60,
3788,231212167,4.7266882500000005,50.85379025,Unknown,Unknown,231212167,24062,Leuven,60,
3789,1017755722,4.727265153015183,50.85373925345562,Unknown,Unknown,1017755722,24062,Leuven,60,
3790,1431804177,4.727176745015735,50.85369640141048,Unknown,Unknown,1431804177,24062,Leuven,60,
3791,90634066,4.7275645,50.853781,Brabantlaan,Unknown,90634066,24062,Leuven,60,
3792,1431804179,4.72753575,50.853670300000005,Unknown,Unknown,1431804179,24062,Leuven,60,
3793,344507803,4.72590875,50.85384475000001,Brabantlaan,Unknown,344507803,24062,Leuven,60,
3794,90634069,4.72711775,50.85353455,Unknown,Unknown,90634069,24062,Leuven,60,
3795,90638329,4.727763717797559,50.85415385282856,Unknown,Unknown,90638329,24062,Leuven,60,
3796,90634060,4.727581643517436,50.85360212861539,Brabantlaan,Unknown,90634060,24062,Leuven,60,
3797,1017755721,4.727690988477773,50.85425455986893,Brabantlaan,Unknown,1017755721,24062,Leuven,60,
3798,344507809,4.727309899727588,50.85363543724076,Brabantlaan,Unknown,344507809,24062,Leuven,60,
3799,1017755724,4.727500963318379,50.85354162142024,Brabantlaan,Unknown,1017755724,24062,Leuven,60,
3800,104342028,4.7398396,50.86766505,Tiensesteenweg,Unknown,104342028,24062,Leuven,60,
3801,"[104342028, 1432544599]",4.73999310075178,50.86762945326277,Tiensesteenweg,Unknown,"[104342028, 1432544599]",24062,Leuven,60,
3802,"[1502659033, 427874493]",4.739629671186454,50.86767813081347,Meerdaalboslaan,Unknown,"[1502659033, 427874493]",24062,Leuven,60,
3803,"[1432544600, 104342028]",4.739721398644392,50.86769189377812,Tiensesteenweg,Unknown,"[1432544600, 104342028]",24062,Leuven,60,
3804,"[427874489, 1432544602]",4.740095593054946,50.86758614478666,Meerdaalboslaan,Unknown,"[427874489, 1432544602]",24062,Leuven,60,
3805,"[1432544603, 1432544604]",4.74009898955376,50.8676391077216,Tiensesteenweg,Unknown,"[1432544603, 1432544604]",24062,Leuven,60,
3806,1449597337,4.727708850000001,50.8510264,Unknown,Unknown,1449597337,24062,Leuven,60,
3807,"[90642459, 1449597340]",4.726957990315573,50.85175202667276,Unknown,Unknown,"[90642459, 1449597340]",24062,Leuven,60,
3808,90642464,4.727546924009724,50.852039308311184,Unknown,Unknown,90642464,24062,Leuven,60,
3809,"[1449597337, 1449597338, 1449597339, 1449597340]",4.727182831003222,50.85123596130958,Unknown,Unknown,"[1449597337, 1449597338, 1449597339, 1449597340]",24062,Leuven,60,
3810,231212170,4.726369050000001,50.85129815,Unknown,Unknown,231212170,24062,Leuven,60,
3811,1449597342,4.7268449,50.85206225000001,Unknown,Unknown,1449597342,24062,Leuven,60,
3812,"[90643325, 1449597342, 1449597343]",4.726513307950793,50.85227704252656,Unknown,Unknown,"[90643325, 1449597342, 1449597343]",24062,Leuven,60,
3813,1449597343,4.72696245,50.85218475,Unknown,Unknown,1449597343,24062,Leuven,60,
3814,"[254801120, 254801122, 22966634]",4.727407429896801,50.85256943841672,Esperantolaan,Unknown,"[254801120, 254801122, 22966634]",24062,Leuven,60,
3815,1384898678,4.72061685,50.84865215,Unknown,Unknown,1384898678,24062,Leuven,60,
3816,231212165,4.721986249155993,50.85098288986227,Unknown,Unknown,231212165,24062,Leuven,60,
3817,517525143,4.721985399463265,50.85085431748982,Unknown,Unknown,517525143,24062,Leuven,60,
3818,"[1431741434, 1431741435, 90982390]",4.722196604576771,50.85086681331693,Unknown,Unknown,"[1431741434, 1431741435, 90982390]",24062,Leuven,60,
3819,"[796601448, 8129912]",4.721151921175219,50.85027835221408,Ambachtenlaan,Unknown,"[796601448, 8129912]",24062,Leuven,60,
3820,1431809607,4.721893241829856,50.85080627433263,Unknown,Unknown,1431809607,24062,Leuven,60,
3821,1426694731,4.72224545,50.85058455,Unknown,Unknown,1426694731,24062,Leuven,60,
3822,1431741442,4.72224675,50.85055895000001,Unknown,Unknown,1431741442,24062,Leuven,60,
3823,"[79501548, 90673911]",4.727412784493261,50.853521641441255,Technologielaan,Unknown,"[79501548, 90673911]",24062,Leuven,60,
3824,1017755723,4.727354206745635,50.853566945421896,Brabantlaan,Unknown,1017755723,24062,Leuven,60,
3825,231212164,4.7283476653950265,50.85334718226836,Unknown,Unknown,231212164,24062,Leuven,60,
3826,1509231222,4.731692650410937,50.853799889039706,Unknown,Unknown,1509231222,24062,Leuven,60,
3827,79801750,4.72852625,50.850850300000005,Unknown,Unknown,79801750,24062,Leuven,60,
3828,1449597346,4.7281279000000005,50.85092339999999,Unknown,Unknown,1449597346,24062,Leuven,60,
3829,90835538,4.7281154,50.8505385,Unknown,Unknown,90835538,24062,Leuven,60,
3830,90835531,4.72734244848397,50.85052650184456,Unknown,Unknown,90835531,24062,Leuven,60,
3831,"[90835538, 90835535]",4.727390024066114,50.85035130798939,Unknown,Unknown,"[90835538, 90835535]",24062,Leuven,60,
3832,106335992,4.728507408520226,50.84994505880092,Unknown,Unknown,106335992,24062,Leuven,60,
3833,90835535,4.727291487943358,50.8507052880357,Unknown,Unknown,90835535,24062,Leuven,60,
3834,1193541816,4.73599325,50.848862,Unknown,Unknown,1193541816,24062,Leuven,60,
3835,98999561,4.713519953409007,50.84572027208868,Unknown,Unknown,98999561,24062,Leuven,60,
3836,874846056,4.715477098650593,50.84549589224056,Neringenweg,Unknown,874846056,24062,Leuven,60,
3837,"[874846056, 1212118498, 1212118499, 115395461]",4.714445328728643,50.84789838746376,Neringenweg,Unknown,"[874846056, 1212118498, 1212118499, 115395461]",24062,Leuven,60,
3838,1212118500,4.71744275,50.84560635,Unknown,Unknown,1212118500,24062,Leuven,60,
3839,69969482,4.718637963977979,50.847242891848815,Neringenweg,Unknown,69969482,24062,Leuven,60,
3840,90980084,4.722219917091405,50.85148990917236,Unknown,Unknown,90980084,24062,Leuven,60,
3841,"[201543749, 1431741430]",4.722439075652344,50.85140394664128,Unknown,Unknown,"[201543749, 1431741430]",24062,Leuven,60,
3842,90982394,4.722025428633766,50.8505093294352,Unknown,Unknown,90982394,24062,Leuven,60,
3843,231212172,4.722542375872339,50.85115758056197,Unknown,Unknown,231212172,24062,Leuven,60,
3844,"[1057646220, 232889405]",4.722316214401495,50.85119108373065,Unknown,Unknown,"[1057646220, 232889405]",24062,Leuven,60,
3845,"[1426694730, 201543749]",4.722433140996405,50.85131416970434,Unknown,Unknown,"[1426694730, 201543749]",24062,Leuven,60,
3846,90982400,4.722697533646382,50.85149897920123,Unknown,Unknown,90982400,24062,Leuven,60,
3847,915483288,4.7223654,50.85079405,Unknown,Unknown,915483288,24062,Leuven,60,
3848,"[1426694731, 90982397]",4.722266860927613,50.8506843102087,Unknown,Unknown,"[1426694731, 90982397]",24062,Leuven,60,
3849,91022689,4.6792934,50.8432173,Unknown,Unknown,91022689,24062,Leuven,60,
3850,91022679,4.6801825,50.8394921,Unknown,Unknown,91022679,24062,Leuven,60,
3851,91669437,4.708339094246672,50.868924891647616,Unknown,Unknown,91669437,24062,Leuven,60,
3852,91669439,4.709627599999999,50.8675584,Unknown,Unknown,91669439,24062,Leuven,60,
3853,130743460,4.7109941,50.8687477,Unknown,Unknown,130743460,24062,Leuven,60,
3854,1163573617,4.711118156236124,50.86863227418833,Unknown,Unknown,1163573617,24062,Leuven,60,
3855,1250814780,4.711153449999999,50.8685851,Unknown,Unknown,1250814780,24062,Leuven,60,
3856,"[199381120, 24905254, 491728135]",4.709160957483139,50.86950738316412,Geldenaaksevest,Unknown,"[199381120, 24905254, 491728135]",24062,Leuven,60,
3857,1461254839,4.709673070092682,50.86741193191814,Unknown,Unknown,1461254839,24062,Leuven,60,
3858,"[616174267, 17023221]",4.708769003454483,50.8692357816457,Unknown,Unknown,"[616174267, 17023221]",24062,Leuven,60,
3859,"[616174258, 616174267, 616174259]",4.708243258869068,50.86901679198539,Unknown,Unknown,"[616174258, 616174267, 616174259]",24062,Leuven,60,
3860,130743464,4.710736949999999,50.86876515,Unknown,Unknown,130743464,24062,Leuven,60,
3861,1281372483,4.70620325,50.86902075,Unknown,Unknown,1281372483,24062,Leuven,60,
3862,1209991918,4.687906249999999,50.8551575,Unknown,Unknown,1209991918,24062,Leuven,60,
3863,650048910,4.6884546999319205,50.854552188166686,Unknown,Unknown,650048910,24062,Leuven,60,
3864,92126291,4.73623905,50.8677626,Unknown,Unknown,92126291,24062,Leuven,60,
3865,92126294,4.7360504,50.8684112,Unknown,Unknown,92126294,24062,Leuven,60,
3866,997124870,4.7364304,50.86832695,Unknown,Unknown,997124870,24062,Leuven,60,
3867,"[997124866, 15270581]",4.736408091753487,50.86810263884998,Unknown,Unknown,"[997124866, 15270581]",24062,Leuven,60,
3868,92126299,4.735846563547106,50.86778448905605,Unknown,Unknown,92126299,24062,Leuven,60,
3869,"[1432544607, 20679293, 80284438, 80284471]",4.738260641838688,50.8658418959208,Meerdaalboslaan,Unknown,"[1432544607, 20679293, 80284438, 80284471]",24062,Leuven,60,
3870,92130711,4.736526120312558,50.86410915361623,Galgenpad,Unknown,92130711,24062,Leuven,60,
3871,80284456,4.734982004604457,50.8634081436218,Unknown,Unknown,80284456,24062,Leuven,60,
3872,92130720,4.736718624107149,50.8650418531751,Mollenpad,Unknown,92130720,24062,Leuven,60,
3873,92134167,4.738023996274979,50.86640767246519,Unknown,Unknown,92134167,24062,Leuven,60,
3874,92326659,4.7464709,50.8663141,Unknown,Unknown,92326659,24062,Leuven,60,
3875,"[92326659, 1217725147]",4.746556559272844,50.86682327290931,Unknown,Unknown,"[92326659, 1217725147]",24062,Leuven,60,
3876,92326673,4.745944521533332,50.86647128267708,Unknown,Unknown,92326673,24062,Leuven,60,
3877,"[339533474, 1021053903]",4.744653882544611,50.86664461283695,Tiensesteenweg,Unknown,"[339533474, 1021053903]",24062,Leuven,60,
3878,"[339533474, 92326659, 1021053902, 339533447]",4.745922969530779,50.86634794946006,Tiensesteenweg,Unknown,"[339533474, 92326659, 1021053902, 339533447]",24062,Leuven,60,
3879,1382248443,4.73690405,50.868478800000005,Unknown,Unknown,1382248443,24062,Leuven,60,
3880,1217715495,4.74664115,50.86629665,Unknown,Unknown,1217715495,24062,Leuven,60,
3881,1217715496,4.74714857852389,50.86654202015535,Unknown,Unknown,1217715496,24062,Leuven,60,
3882,231212150,4.72638255,50.85110115,Unknown,Unknown,231212150,24062,Leuven,60,
3883,"[92676009, 79801750]",4.727246338121586,50.85099991321825,Unknown,Unknown,"[92676009, 79801750]",24062,Leuven,60,
3884,3343973,4.705599127133863,50.87329996928077,Frederik Lintsstraat,Unknown,3343973,24062,Leuven,60,
3885,439142858,4.70301445,50.87262450000001,Parkstraat,Unknown,439142858,24062,Leuven,60,
3886,345381437,4.71309185,50.90962845,Aarschotsesteenweg,Unknown,345381437,24062,Leuven,60,
3887,1459237867,4.7130319,50.90961035,Unknown,Unknown,1459237867,24062,Leuven,60,
3888,"[351000218, 440732691]",4.713030097549065,50.909505076527296,Aarschotsesteenweg,Unknown,"[351000218, 440732691]",24062,Leuven,60,
3889,93715391,4.693479703066762,50.86168540576729,Unknown,Unknown,93715391,24062,Leuven,60,
3890,93721628,4.701733,50.88369384999999,Unknown,Unknown,93721628,24062,Leuven,60,
3891,"[1452163016, 687564557]",4.701711453742995,50.883563594948704,Unknown,Unknown,"[1452163016, 687564557]",24062,Leuven,60,
3892,687564557,4.701336250000001,50.88378815,Unknown,Unknown,687564557,24062,Leuven,60,
3893,1452163015,4.70175225,50.8838245,Unknown,Unknown,1452163015,24062,Leuven,60,
3894,1425678795,4.702172577172007,50.88391120286385,Unknown,Unknown,1425678795,24062,Leuven,60,
3895,93725580,4.6984387000000005,50.86770245,Unknown,Unknown,93725580,24062,Leuven,60,
3896,93725581,4.698505150000001,50.867721,Unknown,Unknown,93725581,24062,Leuven,60,
3897,301886956,4.69847325,50.86768905,Unknown,Unknown,301886956,24062,Leuven,60,
3898,"[3374388, 3374389]",4.698348250546939,50.86733468652973,Erasme Ruelenspark,Unknown,"[3374388, 3374389]",24062,Leuven,60,
3899,3374388,4.698063992905888,50.86759798434047,Erasme Ruelenspark,Unknown,3374388,24062,Leuven,60,
3900,1135376891,4.69099905,50.8706474,Unknown,Unknown,1135376891,24062,Leuven,60,
3901,616383052,4.691501099110779,50.87074809035877,Unknown,Unknown,616383052,24062,Leuven,60,
3902,513684704,4.692515391690114,50.87055365128836,Unknown,Unknown,513684704,24062,Leuven,60,
3903,616383051,4.691999386638714,50.87092827108603,Unknown,Unknown,616383051,24062,Leuven,60,
3904,"[910567873, 138613404]",4.690541304771688,50.87087804739336,Unknown,Unknown,"[910567873, 138613404]",24062,Leuven,60,
3905,93727789,4.695743309526054,50.86908745367166,Unknown,Unknown,93727789,24062,Leuven,60,
3906,93727787,4.6957499,50.86900385,Unknown,Unknown,93727787,24062,Leuven,60,
3907,1090600040,4.695617,50.8689014,Unknown,Unknown,1090600040,24062,Leuven,60,
3908,94247352,4.682071464308871,50.85936403324231,Unknown,Unknown,94247352,24062,Leuven,60,
3909,238627935,4.6789489500000006,50.85827485,Unknown,Unknown,238627935,24062,Leuven,60,
3910,94247349,4.681805501009051,50.85953227253475,Unknown,Unknown,94247349,24062,Leuven,60,
3911,257834200,4.68158475,50.85934725,Unknown,Unknown,257834200,24062,Leuven,60,
3912,126679457,4.6995681000000005,50.86859075,Unknown,Unknown,126679457,24062,Leuven,60,
3913,94391115,4.700108336744576,50.86846370795696,Naamsevest,Unknown,94391115,24062,Leuven,60,
3914,94391112,4.700777098734159,50.86918915345592,Constantin Meunierstraat,Unknown,94391112,24062,Leuven,60,
3915,"[94391250, 725072199]",4.70026433262576,50.86892809233572,Constantin Meunierstraat,Unknown,"[94391250, 725072199]",24062,Leuven,60,
3916,8127648,4.699760834525098,50.86866147572386,Constantin Meunierstraat,Unknown,8127648,24062,Leuven,60,
3917,95569905,4.699724670831573,50.86868351014226,Unknown,Unknown,95569905,24062,Leuven,60,
3918,"[608715533, 3343965]",4.707428961038088,50.8695463519573,Parkstraat,Unknown,"[608715533, 3343965]",24062,Leuven,60,
3919,1281372481,4.706934923175118,50.86920188965615,Unknown,Unknown,1281372481,24062,Leuven,60,
3920,94582991,4.70404305,50.85520025,Unknown,Unknown,94582991,24062,Leuven,60,
3921,94582995,4.7043346,50.85523274999999,Unknown,Unknown,94582995,24062,Leuven,60,
3922,1160134216,4.69511265,50.855667,Unknown,Unknown,1160134216,24062,Leuven,60,
3923,94582986,4.70460915,50.854962,Unknown,Unknown,94582986,24062,Leuven,60,
3924,94582989,4.704299000000001,50.855408100000005,Unknown,Unknown,94582989,24062,Leuven,60,
3925,845701135,4.7040901,50.85507495,Unknown,Unknown,845701135,24062,Leuven,60,
3926,94585043,4.69975365,50.8667613,Unknown,Unknown,94585043,24062,Leuven,60,
3927,"[301552209, 301552207]",4.699554487999266,50.8669270888705,Erasme Ruelenspark,Unknown,"[301552209, 301552207]",24062,Leuven,60,
3928,664254406,4.710512116242175,50.87490038555482,Korbeeklogang,Unknown,664254406,24062,Leuven,60,
3929,898173884,4.710819414917317,50.87474941544524,Tiensestraat,Unknown,898173884,24062,Leuven,60,
3930,129022012,4.70152398477529,50.87724146855637,Hogeschoolplein,Unknown,129022012,24062,Leuven,60,
3931,495909456,4.702890111739299,50.87748481940711,Jan Cobbaertplein,Unknown,495909456,24062,Leuven,60,
3932,94803532,4.70559,50.88458414999999,Unknown,Unknown,94803532,24062,Leuven,60,
3933,94803533,4.70591935,50.88464784999999,Unknown,Unknown,94803533,24062,Leuven,60,
3934,94803537,4.705523551455567,50.8847311019259,Unknown,Unknown,94803537,24062,Leuven,60,
3935,94805329,4.707331,50.88455735,Unknown,Unknown,94805329,24062,Leuven,60,
3936,94805298,4.70687,50.8832976,Unknown,Unknown,94805298,24062,Leuven,60,
3937,94805316,4.707088499999999,50.88332264999999,Unknown,Unknown,94805316,24062,Leuven,60,
3938,94805320,4.706595084786018,50.88308224171801,Unknown,Unknown,94805320,24062,Leuven,60,
3939,94805330,4.706567438900488,50.88311137727671,Unknown,Unknown,94805330,24062,Leuven,60,
3940,"[1253243256, 1253243257, 1253243258]",4.703587584183609,50.88294141741655,Unknown,Unknown,"[1253243256, 1253243257, 1253243258]",24062,Leuven,60,
3941,94808820,4.707054635922518,50.88205045844259,Unknown,Unknown,94808820,24062,Leuven,60,
3942,94813961,4.707283480023798,50.87411666677466,Unknown,Unknown,94813961,24062,Leuven,60,
3943,"[890160008, 151050562, 890160007]",4.7069966934388106,50.8744534974035,Unknown,Unknown,"[890160008, 151050562, 890160007]",24062,Leuven,60,
3944,461159351,4.6912902,50.8729724,Kapucijnenvoer,Unknown,461159351,24062,Leuven,60,
3945,3390197,4.691517199806314,50.87313714757831,Ten Hovelaan,Unknown,3390197,24062,Leuven,60,
3946,23088678,4.6927331936703975,50.871012502051805,Unknown,Unknown,23088678,24062,Leuven,60,
3947,"[344507822, 461159367]",4.69217108720375,50.87175973342655,Tervuursevest,Unknown,"[344507822, 461159367]",24062,Leuven,60,
3948,325166038,4.6910598474688685,50.87379179157259,Kapucijnenvoer,Unknown,325166038,24062,Leuven,60,
3949,"[461159363, 461159364, 366337447]",4.691197122142066,50.87347456422477,Kapucijnenvoer,Unknown,"[461159363, 461159364, 366337447]",24062,Leuven,60,
3950,"[818790225, 325166038]",4.69117314649281,50.87432780688064,Kapucijnenvoer,Unknown,"[818790225, 325166038]",24062,Leuven,60,
3951,"[366337442, 499158419, 499158418]",4.691301217120119,50.87407379769074,Kapucijnenvoer,Unknown,"[366337442, 499158419, 499158418]",24062,Leuven,60,
3952,"[3424505, 192658997]",4.68397944373774,50.872818362236224,Groenveldstraat,Unknown,"[3424505, 192658997]",24062,Leuven,60,
3953,94816468,4.684617449999999,50.87150495,Unknown,Unknown,94816468,24062,Leuven,60,
3954,94816476,4.6844611511929095,50.87161939671154,Unknown,Unknown,94816476,24062,Leuven,60,
3955,94816471,4.68574235,50.87300725,Unknown,Unknown,94816471,24062,Leuven,60,
3956,"[94816469, 94816463]",4.685892497448331,50.87283583111231,Unknown,Unknown,"[94816469, 94816463]",24062,Leuven,60,
3957,"[94816464, 94816463]",4.685559294058928,50.87338030243456,Unknown,Unknown,"[94816464, 94816463]",24062,Leuven,60,
3958,94816472,4.68466195,50.8715325,Unknown,Unknown,94816472,24062,Leuven,60,
3959,94816467,4.6847332,50.87138729999999,Unknown,Unknown,94816467,24062,Leuven,60,
3960,94816466,4.685336400000001,50.8724285,Unknown,Unknown,94816466,24062,Leuven,60,
3961,94816470,4.6851214500000005,50.8726454,Unknown,Unknown,94816470,24062,Leuven,60,
3962,"[94816470, 94816471]",4.685293234347218,50.87270897117817,Unknown,Unknown,"[94816470, 94816471]",24062,Leuven,60,
3963,94816473,4.685496349999999,50.8726059,Unknown,Unknown,94816473,24062,Leuven,60,
3964,94816469,4.6853713500000005,50.872085600000005,Unknown,Unknown,94816469,24062,Leuven,60,
3965,94816465,4.68508465,50.87244645,Unknown,Unknown,94816465,24062,Leuven,60,
3966,94816475,4.6857014,50.87280015,Unknown,Unknown,94816475,24062,Leuven,60,
3967,"[94816474, 801046586, 801046587]",4.685015248769553,50.873331697589286,Unknown,Unknown,"[94816474, 801046586, 801046587]",24062,Leuven,60,
3968,94816464,4.68522915,50.87375265000001,Unknown,Unknown,94816464,24062,Leuven,60,
3969,"[94816474, 801046587, 801046586]",4.685015248769553,50.87333169758927,Unknown,Unknown,"[94816474, 801046587, 801046586]",24062,Leuven,60,
3970,94816984,4.685071799999999,50.8722561,Unknown,Unknown,94816984,24062,Leuven,60,
3971,94873387,4.693621918495353,50.87337402555876,Unknown,Unknown,94873387,24062,Leuven,60,
3972,3390199,4.692899610520384,50.873768013855134,Remi Vandervaerenlaan,Unknown,3390199,24062,Leuven,60,
3973,27062244,4.692193616224781,50.87403947983311,Prosper Poulletlaan,Unknown,27062244,24062,Leuven,60,
3974,439142859,4.692976698998938,50.87470001344823,Remi Vandervaerenlaan,Unknown,439142859,24062,Leuven,60,
3975,"[696009881, 226914380]",4.696002428065002,50.87306051692406,Redingenstraat,Unknown,"[696009881, 226914380]",24062,Leuven,60,
3976,94926311,4.6605467,50.8759122,Unknown,Unknown,94926311,24062,Leuven,60,
3977,94926314,4.6606037,50.87612125,Unknown,Unknown,94926314,24062,Leuven,60,
3978,94926313,4.6607652,50.87593234999999,Unknown,Unknown,94926313,24062,Leuven,60,
3979,"[1396813026, 94926315, 1396813027]",4.661717982960885,50.8760355427945,Unknown,Unknown,"[1396813026, 94926315, 1396813027]",24062,Leuven,60,
3980,295105549,4.76402725,50.8888599,Unknown,Unknown,295105549,24062,Leuven,60,
3981,"[90168778, 90168775, 95890231]",4.694437816185241,50.8699770460778,Unknown,Unknown,"[90168778, 90168775, 95890231]",24062,Leuven,60,
3982,95890231,4.694961705120886,50.86982258960345,Unknown,Unknown,95890231,24062,Leuven,60,
3983,134969639,4.669539075367407,50.86541672126613,Unknown,Unknown,134969639,24062,Leuven,60,
3984,"[1353007914, 1353007915]",4.6701945925700095,50.86573473329787,Unknown,Unknown,"[1353007914, 1353007915]",24062,Leuven,60,
3985,126304920,4.6744121,50.866726,Gaston Geenslaan,Unknown,126304920,24062,Leuven,60,
3986,126304917,4.674497921037728,50.86674395888046,Gaston Geenslaan,Unknown,126304917,24062,Leuven,60,
3987,120086003,4.69839855,50.8686772,Tervuursevest,Unknown,120086003,24062,Leuven,60,
3988,"[95569910, 616174245, 616174246]",4.698372929737617,50.86876699871453,Unknown,Unknown,"[95569910, 616174245, 616174246]",24062,Leuven,60,
3989,608715575,4.699018049999999,50.8684225,Erasme Ruelensvest,Unknown,608715575,24062,Leuven,60,
3990,"[95569910, 616174247]",4.6984615267147785,50.86885739234661,Unknown,Unknown,"[95569910, 616174247]",24062,Leuven,60,
3991,"[120201114, 856070295]",4.698146462230406,50.868977408483445,Unknown,Unknown,"[120201114, 856070295]",24062,Leuven,60,
3992,"[608715561, 3677330, 608715562]",4.698115228069188,50.86890783269895,Tervuursevest,Unknown,"[608715561, 3677330, 608715562]",24062,Leuven,60,
3993,"[616174246, 616174245, 95569910]",4.6983729297376176,50.86876699871453,Unknown,Unknown,"[616174246, 616174245, 95569910]",24062,Leuven,60,
3994,978148217,4.700598311793569,50.86786580968896,Unknown,Unknown,978148217,24062,Leuven,60,
3995,978148218,4.700958086444407,50.86785081802576,Erasme Ruelensvest,Unknown,978148218,24062,Leuven,60,
3996,978148216,4.700328618014495,50.86795001582663,Broekstraat,Unknown,978148216,24062,Leuven,60,
3997,"[978148215, 1139085575]",4.699634372785044,50.86810545421314,Unknown,Unknown,"[978148215, 1139085575]",24062,Leuven,60,
3998,4005706,4.7061396,50.8684266,Unknown,Unknown,4005706,24062,Leuven,60,
3999,95571482,4.70618215,50.8684353,Leo Dartelaan,Unknown,95571482,24062,Leuven,60,
4000,1424864887,4.7051053,50.86845445,Unknown,Unknown,1424864887,24062,Leuven,60,
4001,"[616174266, 970355699]",4.707133969519701,50.86868312042766,Unknown,Unknown,"[616174266, 970355699]",24062,Leuven,60,
4002,95575418,4.697702760791228,50.86958881330669,Schapenstraat,Unknown,95575418,24062,Leuven,60,
4003,95890232,4.6940456,50.8701201,Unknown,Unknown,95890232,24062,Leuven,60,
4004,95925403,4.712392832356306,50.86864892417776,Philipssite,Unknown,95925403,24062,Leuven,60,
4005,688287824,4.71291825,50.869452550000005,Philipssite,Unknown,688287824,24062,Leuven,60,
4006,3752568,4.698959143550248,50.87622198802381,Sint-Antoniusberg,Unknown,3752568,24062,Leuven,60,
4007,263595861,4.699845197311361,50.87622166213943,Unknown,Unknown,263595861,24062,Leuven,60,
4008,95942078,4.729168250000001,50.88147525,Lolanden,Unknown,95942078,24062,Leuven,60,
4009,872940582,4.729206447581836,50.8812743530159,Lolanden,Unknown,872940582,24062,Leuven,60,
4010,95966903,4.676414299999999,50.8627133,Unknown,Unknown,95966903,24062,Leuven,60,
4011,95974149,4.726221804112176,50.87671910683883,Unknown,Unknown,95974149,24062,Leuven,60,
4012,95974146,4.72582575,50.876861,Unknown,Unknown,95974146,24062,Leuven,60,
4013,95974150,4.7256084000000005,50.8768912,Unknown,Unknown,95974150,24062,Leuven,60,
4014,"[95974146, 95974143]",4.725572753534958,50.87680458365548,Unknown,Unknown,"[95974146, 95974143]",24062,Leuven,60,
4015,95974716,4.740477909966776,50.86625662129741,Ludovic Zamenhofstraat,Unknown,95974716,24062,Leuven,60,
4016,1507038919,4.7357203000000005,50.8630338,Unknown,Unknown,1507038919,24062,Leuven,60,
4017,173336681,4.735918701128238,50.86312171111123,Hoogland,Unknown,173336681,24062,Leuven,60,
4018,25155109,4.721206649999999,50.88157030000001,Karel Schurmansstraat,Unknown,25155109,24062,Leuven,60,
4019,128494230,4.720822304804447,50.88153469109363,Karel Schurmansstraat,Unknown,128494230,24062,Leuven,60,
4020,"[1470252697, 126304916]",4.719007122548424,50.881951191246,Ernest Solvaystraat,Unknown,"[1470252697, 126304916]",24062,Leuven,60,
4021,"[1331591258, 154927950]",4.719461868500804,50.88084635279312,Karel Schurmansstraat,Unknown,"[1331591258, 154927950]",24062,Leuven,60,
4022,1498063141,4.703107681191017,50.902191621392056,Unknown,Unknown,1498063141,24062,Leuven,60,
4023,96289836,4.7433019000000005,50.93353935,Unknown,Unknown,96289836,24062,Leuven,60,
4024,96289838,4.7435336,50.9336351,Unknown,Unknown,96289838,24062,Leuven,60,
4025,633630519,4.742961049972546,50.93370444757706,Unknown,Unknown,633630519,24062,Leuven,60,
4026,96369010,4.69726075,50.8626622,Unknown,Unknown,96369010,24062,Leuven,60,
4027,96369014,4.696544795747641,50.862591749048136,Ter Spicht,Unknown,96369014,24062,Leuven,60,
4028,1463676619,4.697928709031209,50.86281729706625,Ter Spicht,Unknown,1463676619,24062,Leuven,60,
4029,975085509,4.697429400000001,50.86265235,Unknown,Unknown,975085509,24062,Leuven,60,
4030,48165893,4.6940257,50.8647294,Unknown,Unknown,48165893,24062,Leuven,60,
4031,564392126,4.693810768636969,50.8648804292968,Unknown,Unknown,564392126,24062,Leuven,60,
4032,96442769,4.69418875,50.86613075,Unknown,Unknown,96442769,24062,Leuven,60,
4033,941557795,4.694041854556949,50.86601719197369,Unknown,Unknown,941557795,24062,Leuven,60,
4034,910981681,4.696917994908558,50.85811221584829,Unknown,Unknown,910981681,24062,Leuven,60,
4035,96765996,4.714853161600778,50.846584500035725,Unknown,Unknown,96765996,24062,Leuven,60,
4036,90980081,4.72158145,50.85227465,Geldenaaksebaan,Unknown,90980081,24062,Leuven,60,
4037,651722502,4.7215426,50.8524077,Unknown,Unknown,651722502,24062,Leuven,60,
4038,650228338,4.716803747551224,50.85927883363695,Unknown,Unknown,650228338,24062,Leuven,60,
4039,96823863,4.6986183,50.8656695,Unknown,Unknown,96823863,24062,Leuven,60,
4040,96847772,4.681475567942051,50.86087766012708,Unknown,Unknown,96847772,24062,Leuven,60,
4041,96847773,4.68086115,50.8605676,Unknown,Unknown,96847773,24062,Leuven,60,
4042,537935040,4.681670163178064,50.860992360467975,Unknown,Unknown,537935040,24062,Leuven,60,
4043,"[1450038832, 904954345]",4.732457998926045,50.88004684500229,Unknown,Unknown,"[1450038832, 904954345]",24062,Leuven,60,
4044,112952787,4.6921191,50.8439319,Unknown,Unknown,112952787,24062,Leuven,60,
4045,"[96884971, 268835830, 268835854]",4.691606223038534,50.84411531736051,Unknown,Unknown,"[96884971, 268835830, 268835854]",24062,Leuven,60,
4046,"[268835853, 268835827, 268835837]",4.692230793917403,50.8436446781729,Unknown,Unknown,"[268835853, 268835827, 268835837]",24062,Leuven,60,
4047,13523027,4.70865176469841,50.87559804765111,Tiensestraat,Unknown,13523027,24062,Leuven,60,
4048,"[88361307, 3677332]",4.6935652059453465,50.87027708125103,Voerviaduct,Unknown,"[88361307, 3677332]",24062,Leuven,60,
4049,3677335,4.693573701475544,50.8703885350653,Tervuursevest,Unknown,3677335,24062,Leuven,60,
4050,1290329258,4.68391535,50.87692935,Unknown,Unknown,1290329258,24062,Leuven,60,
4051,"[3677945, 813979466, 521193382, 521193383]",4.684137014338302,50.876576681199424,Tervuursevest,Unknown,"[3677945, 813979466, 521193382, 521193383]",24062,Leuven,60,
4052,"[1290329257, 97175697]",4.683390278840051,50.87681514833062,Unknown,Unknown,"[1290329257, 97175697]",24062,Leuven,60,
4053,"[97175697, 1290329258]",4.683759405368364,50.87687458414533,Unknown,Unknown,"[97175697, 1290329258]",24062,Leuven,60,
4054,"[12751464, 813979458, 813979459, 813979455]",4.684026724718227,50.87652165235772,Unknown,Unknown,"[12751464, 813979458, 813979459, 813979455]",24062,Leuven,60,
4055,659297693,4.68411075,50.87701725,Unknown,Unknown,659297693,24062,Leuven,60,
4056,97175694,4.683342556361487,50.87701167225898,Unknown,Unknown,97175694,24062,Leuven,60,
4057,133531192,4.681066933072902,50.87944283172168,Unknown,Unknown,133531192,24062,Leuven,60,
4058,125835580,4.68971432698897,50.888394072374446,Oude Rondelaan,Unknown,125835580,24062,Leuven,60,
4059,"[1451420328, 15942801]",4.687909812278927,50.88730609376817,Den Boschsingel,Unknown,"[1451420328, 15942801]",24062,Leuven,60,
4060,97233941,4.72870875,50.87674855,Unknown,Unknown,97233941,24062,Leuven,60,
4061,277257466,4.72820845,50.87685265,Unknown,Unknown,277257466,24062,Leuven,60,
4062,69158351,4.729457,50.8761245,Unknown,Unknown,69158351,24062,Leuven,60,
4063,277010657,4.73183936968645,50.87488789111022,Unknown,Unknown,277010657,24062,Leuven,60,
4064,975265791,4.72185305,50.855746100000005,Unknown,Unknown,975265791,24062,Leuven,60,
4065,"[1346022252, 97322630]",4.721646023930169,50.85568951211197,Unknown,Unknown,"[1346022252, 97322630]",24062,Leuven,60,
4066,105447764,4.721642666248588,50.85595914069742,Unknown,Unknown,105447764,24062,Leuven,60,
4067,"[105447560, 105447578]",4.7221762188539325,50.85554645295685,Unknown,Unknown,"[105447560, 105447578]",24062,Leuven,60,
4068,3374389,4.698711149999999,50.867264,Erasme Ruelenspark,Unknown,3374389,24062,Leuven,60,
4069,97856304,4.698662780538699,50.86740574834284,Unknown,Unknown,97856304,24062,Leuven,60,
4070,97856293,4.6996906,50.8663928,Unknown,Unknown,97856293,24062,Leuven,60,
4071,97856290,4.699753299999999,50.86633305,Unknown,Unknown,97856290,24062,Leuven,60,
4072,97856297,4.69942455,50.8660755,Unknown,Unknown,97856297,24062,Leuven,60,
4073,97856294,4.6997281,50.86609475,Unknown,Unknown,97856294,24062,Leuven,60,
4074,48446747,4.69950925,50.8670166,Unknown,Unknown,48446747,24062,Leuven,60,
4075,97856299,4.6996243,50.86610995,Unknown,Unknown,97856299,24062,Leuven,60,
4076,97856292,4.6993252000000005,50.86609210000001,Unknown,Unknown,97856292,24062,Leuven,60,
4077,97856305,4.6996146174154845,50.86707443122717,Unknown,Unknown,97856305,24062,Leuven,60,
4078,1042551647,4.716311021558704,50.88847272491451,Unknown,Unknown,1042551647,24062,Leuven,60,
4079,970885411,4.71810655,50.88631005,Unknown,Unknown,970885411,24062,Leuven,60,
4080,98508216,4.718337551660357,50.88609396649323,Unknown,Unknown,98508216,24062,Leuven,60,
4081,970643412,4.718044076851473,50.88614407867103,Unknown,Unknown,970643412,24062,Leuven,60,
4082,"[1126471483, 1126471484]",4.718872435359454,50.88720169493568,Eénmeilaan,Unknown,"[1126471483, 1126471484]",24062,Leuven,60,
4083,"[1497893633, 1017081682]",4.718816199546887,50.88732290828478,Unknown,Unknown,"[1497893633, 1017081682]",24062,Leuven,60,
4084,429571925,4.71541499580068,50.87530711948634,Unknown,Unknown,429571925,24062,Leuven,60,
4085,1304053214,4.714843050000001,50.8752829,Unknown,Unknown,1304053214,24062,Leuven,60,
4086,1304053215,4.714869000205565,50.87538971876823,Unknown,Unknown,1304053215,24062,Leuven,60,
4087,98645227,4.7156112,50.8926315,Unknown,Unknown,98645227,24062,Leuven,60,
4088,947584690,4.7156235,50.89243514999999,Unknown,Unknown,947584690,24062,Leuven,60,
4089,"[947584683, 98645222]",4.716399248088042,50.89236746408912,Unknown,Unknown,"[947584683, 98645222]",24062,Leuven,60,
4090,947584682,4.7184884,50.8894934,Unknown,Unknown,947584682,24062,Leuven,60,
4091,"[947584682, 947584684]",4.717756718875162,50.8907585254025,Unknown,Unknown,"[947584682, 947584684]",24062,Leuven,60,
4092,"[243884410, 98645243, 114935420, 192559637]",4.719244427382387,50.90717882674946,Wilselsesteenweg,Unknown,"[243884410, 98645243, 114935420, 192559637]",24062,Leuven,60,
4093,"[1429551921, 98645243]",4.719385676219887,50.90635057857188,Wilselsesteenweg,Unknown,"[1429551921, 98645243]",24062,Leuven,60,
4094,1468094220,4.713068747842239,50.8957113848725,Unknown,Unknown,1468094220,24062,Leuven,60,
4095,947584685,4.7166057830003565,50.89189935962308,Unknown,Unknown,947584685,24062,Leuven,60,
4096,1455864999,4.7061718,50.9012375,Unknown,Unknown,1455864999,24062,Leuven,60,
4097,98807520,4.706243302901563,50.900929191516376,Kolonel Begaultlaan,Unknown,98807520,24062,Leuven,60,
4098,98807514,4.70630705,50.901706450000006,Brandweg,Unknown,98807514,24062,Leuven,60,
4099,98807521,4.70624585,50.90177195,Kolonel Begaultlaan,Unknown,98807521,24062,Leuven,60,
4100,1456740781,4.70622265,50.9018647,Unknown,Unknown,1456740781,24062,Leuven,60,
4101,1422900108,4.70713075,50.88785415,Unknown,Unknown,1422900108,24062,Leuven,60,
4102,158686386,4.709524350000001,50.90430505,Unknown,Unknown,158686386,24062,Leuven,60,
4103,795282257,4.71004085,50.90450745,Unknown,Unknown,795282257,24062,Leuven,60,
4104,116382883,4.7062919,50.8958732,Unknown,Unknown,116382883,24062,Leuven,60,
4105,963491598,4.706586032854179,50.93315759862445,Unknown,Unknown,963491598,24062,Leuven,60,
4106,1459237830,4.7068868,50.8890114,Unknown,Unknown,1459237830,24062,Leuven,60,
4107,"[318825611, 98825476]",4.706857703682507,50.88873475103964,Aarschotsesteenweg,Unknown,"[318825611, 98825476]",24062,Leuven,60,
4108,"[1431809606, 15886222]",4.718746927024124,50.84714143603885,Unknown,Unknown,"[1431809606, 15886222]",24062,Leuven,60,
4109,99184696,4.7364187,50.85124125,Unknown,Unknown,99184696,24062,Leuven,60,
4110,266512775,4.701437801700582,50.87857343470214,Unknown,Unknown,266512775,24062,Leuven,60,
4111,"[361902058, 8101863]",4.7016514617757545,50.87870890513784,"['Boekhandelstraat', 'Grote Markt']",Unknown,"[361902058, 8101863]",24062,Leuven,60,
4112,3731753,4.668145900000001,50.8714563,Goswin III-Laan,Unknown,3731753,24062,Leuven,60,
4113,99346726,4.668504,50.8716762,Unknown,Unknown,99346726,24062,Leuven,60,
4114,99416780,4.658220887478023,50.85997679763565,Kapelberg,Unknown,99416780,24062,Leuven,60,
4115,"[99416797, 102139630]",4.657721129998472,50.86053258877525,Sint-Jansbergsesteenweg,Unknown,"[99416797, 102139630]",24062,Leuven,60,
4116,99416786,4.657177788096973,50.86060145617731,Unknown,Unknown,99416786,24062,Leuven,60,
4117,"[23124528, 1318325990, 1318325991]",4.65978327076052,50.86076306435611,Sint-Reneldisplein,Unknown,"[23124528, 1318325990, 1318325991]",24062,Leuven,60,
4118,"[1441661456, 1441661457]",4.654719384809317,50.85794787954136,Unknown,Unknown,"[1441661456, 1441661457]",24062,Leuven,60,
4119,99465137,4.68392788893662,50.86127787882479,Unknown,Unknown,99465137,24062,Leuven,60,
4120,99465138,4.68468015,50.8614972,Kasteelpark Arenberg,Unknown,99465138,24062,Leuven,60,
4121,1391177961,4.6834239,50.8608647,Unknown,Unknown,1391177961,24062,Leuven,60,
4122,4003910,4.685241777617443,50.86122593372396,Kasteelpark Arenberg,Unknown,4003910,24062,Leuven,60,
4123,72903740,4.685516410292146,50.86141083930456,Kasteelpark Arenberg,Unknown,72903740,24062,Leuven,60,
4124,"[4746853, 23237286]",4.698841453562669,50.8781597118116,Parijsstraat,Unknown,"[4746853, 23237286]",24062,Leuven,60,
4125,"[1017549048, 15726815, 453808519]",4.698664076607477,50.878561040306366,Rattemanspoort,Unknown,"[1017549048, 15726815, 453808519]",24062,Leuven,60,
4126,126348337,4.7010771848198925,50.88142795938254,Augustijnenstraat,Unknown,126348337,24062,Leuven,60,
4127,"[453808519, 1017549048, 15726815]",4.698664076607477,50.878561040306366,Rattemanspoort,Unknown,"[453808519, 1017549048, 15726815]",24062,Leuven,60,
4128,314109838,4.698042249855889,50.87837840011855,Den Tempst,Unknown,314109838,24062,Leuven,60,
4129,"[314109837, 314109838, 99500135]",4.698370045600836,50.87880355342387,Den Tempst,Unknown,"[314109837, 314109838, 99500135]",24062,Leuven,60,
4130,1107041529,4.707992647060888,50.8549709785138,Unknown,Unknown,1107041529,24062,Leuven,60,
4131,99590440,4.674792131947239,50.875351695035945,Unknown,Unknown,99590440,24062,Leuven,60,
4132,9388530,4.6635969500000005,50.87350165,Groeneweg,Unknown,9388530,24062,Leuven,60,
4133,"[151375617, 9388530]",4.663645730858849,50.874206180808685,Groeneweg,Unknown,"[151375617, 9388530]",24062,Leuven,60,
4134,151895490,4.6637856491352645,50.87361760963629,Unknown,Unknown,151895490,24062,Leuven,60,
4135,99995342,4.708309399999999,50.8928518,Unknown,Unknown,99995342,24062,Leuven,60,
4136,99995352,4.709267146921164,50.89293681129815,Unknown,Unknown,99995352,24062,Leuven,60,
4137,99995343,4.707641450424817,50.89298721973509,Unknown,Unknown,99995343,24062,Leuven,60,
4138,99995362,4.70725655,50.89323065000001,Unknown,Unknown,99995362,24062,Leuven,60,
4139,99995357,4.70904074032345,50.8926969552691,Unknown,Unknown,99995357,24062,Leuven,60,
4140,99995358,4.708611901063207,50.89271137058775,Unknown,Unknown,99995358,24062,Leuven,60,
4141,1458857805,4.706894955415247,50.89242867976998,Unknown,Unknown,1458857805,24062,Leuven,60,
4142,1458857806,4.707092536234264,50.89241573800112,Unknown,Unknown,1458857806,24062,Leuven,60,
4143,"[1459237836, 1458857807]",4.707387613295555,50.89243202844649,Unknown,Unknown,"[1459237836, 1458857807]",24062,Leuven,60,
4144,99995356,4.7077551699475535,50.8924808042686,Unknown,Unknown,99995356,24062,Leuven,60,
4145,"[1085376882, 1085376883, 231212154]",4.725337886504498,50.85387687641111,Unknown,Unknown,"[1085376882, 1085376883, 231212154]",24062,Leuven,60,
4146,"[100006229, 100006231, 1085376888, 1085376889, 1085376891]",4.725225802066278,50.85403673807151,Unknown,Unknown,"[100006229, 100006231, 1085376888, 1085376889, 1085376891]",24062,Leuven,60,
4147,"[231212156, 1085376892, 1085376893]",4.725479768507273,50.854011597427686,Unknown,Unknown,"[231212156, 1085376892, 1085376893]",24062,Leuven,60,
4148,165498333,4.7105391,50.90271575,Compostweg,Unknown,165498333,24062,Leuven,60,
4149,"[16863768, 165498333, 13884495]",4.710253905375456,50.90266433394456,Compostweg,Unknown,"[16863768, 165498333, 13884495]",24062,Leuven,60,
4150,1069373380,4.710590818206517,50.90261384723109,Unknown,Unknown,1069373380,24062,Leuven,60,
4151,"[1431366147, 1433439750]",4.71301324297603,50.90928680345928,Unknown,Unknown,"[1431366147, 1433439750]",24062,Leuven,60,
4152,650228336,4.721958377261583,50.85130946637798,Unknown,Unknown,650228336,24062,Leuven,60,
4153,231212162,4.72205265,50.85164915,Unknown,Unknown,231212162,24062,Leuven,60,
4154,922467155,4.7217216,50.8519603,Unknown,Unknown,922467155,24062,Leuven,60,
4155,"[922467154, 922467155]",4.721560895829365,50.85192036184505,Unknown,Unknown,"[922467154, 922467155]",24062,Leuven,60,
4156,100599266,4.7263102,50.9020615,Jan Van Bouwelstraat,Unknown,100599266,24062,Leuven,60,
4157,100599272,4.726217255448787,50.90212305132901,Unknown,Unknown,100599272,24062,Leuven,60,
4158,"[17974352, 1483878687]",4.726280326260183,50.90104269628715,Op de Vliet,Unknown,"[17974352, 1483878687]",24062,Leuven,60,
4159,100599274,4.7283173865216845,50.90208491583898,Op de Vliet,Unknown,100599274,24062,Leuven,60,
4160,100833393,4.669138693655092,50.8708779687167,Goswin III-Laan,Unknown,100833393,24062,Leuven,60,
4161,112565996,4.719795491889853,50.90352431621874,Kesseldallaan,Unknown,112565996,24062,Leuven,60,
4162,112566002,4.719543190067212,50.90335737402397,Kesseldallaan,Unknown,112566002,24062,Leuven,60,
4163,112565986,4.7169584662533,50.89848464620311,Kesseldallaan,Unknown,112565986,24062,Leuven,60,
4164,242622335,4.7168973861564965,50.89844959934485,Unknown,Unknown,242622335,24062,Leuven,60,
4165,112565989,4.719480012057062,50.90351057544506,Kesseldallaan,Unknown,112565989,24062,Leuven,60,
4166,315666515,4.716136654059425,50.90732068529535,Vuntcomplex,Unknown,315666515,24062,Leuven,60,
4167,"[101388643, 101388651, 101388652, 101388654, 345381455, 192559636]",4.718514519363296,50.90550382790278,Vuntcomplex,Unknown,"[101388643, 101388651, 101388652, 101388654, 345381455, 192559636]",24062,Leuven,60,
4168,"[101394987, 419874310]",4.696160837811093,50.92662760724012,Rietensplein,Unknown,"[101394987, 419874310]",24062,Leuven,60,
4169,101619137,4.719876472482988,50.87303473756557,Martelarenlaan,Unknown,101619137,24062,Leuven,60,
4170,"[101619137, 1036486941]",4.719661071903313,50.8727297170086,Martelarenlaan,Unknown,"[101619137, 1036486941]",24062,Leuven,60,
4171,970433827,4.71972458269166,50.87293840162931,Unknown,Unknown,970433827,24062,Leuven,60,
4172,1432311326,4.7180727609596325,50.87277905657738,Unknown,Unknown,1432311326,24062,Leuven,60,
4173,102139636,4.6541388,50.85709585,Unknown,Unknown,102139636,24062,Leuven,60,
4174,1441661456,4.65409585,50.85709495,Unknown,Unknown,1441661456,24062,Leuven,60,
4175,"[1441661459, 102135101]",4.656167598917806,50.85916310134498,Unknown,Unknown,"[1441661459, 102135101]",24062,Leuven,60,
4176,148252701,4.690043622898037,50.88137813407731,Brusselsestraat,Unknown,148252701,24062,Leuven,60,
4177,1085069644,4.689977824742072,50.8812478330807,Goudsbloemstraat,Unknown,1085069644,24062,Leuven,60,
4178,1085069645,4.690104218288411,50.881258596595984,Brusselsestraat,Unknown,1085069645,24062,Leuven,60,
4179,103006682,4.750607702618778,50.88557829629644,Unknown,Unknown,103006682,24062,Leuven,60,
4180,103006678,4.750394817217543,50.885375408759536,Unknown,Unknown,103006678,24062,Leuven,60,
4181,286275342,4.749874557024363,50.885129139084064,Unknown,Unknown,286275342,24062,Leuven,60,
4182,1201879188,4.750052654834476,50.88543230781196,Unknown,Unknown,1201879188,24062,Leuven,60,
4183,103006680,4.750299123903477,50.885518498535575,Unknown,Unknown,103006680,24062,Leuven,60,
4184,1447384134,4.75352205,50.8790345,Unknown,Unknown,1447384134,24062,Leuven,60,
4185,243843340,4.75353575974531,50.87928226323538,Unknown,Unknown,243843340,24062,Leuven,60,
4186,1447384131,4.752918075617593,50.87917513887237,Unknown,Unknown,1447384131,24062,Leuven,60,
4187,295970672,4.73668305,50.88140575,Jan Vranckxweg,Unknown,295970672,24062,Leuven,60,
4188,"[87240828, 126304949]",4.73661462757275,50.88157889336646,Rerum Novarumlaan,Unknown,"[87240828, 126304949]",24062,Leuven,60,
4189,276495786,4.736600661934979,50.88140467274294,Jan Vranckxweg,Unknown,276495786,24062,Leuven,60,
4190,103068640,4.735042453389165,50.88243388381336,Unknown,Unknown,103068640,24062,Leuven,60,
4191,"[896195846, 896195847, 3343953, 896195870, 896195871]",4.712493071016303,50.8777783020246,Jozef II-straat,Unknown,"[896195846, 896195847, 3343953, 896195870, 896195871]",24062,Leuven,60,
4192,326826770,4.6926197,50.870142900000005,Unknown,Unknown,326826770,24062,Leuven,60,
4193,103559273,4.692762767754441,50.87047502162815,Tervuursevest,Unknown,103559273,24062,Leuven,60,
4194,1047365121,4.6904312,50.872122000000005,Tervuursevest,Unknown,1047365121,24062,Leuven,60,
4195,"[85044922, 608715614, 608715615]",4.693533421267113,50.87019089024727,Tervuursevest,Unknown,"[85044922, 608715614, 608715615]",24062,Leuven,60,
4196,88361317,4.69040815560423,50.87273753598973,Tervuursevest,Unknown,88361317,24062,Leuven,60,
4197,1431818868,4.735467095272828,50.88177829574271,Stadionlaan,Unknown,1431818868,24062,Leuven,60,
4198,301552211,4.696465069475068,50.8663371530462,Naamsesteenweg,Unknown,301552211,24062,Leuven,60,
4199,1449647282,4.696219268576897,50.86610379623043,Naamsesteenweg,Unknown,1449647282,24062,Leuven,60,
4200,1091550068,4.692390932978547,50.85587692969004,Unknown,Unknown,1091550068,24062,Leuven,60,
4201,"[93479401, 25093511]",4.689796324959555,50.85318693833638,Huttelaan,Unknown,"[93479401, 25093511]",24062,Leuven,60,
4202,1070636946,4.695403905473403,50.845559862740735,Unknown,Unknown,1070636946,24062,Leuven,60,
4203,203585801,4.691675427596231,50.84919025352959,Unknown,Unknown,203585801,24062,Leuven,60,
4204,104200647,4.72476185,50.884019,Unknown,Unknown,104200647,24062,Leuven,60,
4205,"[31058509, 872940582]",4.728830476713617,50.88096798200305,Lolanden,Unknown,"[31058509, 872940582]",24062,Leuven,60,
4206,126304955,4.7249277,50.8835571,Smidsestraat,Unknown,126304955,24062,Leuven,60,
4207,104200646,4.729415250000001,50.8761596,Unknown,Unknown,104200646,24062,Leuven,60,
4208,"[126304904, 687562555]",4.722563838171604,50.88373774077693,Atelierstraat,Unknown,"[126304904, 687562555]",24062,Leuven,60,
4209,126304904,4.723300454932265,50.883803137576216,Atelierstraat,Unknown,126304904,24062,Leuven,60,
4210,134139686,4.722946759153606,50.8835772646616,Koperslagerij,Unknown,134139686,24062,Leuven,60,
4211,1468921622,4.73055226887972,50.87550115324094,Romain Rollandstraat,Unknown,1468921622,24062,Leuven,60,
4212,"[1434939478, 1434939479]",4.746977184766469,50.86554280627258,Unknown,Unknown,"[1434939478, 1434939479]",24062,Leuven,60,
4213,"[104319619, 1434678469]",4.7472323914454,50.86582610685457,Unknown,Unknown,"[104319619, 1434678469]",24062,Leuven,60,
4214,"[104319619, 1434678468]",4.747272802232603,50.86588584318859,Unknown,Unknown,"[104319619, 1434678468]",24062,Leuven,60,
4215,104319583,4.747187875299013,50.86591844619768,Unknown,Unknown,104319583,24062,Leuven,60,
4216,"[1434678465, 1434678466]",4.747180252378445,50.8659755637308,Unknown,Unknown,"[1434678465, 1434678466]",24062,Leuven,60,
4217,1434678466,4.74725855,50.86594529999999,Unknown,Unknown,1434678466,24062,Leuven,60,
4218,"[1434678472, 1434678473]",4.747433595112917,50.86609562865358,Unknown,Unknown,"[1434678472, 1434678473]",24062,Leuven,60,
4219,1217715494,4.74697635253457,50.86619367965352,Unknown,Unknown,1217715494,24062,Leuven,60,
4220,"[1434678474, 1434678475, 1435503052]",4.747278797184073,50.86604851220174,Unknown,Unknown,"[1434678474, 1434678475, 1435503052]",24062,Leuven,60,
4221,1434678465,4.74708435,50.8659918,Unknown,Unknown,1434678465,24062,Leuven,60,
4222,"[1434625171, 104319630]",4.747132622506454,50.86590243163992,Unknown,Unknown,"[1434625171, 104319630]",24062,Leuven,60,
4223,"[320591282, 12714939]",4.71105732564555,50.8858699102673,Vuurkruisenlaan,Unknown,"[320591282, 12714939]",24062,Leuven,60,
4224,"[339533443, 339533445]",4.739566907518683,50.86753974426547,Meerdaalboslaan,Unknown,"[339533443, 339533445]",24062,Leuven,60,
4225,"[1502659033, 1432544595]",4.739535366851636,50.86766118617246,Meerdaalboslaan,Unknown,"[1502659033, 1432544595]",24062,Leuven,60,
4226,1432544598,4.73973095,50.867785600000005,Tiensesteenweg,Unknown,1432544598,24062,Leuven,60,
4227,"[339533466, 80342115, 136276551]",4.738726178754918,50.8680438852406,Tiensesteenweg,Unknown,"[339533466, 80342115, 136276551]",24062,Leuven,60,
4228,"[192689376, 9904396]",4.738543352025754,50.86645578175496,Meerdaalboslaan,Unknown,"[192689376, 9904396]",24062,Leuven,60,
4229,"[339533442, 339533444]",4.740256829469831,50.86759932722309,Meerdaalboslaan,Unknown,"[339533442, 339533444]",24062,Leuven,60,
4230,"[1432544601, 81540682]",4.740116714349251,50.86753174140993,Molweg,Unknown,"[1432544601, 81540682]",24062,Leuven,60,
4231,1239799671,4.7217170500000005,50.9251907,Aarschotsesteenweg,Unknown,1239799671,24062,Leuven,60,
4232,"[345381434, 1239799671]",4.721400850655945,50.9246195908522,Aarschotsesteenweg,Unknown,"[345381434, 1239799671]",24062,Leuven,60,
4233,105073082,4.717041616119494,50.882677950522144,Unknown,Unknown,105073082,24062,Leuven,60,
4234,"[284832296, 1114893752, 284832294]",4.717280574215074,50.88237526993199,Unknown,Unknown,"[284832296, 1114893752, 284832294]",24062,Leuven,60,
4235,"[1475986850, 970103397]",4.717017461609792,50.88257614873601,Unknown,Unknown,"[1475986850, 970103397]",24062,Leuven,60,
4236,116797179,4.7141121,50.8824331,Diestsepoort,Unknown,116797179,24062,Leuven,60,
4237,104502505,4.714234751570395,50.8830807531805,Unknown,Unknown,104502505,24062,Leuven,60,
4238,10231010,4.716512796914831,50.88342969390348,IJzerenwegstraat,Unknown,10231010,24062,Leuven,60,
4239,"[1437007141, 794686349]",4.716643709016303,50.883004345414285,Unknown,Unknown,"[1437007141, 794686349]",24062,Leuven,60,
4240,"[104502498, 1437007142]",4.71693147397102,50.8835530150707,Unknown,Unknown,"[104502498, 1437007142]",24062,Leuven,60,
4241,69250770,4.717470495336912,50.882193454166654,Ernest Solvaystraat,Unknown,69250770,24062,Leuven,60,
4242,"[458555385, 622063631]",4.717726091997878,50.88166602335421,Unknown,Unknown,"[458555385, 622063631]",24062,Leuven,60,
4243,"[1114893752, 284832296, 284832294]",4.717280574215075,50.88237526993201,Unknown,Unknown,"[1114893752, 284832296, 284832294]",24062,Leuven,60,
4244,"[24374720, 131711636]",4.67976925235214,50.85768991218283,Herendreef,Unknown,"[24374720, 131711636]",24062,Leuven,60,
4245,192658998,4.680208244880884,50.85661804785,Herendreef,Unknown,192658998,24062,Leuven,60,
4246,"[1431353285, 104778398]",4.680159692275371,50.85659325603029,Unknown,Unknown,"[1431353285, 104778398]",24062,Leuven,60,
4247,104794419,4.7150501269377685,50.86113414870088,Abdijstraat,Unknown,104794419,24062,Leuven,60,
4248,104794394,4.717125800000001,50.8589399,Unknown,Unknown,104794394,24062,Leuven,60,
4249,104794416,4.71670363476886,50.85888336493616,Unknown,Unknown,104794416,24062,Leuven,60,
4250,104794410,4.7169415,50.858756,Unknown,Unknown,104794410,24062,Leuven,60,
4251,"[114869072, 793543657, 137831628, 1293581717]",4.719133080704647,50.86133311194416,Abdijstraat,Unknown,"[114869072, 793543657, 137831628, 1293581717]",24062,Leuven,60,
4252,104794422,4.71679395,50.8587332,Unknown,Unknown,104794422,24062,Leuven,60,
4253,607917132,4.698583001028721,50.83668123860739,Unknown,Unknown,607917132,24062,Leuven,60,
4254,"[364819997, 1051244033, 364819986, 364819989]",4.698560061059012,50.836556964634745,Naamsesteenweg,Unknown,"[364819997, 1051244033, 364819986, 364819989]",24062,Leuven,60,
4255,1442711879,4.730495873549664,50.893612092361735,Unknown,Unknown,1442711879,24062,Leuven,60,
4256,1213653172,4.7216324,50.8562989,Unknown,Unknown,1213653172,24062,Leuven,60,
4257,105447542,4.721284700255897,50.85647169446936,Unknown,Unknown,105447542,24062,Leuven,60,
4258,1213653173,4.72152995,50.8562375,Unknown,Unknown,1213653173,24062,Leuven,60,
4259,105447639,4.715082349999999,50.8598006,Unknown,Unknown,105447639,24062,Leuven,60,
4260,105447701,4.72098923914544,50.85628120174854,Unknown,Unknown,105447701,24062,Leuven,60,
4261,1213653174,4.72125080793255,50.85687857548244,Unknown,Unknown,1213653174,24062,Leuven,60,
4262,105447715,4.7151401,50.85971764999999,Unknown,Unknown,105447715,24062,Leuven,60,
4263,70024240,4.703053753223401,50.84056316513124,Kerspelstraat,Unknown,70024240,24062,Leuven,60,
4264,105447610,4.715422350000001,50.85981815,Unknown,Unknown,105447610,24062,Leuven,60,
4265,1387858348,4.7023437,50.8575242,Unknown,Unknown,1387858348,24062,Leuven,60,
4266,845304796,4.717224255261482,50.84764837398131,Unknown,Unknown,845304796,24062,Leuven,60,
4267,978148219,4.7113429,50.8708165,Kerkhofdreef,Unknown,978148219,24062,Leuven,60,
4268,107068089,4.7009194,50.90258455,Tunnelstraat,Unknown,107068089,24062,Leuven,60,
4269,1497197730,4.700932866798564,50.90262265699973,Unknown,Unknown,1497197730,24062,Leuven,60,
4270,107071237,4.685343100000001,50.9323282,Unknown,Unknown,107071237,24062,Leuven,60,
4271,"[1431922409, 107085563]",4.71385422139842,50.86491919215436,Unknown,Unknown,"[1431922409, 107085563]",24062,Leuven,60,
4272,109574456,4.747045198464621,50.878052173495945,Unknown,Unknown,109574456,24062,Leuven,60,
4273,1107041531,4.712844888373088,50.85251225411232,Unknown,Unknown,1107041531,24062,Leuven,60,
4274,111983488,4.70481055,50.8713925,Unknown,Unknown,111983488,24062,Leuven,60,
4275,663483254,4.70562215,50.87081305,Unknown,Unknown,663483254,24062,Leuven,60,
4276,"[79002197, 843033254]",4.704987348383689,50.8713040477247,Parkstraat,Unknown,"[79002197, 843033254]",24062,Leuven,60,
4277,857260600,4.704936050000001,50.87174405,Unknown,Unknown,857260600,24062,Leuven,60,
4278,12372672,4.7232221288412735,50.903662133351794,Wilselsesteenweg,Unknown,12372672,24062,Leuven,60,
4279,112386321,4.724122912970064,50.90308240596542,Kesselbergpad,Unknown,112386321,24062,Leuven,60,
4280,112386322,4.717238449281075,50.89962069522089,Unknown,Unknown,112386322,24062,Leuven,60,
4281,"[440732706, 31861563, 1429410165]",4.716960832821879,50.89909235924814,Unknown,Unknown,"[440732706, 31861563, 1429410165]",24062,Leuven,60,
4282,"[112566011, 440732695]",4.7178984451670125,50.90072999867121,Kesseldallaan,Unknown,"[112566011, 440732695]",24062,Leuven,60,
4283,112386324,4.720302948174448,50.90151826856207,Koekoekspad,Unknown,112386324,24062,Leuven,60,
4284,124042373,4.689226700000001,50.83470505,Herendreef,Unknown,124042373,24062,Leuven,60,
4285,112566014,4.719867184470752,50.90344348533232,Kesseldallaan,Unknown,112566014,24062,Leuven,60,
4286,"[1429410200, 120201123]",4.719938247767382,50.90344225869757,Unknown,Unknown,"[1429410200, 120201123]",24062,Leuven,60,
4287,138017383,4.7180950500000005,50.8921954,Eénmeilaan,Unknown,138017383,24062,Leuven,60,
4288,"[1429410229, 1429410230]",4.718238131769751,50.89219507024089,"['Herfstlaan', 'Éenmeilaan']",Unknown,"[1429410229, 1429410230]",24062,Leuven,60,
4289,125835556,4.720962010547424,50.90363422605596,Kesseldallaan,Unknown,125835556,24062,Leuven,60,
4290,"[1429477305, 112566003, 1429477284]",4.720909685953025,50.90357098266359,Unknown,Unknown,"[1429477305, 112566003, 1429477284]",24062,Leuven,60,
4291,"[146972249, 912949695]",4.743241864660631,50.876727796896695,Unknown,Unknown,"[146972249, 912949695]",24062,Leuven,60,
4292,276463758,4.736481899999999,50.8777756,Gezusters Grégoirestraat,Unknown,276463758,24062,Leuven,60,
4293,921641346,4.6842319,50.85414465,Unknown,Unknown,921641346,24062,Leuven,60,
4294,76348401,4.684654849999999,50.8522665,Unknown,Unknown,76348401,24062,Leuven,60,
4295,"[268835840, 268835820, 268835855, 112952784, 268835796, 268835833]",4.692232341398658,50.844420896540825,Unknown,Unknown,"[268835840, 268835820, 268835855, 112952784, 268835796, 268835833]",24062,Leuven,60,
4296,"[268835826, 268835835]",4.692668563372605,50.84493906971549,Unknown,Unknown,"[268835826, 268835835]",24062,Leuven,60,
4297,"[268835810, 268835816, 268835850, 268835800, 268835803, 268835804]",4.693110576018895,50.84408994997821,Unknown,Unknown,"[268835810, 268835816, 268835850, 268835800, 268835803, 268835804]",24062,Leuven,60,
4298,112952786,4.692267439961481,50.845064787794776,Unknown,Unknown,112952786,24062,Leuven,60,
4299,"[268835842, 268835844, 268835849, 268835817, 119490096, 268835799, 268835807]",4.690594620245655,50.84484736652804,Unknown,Unknown,"[268835842, 268835844, 268835849, 268835817, 119490096, 268835799, 268835807]",24062,Leuven,60,
4300,112966279,4.695567375344184,50.83465422245494,Unknown,Unknown,112966279,24062,Leuven,60,
4301,112966282,4.6808831249939935,50.84175069273106,Unknown,Unknown,112966282,24062,Leuven,60,
4302,112966283,4.696176203000926,50.83628164416434,Unknown,Unknown,112966283,24062,Leuven,60,
4303,388243744,4.682896757899283,50.84219887642342,Unknown,Unknown,388243744,24062,Leuven,60,
4304,113997729,4.7068741,50.860757750000005,Unknown,Unknown,113997729,24062,Leuven,60,
4305,113997728,4.702200293253064,50.8618879004566,Duinberglaan,Unknown,113997728,24062,Leuven,60,
4306,542834822,4.647848991658399,50.863787097313775,Unknown,Unknown,542834822,24062,Leuven,60,
4307,"[473321328, 1159582700]",4.729377390008159,50.89937374345098,Unknown,Unknown,"[473321328, 1159582700]",24062,Leuven,60,
4308,72023193,4.702091599999999,50.84631725,Unknown,Unknown,72023193,24062,Leuven,60,
4309,"[1206337010, 1104103722, 75104689, 119260780]",4.70374241480389,50.84575946202051,Kerspelstraat,Unknown,"[1206337010, 1104103722, 75104689, 119260780]",24062,Leuven,60,
4310,"[116386907, 1430076781]",4.69704529692318,50.92997370423616,Unknown,Unknown,"[116386907, 1430076781]",24062,Leuven,60,
4311,160041219,4.692375950000001,50.924520900000005,Unknown,Unknown,160041219,24062,Leuven,60,
4312,1430076781,4.69699965,50.92948745,Unknown,Unknown,1430076781,24062,Leuven,60,
4313,206745400,4.697046453052123,50.92943240596141,Unknown,Unknown,206745400,24062,Leuven,60,
4314,439397688,4.6968873,50.92947859999999,Unknown,Unknown,439397688,24062,Leuven,60,
4315,1220326201,4.69241415,50.92413055,Unknown,Unknown,1220326201,24062,Leuven,60,
4316,1220326202,4.692647944599019,50.92407193600776,Vaartdijk,Unknown,1220326202,24062,Leuven,60,
4317,"[116386911, 1429951215]",4.69247601363826,50.92430695088901,Unknown,Unknown,"[116386911, 1429951215]",24062,Leuven,60,
4318,"[1424853306, 1424853310]",4.693116904125583,50.92383361092381,Unknown,Unknown,"[1424853306, 1424853310]",24062,Leuven,60,
4319,311042988,4.70929895,50.9032819,Aarschotsesteenweg,Unknown,311042988,24062,Leuven,60,
4320,198676306,4.709180300289461,50.90365629324379,Aarschotsesteenweg,Unknown,198676306,24062,Leuven,60,
4321,15241582,4.7073784,50.90091575,Aarschotsesteenweg,Unknown,15241582,24062,Leuven,60,
4322,"[16274573, 15241582]",4.707138647711561,50.90053005567332,Aarschotsesteenweg,Unknown,"[16274573, 15241582]",24062,Leuven,60,
4323,198676305,4.70920235,50.9041226,Unknown,Unknown,198676305,24062,Leuven,60,
4324,"[198676304, 702132492]",4.709701515873757,50.90429547657224,Aarschotsesteenweg,Unknown,"[198676304, 702132492]",24062,Leuven,60,
4325,171829310,4.709051433998701,50.90391673254152,Aarschotsesteenweg,Unknown,171829310,24062,Leuven,60,
4326,311042989,4.7091753141612624,50.90388957132062,Aarschotsesteenweg,Unknown,311042989,24062,Leuven,60,
4327,16863768,4.70960585,50.90257355,Compostweg,Unknown,16863768,24062,Leuven,60,
4328,171829305,4.7095354,50.9026402,Aarschotsesteenweg,Unknown,171829305,24062,Leuven,60,
4329,158330044,4.70949662849812,50.90255771739337,Aarschotsesteenweg,Unknown,158330044,24062,Leuven,60,
4330,"[15241582, 118943955, 118943958, 340265919]",4.708710108061921,50.901582248429705,Aarschotsesteenweg,Unknown,"[15241582, 118943955, 118943958, 340265919]",24062,Leuven,60,
4331,165498329,4.708728588288897,50.90386795964808,Aarschotsesteenweg,Unknown,165498329,24062,Leuven,60,
4332,165498335,4.708715943416974,50.90390746460727,Kolonel Begaultlaan,Unknown,165498335,24062,Leuven,60,
4333,1456570104,4.70890285,50.90405305,Unknown,Unknown,1456570104,24062,Leuven,60,
4334,1456776732,4.7088913,50.90400315,Kolonel Begaultlaan,Unknown,1456776732,24062,Leuven,60,
4335,171829307,4.708945941067105,50.90392900656368,Aarschotsesteenweg,Unknown,171829307,24062,Leuven,60,
4336,1383563389,4.706841555097807,50.87881393939786,Monseigneur Ladeuzeplein,Unknown,1383563389,24062,Leuven,60,
4337,"[126304984, 970345113, 970345112, 104502509]",4.714432915979278,50.88472343578165,Unknown,Unknown,"[126304984, 970345113, 970345112, 104502509]",24062,Leuven,60,
4338,120657762,4.71411225,50.87392675,Blijde-Inkomststraat,Unknown,120657762,24062,Leuven,60,
4339,863272995,4.714427427056376,50.87399755981368,Tiensevest,Unknown,863272995,24062,Leuven,60,
4340,3358659,4.699854028720624,50.8660349506936,Erasme Ruelenspark,Unknown,3358659,24062,Leuven,60,
4341,1003471190,4.7070438,50.8899887,Unknown,Unknown,1003471190,24062,Leuven,60,
4342,13883887,4.7070362694728685,50.889742204105694,Unknown,Unknown,13883887,24062,Leuven,60,
4343,"[121850702, 1458857831]",4.70697284954219,50.88992647655512,Unknown,Unknown,"[121850702, 1458857831]",24062,Leuven,60,
4344,"[1458857830, 121850702]",4.706849950009627,50.889928900490496,Unknown,Unknown,"[1458857830, 121850702]",24062,Leuven,60,
4345,1458857815,4.70695845,50.89898064999999,Unknown,Unknown,1458857815,24062,Leuven,60,
4346,"[1456364324, 27479870]",4.706979853923717,50.89995735166518,Unknown,Unknown,"[1456364324, 27479870]",24062,Leuven,60,
4347,27479870,4.706941263342172,50.89868245428351,Unknown,Unknown,27479870,24062,Leuven,60,
4348,121850708,4.706887822087873,50.892077021761466,Unknown,Unknown,121850708,24062,Leuven,60,
4349,"[1458857808, 1459237835]",4.707053749877638,50.892091427969504,Unknown,Unknown,"[1458857808, 1459237835]",24062,Leuven,60,
4350,"[121850702, 1458857830]",4.706849950009627,50.889928900490496,Unknown,Unknown,"[121850702, 1458857830]",24062,Leuven,60,
4351,99615100,4.64796665,50.8693843,Tervuursesteenweg,Unknown,99615100,24062,Leuven,60,
4352,1120979927,4.647772747806894,50.86936784773019,Unknown,Unknown,1120979927,24062,Leuven,60,
4353,188368806,4.647359633386866,50.86957035121676,Unknown,Unknown,188368806,24062,Leuven,60,
4354,123934118,4.696359712597884,50.88075800478526,Lei,Unknown,123934118,24062,Leuven,60,
4355,"[521211968, 521211969, 521211970, 123929457, 521211967]",4.695393322329631,50.8804637851403,Brusselsestraat,Unknown,"[521211968, 521211969, 521211970, 123929457, 521211967]",24062,Leuven,60,
4356,4746849,4.694427853793311,50.88106967216747,Pieter Coutereelstraat,Unknown,4746849,24062,Leuven,60,
4357,123929457,4.693928708844227,50.88062590144255,Brusselsestraat,Unknown,123929457,24062,Leuven,60,
4358,"[125835616, 290143786, 306871581]",4.698275848017867,50.88070847922018,Amerikalaan,Unknown,"[125835616, 290143786, 306871581]",24062,Leuven,60,
4359,"[726508753, 726508754, 726508755, 726508756, 13241818]",4.698320104342426,50.88024637201354,Amerikalaan,Unknown,"[726508753, 726508754, 726508755, 726508756, 13241818]",24062,Leuven,60,
4360,"[3992577, 726508757, 726508758, 726508759, 726508760, 726508761, 726508762]",4.697322272375748,50.88086699194987,Amerikalaan,Unknown,"[3992577, 726508757, 726508758, 726508759, 726508760, 726508761, 726508762]",24062,Leuven,60,
4361,120515600,4.690094600845453,50.83536780613797,Grezweg,Unknown,120515600,24062,Leuven,60,
4362,124042431,4.689564750000001,50.83660925,Parnassusbergdreef,Unknown,124042431,24062,Leuven,60,
4363,"[199325322, 8083282]",4.708528572653674,50.849287517903086,Bierbeekpleindreef,Unknown,"[199325322, 8083282]",24062,Leuven,60,
4364,5108912,4.715376173582464,50.8503359760968,Ambachtenlaan,Unknown,5108912,24062,Leuven,60,
4365,"[8083282, 199325322]",4.708528572653673,50.849287517903086,Bierbeekpleindreef,Unknown,"[8083282, 199325322]",24062,Leuven,60,
4366,8133608,4.709205616594516,50.88630014053099,Diestsevest,Unknown,8133608,24062,Leuven,60,
4367,62268125,4.709154933729378,50.88636330946547,Joanna-Maria Artoisplein,Unknown,62268125,24062,Leuven,60,
4368,124755441,4.729585950000001,50.87923845,Prins-Regentplein,Unknown,124755441,24062,Leuven,60,
4369,"[276752548, 1196057748]",4.730181260267921,50.87765446315922,Koning Albertplein,Unknown,"[276752548, 1196057748]",24062,Leuven,60,
4370,1196057749,4.731605024581225,50.87655804693455,Koning Albertplein,Unknown,1196057749,24062,Leuven,60,
4371,125133232,4.6887235,50.889886700000005,Wingerdstraat,Unknown,125133232,24062,Leuven,60,
4372,125133233,4.687308921123354,50.88967833469206,Wingerdstraat,Unknown,125133233,24062,Leuven,60,
4373,1185957452,4.687832157400397,50.89043502631583,Unknown,Unknown,1185957452,24062,Leuven,60,
4374,1427486672,4.688679822360557,50.89018574669901,Wingerdstraat,Unknown,1427486672,24062,Leuven,60,
4375,418370124,4.723863971063184,50.904990111876565,Unknown,Unknown,418370124,24062,Leuven,60,
4376,141038470,4.70065325,50.87919995,Grote Markt,Unknown,141038470,24062,Leuven,60,
4377,133801069,4.701271478895342,50.879134141630935,Grote Markt,Unknown,133801069,24062,Leuven,60,
4378,"[578662064, 125835597]",4.671344259740849,50.87445124150887,Berg Taborweg,Unknown,"[578662064, 125835597]",24062,Leuven,60,
4379,"[125835626, 578662063, 199586552, 578662065, 130786744]",4.670739240865373,50.87516763197039,Berg Taborweg,Unknown,"[125835626, 578662063, 199586552, 578662065, 130786744]",24062,Leuven,60,
4380,1394589963,4.670462762575724,50.87594005823937,Unknown,Unknown,1394589963,24062,Leuven,60,
4381,1305895614,4.67008925,50.87592805,Unknown,Unknown,1305895614,24062,Leuven,60,
4382,70729587,4.6686672077695714,50.87622567937717,Unknown,Unknown,70729587,24062,Leuven,60,
4383,126304981,4.669160574409443,50.87605791438085,Terbankstraat,Unknown,126304981,24062,Leuven,60,
4384,"[126304981, 1390122918]",4.669617863856117,50.87513228024736,Terbankstraat,Unknown,"[126304981, 1390122918]",24062,Leuven,60,
4385,"[361902067, 293201773, 141192015]",4.700450107969881,50.87959091109447,"['Grote Markt', 'Mathieu de Layensplein', 'Mechelsestraat']",Unknown,"[361902067, 293201773, 141192015]",24062,Leuven,60,
4386,"[293288706, 10269271]",4.699719986209614,50.88019233820647,"['Dirk Boutslaan', 'Mathieu de Layensplein']",Unknown,"[293288706, 10269271]",24062,Leuven,60,
4387,"[80194313, 453538107]",4.70072986464675,50.87992584707733,"['Margarethaplein', 'Mathieu de Layensplein']",Unknown,"[80194313, 453538107]",24062,Leuven,60,
4388,292794061,4.6988996896567015,50.88090983706161,Wandelingstraat,Unknown,292794061,24062,Leuven,60,
4389,459455931,4.697220250000001,50.8817368,Unknown,Unknown,459455931,24062,Leuven,60,
4390,622063672,4.697281350000001,50.88172915,Unknown,Unknown,622063672,24062,Leuven,60,
4391,438252643,4.697299248841996,50.88184612566209,Dirk Boutslaan,Unknown,438252643,24062,Leuven,60,
4392,1304053217,4.717578597682603,50.88364730007551,Diestsesteenweg,Unknown,1304053217,24062,Leuven,60,
4393,1309409395,4.71734877860044,50.88376141847954,Diestsesteenweg,Unknown,1309409395,24062,Leuven,60,
4394,8412180,4.697974330920181,50.88461929509008,Mechelsestraat,Unknown,8412180,24062,Leuven,60,
4395,622063656,4.69825574641597,50.8841041933388,Mechelsestraat,Unknown,622063656,24062,Leuven,60,
4396,"[35633068, 608715601, 608715602, 608715603, 608715604]",4.7184240888436815,50.88524885505594,Baron August de Becker Remyplein,Unknown,"[35633068, 608715601, 608715602, 608715603, 608715604]",24062,Leuven,60,
4397,1304210229,4.718256948336891,50.884723190928064,Leuvensestraat,Unknown,1304210229,24062,Leuven,60,
4398,286564857,4.719903015040576,50.88509537067582,Baron August de Becker Remyplein,Unknown,286564857,24062,Leuven,60,
4399,1305194234,4.719742775418479,50.88517023964736,Baron August de Becker Remyplein,Unknown,1305194234,24062,Leuven,60,
4400,1426720186,4.719253650000001,50.8857445,Baron August de Becker Remyplein,Unknown,1426720186,24062,Leuven,60,
4401,1500156386,4.719297522140955,50.885728882254966,Baron August de Becker Remyplein,Unknown,1500156386,24062,Leuven,60,
4402,79366167,4.7195388385692345,50.88577296095761,Baron August de Becker Remyplein,Unknown,79366167,24062,Leuven,60,
4403,1437010046,4.719559022432311,50.88570770775016,Baron August de Becker Remyplein,Unknown,1437010046,24062,Leuven,60,
4404,79366165,4.719472375685548,50.88583126990816,Baron August de Becker Remyplein,Unknown,79366165,24062,Leuven,60,
4405,125835547,4.71942985,50.8858601,Eénmeilaan,Unknown,125835547,24062,Leuven,60,
4406,125835500,4.719341115090502,50.88581643498996,Baron August de Becker Remyplein,Unknown,125835500,24062,Leuven,60,
4407,1426720184,4.719594300000001,50.88590385,Gemeentestraat,Unknown,1426720184,24062,Leuven,60,
4408,295225456,4.68609315,50.88652505,Wijnpersstraat,Unknown,295225456,24062,Leuven,60,
4409,125835582,4.687945099670804,50.88745839462249,Oude Rondelaan,Unknown,125835582,24062,Leuven,60,
4410,"[295225456, 295225459, 295116788]",4.686653402795708,50.88628098581702,Wijnpersstraat,Unknown,"[295225456, 295225459, 295116788]",24062,Leuven,60,
4411,1451420330,4.68504995,50.88694735,'s-Hertogenlaan,Unknown,1451420330,24062,Leuven,60,
4412,1451420331,4.685114351056793,50.88699107243463,'s-Hertogenlaan,Unknown,1451420331,24062,Leuven,60,
4413,126304931,4.721812410501883,50.886113391716286,Kerkstraat,Unknown,126304931,24062,Leuven,60,
4414,27625544,4.724419805812949,50.88857262801707,Van Rodestraat,Unknown,27625544,24062,Leuven,60,
4415,"[125133402, 125835582]",4.690640477768851,50.888847382201824,Oude Rondelaan,Unknown,"[125133402, 125835582]",24062,Leuven,60,
4416,"[87384595, 194820309]",4.756059764349267,50.88854850835041,Diestsesteenweg,Unknown,"[87384595, 194820309]",24062,Leuven,60,
4417,125835610,4.69206135,50.88861545,Unknown,Unknown,125835610,24062,Leuven,60,
4418,148252702,4.691978330895479,50.88855330063215,Donkerstraat,Unknown,148252702,24062,Leuven,60,
4419,138017384,4.7187017,50.88876625,Eénmeilaan,Unknown,138017384,24062,Leuven,60,
4420,"[1177332088, 126304938, 138017389]",4.719909234311594,50.889149059959,Lentedreef,Unknown,"[1177332088, 126304938, 138017389]",24062,Leuven,60,
4421,125835623,4.691879200000001,50.889121450000005,Unknown,Unknown,125835623,24062,Leuven,60,
4422,"[41544273, 148252706, 41544274]",4.6919706627851046,50.88886889261862,Nieuwe Mechelsesteenweg,Unknown,"[41544273, 148252706, 41544274]",24062,Leuven,60,
4423,23691161,4.691988,50.88914065,Unknown,Unknown,23691161,24062,Leuven,60,
4424,139807121,4.69202875,50.88922335,Nieuwe Mechelsesteenweg,Unknown,139807121,24062,Leuven,60,
4425,180167956,4.7181068,50.89184535,Eénmeilaan,Unknown,180167956,24062,Leuven,60,
4426,608715591,4.718087849999999,50.89176035,Eénmeilaan,Unknown,608715591,24062,Leuven,60,
4427,125835546,4.7181366,50.89219275,Eénmeilaan,Unknown,125835546,24062,Leuven,60,
4428,4859499,4.6905642130798,50.893743932537525,Braambessenlaan,Unknown,4859499,24062,Leuven,60,
4429,138017385,4.717878242259223,50.89300244163741,Eénmeilaan,Unknown,138017385,24062,Leuven,60,
4430,1425635171,4.717604574777229,50.89348220627964,Unknown,Unknown,1425635171,24062,Leuven,60,
4431,242622340,4.717005703427493,50.89839919738512,Unknown,Unknown,242622340,24062,Leuven,60,
4432,1344409363,4.720108201830367,50.898786192743934,Domeinstraat,Unknown,1344409363,24062,Leuven,60,
4433,1442137402,4.7202234,50.89883755,Sparrenboslaan,Unknown,1442137402,24062,Leuven,60,
4434,192559611,4.706287429210704,50.89917208110953,Kolonel Begaultlaan,Unknown,192559611,24062,Leuven,60,
4435,79022474,4.706351209145805,50.90116478754297,Kolonel Begaultlaan,Unknown,79022474,24062,Leuven,60,
4436,38209957,4.725349700000001,50.90074135,Wilselsesteenweg,Unknown,38209957,24062,Leuven,60,
4437,1442137403,4.725399639411306,50.90071164925846,Wilselsesteenweg,Unknown,1442137403,24062,Leuven,60,
4438,"[1497197730, 53085950]",4.700070269140601,50.9029402466244,Unknown,Unknown,"[1497197730, 53085950]",24062,Leuven,60,
4439,239932051,4.69952942530066,50.90312976412172,Tunnelweg,Unknown,239932051,24062,Leuven,60,
4440,1497197837,4.69953415,50.90315825,Unknown,Unknown,1497197837,24062,Leuven,60,
4441,22636408,4.697899408918962,50.90342887205128,Herentsesteenweg,Unknown,22636408,24062,Leuven,60,
4442,112566017,4.719694591977958,50.90336006136201,Kesseldallaan,Unknown,112566017,24062,Leuven,60,
4443,149115999,4.695504512258953,50.90485064032416,François Demarsinstraat,Unknown,149115999,24062,Leuven,60,
4444,137252098,4.700170448291206,50.9053788241929,Unknown,Unknown,137252098,24062,Leuven,60,
4445,377918608,4.713471,50.91032025,Aarschotsesteenweg,Unknown,377918608,24062,Leuven,60,
4446,1431366144,4.71349247671438,50.910271613081406,Kessel-Losesteenweg,Unknown,1431366144,24062,Leuven,60,
4447,1433439819,4.71397155,50.9113139,Unknown,Unknown,1433439819,24062,Leuven,60,
4448,126197748,4.706630794211972,50.86515102860613,Vinkenlaan,Unknown,126197748,24062,Leuven,60,
4449,126197750,4.705713760495377,50.86581176140912,Zegelaan,Unknown,126197750,24062,Leuven,60,
4450,301909101,4.70524753787907,50.86581292242676,Goede Haardlaan,Unknown,301909101,24062,Leuven,60,
4451,126304918,4.672281361511183,50.86619470359846,Gaston Geenslaan,Unknown,126304918,24062,Leuven,60,
4452,"[1353007920, 1353007921, 1353007914]",4.670132809780521,50.86591982490064,Unknown,Unknown,"[1353007920, 1353007921, 1353007914]",24062,Leuven,60,
4453,1511675676,4.6743629,50.86666335,Unknown,Unknown,1511675676,24062,Leuven,60,
4454,"[1511131410, 1511675676]",4.675687995033959,50.867132045420064,Unknown,Unknown,"[1511131410, 1511675676]",24062,Leuven,60,
4455,451854805,4.67596319357572,50.86713281769234,Remisebosweg,Unknown,451854805,24062,Leuven,60,
4456,"[340265960, 15215371, 9388723, 126304958]",4.663397769754911,50.87808551104358,Terbankstraat,Unknown,"[340265960, 15215371, 9388723, 126304958]",24062,Leuven,60,
4457,126304939,4.723687868564023,50.87920910850907,Lovensveldstraat,Unknown,126304939,24062,Leuven,60,
4458,126304945,4.72493075,50.88053564999999,Pachthof,Unknown,126304945,24062,Leuven,60,
4459,25155106,4.722896217035861,50.880806787557454,Jozef Wautersstraat,Unknown,25155106,24062,Leuven,60,
4460,33922912,4.7002667,50.88182700000001,Vismarkt,Unknown,33922912,24062,Leuven,60,
4461,33922915,4.69989905,50.881543,Vismarkt,Unknown,33922915,24062,Leuven,60,
4462,191355184,4.717557149999999,50.8822582,Unknown,Unknown,191355184,24062,Leuven,60,
4463,87304289,4.725991744939113,50.88225947901251,Opvoedingstraat,Unknown,87304289,24062,Leuven,60,
4464,"[126304954, 143890819]",4.724577617074713,50.88196273858058,"['Smidsestraat', 'Karel Schurmansstraat']",Unknown,"[126304954, 143890819]",24062,Leuven,60,
4465,406156457,4.724400136250031,50.882200754904254,Stoomstraat,Unknown,406156457,24062,Leuven,60,
4466,541467950,4.72033785,50.88263429999999,Locomotievenstraat,Unknown,541467950,24062,Leuven,60,
4467,"[126304968, 438252671]",4.692122317584293,50.88477959861193,Wijnpersstraat,Unknown,"[126304968, 438252671]",24062,Leuven,60,
4468,126304923,4.687754581452401,50.88511000080926,Hogestraat,Unknown,126304923,24062,Leuven,60,
4469,1201653792,4.72260416491359,50.88509140029955,Jozef Pierrestraat,Unknown,1201653792,24062,Leuven,60,
4470,126304912,4.698728185396779,50.88746718026496,Burchtstraat,Unknown,126304912,24062,Leuven,60,
4471,"[871821657, 533622746, 610509049, 126304959]",4.699729354932486,50.88828642476987,Tramweg,Unknown,"[871821657, 533622746, 610509049, 126304959]",24062,Leuven,60,
4472,"[1231875369, 659297690, 330300723, 25928482]",4.70002447267729,50.88800721569727,"['Achter de latten', 'Wolvengang', 'Engels Plein']",Unknown,"[1231875369, 659297690, 330300723, 25928482]",24062,Leuven,60,
4473,"[1084021856, 17513714, 16758998]",4.71947948879179,50.89002593154153,"['Veeweidepad', 'Veeweidelaan']",Unknown,"[1084021856, 17513714, 16758998]",24062,Leuven,60,
4474,126304946,4.706205100155031,50.89587665334332,Pastoor Legrandstraat,Unknown,126304946,24062,Leuven,60,
4475,"[192559611, 192559612, 192559613]",4.7062586888993545,50.896401350585606,Kolonel Begaultlaan,Unknown,"[192559611, 192559612, 192559613]",24062,Leuven,60,
4476,"[192559613, 126304935]",4.706252604418654,50.89567294865007,Kolonel Begaultlaan,Unknown,"[192559613, 126304935]",24062,Leuven,60,
4477,"[126304934, 98807526]",4.706215546484527,50.90276410334898,Kolonel Begaultlaan,Unknown,"[126304934, 98807526]",24062,Leuven,60,
4478,"[22906977, 98807522, 340265959]",4.70673399447027,50.90321044336465,Kolonel Begaultlaan,Unknown,"[22906977, 98807522, 340265959]",24062,Leuven,60,
4479,98807518,4.706456490683705,50.90260024378086,Unknown,Unknown,98807518,24062,Leuven,60,
4480,"[98807526, 126304934]",4.706215546484526,50.902764103348986,Kolonel Begaultlaan,Unknown,"[98807526, 126304934]",24062,Leuven,60,
4481,1291357675,4.69944195,50.88142465,Vismarkt,Unknown,1291357675,24062,Leuven,60,
4482,126348347,4.70096400766831,50.88175019021965,Vissersstraat,Unknown,126348347,24062,Leuven,60,
4483,127054419,4.706843525917247,50.91065163815845,Unknown,Unknown,127054419,24062,Leuven,60,
4484,127054421,4.709054910542377,50.910074621798536,Unknown,Unknown,127054421,24062,Leuven,60,
4485,127054420,4.70649845,50.911500200000006,Unknown,Unknown,127054420,24062,Leuven,60,
4486,"[1455868505, 1455868506, 127054420]",4.706756026370839,50.91153096483612,Unknown,Unknown,"[1455868505, 1455868506, 127054420]",24062,Leuven,60,
4487,127054856,4.737294367645985,50.90360621133029,Bergstraat,Unknown,127054856,24062,Leuven,60,
4488,127361138,4.721690630744075,50.85141723211671,Unknown,Unknown,127361138,24062,Leuven,60,
4489,127477324,4.708220863178914,50.90675597754576,Unknown,Unknown,127477324,24062,Leuven,60,
4490,127730809,4.727372373632537,50.86190415959272,Unknown,Unknown,127730809,24062,Leuven,60,
4491,"[129089232, 314109840]",4.704100139649061,50.87760000305518,Unknown,Unknown,"[129089232, 314109840]",24062,Leuven,60,
4492,129129035,4.6755067,50.88489275,Unknown,Unknown,129129035,24062,Leuven,60,
4493,326736770,4.675447650000001,50.88494775,Brusselsesteenweg,Unknown,326736770,24062,Leuven,60,
4494,129212840,4.7072243,50.8783925,Unknown,Unknown,129212840,24062,Leuven,60,
4495,198558676,4.707033597004826,50.87822880264323,Unknown,Unknown,198558676,24062,Leuven,60,
4496,129459886,4.675697061934265,50.87971949381024,Unknown,Unknown,129459886,24062,Leuven,60,
4497,129459883,4.67644515272962,50.88055437442878,Unknown,Unknown,129459883,24062,Leuven,60,
4498,129462651,4.677396449488184,50.87971922928159,Unknown,Unknown,129462651,24062,Leuven,60,
4499,"[129462652, 1218704974]",4.677625871519523,50.87960831808392,Unknown,Unknown,"[129462652, 1218704974]",24062,Leuven,60,
4500,129462653,4.677083859871472,50.8798157578703,Unknown,Unknown,129462653,24062,Leuven,60,
4501,1218704977,4.677594330663887,50.88021734486139,Unknown,Unknown,1218704977,24062,Leuven,60,
4502,"[1351925760, 1351925761]",4.685008519108999,50.88056074292415,Unknown,Unknown,"[1351925760, 1351925761]",24062,Leuven,60,
4503,688319184,4.71943305,50.87248185,Unknown,Unknown,688319184,24062,Leuven,60,
4504,"[20681390, 672505868, 89574078, 17023727]",4.718850681754538,50.87265581667616,Tiensesteenweg,Unknown,"[20681390, 672505868, 89574078, 17023727]",24062,Leuven,60,
4505,"[688319184, 1036486941]",4.719489277830025,50.87255890687099,Martelarenlaan,Unknown,"[688319184, 1036486941]",24062,Leuven,60,
4506,1432311330,4.719625118034584,50.872467616448745,Tiensesteenweg,Unknown,1432311330,24062,Leuven,60,
4507,"[134139686, 282276412, 282276414]",4.723042405487381,50.88313277532961,Koperslagerij,Unknown,"[134139686, 282276412, 282276414]",24062,Leuven,60,
4508,251394988,4.690771854572959,50.88372862335781,Ter Boelhage,Unknown,251394988,24062,Leuven,60,
4509,"[301569184, 1321637925]",4.691021228822565,50.88295621158149,Peterseliegang,Unknown,"[301569184, 1321637925]",24062,Leuven,60,
4510,843033242,4.691700893754737,50.88306857037009,Riddersstraat,Unknown,843033242,24062,Leuven,60,
4511,129912725,4.690834526456809,50.88404314619835,Ter Boelhage,Unknown,129912725,24062,Leuven,60,
4512,39173909,4.699065879407562,50.92843795238829,Henricus Wittebolsstraat,Unknown,39173909,24062,Leuven,60,
4513,441685591,4.70184790080512,50.92281168276548,Unknown,Unknown,441685591,24062,Leuven,60,
4514,130743462,4.710828599999999,50.86943075,Unknown,Unknown,130743462,24062,Leuven,60,
4515,130743463,4.7110449467536935,50.86945349873656,Unknown,Unknown,130743463,24062,Leuven,60,
4516,688287820,4.71052365,50.86966225,Unknown,Unknown,688287820,24062,Leuven,60,
4517,1367883892,4.671440049999999,50.87389385,Unknown,Unknown,1367883892,24062,Leuven,60,
4518,130786757,4.6713199,50.8741675,Unknown,Unknown,130786757,24062,Leuven,60,
4519,130786751,4.671276724371844,50.87418256362171,Unknown,Unknown,130786751,24062,Leuven,60,
4520,"[130786749, 1428394222]",4.671446607800005,50.87405024682112,Unknown,Unknown,"[130786749, 1428394222]",24062,Leuven,60,
4521,192559646,4.671471659779158,50.87418172264572,Unknown,Unknown,192559646,24062,Leuven,60,
4522,"[1428381218, 130786751]",4.671234911052076,50.87424139686508,Unknown,Unknown,"[1428381218, 130786751]",24062,Leuven,60,
4523,130861472,4.670900713367908,50.87412587340759,Tervuursesteenweg,Unknown,130861472,24062,Leuven,60,
4524,264864164,4.672388515086443,50.87434930722998,Unknown,Unknown,264864164,24062,Leuven,60,
4525,1363556521,4.671774131847212,50.8742505114598,Unknown,Unknown,1363556521,24062,Leuven,60,
4526,"[147856952, 264864167]",4.670569667994111,50.87507425475537,Unknown,Unknown,"[147856952, 264864167]",24062,Leuven,60,
4527,1083442449,4.670871477630207,50.874155681897,Unknown,Unknown,1083442449,24062,Leuven,60,
4528,"[264864169, 1363556523]",4.67127393028727,50.874301964684776,Unknown,Unknown,"[264864169, 1363556523]",24062,Leuven,60,
4529,125835597,4.67149715,50.8742927,Berg Taborweg,Unknown,125835597,24062,Leuven,60,
4530,264864169,4.67139675,50.87432895,Unknown,Unknown,264864169,24062,Leuven,60,
4531,"[264864169, 1363556522]",4.671584455076042,50.874332927113,Unknown,Unknown,"[264864169, 1363556522]",24062,Leuven,60,
4532,130894464,4.685522349999999,50.867395550000005,Unknown,Unknown,130894464,24062,Leuven,60,
4533,813470572,4.6843792,50.86709665,Unknown,Unknown,813470572,24062,Leuven,60,
4534,"[1375624115, 130894460]",4.684718167703703,50.86747110286238,Unknown,Unknown,"[1375624115, 130894460]",24062,Leuven,60,
4535,813470570,4.68421435,50.86700500000001,Unknown,Unknown,813470570,24062,Leuven,60,
4536,732000697,4.71622202168707,50.87780181990853,Unknown,Unknown,732000697,24062,Leuven,60,
4537,30788469,4.675789758220406,50.937216387479445,Spoorstraat,Unknown,30788469,24062,Leuven,60,
4538,1467622382,4.676264792418584,50.936624115396,Unknown,Unknown,1467622382,24062,Leuven,60,
4539,311304466,4.70253901823855,50.87977437121126,Diestsestraat,Unknown,311304466,24062,Leuven,60,
4540,732210666,4.729695201267673,50.88933624387087,Toekomstpad,Unknown,732210666,24062,Leuven,60,
4541,1446571681,4.759330290205055,50.879964421490016,Unknown,Unknown,1446571681,24062,Leuven,60,
4542,892627317,4.759186622493453,50.8800149510785,Unknown,Unknown,892627317,24062,Leuven,60,
4543,132621381,4.701938087729301,50.91805968440021,Unknown,Unknown,132621381,24062,Leuven,60,
4544,1193935364,4.70218495,50.89747545,Unknown,Unknown,1193935364,24062,Leuven,60,
4545,1420817981,4.6708534,50.87612575,Unknown,Unknown,1420817981,24062,Leuven,60,
4546,1421426575,4.6714342,50.8762758,Unknown,Unknown,1421426575,24062,Leuven,60,
4547,"[1511701455, 143210332, 1420817981, 9900007]",4.674984439293008,50.87787836088778,Unknown,Unknown,"[1511701455, 143210332, 1420817981, 9900007]",24062,Leuven,60,
4548,133531184,4.679707349999999,50.87895945,Unknown,Unknown,133531184,24062,Leuven,60,
4549,133531195,4.679787079730986,50.879070647095816,Unknown,Unknown,133531195,24062,Leuven,60,
4550,133531191,4.679612830685587,50.87930290848801,Unknown,Unknown,133531191,24062,Leuven,60,
4551,133531188,4.67850070893856,50.87919870667549,Unknown,Unknown,133531188,24062,Leuven,60,
4552,1421426577,4.67917955,50.87894509999999,Unknown,Unknown,1421426577,24062,Leuven,60,
4553,"[133531192, 1511701454]",4.679901428974333,50.87931158953599,Unknown,Unknown,"[133531192, 1511701454]",24062,Leuven,60,
4554,"[1511701454, 1511701455]",4.67916798972113,50.879274823372576,Unknown,Unknown,"[1511701454, 1511701455]",24062,Leuven,60,
4555,133531197,4.6789431,50.8789303,Unknown,Unknown,133531197,24062,Leuven,60,
4556,332546164,4.679968499999999,50.879288200000005,Unknown,Unknown,332546164,24062,Leuven,60,
4557,1305896587,4.678509260119627,50.879273395089314,Unknown,Unknown,1305896587,24062,Leuven,60,
4558,"[9900007, 143210332, 1420817981, 1511701455]",4.674984439293009,50.87787836088782,Unknown,Unknown,"[9900007, 143210332, 1420817981, 1511701455]",24062,Leuven,60,
4559,133531181,4.679543649999999,50.87878765,Unknown,Unknown,133531181,24062,Leuven,60,
4560,133801034,4.701685149999999,50.8789718,Grote Markt,Unknown,133801034,24062,Leuven,60,
4561,134004320,4.695351859808607,50.906079531093056,Unknown,Unknown,134004320,24062,Leuven,60,
4562,151197037,4.699570301734648,50.89282972647778,Unknown,Unknown,151197037,24062,Leuven,60,
4563,872931754,4.72455695,50.88368265,Paswerkerij,Unknown,872931754,24062,Leuven,60,
4564,149116016,4.719343036512016,50.899878032874575,Sparrenboslaan,Unknown,149116016,24062,Leuven,60,
4565,134969641,4.6687309500000005,50.86480815,Unknown,Unknown,134969641,24062,Leuven,60,
4566,183266521,4.66948839913911,50.86564615903634,Gaston Geenslaan,Unknown,183266521,24062,Leuven,60,
4567,1346898698,4.669902269222085,50.866010425403466,Gaston Geenslaan,Unknown,1346898698,24062,Leuven,60,
4568,1355264454,4.66967924977383,50.86597615180496,Unknown,Unknown,1355264454,24062,Leuven,60,
4569,"[1256565636, 1256565637, 134969638, 1353007920, 1353007923]",4.670836777785813,50.86651591684294,Unknown,Unknown,"[1256565636, 1256565637, 134969638, 1353007920, 1353007923]",24062,Leuven,60,
4570,135016293,4.697644,50.9177412,Henri Corbeelsplein,Unknown,135016293,24062,Leuven,60,
4571,1430556073,4.6975745,50.9177285,Unknown,Unknown,1430556073,24062,Leuven,60,
4572,1233243718,4.721685471078117,50.90797033470905,Unknown,Unknown,1233243718,24062,Leuven,60,
4573,135228428,4.721233222947358,50.90773256645709,Unknown,Unknown,135228428,24062,Leuven,60,
4574,135228425,4.72121355,50.90776805,Unknown,Unknown,135228425,24062,Leuven,60,
4575,135228424,4.721111399688339,50.90783714703085,Unknown,Unknown,135228424,24062,Leuven,60,
4576,1429522932,4.720960871689494,50.9078745705848,Unknown,Unknown,1429522932,24062,Leuven,60,
4577,135228423,4.721242374788976,50.90796760299685,Unknown,Unknown,135228423,24062,Leuven,60,
4578,135228427,4.721309949085273,50.90801925756597,Unknown,Unknown,135228427,24062,Leuven,60,
4579,"[192359892, 137269829, 192359887]",4.740176020832099,50.89656918914717,Schoolbergenstraat,Unknown,"[192359892, 137269829, 192359887]",24062,Leuven,60,
4580,531797243,4.69175785,50.8892589,Unknown,Unknown,531797243,24062,Leuven,60,
4581,"[1451208673, 192108567]",4.691811526662007,50.88918624140104,Unknown,Unknown,"[1451208673, 192108567]",24062,Leuven,60,
4582,192108579,4.691820051465088,50.8892646379405,Unknown,Unknown,192108579,24062,Leuven,60,
4583,"[136263684, 345381478]",4.724868749633431,50.92900023830251,Unknown,Unknown,"[136263684, 345381478]",24062,Leuven,60,
4584,143243228,4.738193262573114,50.868106863557486,Tiensesteenweg,Unknown,143243228,24062,Leuven,60,
4585,1447808881,4.73225435,50.9257355,Unknown,Unknown,1447808881,24062,Leuven,60,
4586,136404180,4.71569715,50.88036155,Unknown,Unknown,136404180,24062,Leuven,60,
4587,433140732,4.7157448935471455,50.88037722129758,Unknown,Unknown,433140732,24062,Leuven,60,
4588,71176518,4.709754346050915,50.853451082060346,Unknown,Unknown,71176518,24062,Leuven,60,
4589,136816764,4.69226635,50.888111,'s-Hertogenwijngaard,Unknown,136816764,24062,Leuven,60,
4590,"[229771672, 294038585]",4.692807188298,50.888595181618726,"['Mechelsevest', 'Verloren Kost']",Unknown,"[229771672, 294038585]",24062,Leuven,60,
4591,1047875519,4.69176135,50.88480545,Unknown,Unknown,1047875519,24062,Leuven,60,
4592,1047875520,4.69166905,50.8848184,Wijnpersstraat,Unknown,1047875520,24062,Leuven,60,
4593,1044729460,4.691871193484963,50.88448840635858,Donkerstraat,Unknown,1044729460,24062,Leuven,60,
4594,"[148252705, 608715514, 608715515, 1273103132]",4.691474522258718,50.88628531715177,Donkerstraat,Unknown,"[148252705, 608715514, 608715515, 1273103132]",24062,Leuven,60,
4595,136867689,4.735023199780592,50.89930962978688,Unknown,Unknown,136867689,24062,Leuven,60,
4596,136867688,4.73505475,50.89958325,Unknown,Unknown,136867688,24062,Leuven,60,
4597,137435545,4.732476898843675,50.932618807622426,Unknown,Unknown,137435545,24062,Leuven,60,
4598,138017401,4.718777311681277,50.90151110650932,Unknown,Unknown,138017401,24062,Leuven,60,
4599,149116005,4.719039783409676,50.89934505076827,Rietgors,Unknown,149116005,24062,Leuven,60,
4600,137534570,4.702232202891476,50.92673709393616,Unknown,Unknown,137534570,24062,Leuven,60,
4601,"[305551912, 138003041, 305551911]",4.700003208750476,50.88117677250562,Busleidengang,Unknown,"[305551912, 138003041, 305551911]",24062,Leuven,60,
4602,1080479773,4.7187568,50.88723445,Unknown,Unknown,1080479773,24062,Leuven,60,
4603,"[970178603, 1429413551]",4.71862150031524,50.88875043753866,Unknown,Unknown,"[970178603, 1429413551]",24062,Leuven,60,
4604,"[138017409, 1429413547]",4.718606300589124,50.88884653804268,Unknown,Unknown,"[138017409, 1429413547]",24062,Leuven,60,
4605,1429410232,4.7181702,50.8919561,Unknown,Unknown,1429410232,24062,Leuven,60,
4606,"[1429410232, 1429410231]",4.718009199864454,50.8919587378724,Unknown,Unknown,"[1429410232, 1429410231]",24062,Leuven,60,
4607,"[1429410227, 1429410228]",4.718024870381054,50.89245885491128,Unknown,Unknown,"[1429410227, 1429410228]",24062,Leuven,60,
4608,846848788,4.7180169930601465,50.895826323006766,Unknown,Unknown,846848788,24062,Leuven,60,
4609,846848789,4.719993207828479,50.89608664807955,Molenbeekpad,Unknown,846848789,24062,Leuven,60,
4610,970104163,4.717069250763315,50.8957128811825,Unknown,Unknown,970104163,24062,Leuven,60,
4611,970419780,4.7170239,50.8962383,Unknown,Unknown,970419780,24062,Leuven,60,
4612,970889015,4.716738100000001,50.897075,Unknown,Unknown,970889015,24062,Leuven,60,
4613,138017391,4.7169956,50.8969913,Unknown,Unknown,138017391,24062,Leuven,60,
4614,138017418,4.71758945,50.8970914,Unknown,Unknown,138017418,24062,Leuven,60,
4615,970889016,4.7169653,50.89707485,Unknown,Unknown,970889016,24062,Leuven,60,
4616,138555002,4.688680101279424,50.867337811348655,Unknown,Unknown,138555002,24062,Leuven,60,
4617,688347305,4.735623866453842,50.88500756184389,Unknown,Unknown,688347305,24062,Leuven,60,
4618,138598902,4.736544799401905,50.883478008751226,Unknown,Unknown,138598902,24062,Leuven,60,
4619,138598901,4.737701340247259,50.88501863108652,Unknown,Unknown,138598901,24062,Leuven,60,
4620,138598903,4.737361193663388,50.88479971652599,Unknown,Unknown,138598903,24062,Leuven,60,
4621,"[1089609642, 1089609634, 1089609635]",4.737930755480135,50.8855332208877,Diestsesteenweg,Unknown,"[1089609642, 1089609634, 1089609635]",24062,Leuven,60,
4622,"[1089609634, 1449467690]",4.736530595435956,50.885277426559306,Diestsesteenweg,Unknown,"[1089609634, 1449467690]",24062,Leuven,60,
4623,139449110,4.745358249225856,50.88690007853939,Unknown,Unknown,139449110,24062,Leuven,60,
4624,308222313,4.7313133583888325,50.88548079062773,Finse piste,Unknown,308222313,24062,Leuven,60,
4625,965198102,4.731124106054543,50.88641363690332,Unknown,Unknown,965198102,24062,Leuven,60,
4626,18512148,4.730326118821883,50.88657999174404,Finse piste,Unknown,18512148,24062,Leuven,60,
4627,"[18491551, 965198103]",4.729654536332742,50.88631236263967,Rustoordlaan,Unknown,"[18491551, 965198103]",24062,Leuven,60,
4628,965198103,4.730425311168419,50.88649438642698,Unknown,Unknown,965198103,24062,Leuven,60,
4629,1070035348,4.73349448163869,50.88639247910612,Unknown,Unknown,1070035348,24062,Leuven,60,
4630,139516875,4.7331305598072095,50.88703336339969,Unknown,Unknown,139516875,24062,Leuven,60,
4631,139516876,4.731814001754727,50.88722771626331,Unknown,Unknown,139516876,24062,Leuven,60,
4632,"[1070035344, 1070035347]",4.733883069420158,50.88699493278023,Unknown,Unknown,"[1070035344, 1070035347]",24062,Leuven,60,
4633,1069699892,4.731836749999999,50.88734985,Unknown,Unknown,1069699892,24062,Leuven,60,
4634,1088366468,4.7319941,50.8872636,Unknown,Unknown,1088366468,24062,Leuven,60,
4635,139516874,4.734310351160366,50.886437279036144,Finse piste,Unknown,139516874,24062,Leuven,60,
4636,139695837,4.725389673689751,50.88629990263317,Unknown,Unknown,139695837,24062,Leuven,60,
4637,1072661032,4.729553197786498,50.88728435425737,Heuvelhof,Unknown,1072661032,24062,Leuven,60,
4638,139695835,4.7300531,50.8875013,Heuvelhof,Unknown,139695835,24062,Leuven,60,
4639,"[139697978, 139695835]",4.730604475064959,50.88736119067607,Heuvelhof,Unknown,"[139697978, 139695835]",24062,Leuven,60,
4640,139695846,4.730696921305335,50.88776767183872,Heuvelhof,Unknown,139695846,24062,Leuven,60,
4641,139697978,4.73167885,50.88789515,Heuvelhof,Unknown,139697978,24062,Leuven,60,
4642,"[139706067, 295335879]",4.742912183443323,50.88879694344496,Maria Jacqueslaan,Unknown,"[139706067, 295335879]",24062,Leuven,60,
4643,139742814,4.72451695,50.889047700000006,Unknown,Unknown,139742814,24062,Leuven,60,
4644,139743392,4.727302699999999,50.88722550000001,Unknown,Unknown,139743392,24062,Leuven,60,
4645,732210659,4.727356804363505,50.88692023830512,Unknown,Unknown,732210659,24062,Leuven,60,
4646,"[1446018433, 1446018434]",4.762582160502778,50.88110560934513,Unknown,Unknown,"[1446018433, 1446018434]",24062,Leuven,60,
4647,293201773,4.7003986,50.8792869,Grote Markt,Unknown,293201773,24062,Leuven,60,
4648,"[293201772, 66765021]",4.700245013792467,50.879023341860496,"['Kortestraat', 'Grote Markt']",Unknown,"[293201772, 66765021]",24062,Leuven,60,
4649,141674415,4.735595459622212,50.86546557196463,Unknown,Unknown,141674415,24062,Leuven,60,
4650,10156323,4.70935740330364,50.86190370254932,Voordelaan,Unknown,10156323,24062,Leuven,60,
4651,141110411,4.710330376452083,50.861727407586,Langendaallaan,Unknown,141110411,24062,Leuven,60,
4652,768487847,4.7168119,50.87155925,Unknown,Unknown,768487847,24062,Leuven,60,
4653,1432544604,4.740138549999999,50.8676945,Tiensesteenweg,Unknown,1432544604,24062,Leuven,60,
4654,339533453,4.740260350388562,50.86765180331518,Tiensesteenweg,Unknown,339533453,24062,Leuven,60,
4655,339533456,4.7398903,50.8677187,Tiensesteenweg,Unknown,339533456,24062,Leuven,60,
4656,143243231,4.739575078827532,50.86778698880747,Tiensesteenweg,Unknown,143243231,24062,Leuven,60,
4657,"[260519604, 339533445]",4.739520190927521,50.86775208126853,Meerdaalboslaan,Unknown,"[260519604, 339533445]",24062,Leuven,60,
4658,339533458,4.73976695,50.86774475,Tiensesteenweg,Unknown,339533458,24062,Leuven,60,
4659,"[1432544600, 1432544598]",4.739691269657987,50.867729386112615,Tiensesteenweg,Unknown,"[1432544600, 1432544598]",24062,Leuven,60,
4660,339533455,4.7400387,50.86768615,Tiensesteenweg,Unknown,339533455,24062,Leuven,60,
4661,1453371511,4.738682270733739,50.86795712779609,Molstraat,Unknown,1453371511,24062,Leuven,60,
4662,143494631,4.670815203453317,50.86783356213702,Unknown,Unknown,143494631,24062,Leuven,60,
4663,143497594,4.670755275223148,50.86775005305661,Unknown,Unknown,143497594,24062,Leuven,60,
4664,"[146512792, 622696751]",4.673876227874315,50.8588352391725,Unknown,Unknown,"[146512792, 622696751]",24062,Leuven,60,
4665,622696751,4.675474148976913,50.858655545494976,Unknown,Unknown,622696751,24062,Leuven,60,
4666,146512792,4.675209717001716,50.8594066736661,Unknown,Unknown,146512792,24062,Leuven,60,
4667,277765394,4.74425095,50.87654045,Unknown,Unknown,277765394,24062,Leuven,60,
4668,147468959,4.7333301500000005,50.8687535,Unknown,Unknown,147468959,24062,Leuven,60,
4669,147468953,4.7330708,50.86840705,Unknown,Unknown,147468953,24062,Leuven,60,
4670,"[843033249, 126304941]",4.687779234128928,50.88653214397063,Mechelsevest,Unknown,"[843033249, 126304941]",24062,Leuven,60,
4671,126304941,4.686578439438217,50.88568686183116,Mechelsevest,Unknown,126304941,24062,Leuven,60,
4672,147850139,4.6855828588067325,50.88742918172392,Bieststraat,Unknown,147850139,24062,Leuven,60,
4673,1451420332,4.685412151705696,50.88720642579411,'s-Hertogenlaan,Unknown,1451420332,24062,Leuven,60,
4674,1451420334,4.685974214488909,50.887505935883,'s-Hertogenlaan,Unknown,1451420334,24062,Leuven,60,
4675,429706870,4.68995405,50.88792565,Unknown,Unknown,429706870,24062,Leuven,60,
4676,"[1507768040, 29010109]",4.6900274989582895,50.88806425330485,Den Boschsingel,Unknown,"[1507768040, 29010109]",24062,Leuven,60,
4677,507005804,4.69194415,50.8885954,Den Boschsingel,Unknown,507005804,24062,Leuven,60,
4678,"[135584593, 1451208674]",4.69188312607526,50.8885416602211,Unknown,Unknown,"[135584593, 1451208674]",24062,Leuven,60,
4679,9812591,4.693600965668581,50.88892507499599,Lüdenscheidsingel,Unknown,9812591,24062,Leuven,60,
4680,"[1217481153, 1451208671, 192108565, 455346223]",4.692174564727329,50.88890150073349,Unknown,Unknown,"[1217481153, 1451208671, 192108565, 455346223]",24062,Leuven,60,
4681,"[1166196784, 147850139]",4.684126011573816,50.891440572538826,Bieststraat,Unknown,"[1166196784, 147850139]",24062,Leuven,60,
4682,1337636506,4.682591546602761,50.88951903801516,Unknown,Unknown,1337636506,24062,Leuven,60,
4683,171521093,4.69164705,50.89089225,Unknown,Unknown,171521093,24062,Leuven,60,
4684,"[1451420315, 1451420316]",4.686877156719731,50.8911695458649,Unknown,Unknown,"[1451420315, 1451420316]",24062,Leuven,60,
4685,178712524,4.683953149979029,50.87778107756399,Groefstraat,Unknown,178712524,24062,Leuven,60,
4686,16924174,4.683254169242767,50.87869839730524,Edouard Remyvest,Unknown,16924174,24062,Leuven,60,
4687,"[8129243, 3752549]",4.683209889848084,50.88130735145876,Edouard Remyvest,Unknown,"[8129243, 3752549]",24062,Leuven,60,
4688,3752550,4.683720037230002,50.88227915278173,Edouard Remyvest,Unknown,3752550,24062,Leuven,60,
4689,290156796,4.694292450000001,50.8830035,Unknown,Unknown,290156796,24062,Leuven,60,
4690,438252661,4.6942762,50.8829367,Unknown,Unknown,438252661,24062,Leuven,60,
4691,284664272,4.693981033691408,50.88306917122829,Brouwersstraat,Unknown,284664272,24062,Leuven,60,
4692,3871577,4.6936084723785605,50.883209981298805,Petermannenstraat,Unknown,3871577,24062,Leuven,60,
4693,126304969,4.687710559044747,50.88588447700708,Wijnpersstraat,Unknown,126304969,24062,Leuven,60,
4694,294038584,4.694525684417127,50.88775036887229,Keizersberg,Unknown,294038584,24062,Leuven,60,
4695,147856938,4.694782683143168,50.88764722165865,Keizersberg,Unknown,147856938,24062,Leuven,60,
4696,147856946,4.693697439037549,50.88814576817725,Verloren Kost,Unknown,147856946,24062,Leuven,60,
4697,215431826,4.693795151040509,50.88834172248448,Keizersberg,Unknown,215431826,24062,Leuven,60,
4698,149116006,4.71992913673951,50.89920039772338,Sparrenboslaan,Unknown,149116006,24062,Leuven,60,
4699,149116020,4.719657493848763,50.89956345543813,Sparrenboslaan,Unknown,149116020,24062,Leuven,60,
4700,147856947,4.69180915,50.8877458,'s-Hertogenwijngaard,Unknown,147856947,24062,Leuven,60,
4701,304584473,4.691794,50.8878566,Donkerstraat,Unknown,304584473,24062,Leuven,60,
4702,438252660,4.6916883,50.8877405,Unknown,Unknown,438252660,24062,Leuven,60,
4703,295116814,4.6902717,50.8879615,Unknown,Unknown,295116814,24062,Leuven,60,
4704,843033250,4.6901991,50.8879306,Mechelsevest,Unknown,843033250,24062,Leuven,60,
4705,150056707,4.68922112748048,50.886899679131496,Unknown,Unknown,150056707,24062,Leuven,60,
4706,206186216,4.66257535,50.867439000000005,Unknown,Unknown,206186216,24062,Leuven,60,
4707,99346749,4.662826252374921,50.86774895866349,Sint-Jansbergsesteenweg,Unknown,99346749,24062,Leuven,60,
4708,1499563010,4.6631279,50.8679818,Unknown,Unknown,1499563010,24062,Leuven,60,
4709,"[608916224, 608916225, 608916226, 99346754, 608916223]",4.663449204510008,50.8682378467817,Sint-Jansbergsesteenweg,Unknown,"[608916224, 608916225, 608916226, 99346754, 608916223]",24062,Leuven,60,
4710,150105734,4.6643476,50.868421,Unknown,Unknown,150105734,24062,Leuven,60,
4711,150106032,4.665007910144961,50.86831830965093,Unknown,Unknown,150106032,24062,Leuven,60,
4712,"[99346745, 99346754]",4.663955876598506,50.86853306713505,Sint-Jansbergsesteenweg,Unknown,"[99346745, 99346754]",24062,Leuven,60,
4713,99346745,4.665049860484825,50.86918881954432,Sint-Jansbergsesteenweg,Unknown,99346745,24062,Leuven,60,
4714,"[206186218, 206186221, 206186215]",4.6646641500012045,50.86752011016119,Unknown,Unknown,"[206186218, 206186221, 206186215]",24062,Leuven,60,
4715,3731762,4.671527928851331,50.8670118075985,Oude Nijvelseweg,Unknown,3731762,24062,Leuven,60,
4716,150107907,4.6674968,50.868772,Unknown,Unknown,150107907,24062,Leuven,60,
4717,150107908,4.66760275,50.8688667,Unknown,Unknown,150107908,24062,Leuven,60,
4718,"[1487587121, 150107910]",4.668281569219013,50.86822950620547,Unknown,Unknown,"[1487587121, 150107910]",24062,Leuven,60,
4719,965200198,4.7457227500000005,50.893768050000006,Unknown,Unknown,965200198,24062,Leuven,60,
4720,"[151093234, 1429585541]",4.705375438382842,50.890704627125146,Unknown,Unknown,"[151093234, 1429585541]",24062,Leuven,60,
4721,151093241,4.700141561007407,50.89095016171549,Unknown,Unknown,151093241,24062,Leuven,60,
4722,"[19568040, 19568033, 301992140]",4.699263467438832,50.86576789431302,Stanislas De Rijcklaan,Unknown,"[19568040, 19568033, 301992140]",24062,Leuven,60,
4723,151197038,4.699235424155517,50.89049635135356,Unknown,Unknown,151197038,24062,Leuven,60,
4724,151197035,4.700408749999999,50.89311274999999,Unknown,Unknown,151197035,24062,Leuven,60,
4725,151369270,4.6465409,50.86873405,Unknown,Unknown,151369270,24062,Leuven,60,
4726,"[1288098322, 1288098323]",4.646388627385795,50.86888931281361,Unknown,Unknown,"[1288098322, 1288098323]",24062,Leuven,60,
4727,"[151375651, 9388486]",4.656830878352252,50.87031876221971,"['Bertemstraat', 'Termunckdreef']",Unknown,"[151375651, 9388486]",24062,Leuven,60,
4728,151375656,4.659454164340621,50.87088315447265,Unknown,Unknown,151375656,24062,Leuven,60,
4729,151375657,4.661131474728773,50.871808900435376,Unknown,Unknown,151375657,24062,Leuven,60,
4730,1436180943,4.6639681500000005,50.87268485,Tervuursesteenweg,Unknown,1436180943,24062,Leuven,60,
4731,151895492,4.66371425,50.87289125,Unknown,Unknown,151895492,24062,Leuven,60,
4732,"[151895488, 550696810]",4.663912271583323,50.87293634016656,Unknown,Unknown,"[151895488, 550696810]",24062,Leuven,60,
4733,151895481,4.663682400204593,50.873398959234585,Unknown,Unknown,151895481,24062,Leuven,60,
4734,152013031,4.649600813307086,50.857793655815136,Unknown,Unknown,152013031,24062,Leuven,60,
4735,352952834,4.6493126,50.8586976,Unknown,Unknown,352952834,24062,Leuven,60,
4736,542834819,4.649057605732237,50.85860154556298,Unknown,Unknown,542834819,24062,Leuven,60,
4737,152299836,4.73179385,50.86780679999999,Unknown,Unknown,152299836,24062,Leuven,60,
4738,153064850,4.7588756,50.8840265,Unknown,Unknown,153064850,24062,Leuven,60,
4739,419528905,4.7587782,50.88404035,Unknown,Unknown,419528905,24062,Leuven,60,
4740,170642835,4.759555904239494,50.88432228925325,Unknown,Unknown,170642835,24062,Leuven,60,
4741,154109253,4.697867810725971,50.86337481152862,Hoveniersdreef,Unknown,154109253,24062,Leuven,60,
4742,154552745,4.706174308800184,50.92638057721957,Unknown,Unknown,154552745,24062,Leuven,60,
4743,155309817,4.740997192920989,50.88461391915976,Unknown,Unknown,155309817,24062,Leuven,60,
4744,155309816,4.74082905,50.88470225,Unknown,Unknown,155309816,24062,Leuven,60,
4745,"[155309813, 155309814, 155309815]",4.739954319190399,50.88536352199792,Unknown,Unknown,"[155309813, 155309814, 155309815]",24062,Leuven,60,
4746,155330893,4.700219429894021,50.89449359815693,Unknown,Unknown,155330893,24062,Leuven,60,
4747,155330892,4.700696647936367,50.894923467558,Unknown,Unknown,155330892,24062,Leuven,60,
4748,155444846,4.749749553187964,50.88019943548881,Unknown,Unknown,155444846,24062,Leuven,60,
4749,243843341,4.75082405,50.87888005,Unknown,Unknown,243843341,24062,Leuven,60,
4750,156007644,4.751603119164795,50.87923116535948,Unknown,Unknown,156007644,24062,Leuven,60,
4751,156008293,4.7564514,50.88003155,Unknown,Unknown,156008293,24062,Leuven,60,
4752,"[27682443, 192706263]",4.755388221072811,50.87921220455956,Bovenloweg,Unknown,"[27682443, 192706263]",24062,Leuven,60,
4753,156008292,4.75653917534424,50.88005888670476,Unknown,Unknown,156008292,24062,Leuven,60,
4754,156008840,4.759048746979651,50.876164950014825,Unknown,Unknown,156008840,24062,Leuven,60,
4755,1421525334,4.718788411380895,50.88727775025399,Unknown,Unknown,1421525334,24062,Leuven,60,
4756,"[688336513, 1304210227]",4.719063323925988,50.886456288340696,Unknown,Unknown,"[688336513, 1304210227]",24062,Leuven,60,
4757,156263181,4.718148837818584,50.92646151231919,Kerkhofweg,Unknown,156263181,24062,Leuven,60,
4758,1061869935,4.7137199,50.917737900000006,Vuntpad,Unknown,1061869935,24062,Leuven,60,
4759,"[293517562, 293517563, 158201036]",4.695086032185033,50.88636474598827,Zandgang,Unknown,"[293517562, 293517563, 158201036]",24062,Leuven,60,
4760,158350621,4.699380650791265,50.92229504681719,Unknown,Unknown,158350621,24062,Leuven,60,
4761,158350618,4.699624862856422,50.92305238713096,Unknown,Unknown,158350618,24062,Leuven,60,
4762,158350620,4.693201145860212,50.924139481791656,Unknown,Unknown,158350620,24062,Leuven,60,
4763,901791674,4.6725713,50.8631731,Unknown,Unknown,901791674,24062,Leuven,60,
4764,4390679,4.698274021972531,50.93205256080503,Rotselaarsesteenweg,Unknown,4390679,24062,Leuven,60,
4765,160041218,4.6929089,50.92461195,Unknown,Unknown,160041218,24062,Leuven,60,
4766,160124496,4.695419448017453,50.9327954490422,Unknown,Unknown,160124496,24062,Leuven,60,
4767,160124495,4.695176871528853,50.9331002601611,Unknown,Unknown,160124495,24062,Leuven,60,
4768,160125836,4.695433314869379,50.89193946374673,Roeselbergdal,Unknown,160125836,24062,Leuven,60,
4769,160125837,4.695404713421056,50.89188770567075,Roeselbergdal,Unknown,160125837,24062,Leuven,60,
4770,160125881,4.698347296683618,50.89747462908245,Unknown,Unknown,160125881,24062,Leuven,60,
4771,160125885,4.698497297436356,50.89746648521293,Unknown,Unknown,160125885,24062,Leuven,60,
4772,160125883,4.698387895682484,50.89764372657997,Unknown,Unknown,160125883,24062,Leuven,60,
4773,160125882,4.698422188595269,50.89786036315236,Unknown,Unknown,160125882,24062,Leuven,60,
4774,"[160134544, 160134549, 160134543]",4.685278739981969,50.8841080635186,Unknown,Unknown,"[160134544, 160134549, 160134543]",24062,Leuven,60,
4775,1084192716,4.67837625,50.88431235,Unknown,Unknown,1084192716,24062,Leuven,60,
4776,"[23119329, 302138409]",4.713497837383941,50.86960078294229,Nieuwe Kerkhofdreef,Unknown,"[23119329, 302138409]",24062,Leuven,60,
4777,"[302138410, 160912994]",4.713377552481888,50.87001497686271,Pleinstraat,Unknown,"[302138410, 160912994]",24062,Leuven,60,
4778,1461261518,4.710795760874714,50.86863336989754,Unknown,Unknown,1461261518,24062,Leuven,60,
4779,161460995,4.728018254351339,50.87711228818717,Unknown,Unknown,161460995,24062,Leuven,60,
4780,161940999,4.6860363,50.85800265,Unknown,Unknown,161940999,24062,Leuven,60,
4781,161941000,4.687090807309416,50.858793325759706,Unknown,Unknown,161941000,24062,Leuven,60,
4782,1463793023,4.68733188960519,50.85871897513852,Unknown,Unknown,1463793023,24062,Leuven,60,
4783,1363556524,4.671712749999999,50.87397435,Unknown,Unknown,1363556524,24062,Leuven,60,
4784,130861474,4.671727136406089,50.87410474887972,Unknown,Unknown,130861474,24062,Leuven,60,
4785,"[264864146, 1432114662, 1432114663]",4.67244767313992,50.87321895310578,Unknown,Unknown,"[264864146, 1432114662, 1432114663]",24062,Leuven,60,
4786,311042987,4.709097651121104,50.90368375470307,Aarschotsesteenweg,Unknown,311042987,24062,Leuven,60,
4787,1246074591,4.70879525,50.90396745,Unknown,Unknown,1246074591,24062,Leuven,60,
4788,"[1246074588, 1246074590, 1246074591]",4.708824789780099,50.90391688212511,Unknown,Unknown,"[1246074588, 1246074590, 1246074591]",24062,Leuven,60,
4789,1456364324,4.70715635,50.90092250000001,Unknown,Unknown,1456364324,24062,Leuven,60,
4790,"[165498328, 1456364323, 1456364324, 27479871]",4.708311760768432,50.90153468837628,Unknown,Unknown,"[165498328, 1456364323, 1456364324, 27479871]",24062,Leuven,60,
4791,"[1246074593, 116701562]",4.709491154953692,50.90346160384974,Dijledreef,Unknown,"[1246074593, 116701562]",24062,Leuven,60,
4792,"[1246074593, 1246074594, 1246074595]",4.709125802310823,50.90401235633913,Dijledreef,Unknown,"[1246074593, 1246074594, 1246074595]",24062,Leuven,60,
4793,1429480698,4.708805,50.90406025,Unknown,Unknown,1429480698,24062,Leuven,60,
4794,"[1246074589, 1246074591]",4.708761505908891,50.90400701260422,Unknown,Unknown,"[1246074589, 1246074591]",24062,Leuven,60,
4795,"[1429480698, 1429480699, 165498327]",4.708227732913447,50.90385117568051,Unknown,Unknown,"[1429480698, 1429480699, 165498327]",24062,Leuven,60,
4796,165498328,4.709446491029632,50.90241831465701,Unknown,Unknown,165498328,24062,Leuven,60,
4797,"[165498328, 1246074590]",4.709023918192703,50.90337577803567,Unknown,Unknown,"[165498328, 1246074590]",24062,Leuven,60,
4798,"[1246074592, 1246074595]",4.709028375171932,50.90409998148501,Dijledreef,Unknown,"[1246074592, 1246074595]",24062,Leuven,60,
4799,1498062959,4.710285450000001,50.90465645,Unknown,Unknown,1498062959,24062,Leuven,60,
4800,89557186,4.6926013,50.88197375000001,Vriesenhof,Unknown,89557186,24062,Leuven,60,
4801,8131991,4.686404798034496,50.86752837505019,Studentenwijk Arenberg,Unknown,8131991,24062,Leuven,60,
4802,226047795,4.685405103625013,50.86809988617506,Unknown,Unknown,226047795,24062,Leuven,60,
4803,843261108,4.686045999999999,50.8678953,Unknown,Unknown,843261108,24062,Leuven,60,
4804,630213449,4.76027185,50.8835204,Unknown,Unknown,630213449,24062,Leuven,60,
4805,171521080,4.690915658516821,50.89185658104008,Unknown,Unknown,171521080,24062,Leuven,60,
4806,171521091,4.6913345500000005,50.89136635,Unknown,Unknown,171521091,24062,Leuven,60,
4807,171521095,4.691515194836865,50.89129226459575,Unknown,Unknown,171521095,24062,Leuven,60,
4808,317349871,4.691540899499305,50.89172637285345,Unknown,Unknown,317349871,24062,Leuven,60,
4809,547408030,4.7237578786991525,50.85912631614876,Unknown,Unknown,547408030,24062,Leuven,60,
4810,"[1458087484, 1458087478]",4.688458408077657,50.87354536987326,Unknown,Unknown,"[1458087484, 1458087478]",24062,Leuven,60,
4811,295375263,4.7354611,50.8918094,Abdij Vlierbeek,Unknown,295375263,24062,Leuven,60,
4812,"[1374655304, 1374655306]",4.736938326998031,50.89216145440509,Unknown,Unknown,"[1374655304, 1374655306]",24062,Leuven,60,
4813,174886289,4.698236100000001,50.8683264,Naamsesteenweg,Unknown,174886289,24062,Leuven,60,
4814,"[578662068, 655251291, 174886292, 1383563839]",4.698062893949525,50.8681240349638,Naamsesteenweg,Unknown,"[578662068, 655251291, 174886292, 1383563839]",24062,Leuven,60,
4815,"[179193437, 1494289453, 420544313, 38245337, 305853533, 33690911]",4.726450528047463,50.89266613593527,Beemdenpad,Unknown,"[179193437, 1494289453, 420544313, 38245337, 305853533, 33690911]",24062,Leuven,60,
4816,18491554,4.733398083120413,50.89671253092355,Blokweg,Unknown,18491554,24062,Leuven,60,
4817,179193445,4.735185216138687,50.89638780985123,Unknown,Unknown,179193445,24062,Leuven,60,
4818,179193446,4.72555617803599,50.899756865890026,Unknown,Unknown,179193446,24062,Leuven,60,
4819,179193439,4.7260335,50.89981685,Unknown,Unknown,179193439,24062,Leuven,60,
4820,180167957,4.719628104361408,50.88546198269406,Unknown,Unknown,180167957,24062,Leuven,60,
4821,1305194235,4.7196786,50.88554255,Baron August de Becker Remyplein,Unknown,1305194235,24062,Leuven,60,
4822,180167958,4.71945034954483,50.88556010213025,Unknown,Unknown,180167958,24062,Leuven,60,
4823,"[478297808, 478297809, 268835934, 478297807]",4.694362365233444,50.84467881234184,Unknown,Unknown,"[478297808, 478297809, 268835934, 478297807]",24062,Leuven,60,
4824,181282771,4.659670594169468,50.87269946946631,Unknown,Unknown,181282771,24062,Leuven,60,
4825,"[967356450, 181282771]",4.659938478178393,50.87229407648043,Unknown,Unknown,"[967356450, 181282771]",24062,Leuven,60,
4826,1396637553,4.6595697505948594,50.872680461046,Unknown,Unknown,1396637553,24062,Leuven,60,
4827,181282769,4.658925650238004,50.87268691119415,Unknown,Unknown,181282769,24062,Leuven,60,
4828,"[564433401, 181282771]",4.65875395733719,50.87391142987167,Unknown,Unknown,"[564433401, 181282771]",24062,Leuven,60,
4829,"[609991338, 609991308]",4.658257104849919,50.871506526536365,Tervuursesteenweg,Unknown,"[609991338, 609991308]",24062,Leuven,60,
4830,609991338,4.660589594146574,50.87198849841707,Tervuursesteenweg,Unknown,609991338,24062,Leuven,60,
4831,967356450,4.660142617778832,50.87191850966884,Unknown,Unknown,967356450,24062,Leuven,60,
4832,181409246,4.734741149999999,50.86780065000001,Casablancalaan,Unknown,181409246,24062,Leuven,60,
4833,182723458,4.67559365,50.88362469999999,Unknown,Unknown,182723458,24062,Leuven,60,
4834,810580966,4.675979936443722,50.883518914849,Unknown,Unknown,810580966,24062,Leuven,60,
4835,200349371,4.67484475,50.8826637,Unknown,Unknown,200349371,24062,Leuven,60,
4836,182723456,4.6741528,50.8827906,Unknown,Unknown,182723456,24062,Leuven,60,
4837,807751738,4.673562649999999,50.88276185,Unknown,Unknown,807751738,24062,Leuven,60,
4838,182723457,4.674765251294716,50.88282374344216,Unknown,Unknown,182723457,24062,Leuven,60,
4839,184346175,4.6732482,50.8824362,Unknown,Unknown,184346175,24062,Leuven,60,
4840,"[807751752, 184346175]",4.672988116373851,50.88273809085142,Unknown,Unknown,"[807751752, 184346175]",24062,Leuven,60,
4841,807751754,4.672818833906232,50.88290668578418,Unknown,Unknown,807751754,24062,Leuven,60,
4842,361576378,4.6772466,50.8833845,Unknown,Unknown,361576378,24062,Leuven,60,
4843,1084093047,4.68634975,50.86363205,Kasteelpark Arenberg,Unknown,1084093047,24062,Leuven,60,
4844,"[185489786, 185488466, 185488786]",4.688964511217563,50.87056596783134,Tervuursevest,Unknown,"[185489786, 185488466, 185488786]",24062,Leuven,60,
4845,8590231,4.7148917,50.88052225,Tiensevest,Unknown,8590231,24062,Leuven,60,
4846,19793199,4.7148172,50.88055695,Maria-Theresiastraat,Unknown,19793199,24062,Leuven,60,
4847,"[1003492531, 185988814]",4.714847555007625,50.88068437527535,Tiensevest,Unknown,"[1003492531, 185988814]",24062,Leuven,60,
4848,185988814,4.714805849999999,50.88079715,Tiensevest,Unknown,185988814,24062,Leuven,60,
4849,19793223,4.714724529202755,50.88098785383636,Tiensevest,Unknown,19793223,24062,Leuven,60,
4850,191355183,4.716404598561212,50.88339960083849,Unknown,Unknown,191355183,24062,Leuven,60,
4851,187392565,4.7411443,50.86722065,Unknown,Unknown,187392565,24062,Leuven,60,
4852,1432415515,4.74055705,50.86742265,Unknown,Unknown,1432415515,24062,Leuven,60,
4853,"[187498434, 187498438]",4.7110745521393165,50.8930014597084,Dijledreef,Unknown,"[187498434, 187498438]",24062,Leuven,60,
4854,187648974,4.742762750000001,50.867248200000006,Unknown,Unknown,187648974,24062,Leuven,60,
4855,187648978,4.743271092654718,50.86725972929915,Unknown,Unknown,187648978,24062,Leuven,60,
4856,1021053903,4.74338285,50.866942900000005,Tiensesteenweg,Unknown,1021053903,24062,Leuven,60,
4857,1432544610,4.723865340572942,50.87154782606926,Unknown,Unknown,1432544610,24062,Leuven,60,
4858,188369354,4.65726445,50.863929250000005,Unknown,Unknown,188369354,24062,Leuven,60,
4859,1430076782,4.69694895,50.92946465000001,Unknown,Unknown,1430076782,24062,Leuven,60,
4860,1513222722,4.68537165,50.8798091,Unknown,Unknown,1513222722,24062,Leuven,60,
4861,"[1085274731, 1085368359]",4.685239983572584,50.88001944262383,Unknown,Unknown,"[1085274731, 1085368359]",24062,Leuven,60,
4862,1088478781,4.684437353916483,50.87991127979415,Unknown,Unknown,1088478781,24062,Leuven,60,
4863,"[314109840, 129089232]",4.704100139649061,50.87760000305518,Unknown,Unknown,"[314109840, 129089232]",24062,Leuven,60,
4864,192559649,4.69209395,50.88915575,Unknown,Unknown,192559649,24062,Leuven,60,
4865,1290331580,4.69212115,50.8892168,Unknown,Unknown,1290331580,24062,Leuven,60,
4866,"[294192993, 294193002]",4.692160961409162,50.888353214011495,Unknown,Unknown,"[294192993, 294193002]",24062,Leuven,60,
4867,"[292472297, 292472294]",4.691478101100017,50.88998070228649,Nieuwe Mechelsesteenweg,Unknown,"[292472297, 292472294]",24062,Leuven,60,
4868,"[192559620, 608715593, 608715594, 292472302, 292472313]",4.690300486323699,50.89198364637213,Nieuwe Mechelsesteenweg,Unknown,"[192559620, 608715593, 608715594, 292472302, 292472313]",24062,Leuven,60,
4869,192108577,4.69216025141847,50.88851642723475,Unknown,Unknown,192108577,24062,Leuven,60,
4870,"[294193002, 192108565]",4.692203938483037,50.88857997057107,Unknown,Unknown,"[294193002, 192108565]",24062,Leuven,60,
4871,"[294192992, 294192993, 294192986]",4.691997687266658,50.8879777804306,Unknown,Unknown,"[294192992, 294192993, 294192986]",24062,Leuven,60,
4872,292472307,4.691368199999999,50.89051965,Nieuwe Mechelsesteenweg,Unknown,292472307,24062,Leuven,60,
4873,292472310,4.691195350000001,50.8905046,Nieuwe Mechelsesteenweg,Unknown,292472310,24062,Leuven,60,
4874,"[139807121, 292472307]",4.69169815767273,50.8898841257364,Nieuwe Mechelsesteenweg,Unknown,"[139807121, 292472307]",24062,Leuven,60,
4875,"[1451208672, 1451208673, 1451208674, 192108566]",4.691881797768975,50.88885112348795,Unknown,Unknown,"[1451208672, 1451208673, 1451208674, 192108566]",24062,Leuven,60,
4876,192509210,4.7259911500000005,50.864517150000005,Unknown,Unknown,192509210,24062,Leuven,60,
4877,192509212,4.72644355,50.8646587,Unknown,Unknown,192509212,24062,Leuven,60,
4878,681081951,4.6817417500000005,50.879559,Gasthuisberglaan,Unknown,681081951,24062,Leuven,60,
4879,"[1507767216, 1507767217, 1507767218, 1507767219]",4.681977284990387,50.87985142854353,Unknown,Unknown,"[1507767216, 1507767217, 1507767218, 1507767219]",24062,Leuven,60,
4880,"[1044729457, 1433110630]",4.681044914863332,50.88007429866344,Unknown,Unknown,"[1044729457, 1433110630]",24062,Leuven,60,
4881,"[198680748, 1433110631]",4.681823452491385,50.88013251859856,Unknown,Unknown,"[198680748, 1433110631]",24062,Leuven,60,
4882,"[192559657, 320041238, 429706873]",4.673491445239811,50.88079912418946,Unknown,Unknown,"[192559657, 320041238, 429706873]",24062,Leuven,60,
4883,"[1511701420, 1511701421, 1511701413]",4.6719007464118745,50.88085622481222,Unknown,Unknown,"[1511701420, 1511701421, 1511701413]",24062,Leuven,60,
4884,"[1511701421, 53203695]",4.673414149340211,50.88119147394231,Unknown,Unknown,"[1511701421, 53203695]",24062,Leuven,60,
4885,"[8128795, 192559654]",4.682530331115666,50.883010521390496,Brusselsesteenweg,Unknown,"[8128795, 192559654]",24062,Leuven,60,
4886,"[1432632840, 1432632841, 1001151700]",4.682166661663875,50.88329834818649,Unknown,Unknown,"[1432632840, 1432632841, 1001151700]",24062,Leuven,60,
4887,"[1432632842, 1001151700]",4.682106512267051,50.88325697785334,Unknown,Unknown,"[1432632842, 1001151700]",24062,Leuven,60,
4888,1432632840,4.68221085,50.88335805,Unknown,Unknown,1432632840,24062,Leuven,60,
4889,"[952471674, 23837546]",4.682656695214095,50.88327802193306,Brusselsesteenweg,Unknown,"[952471674, 23837546]",24062,Leuven,60,
4890,"[1432632840, 1432632839]",4.682237941252907,50.88340585515658,Unknown,Unknown,"[1432632840, 1432632839]",24062,Leuven,60,
4891,192559656,4.7302200845648406,50.90501300457554,Unknown,Unknown,192559656,24062,Leuven,60,
4892,192559645,4.729976199999999,50.9053349,Unknown,Unknown,192559645,24062,Leuven,60,
4893,"[1075116450, 1075116451]",4.683311484279205,50.86012560596945,Unknown,Unknown,"[1075116450, 1075116451]",24062,Leuven,60,
4894,"[1318325968, 1318325966]",4.659423800063438,50.86222495094401,Unknown,Unknown,"[1318325968, 1318325966]",24062,Leuven,60,
4895,"[461159356, 461159358, 192659023]",4.689740879280599,50.87166483904239,Veilingweg,Unknown,"[461159356, 461159358, 192659023]",24062,Leuven,60,
4896,"[9904410, 192689379, 9904404]",4.738451807215109,50.86613948702984,Meerdaalboslaan,Unknown,"[9904410, 192689379, 9904404]",24062,Leuven,60,
4897,193210022,4.7119608,50.8680397,Unknown,Unknown,193210022,24062,Leuven,60,
4898,"[526261540, 526261541, 194739455]",4.688965871629773,50.87991032372608,Horengang,Unknown,"[526261540, 526261541, 194739455]",24062,Leuven,60,
4899,194820402,4.765085280285922,50.8873488118642,Unknown,Unknown,194820402,24062,Leuven,60,
4900,194820409,4.7640843597984,50.88695335284369,Unknown,Unknown,194820409,24062,Leuven,60,
4901,454934595,4.763442798403162,50.88686685369337,Unknown,Unknown,454934595,24062,Leuven,60,
4902,454934596,4.761504396761552,50.88698121394157,Unknown,Unknown,454934596,24062,Leuven,60,
4903,194820420,4.7597868000000005,50.88708705,Unknown,Unknown,194820420,24062,Leuven,60,
4904,224087337,4.75990011227178,50.88665910160323,Unknown,Unknown,224087337,24062,Leuven,60,
4905,194820403,4.76021955,50.88718455,Unknown,Unknown,194820403,24062,Leuven,60,
4906,194820407,4.763394572484405,50.887039068589125,Unknown,Unknown,194820407,24062,Leuven,60,
4907,194820406,4.759513919105893,50.88814165369278,Unknown,Unknown,194820406,24062,Leuven,60,
4908,194820416,4.759519048745055,50.88850453107267,Unknown,Unknown,194820416,24062,Leuven,60,
4909,406453586,4.757375400000001,50.888641150000005,Diestsesteenweg,Unknown,406453586,24062,Leuven,60,
4910,1443222612,4.75940195,50.88872985,Unknown,Unknown,1443222612,24062,Leuven,60,
4911,194820417,4.759335370153891,50.8886275037059,Unknown,Unknown,194820417,24062,Leuven,60,
4912,194820314,4.7577186000000005,50.88869375,Diestsesteenweg,Unknown,194820314,24062,Leuven,60,
4913,194820405,4.7579908,50.88868575,Unknown,Unknown,194820405,24062,Leuven,60,
4914,"[1443222611, 1443222612]",4.7596744687665975,50.88875000903513,Unknown,Unknown,"[1443222611, 1443222612]",24062,Leuven,60,
4915,194820337,4.75921815,50.88875335,Diestsesteenweg,Unknown,194820337,24062,Leuven,60,
4916,1443222610,4.7591295,50.88872685,Unknown,Unknown,1443222610,24062,Leuven,60,
4917,1443222609,4.7598503,50.88883365,Unknown,Unknown,1443222609,24062,Leuven,60,
4918,194820289,4.75854885,50.888762400000005,Diestsesteenweg,Unknown,194820289,24062,Leuven,60,
4919,194820306,4.75920805,50.88881084999999,Diestsesteenweg,Unknown,194820306,24062,Leuven,60,
4920,194820319,4.7593836,50.888824,Diestsesteenweg,Unknown,194820319,24062,Leuven,60,
4921,194820328,4.760300515240007,50.88889472971739,Diestsesteenweg,Unknown,194820328,24062,Leuven,60,
4922,1078208311,4.648127174208003,50.86944011623934,Unknown,Unknown,1078208311,24062,Leuven,60,
4923,1428389311,4.64793325,50.86942365,Unknown,Unknown,1428389311,24062,Leuven,60,
4924,195761715,4.689557949999999,50.893916,Unknown,Unknown,195761715,24062,Leuven,60,
4925,195761714,4.689433263513616,50.89370179729698,Unknown,Unknown,195761714,24062,Leuven,60,
4926,195767431,4.7164699500000005,50.9071016,Unknown,Unknown,195767431,24062,Leuven,60,
4927,101388643,4.716395196711314,50.9072316142377,Vuntcomplex,Unknown,101388643,24062,Leuven,60,
4928,195767428,4.716392325268018,50.90706816781052,Unknown,Unknown,195767428,24062,Leuven,60,
4929,"[17540932, 149117671, 17540907, 315666514, 315666515, 192559635]",4.718435709358395,50.90549447520906,Vuntcomplex,Unknown,"[17540932, 149117671, 17540907, 315666514, 315666515, 192559635]",24062,Leuven,60,
4930,195767432,4.71632145,50.9068188,Unknown,Unknown,195767432,24062,Leuven,60,
4931,196707404,4.682573150169765,50.93959592659788,Unknown,Unknown,196707404,24062,Leuven,60,
4932,196710078,4.687286232729925,50.93915654428265,Unknown,Unknown,196710078,24062,Leuven,60,
4933,197788285,4.697671671725383,50.930744148007925,Unknown,Unknown,197788285,24062,Leuven,60,
4934,197794748,4.694319650000001,50.93921785,Unknown,Unknown,197794748,24062,Leuven,60,
4935,962526794,4.695952,50.9395497,Unknown,Unknown,962526794,24062,Leuven,60,
4936,310488972,4.72795245,50.93484390000001,Vierhuizenstraat,Unknown,310488972,24062,Leuven,60,
4937,197815075,4.720103532195426,50.92336579865943,Unknown,Unknown,197815075,24062,Leuven,60,
4938,"[345381435, 79299306, 863731643]",4.720965175830364,50.92383342042868,Aarschotsesteenweg,Unknown,"[345381435, 79299306, 863731643]",24062,Leuven,60,
4939,1433349730,4.721319191304158,50.92463989425216,Unknown,Unknown,1433349730,24062,Leuven,60,
4940,197815076,4.721315005500985,50.92552209981354,Hoogveldweg,Unknown,197815076,24062,Leuven,60,
4941,197815715,4.715037333395287,50.9132290027791,Unknown,Unknown,197815715,24062,Leuven,60,
4942,126304914,4.71409905,50.88463925,Diestsepoort,Unknown,126304914,24062,Leuven,60,
4943,320591282,4.7141551,50.8845606,Vuurkruisenlaan,Unknown,320591282,24062,Leuven,60,
4944,"[970357681, 126304914]",4.714037630758875,50.88455182986333,Diestsepoort,Unknown,"[970357681, 126304914]",24062,Leuven,60,
4945,"[4061640, 23691160]",4.711984193562521,50.8856007432906,Vuurkruisenlaan,Unknown,"[4061640, 23691160]",24062,Leuven,60,
4946,285196392,4.716790608154963,50.88256880030759,Unknown,Unknown,285196392,24062,Leuven,60,
4947,"[1507767631, 813979471]",4.683706561657654,50.8774153548703,Unknown,Unknown,"[1507767631, 813979471]",24062,Leuven,60,
4948,198966065,4.6704206500000005,50.87970235,Unknown,Unknown,198966065,24062,Leuven,60,
4949,"[536676576, 1231759604, 1231759605]",4.671107513690705,50.87921597126413,Unknown,Unknown,"[536676576, 1231759604, 1231759605]",24062,Leuven,60,
4950,1231759604,4.6700692439699845,50.87961944259655,Unknown,Unknown,1231759604,24062,Leuven,60,
4951,199381113,4.70866055,50.8684522,Geldenaaksebaan,Unknown,199381113,24062,Leuven,60,
4952,616174266,4.70809575,50.86896184999999,Unknown,Unknown,616174266,24062,Leuven,60,
4953,"[199381115, 199381117]",4.708336834354819,50.86875468117616,Geldenaaksebaan,Unknown,"[199381115, 199381117]",24062,Leuven,60,
4954,1053329459,4.656916781777637,50.85959246038416,Sint-Jansbergsesteenweg,Unknown,1053329459,24062,Leuven,60,
4955,"[1441661458, 1441661459, 1441661460]",4.6577421737554845,50.86043101908648,Unknown,Unknown,"[1441661458, 1441661459, 1441661460]",24062,Leuven,60,
4956,"[326736796, 184346175]",4.673837534141832,50.88230934511412,Unknown,Unknown,"[326736796, 184346175]",24062,Leuven,60,
4957,807117579,4.722686029880185,50.92005072857838,Unknown,Unknown,807117579,24062,Leuven,60,
4958,202745270,4.686483808652872,50.86819505965077,Unknown,Unknown,202745270,24062,Leuven,60,
4959,202745271,4.68657485,50.86815405,Unknown,Unknown,202745271,24062,Leuven,60,
4960,202745272,4.676924132203544,50.863157839741824,Unknown,Unknown,202745272,24062,Leuven,60,
4961,202745273,4.6864534103542566,50.86828208609191,Studentenwijk Arenberg,Unknown,202745273,24062,Leuven,60,
4962,1471809697,4.6872223890997535,50.86825267176702,Unknown,Unknown,1471809697,24062,Leuven,60,
4963,202745275,4.687647443802045,50.86851877499552,Unknown,Unknown,202745275,24062,Leuven,60,
4964,376806832,4.68630875,50.8684845,Unknown,Unknown,376806832,24062,Leuven,60,
4965,203585802,4.697604515311043,50.84536078716047,Unknown,Unknown,203585802,24062,Leuven,60,
4966,114935425,4.67932085,50.8648054,Kapeldreef,Unknown,114935425,24062,Leuven,60,
4967,84306068,4.679793703478193,50.86486782631205,Kapeldreef,Unknown,84306068,24062,Leuven,60,
4968,114935424,4.679627555591652,50.86476699377885,Unknown,Unknown,114935424,24062,Leuven,60,
4969,"[1207484705, 1447911812, 1447911813]",4.678965670858166,50.86484872987557,Unknown,Unknown,"[1207484705, 1447911812, 1447911813]",24062,Leuven,60,
4970,206186209,4.6676944,50.8653671,Unknown,Unknown,206186209,24062,Leuven,60,
4971,206186199,4.667919749999999,50.8654151,Unknown,Unknown,206186199,24062,Leuven,60,
4972,206186200,4.66813485,50.8654609,Unknown,Unknown,206186200,24062,Leuven,60,
4973,206186201,4.66862545,50.865565450000005,Unknown,Unknown,206186201,24062,Leuven,60,
4974,"[206186229, 206186214]",4.66363566094405,50.86629979971711,Unknown,Unknown,"[206186229, 206186214]",24062,Leuven,60,
4975,"[206186216, 206186227]",4.662789857049024,50.86653730812044,Unknown,Unknown,"[206186216, 206186227]",24062,Leuven,60,
4976,206186203,4.6729523,50.86648575,Unknown,Unknown,206186203,24062,Leuven,60,
4977,206186190,4.6731835,50.86653505,Unknown,Unknown,206186190,24062,Leuven,60,
4978,206186197,4.6734191,50.866583250000005,Unknown,Unknown,206186197,24062,Leuven,60,
4979,206186204,4.6738812,50.8666795,Unknown,Unknown,206186204,24062,Leuven,60,
4980,206186211,4.67411635,50.8667193,Unknown,Unknown,206186211,24062,Leuven,60,
4981,"[206186225, 206186229]",4.66367082808855,50.8679260671472,Unknown,Unknown,"[206186225, 206186229]",24062,Leuven,60,
4982,"[185488466, 185489786, 185488786]",4.688964511217562,50.87056596783134,Tervuursevest,Unknown,"[185488466, 185489786, 185488786]",24062,Leuven,60,
4983,814922750,4.687241026098085,50.86948487554781,Unknown,Unknown,814922750,24062,Leuven,60,
4984,215299349,4.687014066065907,50.888300385356736,Unknown,Unknown,215299349,24062,Leuven,60,
4985,"[215431825, 294192997]",4.692628499777461,50.88697749821044,Unknown,Unknown,"[215431825, 294192997]",24062,Leuven,60,
4986,215431823,4.693935331320581,50.88820369761227,Keizersberg,Unknown,215431823,24062,Leuven,60,
4987,218230732,4.720516964729181,50.92718264507948,Unknown,Unknown,218230732,24062,Leuven,60,
4988,"[1465417551, 807117574, 14099895]",4.727296953187228,50.93263278918161,Aambeeldstraat,Unknown,"[1465417551, 807117574, 14099895]",24062,Leuven,60,
4989,219227777,4.726257797806806,50.93178397480379,Unknown,Unknown,219227777,24062,Leuven,60,
4990,219644860,4.706004534345263,50.89769575129871,Unknown,Unknown,219644860,24062,Leuven,60,
4991,296157228,4.738342618634019,50.89654535882086,Unknown,Unknown,296157228,24062,Leuven,60,
4992,220169826,4.70091235456478,50.84701136053117,Unknown,Unknown,220169826,24062,Leuven,60,
4993,264864140,4.67750205770168,50.869072527795765,Unknown,Unknown,264864140,24062,Leuven,60,
4994,221388060,4.67666175,50.8697889,Unknown,Unknown,221388060,24062,Leuven,60,
4995,264864150,4.67484505,50.8664357,Unknown,Unknown,264864150,24062,Leuven,60,
4996,814922751,4.68583975,50.86825635,Unknown,Unknown,814922751,24062,Leuven,60,
4997,814922753,4.68601755,50.868342,Unknown,Unknown,814922753,24062,Leuven,60,
4998,299048096,4.686756412588373,50.86891710621288,Studentenwijk Arenberg,Unknown,299048096,24062,Leuven,60,
4999,1194674019,4.74088095,50.88832420000001,Meikeverstraat,Unknown,1194674019,24062,Leuven,60,
5000,1423093598,4.695016600000001,50.92863834999999,Ursulinenstraat,Unknown,1423093598,24062,Leuven,60,
5001,"[11064178, 458720654]",4.723508008841785,50.85102309612756,Interleuvenlaan,Unknown,"[11064178, 458720654]",24062,Leuven,60,
5002,38355448,4.725275173483264,50.851159662313,Unknown,Unknown,38355448,24062,Leuven,60,
5003,4746848,4.694210968632484,50.881860427232105,Zevenslapersstraat,Unknown,4746848,24062,Leuven,60,
5004,234630682,4.7584309265715286,50.885888438927125,Unknown,Unknown,234630682,24062,Leuven,60,
5005,234630681,4.758216706136823,50.88582562906711,Unknown,Unknown,234630681,24062,Leuven,60,
5006,3876848,4.700326510544333,50.88986924574489,Stadsvest,Unknown,3876848,24062,Leuven,60,
5007,234633390,4.699024688907096,50.890193717407946,Unknown,Unknown,234633390,24062,Leuven,60,
5008,14359738,4.751063493818521,50.88000730118433,Kapellekensweg,Unknown,14359738,24062,Leuven,60,
5009,1469926052,4.7385526,50.88171645,Unknown,Unknown,1469926052,24062,Leuven,60,
5010,235038262,4.738907403325122,50.88121630198496,Struiversstraat,Unknown,235038262,24062,Leuven,60,
5011,"[1469926051, 235038262]",4.738694391273241,50.88171645897479,Struiversstraat,Unknown,"[1469926051, 235038262]",24062,Leuven,60,
5012,235316566,4.692699349147572,50.93320252052005,Unknown,Unknown,235316566,24062,Leuven,60,
5013,235486908,4.72556239863356,50.90535692778136,Unknown,Unknown,235486908,24062,Leuven,60,
5014,235604133,4.708261655920171,50.93280532742329,Unknown,Unknown,235604133,24062,Leuven,60,
5015,235604134,4.70833948256181,50.932858402041326,Unknown,Unknown,235604134,24062,Leuven,60,
5016,235604132,4.708220061081974,50.93403319546485,Unknown,Unknown,235604132,24062,Leuven,60,
5017,235604394,4.70670365,50.934725150000006,Unknown,Unknown,235604394,24062,Leuven,60,
5018,"[283982814, 39173911]",4.706709298834589,50.934391148494406,Wijgmaalbroek,Unknown,"[283982814, 39173911]",24062,Leuven,60,
5019,235604396,4.708027568150851,50.93453581272014,Unknown,Unknown,235604396,24062,Leuven,60,
5020,235620423,4.7007545277925855,50.92210763843501,Unknown,Unknown,235620423,24062,Leuven,60,
5021,235620424,4.700126898453831,50.92277382836892,Unknown,Unknown,235620424,24062,Leuven,60,
5022,235621626,4.7059074,50.91548735000001,Unknown,Unknown,235621626,24062,Leuven,60,
5023,235621629,4.7056939,50.91531445,Unknown,Unknown,235621629,24062,Leuven,60,
5024,235621636,4.7055394,50.91593,Unknown,Unknown,235621636,24062,Leuven,60,
5025,1425912442,4.678995199999999,50.85840405,Unknown,Unknown,1425912442,24062,Leuven,60,
5026,240410818,4.75806349877374,50.88755149548804,Unknown,Unknown,240410818,24062,Leuven,60,
5027,240410812,4.7585292500000005,50.88800845,Unknown,Unknown,240410812,24062,Leuven,60,
5028,240410816,4.75861193560535,50.88755534739472,Unknown,Unknown,240410816,24062,Leuven,60,
5029,454934599,4.75843135,50.8880848,Unknown,Unknown,454934599,24062,Leuven,60,
5030,240410814,4.75850875,50.88827965,Unknown,Unknown,240410814,24062,Leuven,60,
5031,240410813,4.760631500000001,50.888151,Unknown,Unknown,240410813,24062,Leuven,60,
5032,240410815,4.7587311,50.88829705,Unknown,Unknown,240410815,24062,Leuven,60,
5033,240410817,4.760457656831652,50.88840350812938,Unknown,Unknown,240410817,24062,Leuven,60,
5034,240794384,4.7208693310518735,50.92181212571607,Unknown,Unknown,240794384,24062,Leuven,60,
5035,240794383,4.72122993702856,50.921909303734736,Unknown,Unknown,240794383,24062,Leuven,60,
5036,241645721,4.76890485,50.8889171,Unknown,Unknown,241645721,24062,Leuven,60,
5037,241645722,4.768704130917318,50.88899900635819,Unknown,Unknown,241645722,24062,Leuven,60,
5038,241677732,4.73845905534362,50.88661720341942,Unknown,Unknown,241677732,24062,Leuven,60,
5039,295242057,4.7390919,50.88742745,Unknown,Unknown,295242057,24062,Leuven,60,
5040,1459237856,4.712005700000001,50.90777185,Unknown,Unknown,1459237856,24062,Leuven,60,
5041,345381438,4.711782291396407,50.907272931742,Aarschotsesteenweg,Unknown,345381438,24062,Leuven,60,
5042,"[1459237856, 241764468]",4.711379647924865,50.9079530611744,Unknown,Unknown,"[1459237856, 241764468]",24062,Leuven,60,
5043,1459237863,4.7127689,50.9089073,Unknown,Unknown,1459237863,24062,Leuven,60,
5044,"[440732705, 127840274, 127840263]",4.712933037151686,50.90902752144431,Unknown,Unknown,"[440732705, 127840274, 127840263]",24062,Leuven,60,
5045,440732692,4.712698,50.90888765,Aarschotsesteenweg,Unknown,440732692,24062,Leuven,60,
5046,1429551906,4.71940755,50.9077908,Unknown,Unknown,1429551906,24062,Leuven,60,
5047,241794216,4.719918316202708,50.90189266300106,Unknown,Unknown,241794216,24062,Leuven,60,
5048,241794217,4.719887731978022,50.902205011600735,Unknown,Unknown,241794217,24062,Leuven,60,
5049,241803106,4.7027707,50.8980183,Unknown,Unknown,241803106,24062,Leuven,60,
5050,276728366,4.7314403,50.8776529,Unknown,Unknown,276728366,24062,Leuven,60,
5051,241941176,4.676863634883522,50.86242816640237,Unknown,Unknown,241941176,24062,Leuven,60,
5052,241941175,4.677719,50.8625721,Unknown,Unknown,241941175,24062,Leuven,60,
5053,241941864,4.659043935980336,50.86109160763228,Unknown,Unknown,241941864,24062,Leuven,60,
5054,243562612,4.696184337076192,50.91693548684826,Unknown,Unknown,243562612,24062,Leuven,60,
5055,"[21845858, 243767917]",4.70384265138303,50.867676000671445,Unknown,Unknown,"[21845858, 243767917]",24062,Leuven,60,
5056,243843342,4.75223145,50.87887625,Unknown,Unknown,243843342,24062,Leuven,60,
5057,"[243843344, 243843341]",4.751546297138068,50.87856599880388,Unknown,Unknown,"[243843344, 243843341]",24062,Leuven,60,
5058,243843343,4.750827131757774,50.8787475767623,Unknown,Unknown,243843343,24062,Leuven,60,
5059,"[1382635937, 586861164]",4.751859372811581,50.87810878248401,Heidebergstraat,Unknown,"[1382635937, 586861164]",24062,Leuven,60,
5060,"[1447384131, 231055126]",4.752219139012864,50.879018895482574,Unknown,Unknown,"[1447384131, 231055126]",24062,Leuven,60,
5061,1422486231,4.71894269070615,50.90663675550713,Unknown,Unknown,1422486231,24062,Leuven,60,
5062,244711293,4.71429770613392,50.92306765842443,Unknown,Unknown,244711293,24062,Leuven,60,
5063,245361607,4.726826202517859,50.86689363151304,Unknown,Unknown,245361607,24062,Leuven,60,
5064,"[1391544596, 313724967]",4.697313980364892,50.885441712777954,Unknown,Unknown,"[1391544596, 313724967]",24062,Leuven,60,
5065,"[8412180, 293787286, 293787287]",4.697357913316224,50.88578216557708,Mechelsestraat,Unknown,"[8412180, 293787286, 293787287]",24062,Leuven,60,
5066,"[460409616, 313724964]",4.696964790638473,50.88577795382357,Jaartallenpad,Unknown,"[460409616, 313724964]",24062,Leuven,60,
5067,1382225340,4.74048095,50.86801595,Unknown,Unknown,1382225340,24062,Leuven,60,
5068,248693347,4.740278653581468,50.86789608399784,Unknown,Unknown,248693347,24062,Leuven,60,
5069,"[249333185, 1081668996, 3680456, 3994257, 8131121, 1017203900, 29010109, 1507766364, 1507766365, 1507766366]",4.684241144874898,50.8835677817678,"['Rennes-Singel', 'Den Boschsingel']",Unknown,"[249333185, 1081668996, 3680456, 3994257, 8131121, 1017203900, 29010109, 1507766364, 1507766365, 1507766366]",24062,Leuven,60,
5070,"[947161957, 813970229]",4.682170139998124,50.87964510046576,Gasthuisberglaan,Unknown,"[947161957, 813970229]",24062,Leuven,60,
5071,"[947161959, 681081951]",4.682174889610566,50.879605900825126,Gasthuisberglaan,Unknown,"[947161959, 681081951]",24062,Leuven,60,
5072,"[1507767220, 1507767219, 366714500, 1507767221]",4.682022126263295,50.87948177593429,Unknown,Unknown,"[1507767220, 1507767219, 366714500, 1507767221]",24062,Leuven,60,
5073,352952835,4.650084498325039,50.85998098805528,Unknown,Unknown,352952835,24062,Leuven,60,
5074,1090602036,4.659941569446354,50.8630884694347,Unknown,Unknown,1090602036,24062,Leuven,60,
5075,1455315520,4.759845740727705,50.87994935530577,Unknown,Unknown,1455315520,24062,Leuven,60,
5076,667949876,4.685626239425085,50.86829818753163,Unknown,Unknown,667949876,24062,Leuven,60,
5077,251395014,4.691523088537762,50.8838728152102,Unknown,Unknown,251395014,24062,Leuven,60,
5078,388243748,4.687534588960921,50.84317441216032,Unknown,Unknown,388243748,24062,Leuven,60,
5079,374339592,4.703231384070183,50.88841805242638,Baron d'Eynattenstraat,Unknown,374339592,24062,Leuven,60,
5080,431370914,4.739604135365624,50.8882452812892,Unknown,Unknown,431370914,24062,Leuven,60,
5081,558240044,4.739335220765451,50.888778854742434,Glimwormstraat,Unknown,558240044,24062,Leuven,60,
5082,253165433,4.7381275,50.8888973,Hommelstraat,Unknown,253165433,24062,Leuven,60,
5083,295335883,4.738666399714642,50.88950411085732,Glimwormstraat,Unknown,295335883,24062,Leuven,60,
5084,254800931,4.7086618355388286,50.886542048787256,Joanna-Maria Artoisplein,Unknown,254800931,24062,Leuven,60,
5085,3701211,4.705117850000001,50.8559161,Kerspelstraat,Unknown,3701211,24062,Leuven,60,
5086,4416156,4.705342864131488,50.8560278791789,Hertogstraat,Unknown,4416156,24062,Leuven,60,
5087,"[81457877, 350992065, 23157645]",4.7053036598916576,50.85650179670265,Kerspelstraat,Unknown,"[81457877, 350992065, 23157645]",24062,Leuven,60,
5088,"[578662088, 123929657]",4.686227528623202,50.87780793338483,Tervuursestraat,Unknown,"[578662088, 123929657]",24062,Leuven,60,
5089,"[539611480, 539611482, 254882039]",4.687948935425644,50.87864107923368,Unknown,Unknown,"[539611480, 539611482, 254882039]",24062,Leuven,60,
5090,254882043,4.687330397916744,50.878782472567714,Unknown,Unknown,254882043,24062,Leuven,60,
5091,"[254882036, 194664238]",4.687692794454851,50.87927417799676,Vestinggang,Unknown,"[254882036, 194664238]",24062,Leuven,60,
5092,"[539611490, 254881981, 539611486]",4.688201196446027,50.8795242011497,Daneelsgang,Unknown,"[539611490, 254881981, 539611486]",24062,Leuven,60,
5093,"[539611483, 539611485, 254882030]",4.687696423370184,50.88024726861325,Paardenweg,Unknown,"[539611483, 539611485, 254882030]",24062,Leuven,60,
5094,"[1428501489, 254882028]",4.685784464527915,50.88212778016254,Jean Bulenswijk,Unknown,"[1428501489, 254882028]",24062,Leuven,60,
5095,"[664248083, 3343956, 494510438]",4.712029376188442,50.87565692705912,Mathildegang,Unknown,"[664248083, 3343956, 494510438]",24062,Leuven,60,
5096,"[1462291488, 1462291489, 254992596]",4.712851910687308,50.875594243864455,Mathildegang,Unknown,"[1462291488, 1462291489, 254992596]",24062,Leuven,60,
5097,"[344505056, 344505057, 254992595]",4.713197056222721,50.87590967559794,Mathildegang,Unknown,"[344505056, 344505057, 254992595]",24062,Leuven,60,
5098,"[1462291488, 1462291490, 1462291491]",4.712840016467439,50.87587445318659,Mathildegang,Unknown,"[1462291488, 1462291490, 1462291491]",24062,Leuven,60,
5099,21845858,4.703687049999999,50.86799645,Unknown,Unknown,21845858,24062,Leuven,60,
5100,256631030,4.686362413450768,50.86788384188985,Unknown,Unknown,256631030,24062,Leuven,60,
5101,256631031,4.6868516267144695,50.86796368044262,Studentenwijk Arenberg,Unknown,256631031,24062,Leuven,60,
5102,256633392,4.687074551156411,50.86763698668264,Studentenwijk Arenberg,Unknown,256633392,24062,Leuven,60,
5103,256633391,4.68695769248501,50.86896649946134,Unknown,Unknown,256633391,24062,Leuven,60,
5104,"[8131992, 1224020464, 8131991]",4.686853604723103,50.867333076507165,Studentenwijk Arenberg,Unknown,"[8131992, 1224020464, 8131991]",24062,Leuven,60,
5105,"[3358669, 608715644, 608715645]",4.684996358416724,50.88271443567231,Brusselsestraat,Unknown,"[3358669, 608715644, 608715645]",24062,Leuven,60,
5106,256757248,4.685286243522978,50.88341660969583,Unknown,Unknown,256757248,24062,Leuven,60,
5107,1431353299,4.68700525,50.858425,Unknown,Unknown,1431353299,24062,Leuven,60,
5108,1431353277,4.68057785,50.85556385,Unknown,Unknown,1431353277,24062,Leuven,60,
5109,722950861,4.695032656360504,50.87031971621087,Unknown,Unknown,722950861,24062,Leuven,60,
5110,1278748714,4.6934450000000005,50.86387284999999,Waversebaan,Unknown,1278748714,24062,Leuven,60,
5111,79801868,4.692687862421779,50.863730248449535,Unknown,Unknown,79801868,24062,Leuven,60,
5112,832174481,4.6931141534898,50.86355104675348,Waversebaan,Unknown,832174481,24062,Leuven,60,
5113,119490062,4.69562685,50.84686425,Naamsesteenweg,Unknown,119490062,24062,Leuven,60,
5114,310838958,4.6956019,50.84695345,Naamsesteenweg,Unknown,310838958,24062,Leuven,60,
5115,1210035291,4.69564745,50.84692065,Bierbeekpleindreef,Unknown,1210035291,24062,Leuven,60,
5116,607917131,4.695563657277981,50.84681528276969,Unknown,Unknown,607917131,24062,Leuven,60,
5117,364820012,4.69577995,50.84601445,Unknown,Unknown,364820012,24062,Leuven,60,
5118,607917133,4.697582898932548,50.83971288623781,Unknown,Unknown,607917133,24062,Leuven,60,
5119,48997749,4.695719399999999,50.85534865,Naamsesteenweg,Unknown,48997749,24062,Leuven,60,
5120,1103776132,4.6957094,50.85501725,Naamsesteenweg,Unknown,1103776132,24062,Leuven,60,
5121,1307560988,4.69566295,50.8551159,Koning Leopold III-laan,Unknown,1307560988,24062,Leuven,60,
5122,"[790856202, 1463676619]",4.700642019878152,50.86299051935608,Ter Spicht,Unknown,"[790856202, 1463676619]",24062,Leuven,60,
5123,19568040,4.69803520827769,50.86539663872102,Stanislas De Rijcklaan,Unknown,19568040,24062,Leuven,60,
5124,"[120086003, 90168774]",4.69782348248934,50.86887141980393,Tervuursevest,Unknown,"[120086003, 90168774]",24062,Leuven,60,
5125,120093639,4.69796125,50.86829625,Kardinaal Mercierlaan,Unknown,120093639,24062,Leuven,60,
5126,131757263,4.6955022,50.8669473,Unknown,Unknown,131757263,24062,Leuven,60,
5127,8129924,4.67837942608904,50.86301410662173,Unknown,Unknown,8129924,24062,Leuven,60,
5128,257833737,4.679758032945131,50.86458655094364,Unknown,Unknown,257833737,24062,Leuven,60,
5129,117340197,4.69427075,50.86465445,Waversebaan,Unknown,117340197,24062,Leuven,60,
5130,1432114605,4.67406009476765,50.87204073040992,Unknown,Unknown,1432114605,24062,Leuven,60,
5131,23098343,4.66769145195094,50.87345459682278,Tervuursesteenweg,Unknown,23098343,24062,Leuven,60,
5132,"[1083442448, 609991338]",4.662070260207038,50.87229462479009,Tervuursesteenweg,Unknown,"[1083442448, 609991338]",24062,Leuven,60,
5133,99598436,4.64860995,50.86949539999999,Alsembergstraat,Unknown,99598436,24062,Leuven,60,
5134,"[1431675006, 1431675007]",4.649887368027789,50.86972574070046,Unknown,Unknown,"[1431675006, 1431675007]",24062,Leuven,60,
5135,578662081,4.6742039,50.874792850000006,Tervuursesteenweg,Unknown,578662081,24062,Leuven,60,
5136,244592234,4.6743653338896936,50.87490348163278,Unknown,Unknown,244592234,24062,Leuven,60,
5137,130786750,4.672346495558672,50.87446903821037,Unknown,Unknown,130786750,24062,Leuven,60,
5138,"[609991296, 609991297, 130861473, 1222601059, 1451099118]",4.672356277783422,50.87441422968556,Tervuursesteenweg,Unknown,"[609991296, 609991297, 130861473, 1222601059, 1451099118]",24062,Leuven,60,
5139,1165231821,4.673023449762871,50.87440837555605,Parkweg,Unknown,1165231821,24062,Leuven,60,
5140,130861473,4.671654950000001,50.8742676,Tervuursesteenweg,Unknown,130861473,24062,Leuven,60,
5141,1428394223,4.668066550000001,50.87149915,Unknown,Unknown,1428394223,24062,Leuven,60,
5142,"[99346752, 608916194, 430072706, 608916191]",4.667035533848655,50.87065355005505,Sint-Jansbergsesteenweg,Unknown,"[99346752, 608916194, 430072706, 608916191]",24062,Leuven,60,
5143,"[608916192, 192559632, 608916191]",4.669396335777108,50.872415496862125,Sint-Jansbergsesteenweg,Unknown,"[608916192, 192559632, 608916191]",24062,Leuven,60,
5144,"[578662081, 578662082]",4.676370546928392,50.87524544422898,Tervuursesteenweg,Unknown,"[578662081, 578662082]",24062,Leuven,60,
5145,15723847,4.687006551361929,50.87199950623021,Unknown,Unknown,15723847,24062,Leuven,60,
5146,1457892645,4.687169802680625,50.871677752289216,Unknown,Unknown,1457892645,24062,Leuven,60,
5147,"[8131993, 8131989]",4.685647832360261,50.86687730691652,Studentenwijk Arenberg,Unknown,"[8131993, 8131989]",24062,Leuven,60,
5148,8131990,4.685134473939946,50.86730790910954,Unknown,Unknown,8131990,24062,Leuven,60,
5149,85840981,4.684296380409566,50.86418243008788,Unknown,Unknown,85840981,24062,Leuven,60,
5150,1482173860,4.68545035,50.8636109,Unknown,Unknown,1482173860,24062,Leuven,60,
5151,45816887,4.685523306257522,50.86353092723969,Unknown,Unknown,45816887,24062,Leuven,60,
5152,77864405,4.685939696240947,50.86353266875646,Kasteelpark Arenberg,Unknown,77864405,24062,Leuven,60,
5153,"[8128771, 3677331]",4.688750098619361,50.87324517864926,"['Tervuursevest', 'Voerviaduct']",Unknown,"[8128771, 3677331]",24062,Leuven,60,
5154,15051052,4.688315904179526,50.873415434225954,Tervuursevest,Unknown,15051052,24062,Leuven,60,
5155,429706866,4.689388373186738,50.873093458464815,Tervuursevest,Unknown,429706866,24062,Leuven,60,
5156,461159362,4.6912445,50.87243495,Tervuursevest,Unknown,461159362,24062,Leuven,60,
5157,3677944,4.68850465,50.8734352,Tervuursevest,Unknown,3677944,24062,Leuven,60,
5158,174338458,4.68716055,50.874065,Tervuursevest,Unknown,174338458,24062,Leuven,60,
5159,814322468,4.687057295269082,50.8743071504065,Unknown,Unknown,814322468,24062,Leuven,60,
5160,99583853,4.68393365,50.877009150000006,Tervuursevest,Unknown,99583853,24062,Leuven,60,
5161,429706864,4.683836449999999,50.87712685,Rennes-Singel,Unknown,429706864,24062,Leuven,60,
5162,"[813979470, 8131120, 813979472, 79289746, 161166589]",4.683194317766116,50.877791370541736,Rennes-Singel,Unknown,"[813979470, 8131120, 813979472, 79289746, 161166589]",24062,Leuven,60,
5163,"[1507767632, 1507767630, 1507767631]",4.6834533100065805,50.87765411413379,Unknown,Unknown,"[1507767632, 1507767630, 1507767631]",24062,Leuven,60,
5164,1085368360,4.685253420783693,50.88016408724844,Unknown,Unknown,1085368360,24062,Leuven,60,
5165,"[3752549, 16924174]",4.68301574798611,50.88059674707388,Edouard Remyvest,Unknown,"[3752549, 16924174]",24062,Leuven,60,
5166,1462076334,4.68487015,50.883814400000006,Mechelsevest,Unknown,1462076334,24062,Leuven,60,
5167,843033249,4.6886521000000005,50.88703645,Mechelsevest,Unknown,843033249,24062,Leuven,60,
5168,"[843033249, 843033250]",4.689416014318315,50.88747921628773,Mechelsevest,Unknown,"[843033249, 843033250]",24062,Leuven,60,
5169,233098512,4.69532615,50.882740350000006,Pieter Coutereelstraat,Unknown,233098512,24062,Leuven,60,
5170,290143791,4.6953451,50.882800200000005,Unknown,Unknown,290143791,24062,Leuven,60,
5171,"[284664272, 608715542, 608715543, 608715544, 608715545]",4.696083590792092,50.882620389444384,Brouwersstraat,Unknown,"[284664272, 608715542, 608715543, 608715544, 608715545]",24062,Leuven,60,
5172,438252657,4.6967915,50.882425600000005,Unknown,Unknown,438252657,24062,Leuven,60,
5173,"[438252643, 284664268]",4.697107965493467,50.88223756877445,"['Dirk Boutslaan', 'Brouwersstraat']",Unknown,"[438252643, 284664268]",24062,Leuven,60,
5174,125835562,4.6972748,50.88195604999999,Lei,Unknown,125835562,24062,Leuven,60,
5175,1085070188,4.6921469,50.8839447,Unknown,Unknown,1085070188,24062,Leuven,60,
5176,438252654,4.692035199999999,50.88418945,Unknown,Unknown,438252654,24062,Leuven,60,
5177,126304948,4.691966197524997,50.88417528410783,Paul Delvauxwijk,Unknown,126304948,24062,Leuven,60,
5178,148252697,4.692096255752949,50.8883848630414,Donkerstraat,Unknown,148252697,24062,Leuven,60,
5179,"[292472299, 78605268, 41544270, 3879559]",4.692107378711938,50.88889099138501,Nieuwe Mechelsesteenweg,Unknown,"[292472299, 78605268, 41544270, 3879559]",24062,Leuven,60,
5180,135584593,4.691792179822644,50.888113222561685,Unknown,Unknown,135584593,24062,Leuven,60,
5181,136816763,4.692014621261447,50.88836364191251,Unknown,Unknown,136816763,24062,Leuven,60,
5182,"[608715516, 608715517]",4.691920298126268,50.88822879249344,Donkerstraat,Unknown,"[608715516, 608715517]",24062,Leuven,60,
5183,148252692,4.6919595,50.88812155,Donkerstraat,Unknown,148252692,24062,Leuven,60,
5184,314635787,4.703378159782555,50.88715515599733,Havenkant,Unknown,314635787,24062,Leuven,60,
5185,843534478,4.702579589806962,50.88717628399806,Havenkant,Unknown,843534478,24062,Leuven,60,
5186,1374235089,4.703379035283063,50.88709711841878,Unknown,Unknown,1374235089,24062,Leuven,60,
5187,"[44949316, 3990535]",4.703184938544678,50.87411998701685,"['Edward Van Evenstraat', 'Monnikenstraat']",Unknown,"[44949316, 3990535]",24062,Leuven,60,
5188,688755763,4.699831832028921,50.8685942314447,Constantin Meunierstraat,Unknown,688755763,24062,Leuven,60,
5189,"[688755764, 1280112543]",4.699775770172764,50.86854651588816,Unknown,Unknown,"[688755764, 1280112543]",24062,Leuven,60,
5190,876185325,4.709842849999999,50.8700687,Geldenaaksevest,Unknown,876185325,24062,Leuven,60,
5191,"[3343952, 665091165, 665091166]",4.712802713271496,50.87712810302073,Straatjesgang,Unknown,"[3343952, 665091165, 665091166]",24062,Leuven,60,
5192,521875429,4.7100278,50.88031835,Unknown,Unknown,521875429,24062,Leuven,60,
5193,98334250,4.710413228904809,50.88012056851154,Justus Lipsiusstraat,Unknown,98334250,24062,Leuven,60,
5194,3991677,4.709608578802055,50.879307750069465,Willemsstraat,Unknown,3991677,24062,Leuven,60,
5195,1491649400,4.711020043838728,50.87985758638994,Justus Lipsiusstraat,Unknown,1491649400,24062,Leuven,60,
5196,439142856,4.71147724921536,50.879654748184485,Justus Lipsiusstraat,Unknown,439142856,24062,Leuven,60,
5197,27471360,4.7147755,50.8804829,Unknown,Unknown,27471360,24062,Leuven,60,
5198,"[1063831485, 1063831486]",4.713696187605614,50.87869723733149,Justus Lipsiusstraat,Unknown,"[1063831485, 1063831486]",24062,Leuven,60,
5199,3990534,4.70185727798418,50.87384814785841,Prelatenstraat,Unknown,3990534,24062,Leuven,60,
5200,3990532,4.7009703,50.8738128,Parkstraat,Unknown,3990532,24062,Leuven,60,
5201,567873927,4.700895606997208,50.87412936691601,Vlamingenstraat,Unknown,567873927,24062,Leuven,60,
5202,"[95890227, 608715597, 608715598]",4.699859484870248,50.87317396150189,Naamsestraat,Unknown,"[95890227, 608715597, 608715598]",24062,Leuven,60,
5203,"[730121737, 80201623]",4.700024429166234,50.8722896315084,Unknown,Unknown,"[730121737, 80201623]",24062,Leuven,60,
5204,24471498,4.69385275259741,50.872356642771486,Redingenstraat,Unknown,24471498,24062,Leuven,60,
5205,"[807319701, 27646575]",4.694192437649076,50.87225655936437,Unknown,Unknown,"[807319701, 27646575]",24062,Leuven,60,
5206,8127964,4.694373203655892,50.87074705753962,Volmolenlaan,Unknown,8127964,24062,Leuven,60,
5207,"[3390185, 85802636]",4.6944477669978735,50.870796227297575,Volmolenlaan,Unknown,"[3390185, 85802636]",24062,Leuven,60,
5208,"[3390185, 3390186, 85840933]",4.6942874149029095,50.87038354355003,Volmolenlaan,Unknown,"[3390185, 3390186, 85840933]",24062,Leuven,60,
5209,"[90168778, 95890231, 90168775]",4.694437816185242,50.8699770460778,Unknown,Unknown,"[90168778, 95890231, 90168775]",24062,Leuven,60,
5210,454112424,4.693287327973065,50.87566722419924,Refugehof,Unknown,454112424,24062,Leuven,60,
5211,123929547,4.692382037829951,50.87933371595594,Kapucijnenvoer,Unknown,123929547,24062,Leuven,60,
5212,258776950,4.677123099999998,50.8521684,Unknown,Unknown,258776950,24062,Leuven,60,
5213,792880289,4.706707153809309,50.86035612736215,Unknown,Unknown,792880289,24062,Leuven,60,
5214,1436293424,4.66593745,50.86985905,Unknown,Unknown,1436293424,24062,Leuven,60,
5215,"[99346752, 430072706, 608916191, 608916194]",4.667035533848655,50.87065355005507,Sint-Jansbergsesteenweg,Unknown,"[99346752, 430072706, 608916191, 608916194]",24062,Leuven,60,
5216,461159361,4.691691711886464,50.87229241671351,Unknown,Unknown,461159361,24062,Leuven,60,
5217,"[325444344, 124190277]",4.705911365600212,50.88635339816793,Schipvaartstraat,Unknown,"[325444344, 124190277]",24062,Leuven,60,
5218,1024008435,4.706235508955902,50.88635105001209,De Drie Kreeften,Unknown,1024008435,24062,Leuven,60,
5219,"[261749240, 261749238, 261749239]",4.692506916550667,50.88033615387676,Beursgang,Unknown,"[261749240, 261749238, 261749239]",24062,Leuven,60,
5220,1422887397,4.699084549468677,50.88466872156436,Klein Begijnhof,Unknown,1422887397,24062,Leuven,60,
5221,261844014,4.656453803089319,50.85921083195781,Sint-Jansbergsesteenweg,Unknown,261844014,24062,Leuven,60,
5222,261860185,4.64889042146297,50.849950490032434,Unknown,Unknown,261860185,24062,Leuven,60,
5223,263756831,4.73275675,50.855819100000005,Unknown,Unknown,263756831,24062,Leuven,60,
5224,"[344505058, 263756842, 344505061]",4.733089442558836,50.85578817285088,Unknown,Unknown,"[344505058, 263756842, 344505061]",24062,Leuven,60,
5225,"[669128816, 669128818, 447375099]",4.700842833072928,50.8757027822088,Unknown,Unknown,"[669128816, 669128818, 447375099]",24062,Leuven,60,
5226,264005187,4.708653099999999,50.87395735,Unknown,Unknown,264005187,24062,Leuven,60,
5227,264061320,4.690687163981843,50.863950774895045,Unknown,Unknown,264061320,24062,Leuven,60,
5228,264061319,4.691736831528369,50.864613715683696,Unknown,Unknown,264061319,24062,Leuven,60,
5229,264061318,4.69384735,50.8659369,Unknown,Unknown,264061318,24062,Leuven,60,
5230,3991610,4.706736664204871,50.87625269001176,Kardinaal Mercierplein,Unknown,3991610,24062,Leuven,60,
5231,738649092,4.6802997,50.863171300000005,Kapeldreef,Unknown,738649092,24062,Leuven,60,
5232,264864069,4.680548635579491,50.86387645899761,Celestijnenlaan,Unknown,264864069,24062,Leuven,60,
5233,"[264864065, 608715558]",4.6806409292081055,50.86408750882165,Celestijnenlaan,Unknown,"[264864065, 608715558]",24062,Leuven,60,
5234,858446052,4.6755162,50.86631954999999,Steengroevenlaan,Unknown,858446052,24062,Leuven,60,
5235,41963440,4.676013305813109,50.86692546806815,Remisebosweg,Unknown,41963440,24062,Leuven,60,
5236,1511675675,4.67475295,50.86660545,Unknown,Unknown,1511675675,24062,Leuven,60,
5237,"[1432114609, 968811655]",4.678320460376639,50.86792704738674,Unknown,Unknown,"[1432114609, 968811655]",24062,Leuven,60,
5238,"[1432114608, 968811655]",4.678184398285681,50.86791441882973,Unknown,Unknown,"[1432114608, 968811655]",24062,Leuven,60,
5239,"[16771605, 608715509, 608715510]",4.677257069246079,50.86912067297826,Celestijnenlaan,Unknown,"[16771605, 608715509, 608715510]",24062,Leuven,60,
5240,"[608715509, 16771605, 608715510]",4.677257069246077,50.86912067297826,Celestijnenlaan,Unknown,"[608715509, 16771605, 608715510]",24062,Leuven,60,
5241,264864148,4.677197621851762,50.86923176687524,Unknown,Unknown,264864148,24062,Leuven,60,
5242,264864158,4.6770185,50.869436750000006,Unknown,Unknown,264864158,24062,Leuven,60,
5243,264864111,4.677455849999999,50.86972014999999,Unknown,Unknown,264864111,24062,Leuven,60,
5244,264864107,4.67794885,50.86983115,Unknown,Unknown,264864107,24062,Leuven,60,
5245,264864137,4.67817765,50.8699604,Unknown,Unknown,264864137,24062,Leuven,60,
5246,264936446,4.6765165,50.8699253,Unknown,Unknown,264936446,24062,Leuven,60,
5247,264864118,4.67843215,50.8700439,Unknown,Unknown,264864118,24062,Leuven,60,
5248,264936447,4.676380249999999,50.87005525,Unknown,Unknown,264936447,24062,Leuven,60,
5249,264864147,4.67627955,50.87014995,Unknown,Unknown,264864147,24062,Leuven,60,
5250,264864162,4.67616865,50.8702533,Unknown,Unknown,264864162,24062,Leuven,60,
5251,264864134,4.67609875,50.8703187,Unknown,Unknown,264864134,24062,Leuven,60,
5252,264864144,4.6759837,50.8704269,Unknown,Unknown,264864144,24062,Leuven,60,
5253,264864124,4.676442,50.8706315,Unknown,Unknown,264864124,24062,Leuven,60,
5254,264864138,4.6758447,50.87055865,Unknown,Unknown,264864138,24062,Leuven,60,
5255,"[16771605, 192559606]",4.67574808662916,50.870602127434914,Celestijnenlaan,Unknown,"[16771605, 192559606]",24062,Leuven,60,
5256,264864153,4.675723100000001,50.87067460000001,Unknown,Unknown,264864153,24062,Leuven,60,
5257,264864161,4.67585075,50.87076939999999,Unknown,Unknown,264864161,24062,Leuven,60,
5258,264864110,4.67585625,50.8708149,Unknown,Unknown,264864110,24062,Leuven,60,
5259,264864152,4.67548355,50.87083375,Unknown,Unknown,264864152,24062,Leuven,60,
5260,"[1432114642, 1432114605]",4.676086453056989,50.87022510445149,Unknown,Unknown,"[1432114642, 1432114605]",24062,Leuven,60,
5261,264864126,4.67571595,50.8709533,Unknown,Unknown,264864126,24062,Leuven,60,
5262,264864119,4.6756014,50.87106629999999,Unknown,Unknown,264864119,24062,Leuven,60,
5263,264864157,4.674337754439635,50.87168432703543,Unknown,Unknown,264864157,24062,Leuven,60,
5264,264936444,4.6767325,50.86999020000001,Unknown,Unknown,264936444,24062,Leuven,60,
5265,264936433,4.677726199749121,50.870457194382496,Unknown,Unknown,264936433,24062,Leuven,60,
5266,264936438,4.6780097000000005,50.87062805,Unknown,Unknown,264936438,24062,Leuven,60,
5267,264936441,4.6764313,50.8710911,Unknown,Unknown,264936441,24062,Leuven,60,
5268,"[264936436, 264936439]",4.6764748188309895,50.87135071902925,Unknown,Unknown,"[264936436, 264936439]",24062,Leuven,60,
5269,265313954,4.731009599828303,50.90578873202104,Unknown,Unknown,265313954,24062,Leuven,60,
5270,"[765164504, 266431082, 765164503]",4.713178097711814,50.86412521808779,Unknown,Unknown,"[765164504, 266431082, 765164503]",24062,Leuven,60,
5271,"[1172748585, 1172748586, 301615044]",4.713418697393893,50.86370573768157,Unknown,Unknown,"[1172748585, 1172748586, 301615044]",24062,Leuven,60,
5272,"[773642168, 1172748587, 773642167]",4.713214097480633,50.86433397036364,Abdij van Park,Unknown,"[773642168, 1172748587, 773642167]",24062,Leuven,60,
5273,"[447227664, 669128740, 669128741]",4.701575217541451,50.87645050392985,Unknown,Unknown,"[447227664, 669128740, 669128741]",24062,Leuven,60,
5274,"[268835808, 268835813, 268835825, 268835859, 24374654]",4.691548513472101,50.842651483598566,Unknown,Unknown,"[268835808, 268835813, 268835825, 268835859, 24374654]",24062,Leuven,60,
5275,269857701,4.691850296231392,50.84321420144812,Unknown,Unknown,269857701,24062,Leuven,60,
5276,268412178,4.688655,50.92570445,Unknown,Unknown,268412178,24062,Leuven,60,
5277,268412179,4.688560006566083,50.92606064223528,Unknown,Unknown,268412179,24062,Leuven,60,
5278,268412177,4.689378100000001,50.92618655,Unknown,Unknown,268412177,24062,Leuven,60,
5279,478293994,4.6920071,50.84205535,Unknown,Unknown,478293994,24062,Leuven,60,
5280,"[268835851, 268835793, 268835811]",4.692264351524401,50.84236140823788,Unknown,Unknown,"[268835851, 268835793, 268835811]",24062,Leuven,60,
5281,"[268835837, 268835827, 268835853]",4.692230793917401,50.84364467817289,Unknown,Unknown,"[268835837, 268835827, 268835853]",24062,Leuven,60,
5282,269649093,4.7316347953157125,50.87696788965878,Ortolanenstraat,Unknown,269649093,24062,Leuven,60,
5283,912950735,4.74359535,50.87669979999999,Unknown,Unknown,912950735,24062,Leuven,60,
5284,272016173,4.7138142,50.86868575,Unknown,Unknown,272016173,24062,Leuven,60,
5285,272016157,4.714119684142215,50.86917237870575,Unknown,Unknown,272016157,24062,Leuven,60,
5286,272016170,4.717208331521166,50.86968001033244,Unknown,Unknown,272016170,24062,Leuven,60,
5287,272016149,4.714492839197749,50.87047060248161,Weg A,Unknown,272016149,24062,Leuven,60,
5288,272484962,4.7139600016029295,50.86946887691196,Unknown,Unknown,272484962,24062,Leuven,60,
5289,302138409,4.7139197,50.8695212,Nieuwe Kerkhofdreef,Unknown,302138409,24062,Leuven,60,
5290,"[302138409, 23119329]",4.71349783738394,50.86960078294229,Nieuwe Kerkhofdreef,Unknown,"[302138409, 23119329]",24062,Leuven,60,
5291,295970673,4.737263136955455,50.88151972168975,Jan Vranckxweg,Unknown,295970673,24062,Leuven,60,
5292,126304994,4.7372569271656,50.88154989743217,Jan Vranckxweg,Unknown,126304994,24062,Leuven,60,
5293,276562505,4.727509912400675,50.8776343576217,Unknown,Unknown,276562505,24062,Leuven,60,
5294,276562502,4.727812592296169,50.87784294986009,Unknown,Unknown,276562502,24062,Leuven,60,
5295,276562504,4.728122752508019,50.87805476214253,Unknown,Unknown,276562504,24062,Leuven,60,
5296,276728367,4.7322483,50.8770449,Unknown,Unknown,276728367,24062,Leuven,60,
5297,"[1196057748, 276752548]",4.73018126026792,50.87765446315922,Koning Albertplein,Unknown,"[1196057748, 276752548]",24062,Leuven,60,
5298,277615374,4.752897684335953,50.87817590365659,Unknown,Unknown,277615374,24062,Leuven,60,
5299,277615380,4.75260745,50.8782876,Unknown,Unknown,277615380,24062,Leuven,60,
5300,277615375,4.7522202,50.8783924,Unknown,Unknown,277615375,24062,Leuven,60,
5301,277615378,4.75241685,50.87853625,Unknown,Unknown,277615378,24062,Leuven,60,
5302,"[568698946, 22725052]",4.767638679043993,50.88865636959179,Rozenpad,Unknown,"[568698946, 22725052]",24062,Leuven,60,
5303,277700134,4.767028980425806,50.888052288203504,Unknown,Unknown,277700134,24062,Leuven,60,
5304,277293098,4.744831700000001,50.8769843,Unknown,Unknown,277293098,24062,Leuven,60,
5305,278055172,4.7420250500000005,50.9349971,Unknown,Unknown,278055172,24062,Leuven,60,
5306,86203346,4.726541988865675,50.87091271361736,Unknown,Unknown,86203346,24062,Leuven,60,
5307,279556546,4.728739005536187,50.88011111245465,Unknown,Unknown,279556546,24062,Leuven,60,
5308,279556547,4.72908155,50.8803178,Unknown,Unknown,279556547,24062,Leuven,60,
5309,279571543,4.727937,50.8793165,Unknown,Unknown,279571543,24062,Leuven,60,
5310,279571544,4.727827,50.87963499999999,Unknown,Unknown,279571544,24062,Leuven,60,
5311,"[630232394, 630232395, 71175604]",4.702592817171508,50.857025539342345,Unknown,Unknown,"[630232394, 630232395, 71175604]",24062,Leuven,60,
5312,636897132,4.700656341327615,50.85699588047414,Unknown,Unknown,636897132,24062,Leuven,60,
5313,279709236,4.702569364388137,50.85649894540183,Unknown,Unknown,279709236,24062,Leuven,60,
5314,279709240,4.7019215,50.85631365,Unknown,Unknown,279709240,24062,Leuven,60,
5315,279709238,4.70184578265668,50.85634393240972,Unknown,Unknown,279709238,24062,Leuven,60,
5316,630232388,4.70199215668002,50.856146969644215,Unknown,Unknown,630232388,24062,Leuven,60,
5317,279709242,4.701640062300669,50.85615330892182,Unknown,Unknown,279709242,24062,Leuven,60,
5318,279709243,4.701797691434862,50.85613883022231,Unknown,Unknown,279709243,24062,Leuven,60,
5319,279788664,4.725712241300706,50.87892262291255,Unknown,Unknown,279788664,24062,Leuven,60,
5320,279800095,4.727054,50.8797401,Waterleidingstraat,Unknown,279800095,24062,Leuven,60,
5321,279800185,4.7255983,50.8805743,Unknown,Unknown,279800185,24062,Leuven,60,
5322,281803126,4.7246814,50.88089469999999,Unknown,Unknown,281803126,24062,Leuven,60,
5323,281803108,4.72509615,50.881505950000005,Unknown,Unknown,281803108,24062,Leuven,60,
5324,281829111,4.719732612346301,50.878413305708165,Unknown,Unknown,281829111,24062,Leuven,60,
5325,"[282276408, 282276410, 282276411]",4.723860825850581,50.883179533828006,Ketelmakerij,Unknown,"[282276408, 282276410, 282276411]",24062,Leuven,60,
5326,"[282276414, 282276412, 134139686]",4.723042405487381,50.88313277532961,Koperslagerij,Unknown,"[282276414, 282276412, 134139686]",24062,Leuven,60,
5327,282276413,4.723383949699227,50.88341970374942,Koperslagerij,Unknown,282276413,24062,Leuven,60,
5328,282276409,4.72419685,50.88342885,Ketelmakerij,Unknown,282276409,24062,Leuven,60,
5329,282276411,4.723788000000001,50.88342745,Ketelmakerij,Unknown,282276411,24062,Leuven,60,
5330,460906248,4.725653652550382,50.87280735010653,Unknown,Unknown,460906248,24062,Leuven,60,
5331,"[283428749, 1268598374]",4.732506742902173,50.88218269813722,Unknown,Unknown,"[283428749, 1268598374]",24062,Leuven,60,
5332,"[285261142, 284492246]",4.695777178675863,50.88151781006663,Handbooghof,Unknown,"[285261142, 284492246]",24062,Leuven,60,
5333,283816177,4.693693116765294,50.88238838075926,Unknown,Unknown,283816177,24062,Leuven,60,
5334,"[290957569, 290957564]",4.693943859153521,50.88299713960918,Unknown,Unknown,"[290957569, 290957564]",24062,Leuven,60,
5335,622063669,4.69687517808243,50.88232879522978,Unknown,Unknown,622063669,24062,Leuven,60,
5336,"[290143796, 622063669]",4.696039356880321,50.88256658464091,Unknown,Unknown,"[290143796, 622063669]",24062,Leuven,60,
5337,"[1420006777, 22888967]",4.716718509270171,50.85798842082581,Unknown,Unknown,"[1420006777, 22888967]",24062,Leuven,60,
5338,622063667,4.6970049,50.88225675,Unknown,Unknown,622063667,24062,Leuven,60,
5339,1121487073,4.716592974252723,50.88256146487964,Unknown,Unknown,1121487073,24062,Leuven,60,
5340,"[1121487072, 1121487073]",4.716591411629412,50.88257409872567,Unknown,Unknown,"[1121487072, 1121487073]",24062,Leuven,60,
5341,286078457,4.746865956873895,50.88676691505401,Unknown,Unknown,286078457,24062,Leuven,60,
5342,286125264,4.69453805,50.8468839,Unknown,Unknown,286125264,24062,Leuven,60,
5343,286125265,4.69466516790094,50.84697672569723,Unknown,Unknown,286125265,24062,Leuven,60,
5344,304067013,4.694592849999999,50.84711325,Unknown,Unknown,304067013,24062,Leuven,60,
5345,286252712,4.740829048336244,50.88084239775991,Unknown,Unknown,286252712,24062,Leuven,60,
5346,286275343,4.7504632921379,50.885736461674334,Unknown,Unknown,286275343,24062,Leuven,60,
5347,286455901,4.7189122,50.8849997,Unknown,Unknown,286455901,24062,Leuven,60,
5348,286455902,4.719156249999999,50.88502185,Unknown,Unknown,286455902,24062,Leuven,60,
5349,286564871,4.720186743416161,50.88441690971981,Unknown,Unknown,286564871,24062,Leuven,60,
5350,286564869,4.719996549999999,50.8846052,Unknown,Unknown,286564869,24062,Leuven,60,
5351,286564867,4.7201997,50.8848157,Unknown,Unknown,286564867,24062,Leuven,60,
5352,"[286564865, 286564868, 286564871]",4.720079944731006,50.88494200771672,Unknown,Unknown,"[286564865, 286564868, 286564871]",24062,Leuven,60,
5353,"[1470255880, 126304927]",4.720852948064614,50.88506227839134,Jozef Pierrestraat,Unknown,"[1470255880, 126304927]",24062,Leuven,60,
5354,965194179,4.680393064371182,50.853341710242695,Unknown,Unknown,965194179,24062,Leuven,60,
5355,290156801,4.697306900886713,50.88214759884431,Unknown,Unknown,290156801,24062,Leuven,60,
5356,1217497753,4.69222425,50.88175765,Unknown,Unknown,1217497753,24062,Leuven,60,
5357,288952743,4.691910758139461,50.88179890339536,Unknown,Unknown,288952743,24062,Leuven,60,
5358,289021148,4.699589416040884,50.89562362113313,Unknown,Unknown,289021148,24062,Leuven,60,
5359,"[89557186, 289598220, 687571015]",4.691718799705343,50.8817152912552,Vriesenhof,Unknown,"[89557186, 289598220, 687571015]",24062,Leuven,60,
5360,687571016,4.6920092,50.88226635,Vriesenhof,Unknown,687571016,24062,Leuven,60,
5361,64487971,4.680400270225323,50.86340033293837,Celestijnenlaan,Unknown,64487971,24062,Leuven,60,
5362,"[133801032, 488932566]",4.680551116510171,50.86253757294957,Celestijnenlaan,Unknown,"[133801032, 488932566]",24062,Leuven,60,
5363,23098341,4.680514922279992,50.86371131059768,Celestijnenlaan,Unknown,23098341,24062,Leuven,60,
5364,"[957120202, 289779211]",4.69228863785316,50.88195414982853,Unknown,Unknown,"[957120202, 289779211]",24062,Leuven,60,
5365,"[289937090, 248693347]",4.739810408164819,50.86905433931727,Unknown,Unknown,"[289937090, 248693347]",24062,Leuven,60,
5366,290143790,4.694828057231383,50.88293434197952,Unknown,Unknown,290143790,24062,Leuven,60,
5367,"[290143790, 290156798]",4.696109100721368,50.88267793796152,Unknown,Unknown,"[290143790, 290156798]",24062,Leuven,60,
5368,"[290351593, 1391536607, 290351575]",4.6955831011971165,50.884242355531065,Hamburgpad,Unknown,"[290351593, 1391536607, 290351575]",24062,Leuven,60,
5369,842361632,4.69507153105998,50.884250429907794,Pereboomstraat,Unknown,842361632,24062,Leuven,60,
5370,"[301359320, 301359316, 290957564]",4.692900974934891,50.8835314011844,Unknown,Unknown,"[301359320, 301359316, 290957564]",24062,Leuven,60,
5371,"[301359312, 301359306, 301359316]",4.692003737007574,50.88403969253522,Unknown,Unknown,"[301359312, 301359306, 301359316]",24062,Leuven,60,
5372,293864088,4.691926392497949,50.884506920593175,Unknown,Unknown,293864088,24062,Leuven,60,
5373,"[1108578137, 1459237845]",4.7082520157961385,50.899816880925485,Unknown,Unknown,"[1108578137, 1459237845]",24062,Leuven,60,
5374,"[221538224, 293864088]",4.692153999779407,50.88416999185198,Unknown,Unknown,"[221538224, 293864088]",24062,Leuven,60,
5375,292026362,4.6955873,50.88453315,Unknown,Unknown,292026362,24062,Leuven,60,
5376,"[284492246, 285261142]",4.695777178675863,50.88151781006663,Handbooghof,Unknown,"[284492246, 285261142]",24062,Leuven,60,
5377,290143799,4.697128437817744,50.88210333727584,Unknown,Unknown,290143799,24062,Leuven,60,
5378,"[308970784, 622063666]",4.697759267631468,50.882615281761645,Unknown,Unknown,"[308970784, 622063666]",24062,Leuven,60,
5379,"[290156798, 622063671]",4.697007828871675,50.88241252751722,Unknown,Unknown,"[290156798, 622063671]",24062,Leuven,60,
5380,"[1291357674, 622063659, 21550063]",4.698550884960408,50.88264323804963,Mechelsestraat,Unknown,"[1291357674, 622063659, 21550063]",24062,Leuven,60,
5381,293201784,4.699485331867425,50.88106683254314,Mechelsestraat,Unknown,293201784,24062,Leuven,60,
5382,292233686,4.69958205,50.881244300000006,Mechelsestraat,Unknown,292233686,24062,Leuven,60,
5383,292233690,4.69966365,50.88130085,Vismarkt,Unknown,292233690,24062,Leuven,60,
5384,"[1451208669, 1451208670]",4.691200132067628,50.890332390796814,Unknown,Unknown,"[1451208669, 1451208670]",24062,Leuven,60,
5385,"[1290331844, 192108572]",4.690394668941695,50.8920031788362,Unknown,Unknown,"[1290331844, 192108572]",24062,Leuven,60,
5386,1459237854,4.71155705,50.9067756,Unknown,Unknown,1459237854,24062,Leuven,60,
5387,1410603614,4.712063099828097,50.9075998154933,Unknown,Unknown,1410603614,24062,Leuven,60,
5388,3869809,4.71247275,50.9085043,Aarschotsesteenweg,Unknown,3869809,24062,Leuven,60,
5389,1459237858,4.71248155,50.90844275,Unknown,Unknown,1459237858,24062,Leuven,60,
5390,1459237859,4.7125558000000005,50.9085696,Unknown,Unknown,1459237859,24062,Leuven,60,
5391,"[292794056, 292794058]",4.700268299897701,50.8801873041749,"['Mathieu de Layensplein', 'Mechelsestraat']",Unknown,"[292794056, 292794058]",24062,Leuven,60,
5392,"[760908970, 23019319]",4.721937155249384,50.92956950100717,Crabeelsweg,Unknown,"[760908970, 23019319]",24062,Leuven,60,
5393,"[56301176, 1428381210]",4.722185154542896,50.93027749279365,Verbroederingstraat,Unknown,"[56301176, 1428381210]",24062,Leuven,60,
5394,1491012203,4.7230246000000005,50.92763329999999,Unknown,Unknown,1491012203,24062,Leuven,60,
5395,1491012205,4.72311105,50.927612100000005,Bosstraat,Unknown,1491012205,24062,Leuven,60,
5396,780600572,4.723010290680677,50.927519009298685,Aarschotsesteenweg,Unknown,780600572,24062,Leuven,60,
5397,"[38159437, 780600573]",4.723148618012117,50.92777009432953,Aarschotsesteenweg,Unknown,"[38159437, 780600573]",24062,Leuven,60,
5398,292794059,4.699870750886166,50.87975628937199,Pensstraat,Unknown,292794059,24062,Leuven,60,
5399,"[293452552, 125835550]",4.698678291330996,50.88013351416268,Franz Tielemanslaan,Unknown,"[293452552, 125835550]",24062,Leuven,60,
5400,969698141,4.698317317313516,50.87983114744978,Unknown,Unknown,969698141,24062,Leuven,60,
5401,292056890,4.692637227647994,50.88213252516544,Vriesenhof,Unknown,292056890,24062,Leuven,60,
5402,1012011834,4.692726905329942,50.88208503888772,Unknown,Unknown,1012011834,24062,Leuven,60,
5403,"[291791064, 290143790]",4.693934733089898,50.883163897706,Unknown,Unknown,"[291791064, 290143790]",24062,Leuven,60,
5404,903247178,4.696499551474042,50.88702650645326,Unknown,Unknown,903247178,24062,Leuven,60,
5405,"[459455924, 313724964]",4.696035095037897,50.88543433623208,Jaartallenpad,Unknown,"[459455924, 313724964]",24062,Leuven,60,
5406,293833181,4.696297551538154,50.88608405211263,Marrainenplein,Unknown,293833181,24062,Leuven,60,
5407,294038634,4.694343357426118,50.887832481982365,Unknown,Unknown,294038634,24062,Leuven,60,
5408,294884347,4.685874292186758,50.8586131737693,Unknown,Unknown,294884347,24062,Leuven,60,
5409,3358663,4.688181101178995,50.85905508225103,Waversebaan,Unknown,3358663,24062,Leuven,60,
5410,294962253,4.676945111919659,50.85771451312006,Unknown,Unknown,294962253,24062,Leuven,60,
5411,294962252,4.677149261916771,50.85780291118397,Unknown,Unknown,294962252,24062,Leuven,60,
5412,294962255,4.6773544080145575,50.85789210321634,Unknown,Unknown,294962255,24062,Leuven,60,
5413,294962254,4.676322257353945,50.85793721490409,Unknown,Unknown,294962254,24062,Leuven,60,
5414,294962247,4.67653815,50.85795604999999,Unknown,Unknown,294962247,24062,Leuven,60,
5415,343239582,4.67673705,50.8580417,Unknown,Unknown,343239582,24062,Leuven,60,
5416,"[294962248, 343239582]",4.676801480323635,50.85818128938386,Unknown,Unknown,"[294962248, 343239582]",24062,Leuven,60,
5417,"[294962249, 1482169325, 1425912447]",4.679689485147131,50.85827181137258,Unknown,Unknown,"[294962249, 1482169325, 1425912447]",24062,Leuven,60,
5418,145690826,4.674936334397722,50.86081226853264,Unknown,Unknown,145690826,24062,Leuven,60,
5419,"[814064281, 23120475]",4.677389860126989,50.86460898319935,Unknown,Unknown,"[814064281, 23120475]",24062,Leuven,60,
5420,295105556,4.757572700000001,50.8882508,Unknown,Unknown,295105556,24062,Leuven,60,
5421,295105558,4.7648786,50.8884194,Unknown,Unknown,295105558,24062,Leuven,60,
5422,295105554,4.76463915,50.88879245,Unknown,Unknown,295105554,24062,Leuven,60,
5423,295105546,4.7576615,50.88853179999999,Unknown,Unknown,295105546,24062,Leuven,60,
5424,295105551,4.7650486,50.88855749999999,Unknown,Unknown,295105551,24062,Leuven,60,
5425,295105542,4.76501095,50.88870670000001,Unknown,Unknown,295105542,24062,Leuven,60,
5426,295105538,4.76496505,50.8888601,Unknown,Unknown,295105538,24062,Leuven,60,
5427,295105544,4.76434765,50.889071400000006,Unknown,Unknown,295105544,24062,Leuven,60,
5428,"[194820336, 240410479]",4.764891789382015,50.88925033255307,Diestsesteenweg,Unknown,"[194820336, 240410479]",24062,Leuven,60,
5429,1044729459,4.6910034545404695,50.88494531905857,Wijnpersstraat,Unknown,1044729459,24062,Leuven,60,
5430,"[299637184, 1047875518, 301359312]",4.691766468221823,50.88450497096546,Unknown,Unknown,"[299637184, 1047875518, 301359312]",24062,Leuven,60,
5431,295116813,4.690499989646396,50.88766894058147,Unknown,Unknown,295116813,24062,Leuven,60,
5432,1478669927,4.6903696,50.8880759,Unknown,Unknown,1478669927,24062,Leuven,60,
5433,1133132280,4.6912525,50.8883155,Unknown,Unknown,1133132280,24062,Leuven,60,
5434,1478669928,4.690893980425138,50.8882683841162,Unknown,Unknown,1478669928,24062,Leuven,60,
5435,491595836,4.689365767641939,50.88417792246965,Unknown,Unknown,491595836,24062,Leuven,60,
5436,348252108,4.737456549999999,50.88843129999999,Honingbijstraat,Unknown,348252108,24062,Leuven,60,
5437,295335878,4.7367111,50.88866595,Sprinkhanenpad,Unknown,295335878,24062,Leuven,60,
5438,"[348252106, 558240043, 348252108]",4.737181643944187,50.88961915576303,"['Atalantastraat', 'Honingbijstraat']",Unknown,"[348252106, 558240043, 348252108]",24062,Leuven,60,
5439,"[295335882, 295335877]",4.74187807900686,50.8898951191424,Maria Jacqueslaan,Unknown,"[295335882, 295335877]",24062,Leuven,60,
5440,295349858,4.7366335,50.89051025,Unknown,Unknown,295349858,24062,Leuven,60,
5441,295349861,4.7365323,50.89058115,Unknown,Unknown,295349861,24062,Leuven,60,
5442,"[295349858, 295349851, 295349842]",4.73627343827216,50.89108367140376,Unknown,Unknown,"[295349858, 295349851, 295349842]",24062,Leuven,60,
5443,"[295349842, 295349851, 295349858]",4.73627343827216,50.89108367140378,Unknown,Unknown,"[295349842, 295349851, 295349858]",24062,Leuven,60,
5444,"[1270641048, 295349842]",4.735612269946104,50.89165256854463,Unknown,Unknown,"[1270641048, 295349842]",24062,Leuven,60,
5445,295375269,4.736262249999999,50.8924206,Unknown,Unknown,295375269,24062,Leuven,60,
5446,"[965199531, 1374655303]",4.736427421014446,50.89261195795701,Unknown,Unknown,"[965199531, 1374655303]",24062,Leuven,60,
5447,"[1483845975, 12705607]",4.734303703071171,50.89241181326071,Unknown,Unknown,"[1483845975, 12705607]",24062,Leuven,60,
5448,295375268,4.7342551,50.89321865,Unknown,Unknown,295375268,24062,Leuven,60,
5449,"[192359865, 174796293]",4.734596826352248,50.89344603563838,"['Abdij Vlierbeek', 'Abdij Van Vlierbeek']",Unknown,"[192359865, 174796293]",24062,Leuven,60,
5450,295973417,4.717899199167678,50.86737427180273,Unknown,Unknown,295973417,24062,Leuven,60,
5451,1172748582,4.715032126549718,50.866114365941705,Unknown,Unknown,1172748582,24062,Leuven,60,
5452,296221899,4.734969825650346,50.90092728500153,Unknown,Unknown,296221899,24062,Leuven,60,
5453,296714911,4.6844171,50.86153434999999,Unknown,Unknown,296714911,24062,Leuven,60,
5454,299211620,4.730349539459425,50.85913765933576,Unknown,Unknown,299211620,24062,Leuven,60,
5455,1382400179,4.701237741782368,50.87224539680231,Unknown,Unknown,1382400179,24062,Leuven,60,
5456,"[301126432, 1412809366, 1412809367]",4.700663017065413,50.87256933368144,Unknown,Unknown,"[301126432, 1412809366, 1412809367]",24062,Leuven,60,
5457,"[301569186, 301569187, 301569190, 301569192, 1321637935]",4.690354098227302,50.88207388906124,Unknown,Unknown,"[301569186, 301569187, 301569190, 301569192, 1321637935]",24062,Leuven,60,
5458,"[843033242, 843033243]",4.691293161740239,50.882429184148144,Riddersstraat,Unknown,"[843033242, 843033243]",24062,Leuven,60,
5459,"[1321637924, 1321637925]",4.689970465166579,50.88320790431359,Peterseliegang,Unknown,"[1321637924, 1321637925]",24062,Leuven,60,
5460,"[301583542, 628594143]",4.699598984631102,50.872434316624805,Unknown,Unknown,"[301583542, 628594143]",24062,Leuven,60,
5461,301583550,4.699515671800275,50.87246226428275,Unknown,Unknown,301583550,24062,Leuven,60,
5462,323245649,4.699468397824062,50.872426746821326,Unknown,Unknown,323245649,24062,Leuven,60,
5463,301583544,4.69937815,50.8726173,Unknown,Unknown,301583544,24062,Leuven,60,
5464,301583546,4.699332482440068,50.8724463957776,Unknown,Unknown,301583546,24062,Leuven,60,
5465,301583548,4.699331054900546,50.87241655871127,Unknown,Unknown,301583548,24062,Leuven,60,
5466,301587121,4.69938720551519,50.86623351930317,Unknown,Unknown,301587121,24062,Leuven,60,
5467,301587122,4.6998833,50.8666974,Unknown,Unknown,301587122,24062,Leuven,60,
5468,301587123,4.699891,50.8668532,Unknown,Unknown,301587123,24062,Leuven,60,
5469,301587124,4.69971295,50.8670839,Unknown,Unknown,301587124,24062,Leuven,60,
5470,301587125,4.6997907,50.8670537,Unknown,Unknown,301587125,24062,Leuven,60,
5471,301587126,4.6998874,50.8670161,Unknown,Unknown,301587126,24062,Leuven,60,
5472,301722505,4.6994869,50.86732655,Unknown,Unknown,301722505,24062,Leuven,60,
5473,301722506,4.699576300000001,50.86729165,Unknown,Unknown,301722506,24062,Leuven,60,
5474,301722507,4.699665899999999,50.86725665,Unknown,Unknown,301722507,24062,Leuven,60,
5475,301722508,4.69975035,50.8672237,Unknown,Unknown,301722508,24062,Leuven,60,
5476,"[301886952, 97856304]",4.6988032946991565,50.867449022383646,Unknown,Unknown,"[301886952, 97856304]",24062,Leuven,60,
5477,301886953,4.6987519,50.8674623,Unknown,Unknown,301886953,24062,Leuven,60,
5478,"[97856304, 301886952]",4.6988032946991565,50.867449022383646,Unknown,Unknown,"[97856304, 301886952]",24062,Leuven,60,
5479,301886954,4.6987135,50.86763065,Unknown,Unknown,301886954,24062,Leuven,60,
5480,"[301886955, 93725581]",4.698768021045194,50.8676172705131,Unknown,Unknown,"[301886955, 93725581]",24062,Leuven,60,
5481,301886957,4.6986447,50.8678113,Unknown,Unknown,301886957,24062,Leuven,60,
5482,301887159,4.699359299999999,50.86629175,Unknown,Unknown,301887159,24062,Leuven,60,
5483,301887309,4.698752649999999,50.86720675,Unknown,Unknown,301887309,24062,Leuven,60,
5484,1384898675,4.7209241,50.84886004999999,Unknown,Unknown,1384898675,24062,Leuven,60,
5485,303534579,4.696229881598296,50.86232903338244,Unknown,Unknown,303534579,24062,Leuven,60,
5486,303604196,4.749213101346239,50.90589338284402,Unknown,Unknown,303604196,24062,Leuven,60,
5487,"[270181176, 330300725, 406205781, 843534478]",4.701357667645184,50.88731893131349,Havenkant,Unknown,"[270181176, 330300725, 406205781, 843534478]",24062,Leuven,60,
5488,304242020,4.7035956664437615,50.88816623003957,Unknown,Unknown,304242020,24062,Leuven,60,
5489,337758968,4.7038513,50.88820355,Engels Plein,Unknown,337758968,24062,Leuven,60,
5490,337434145,4.706058,50.88901465,Unknown,Unknown,337434145,24062,Leuven,60,
5491,304441784,4.70579045,50.86291365,Unknown,Unknown,304441784,24062,Leuven,60,
5492,304418665,4.708348284802645,50.8630202853628,Unknown,Unknown,304418665,24062,Leuven,60,
5493,1378675223,4.7059897500000005,50.88689325000001,Unknown,Unknown,1378675223,24062,Leuven,60,
5494,327469437,4.68556895,50.86095045,Unknown,Unknown,327469437,24062,Leuven,60,
5495,565489814,4.685489409931706,50.861046313889496,Unknown,Unknown,565489814,24062,Leuven,60,
5496,1156885141,4.685704526192466,50.86087424789117,Unknown,Unknown,1156885141,24062,Leuven,60,
5497,305131824,4.686044395772928,50.86079366098168,Unknown,Unknown,305131824,24062,Leuven,60,
5498,23119518,4.6863394,50.8607869,Hertog Engelbertlaan,Unknown,23119518,24062,Leuven,60,
5499,305316104,4.703906665348076,50.8884456927017,Engels Plein,Unknown,305316104,24062,Leuven,60,
5500,305853536,4.73014981538285,50.89371729630281,Unknown,Unknown,305853536,24062,Leuven,60,
5501,1243620172,4.73038805,50.89383925,Unknown,Unknown,1243620172,24062,Leuven,60,
5502,1313381523,4.720361523906199,50.90239516887824,Unknown,Unknown,1313381523,24062,Leuven,60,
5503,"[1425657611, 1451420335]",4.691043761585566,50.89021212231111,'s-Hertogenlaan,Unknown,"[1425657611, 1451420335]",24062,Leuven,60,
5504,1459237861,4.7124555,50.90856865,Unknown,Unknown,1459237861,24062,Leuven,60,
5505,308872448,4.724141400000001,50.88559455000001,Unknown,Unknown,308872448,24062,Leuven,60,
5506,313751310,4.699984869785231,50.88420404510652,Unknown,Unknown,313751310,24062,Leuven,60,
5507,9714265,4.701800142729748,50.88334161391679,Kolveniershof,Unknown,9714265,24062,Leuven,60,
5508,306585987,4.7017564580166935,50.88338317613904,Kolveniershof,Unknown,306585987,24062,Leuven,60,
5509,309422873,4.72337475,50.88646605,Unknown,Unknown,309422873,24062,Leuven,60,
5510,309422874,4.723007318094155,50.886583904924855,Unknown,Unknown,309422874,24062,Leuven,60,
5511,309422872,4.724376599999999,50.8867626,Unknown,Unknown,309422872,24062,Leuven,60,
5512,310474284,4.7133523,50.90971355,Unknown,Unknown,310474284,24062,Leuven,60,
5513,"[310474283, 310474285]",4.71348716208162,50.90963023862203,Unknown,Unknown,"[310474283, 310474285]",24062,Leuven,60,
5514,"[1459237869, 310474285]",4.71324550247063,50.90962771160553,Unknown,Unknown,"[1459237869, 310474285]",24062,Leuven,60,
5515,1459237869,4.713149,50.90964815,Unknown,Unknown,1459237869,24062,Leuven,60,
5516,"[310488971, 310488973]",4.723536610430834,50.92598798117688,Bosstraat,Unknown,"[310488971, 310488973]",24062,Leuven,60,
5517,"[1248299345, 38159441]",4.723918156715041,50.92658603609303,Bosstraat,Unknown,"[1248299345, 38159441]",24062,Leuven,60,
5518,310488970,4.723857602517964,50.92693018973515,Unknown,Unknown,310488970,24062,Leuven,60,
5519,"[38159441, 1248299345]",4.723918156715041,50.92658603609303,Bosstraat,Unknown,"[38159441, 1248299345]",24062,Leuven,60,
5520,310650136,4.73015758969285,50.92939842218324,Unknown,Unknown,310650136,24062,Leuven,60,
5521,310650135,4.72983578667094,50.92939624447252,Unknown,Unknown,310650135,24062,Leuven,60,
5522,687019377,4.724146639344631,50.92823301410934,Sint-Agathaplein,Unknown,687019377,24062,Leuven,60,
5523,311628795,4.693091997299268,50.88036084078456,Zongang,Unknown,311628795,24062,Leuven,60,
5524,311628797,4.693244349400268,50.88037548700209,Unknown,Unknown,311628797,24062,Leuven,60,
5525,1066053511,4.6935165803347925,50.880485062306754,Kapucijnenvoer,Unknown,1066053511,24062,Leuven,60,
5526,"[510485133, 533221263]",4.69684342020766,50.87918929236255,Unknown,Unknown,"[510485133, 533221263]",24062,Leuven,60,
5527,333562659,4.6786044,50.86795715,Unknown,Unknown,333562659,24062,Leuven,60,
5528,330915329,4.679227647530075,50.86824272682368,Unknown,Unknown,330915329,24062,Leuven,60,
5529,"[333562659, 1255974379, 516612465, 312047479, 312047482]",4.679609448206667,50.86812372615012,Unknown,Unknown,"[333562659, 1255974379, 516612465, 312047479, 312047482]",24062,Leuven,60,
5530,313304300,4.7053550950629175,50.88212281218496,Unknown,Unknown,313304300,24062,Leuven,60,
5531,"[22999347, 25813260]",4.705594025858335,50.88238467188751,Mathias Van den Gheynlaan,Unknown,"[22999347, 25813260]",24062,Leuven,60,
5532,22999347,4.706538101672768,50.88234297688706,Mathias Van den Gheynlaan,Unknown,22999347,24062,Leuven,60,
5533,313456623,4.706073328334754,50.88253088049053,Unknown,Unknown,313456623,24062,Leuven,60,
5534,125835572,4.698350735077988,50.88355312171719,Mechelsestraat,Unknown,125835572,24062,Leuven,60,
5535,"[313751282, 313751286]",4.699879993061235,50.88467434680255,Unknown,Unknown,"[313751282, 313751286]",24062,Leuven,60,
5536,314474925,4.700971350108451,50.884402635536425,Unknown,Unknown,314474925,24062,Leuven,60,
5537,"[314487497, 314487507, 314487487]",4.702354978389164,50.88626604272277,Unknown,Unknown,"[314487497, 314487507, 314487487]",24062,Leuven,60,
5538,27470973,4.705941366878074,50.88679619681725,Unknown,Unknown,27470973,24062,Leuven,60,
5539,314629143,4.705556872376508,50.88694985059124,Stapelhuisstraat,Unknown,314629143,24062,Leuven,60,
5540,797353796,4.703929499999999,50.8832488,Rijdende-Artillerielaan,Unknown,797353796,24062,Leuven,60,
5541,312257887,4.703750358427836,50.88340365748219,Rijdende-Artillerielaan,Unknown,312257887,24062,Leuven,60,
5542,315514775,4.7044625,50.88414795,Grimdestraat,Unknown,315514775,24062,Leuven,60,
5543,"[315514771, 315514773, 315785038, 315785047]",4.704497423750233,50.88438990602918,Grimdestraat,Unknown,"[315514771, 315514773, 315785038, 315785047]",24062,Leuven,60,
5544,"[315785040, 315785041, 315785046]",4.7035757958597655,50.883999430139255,Unknown,Unknown,"[315785040, 315785041, 315785046]",24062,Leuven,60,
5545,"[315813018, 315813019, 315813015]",4.707022157871887,50.88288769860925,Unknown,Unknown,"[315813018, 315813019, 315813015]",24062,Leuven,60,
5546,315813010,4.7074428,50.8846423,Unknown,Unknown,315813010,24062,Leuven,60,
5547,133801081,4.71027775756703,50.88539443845847,Unknown,Unknown,133801081,24062,Leuven,60,
5548,1053333126,4.7031353,50.8684843,Unknown,Unknown,1053333126,24062,Leuven,60,
5549,8055708,4.709562689567887,50.88139301445084,Diestsestraat,Unknown,8055708,24062,Leuven,60,
5550,"[317384242, 317384243, 1462285021]",4.711509343833508,50.88200681340994,Blauwputgang,Unknown,"[317384242, 317384243, 1462285021]",24062,Leuven,60,
5551,317573562,4.708594404435901,50.88135750399727,Jan-Pieter Minckelersstraat,Unknown,317573562,24062,Leuven,60,
5552,"[38241794, 8055708]",4.710949422751645,50.881663142800335,Diestsestraat,Unknown,"[38241794, 8055708]",24062,Leuven,60,
5553,38241795,4.712980290479012,50.88205062107856,Diestsestraat,Unknown,38241795,24062,Leuven,60,
5554,319454045,4.71213887910881,50.88188677894416,Diestsestraat,Unknown,319454045,24062,Leuven,60,
5555,305434579,4.7111183922292605,50.88058385142423,Bondgenotenlaan,Unknown,305434579,24062,Leuven,60,
5556,"[456815180, 154334988]",4.711798769574209,50.881281223499954,Unknown,Unknown,"[456815180, 154334988]",24062,Leuven,60,
5557,1120405498,4.680244849999999,50.8649286,Kapeldreef,Unknown,1120405498,24062,Leuven,60,
5558,"[264864131, 1514055279]",4.680346073004764,50.86485160537715,Unknown,Unknown,"[264864131, 1514055279]",24062,Leuven,60,
5559,264864092,4.680633147627747,50.86497766419101,Kapeldreef,Unknown,264864092,24062,Leuven,60,
5560,"[1431375568, 264864122]",4.6807542372237645,50.86502502274691,Unknown,Unknown,"[1431375568, 264864122]",24062,Leuven,60,
5561,351276442,4.680819534006546,50.86499841446272,Kapeldreef,Unknown,351276442,24062,Leuven,60,
5562,"[373013042, 1431375567]",4.680734305972571,50.86492662725934,Celestijnenlaan,Unknown,"[373013042, 1431375567]",24062,Leuven,60,
5563,159860731,4.676027709728574,50.86434418507757,Kapeldreef,Unknown,159860731,24062,Leuven,60,
5564,320933435,4.74602068694526,50.86498041929104,Unknown,Unknown,320933435,24062,Leuven,60,
5565,845697269,4.703628445200748,50.856152663993626,Unknown,Unknown,845697269,24062,Leuven,60,
5566,"[461159352, 461159348]",4.691162368183455,50.8726848718128,Kapucijnenvoer,Unknown,"[461159352, 461159348]",24062,Leuven,60,
5567,"[1432632857, 184344076, 810580965]",4.677337670337272,50.88391460839347,Sellekensstraat,Unknown,"[1432632857, 184344076, 810580965]",24062,Leuven,60,
5568,24476596,4.68094605,50.86500865,Kapeldreef,Unknown,24476596,24062,Leuven,60,
5569,351276438,4.68100405,50.86505485000001,Celestijnenlaan,Unknown,351276438,24062,Leuven,60,
5570,"[325489481, 325489482]",4.713331713190495,50.88106475562179,Unknown,Unknown,"[325489481, 325489482]",24062,Leuven,60,
5571,"[1231759604, 126304975]",4.669674655032295,50.8799332461489,Unknown,Unknown,"[1231759604, 126304975]",24062,Leuven,60,
5572,"[1435267378, 1511701407]",4.668493501518817,50.87947698848776,Unknown,Unknown,"[1435267378, 1511701407]",24062,Leuven,60,
5573,"[1511701412, 1511701413, 1511701407]",4.67002359328567,50.88032875214615,Unknown,Unknown,"[1511701412, 1511701413, 1511701407]",24062,Leuven,60,
5574,807751755,4.672291743145236,50.882697287919655,Unknown,Unknown,807751755,24062,Leuven,60,
5575,326736777,4.67539385,50.8849796,Unknown,Unknown,326736777,24062,Leuven,60,
5576,"[326736760, 326736762, 326736772]",4.674987918137423,50.88505580552341,Brusselsesteenweg,Unknown,"[326736760, 326736762, 326736772]",24062,Leuven,60,
5577,326736778,4.676192640978694,50.88506763920669,Unknown,Unknown,326736778,24062,Leuven,60,
5578,326826783,4.6922126,50.87011315,Unknown,Unknown,326826783,24062,Leuven,60,
5579,327680459,4.73325095,50.8466809,Unknown,Unknown,327680459,24062,Leuven,60,
5580,327680460,4.73344945,50.84776135,Unknown,Unknown,327680460,24062,Leuven,60,
5581,327680468,4.733670739259625,50.84812980301257,Unknown,Unknown,327680468,24062,Leuven,60,
5582,327680463,4.7334411,50.84815515,Unknown,Unknown,327680463,24062,Leuven,60,
5583,327680466,4.733086163834316,50.8478036794693,Unknown,Unknown,327680466,24062,Leuven,60,
5584,327680461,4.7336624,50.8485236,Unknown,Unknown,327680461,24062,Leuven,60,
5585,"[327680457, 327680465]",4.733096334331001,50.848354500820086,Unknown,Unknown,"[327680457, 327680465]",24062,Leuven,60,
5586,893080762,4.7105491,50.874265050000005,Cansgang,Unknown,893080762,24062,Leuven,60,
5587,328242467,4.664884348798407,50.87541466998462,Vogelzang,Unknown,328242467,24062,Leuven,60,
5588,329511886,4.733214708973202,50.85798403300951,Unknown,Unknown,329511886,24062,Leuven,60,
5589,"[330032696, 1119158865]",4.702048478877142,50.8613952560216,Unknown,Unknown,"[330032696, 1119158865]",24062,Leuven,60,
5590,337406021,4.705818878204914,50.88784061246579,Vaartkom,Unknown,337406021,24062,Leuven,60,
5591,"[1513607840, 1451403623]",4.705826197509336,50.88771432928917,Marie Thumas Durieuxbrug,Unknown,"[1513607840, 1451403623]",24062,Leuven,60,
5592,330417530,4.70000905,50.92879655,Unknown,Unknown,330417530,24062,Leuven,60,
5593,330417529,4.699499300960604,50.928799238698005,Unknown,Unknown,330417529,24062,Leuven,60,
5594,330915325,4.6801312500000005,50.86831725,Unknown,Unknown,330915325,24062,Leuven,60,
5595,332546165,4.681278636993207,50.87921299756704,Unknown,Unknown,332546165,24062,Leuven,60,
5596,1089609639,4.7330333612674185,50.88534999078703,Sparrenweg,Unknown,1089609639,24062,Leuven,60,
5597,351276441,4.680492298007173,50.867011823098494,Celestijnenlaan,Unknown,351276441,24062,Leuven,60,
5598,406841190,4.6808214,50.86609775,Celestijnenlaan,Unknown,406841190,24062,Leuven,60,
5599,1453742212,4.671886973268254,50.88191228208237,Unknown,Unknown,1453742212,24062,Leuven,60,
5600,333793232,4.6759279,50.8802736,Unknown,Unknown,333793232,24062,Leuven,60,
5601,"[129459883, 129459886]",4.676065857508799,50.88048767249616,Unknown,Unknown,"[129459883, 129459886]",24062,Leuven,60,
5602,"[333793234, 1207974538]",4.675639718138681,50.880283071225065,Unknown,Unknown,"[333793234, 1207974538]",24062,Leuven,60,
5603,333793234,4.675617300000001,50.880413,Unknown,Unknown,333793234,24062,Leuven,60,
5604,333793235,4.675941779337298,50.88051645304809,Unknown,Unknown,333793235,24062,Leuven,60,
5605,336405658,4.661816860387397,50.85991953784127,Unknown,Unknown,336405658,24062,Leuven,60,
5606,337406038,4.70516135,50.8889684,Unknown,Unknown,337406038,24062,Leuven,60,
5607,337406071,4.7050743,50.88909055,Unknown,Unknown,337406071,24062,Leuven,60,
5608,304242019,4.704672761638238,50.888928269213125,Unknown,Unknown,304242019,24062,Leuven,60,
5609,337406025,4.7053192500000005,50.88909095,Unknown,Unknown,337406025,24062,Leuven,60,
5610,"[126304946, 192559623]",4.70535066489766,50.896008637170944,Pastoor Legrandstraat,Unknown,"[126304946, 192559623]",24062,Leuven,60,
5611,337406053,4.706183327541233,50.89567784757106,Unknown,Unknown,337406053,24062,Leuven,60,
5612,337406039,4.704568699820856,50.88874763555707,Unknown,Unknown,337406039,24062,Leuven,60,
5613,337406060,4.704725480950222,50.88882325126725,Unknown,Unknown,337406060,24062,Leuven,60,
5614,337406064,4.705000503777029,50.888628376246494,Unknown,Unknown,337406064,24062,Leuven,60,
5615,337406042,4.704702622071286,50.88884448101098,Unknown,Unknown,337406042,24062,Leuven,60,
5616,338057820,4.704027103831301,50.88856198271933,Engels Plein,Unknown,338057820,24062,Leuven,60,
5617,1457618238,4.704295126912257,50.88847503715251,Unknown,Unknown,1457618238,24062,Leuven,60,
5618,622063675,4.70618016655364,50.887991644127226,Kolonel Begaultlaan,Unknown,622063675,24062,Leuven,60,
5619,"[338057819, 377918611, 608715621, 608715622]",4.705267101170715,50.888010850072135,Engels Plein,Unknown,"[338057819, 377918611, 608715621, 608715622]",24062,Leuven,60,
5620,337434140,4.7033645503140855,50.88859790146329,Unknown,Unknown,337434140,24062,Leuven,60,
5621,337758979,4.704663249999999,50.88851695,Unknown,Unknown,337758979,24062,Leuven,60,
5622,"[870747482, 337758979, 610509050]",4.702675399890364,50.88914093693396,Unknown,Unknown,"[870747482, 337758979, 610509050]",24062,Leuven,60,
5623,1046119886,4.6812108,50.88267635,Unknown,Unknown,1046119886,24062,Leuven,60,
5624,503841163,4.68180135,50.88166415,Unknown,Unknown,503841163,24062,Leuven,60,
5625,1247122789,4.6817859,50.88148915,Unknown,Unknown,1247122789,24062,Leuven,60,
5626,1442137406,4.724386981152363,50.90278066033061,Wilselsesteenweg,Unknown,1442137406,24062,Leuven,60,
5627,339192764,4.714414739357565,50.91108039991096,Unknown,Unknown,339192764,24062,Leuven,60,
5628,"[608916211, 1217715495]",4.746643769347009,50.866187223661306,Tiensesteenweg,Unknown,"[608916211, 1217715495]",24062,Leuven,60,
5629,1021053901,4.74653225,50.8662641,Unknown,Unknown,1021053901,24062,Leuven,60,
5630,318825612,4.70690125,50.889116,Aarschotsesteenweg,Unknown,318825612,24062,Leuven,60,
5631,"[1458857835, 13883887]",4.706994258975231,50.88929114552695,Unknown,Unknown,"[1458857835, 13883887]",24062,Leuven,60,
5632,"[1458857834, 1458857835, 1443453831]",4.707036889064528,50.88873774724147,Unknown,Unknown,"[1458857834, 1458857835, 1443453831]",24062,Leuven,60,
5633,"[340265984, 1459237830]",4.707425449825216,50.88901671871364,Unknown,Unknown,"[340265984, 1459237830]",24062,Leuven,60,
5634,"[118943955, 118943958, 15241582, 340265919]",4.708710108061922,50.90158224842972,Aarschotsesteenweg,Unknown,"[118943955, 118943958, 15241582, 340265919]",24062,Leuven,60,
5635,"[1459237848, 1456364325]",4.707525827981444,50.90091186895468,Unknown,Unknown,"[1459237848, 1456364325]",24062,Leuven,60,
5636,351276440,4.6808780500000005,50.8649417,Celestijnenlaan,Unknown,351276440,24062,Leuven,60,
5637,488932567,4.680858579872442,50.86454912863534,Celestijnenlaan,Unknown,488932567,24062,Leuven,60,
5638,48952569,4.691400742495651,50.86196640222,Unknown,Unknown,48952569,24062,Leuven,60,
5639,"[346167584, 48952570, 342695383]",4.691225141732503,50.86199729727317,Waversebaan,Unknown,"[346167584, 48952570, 342695383]",24062,Leuven,60,
5640,48952571,4.691093022987231,50.861694835780895,Waversebaan,Unknown,48952571,24062,Leuven,60,
5641,108156651,4.691324980484035,50.86179078825004,Hertogstraat,Unknown,108156651,24062,Leuven,60,
5642,8127870,4.691262347601242,50.86165015953289,Waversebaan,Unknown,8127870,24062,Leuven,60,
5643,23000040,4.69203461345162,50.86099316227905,Middelweg,Unknown,23000040,24062,Leuven,60,
5644,343459761,4.67765205,50.8570451,Unknown,Unknown,343459761,24062,Leuven,60,
5645,"[263756795, 10575879]",4.732975413546895,50.85463325558629,Evenementenlaan,Unknown,"[263756795, 10575879]",24062,Leuven,60,
5646,344507811,4.720035320190129,50.848870036576514,Ambachtenlaan,Unknown,344507811,24062,Leuven,60,
5647,"[1431809605, 1431809606, 1431809607]",4.720772604944076,50.84966631995372,Unknown,Unknown,"[1431809605, 1431809606, 1431809607]",24062,Leuven,60,
5648,1279407551,4.721991830032225,50.85664929887605,Unknown,Unknown,1279407551,24062,Leuven,60,
5649,1430870051,4.71272005,50.90884855,Unknown,Unknown,1430870051,24062,Leuven,60,
5650,1497201597,4.72319215,50.927926,Unknown,Unknown,1497201597,24062,Leuven,60,
5651,"[780600573, 38159437]",4.723148618012116,50.92777009432952,Aarschotsesteenweg,Unknown,"[780600573, 38159437]",24062,Leuven,60,
5652,390781348,4.688735489716383,50.84607056233287,Unknown,Unknown,390781348,24062,Leuven,60,
5653,1334988606,4.685883676589305,50.88787149228102,Unknown,Unknown,1334988606,24062,Leuven,60,
5654,348273661,4.728466487435664,50.88894583489216,Toekomststraat,Unknown,348273661,24062,Leuven,60,
5655,361576379,4.677461499999354,50.8810921561156,Unknown,Unknown,361576379,24062,Leuven,60,
5656,788929623,4.6798577875353145,50.882239803471606,Unknown,Unknown,788929623,24062,Leuven,60,
5657,788929622,4.680489327677218,50.88316622006003,Unknown,Unknown,788929622,24062,Leuven,60,
5658,788929624,4.67759867172706,50.88279786789458,Unknown,Unknown,788929624,24062,Leuven,60,
5659,"[1001180293, 810580959]",4.677073905437982,50.883313354718666,Unknown,Unknown,"[1001180293, 810580959]",24062,Leuven,60,
5660,"[454066146, 133801034, 305384083]",4.702418756598645,50.878709487079256,"['Eikstraat', 'Grote Markt']",Unknown,"[454066146, 133801034, 305384083]",24062,Leuven,60,
5661,"[189734786, 3343955]",4.702915863701583,50.8788152835502,"['Tiensestraat', 'Rector De Somerplein']",Unknown,"[189734786, 3343955]",24062,Leuven,60,
5662,362794249,4.703110203743618,50.87910233423066,Rector De Somerplein,Unknown,362794249,24062,Leuven,60,
5663,731214013,4.6988195,50.8611611,Unknown,Unknown,731214013,24062,Leuven,60,
5664,"[364819992, 364819988]",4.697655060412932,50.83972770091318,Naamsesteenweg,Unknown,"[364819992, 364819988]",24062,Leuven,60,
5665,"[364819996, 364819990]",4.69701018365846,50.84199666454792,Naamsesteenweg,Unknown,"[364819996, 364819990]",24062,Leuven,60,
5666,651095580,4.6959215,50.8454802,Unknown,Unknown,651095580,24062,Leuven,60,
5667,284251319,4.695625942883213,50.84676293763687,Naamsesteenweg,Unknown,284251319,24062,Leuven,60,
5668,364819998,4.696113932792994,50.8452603927094,Naamsesteenweg,Unknown,364819998,24062,Leuven,60,
5669,364820014,4.6960468,50.84538555,Unknown,Unknown,364820014,24062,Leuven,60,
5670,364819999,4.695709777426302,50.84664456961918,Naamsesteenweg,Unknown,364819999,24062,Leuven,60,
5671,1210035292,4.69566415,50.84671555,Unknown,Unknown,1210035292,24062,Leuven,60,
5672,461159345,4.69107625,50.872513,Tervuursevest,Unknown,461159345,24062,Leuven,60,
5673,461159346,4.6911968,50.87250095,Kapucijnenvoer,Unknown,461159346,24062,Leuven,60,
5674,366337446,4.6911386,50.87256245,Unknown,Unknown,366337446,24062,Leuven,60,
5675,325166039,4.69124748683135,50.872640035999005,Kapucijnenvoer,Unknown,325166039,24062,Leuven,60,
5676,174338457,4.690434246396157,50.87279901659988,Unknown,Unknown,174338457,24062,Leuven,60,
5677,"[366337448, 325166038]",4.69085618801861,50.87277211094108,Kapucijnenvoer,Unknown,"[366337448, 325166038]",24062,Leuven,60,
5678,1120405500,4.69797825,50.870883,Schapenstraat,Unknown,1120405500,24062,Leuven,60,
5679,368282242,4.69779835,50.86901995,Schapenstraat,Unknown,368282242,24062,Leuven,60,
5680,608715561,4.6977173,50.869014400000005,Tervuursevest,Unknown,608715561,24062,Leuven,60,
5681,1198558985,4.6897612,50.8580624,Koning Leopold III-laan,Unknown,1198558985,24062,Leuven,60,
5682,568992337,4.6896689,50.8580765,Unknown,Unknown,568992337,24062,Leuven,60,
5683,70595554,4.6885880792032575,50.85927793432687,Waversebaan,Unknown,70595554,24062,Leuven,60,
5684,1430302425,4.688567979372752,50.85929436561365,Unknown,Unknown,1430302425,24062,Leuven,60,
5685,351276444,4.694066849335994,50.85534497732628,Koning Leopold III-laan,Unknown,351276444,24062,Leuven,60,
5686,1431560131,4.692574512086838,50.85580874506183,Unknown,Unknown,1431560131,24062,Leuven,60,
5687,"[1449647284, 310838958]",4.6955375283477725,50.84736111832582,Naamsesteenweg,Unknown,"[1449647284, 310838958]",24062,Leuven,60,
5688,371242799,4.71183,50.8761955,Unknown,Unknown,371242799,24062,Leuven,60,
5689,"[371242778, 3343971]",4.711400272841588,50.87590621767031,Burgemeestersstraat,Unknown,"[371242778, 3343971]",24062,Leuven,60,
5690,"[192359884, 174796276]",4.734871555719529,50.89027936674793,Molenstraat,Unknown,"[192359884, 174796276]",24062,Leuven,60,
5691,371786101,4.734734811878892,50.89074310024253,Unknown,Unknown,371786101,24062,Leuven,60,
5692,"[377918663, 377918664, 377918633, 79596967, 79596988]",4.714677588452277,50.88206226024977,Unknown,Unknown,"[377918663, 377918664, 377918633, 79596967, 79596988]",24062,Leuven,60,
5693,"[372559055, 305316103]",4.705386776538583,50.88811326771185,Engels Plein,Unknown,"[372559055, 305316103]",24062,Leuven,60,
5694,1346929429,4.705919494081356,50.88793510588851,Kolonel Begaultlaan,Unknown,1346929429,24062,Leuven,60,
5695,"[378037553, 71826173]",4.687743905757138,50.86378462888164,Unknown,Unknown,"[378037553, 71826173]",24062,Leuven,60,
5696,802008300,4.714164498328132,50.86568736905324,Unknown,Unknown,802008300,24062,Leuven,60,
5697,305434677,4.7036511009096325,50.87972091898594,Leopold Vanderkelenstraat,Unknown,305434677,24062,Leuven,60,
5698,1496771929,4.705516345122421,50.918949571328085,Unknown,Unknown,1496771929,24062,Leuven,60,
5699,1117835831,4.676646099999999,50.9383139,Hambosstraat,Unknown,1117835831,24062,Leuven,60,
5700,1467622380,4.67666565,50.9384689,Unknown,Unknown,1467622380,24062,Leuven,60,
5701,380559351,4.741973289411159,50.905135771996456,Unknown,Unknown,380559351,24062,Leuven,60,
5702,383347442,4.678641721362647,50.86751065264791,Unknown,Unknown,383347442,24062,Leuven,60,
5703,1511675677,4.6786881221182535,50.86743038232702,Remisebosweg,Unknown,1511675677,24062,Leuven,60,
5704,451854806,4.678635691895284,50.86757137047533,Remisebosweg,Unknown,451854806,24062,Leuven,60,
5705,"[312047485, 1511675678]",4.679496886040875,50.86763764149756,Unknown,Unknown,"[312047485, 1511675678]",24062,Leuven,60,
5706,383482207,4.6684218,50.86215215,Unknown,Unknown,383482207,24062,Leuven,60,
5707,384501832,4.690638549999999,50.8490925,Unknown,Unknown,384501832,24062,Leuven,60,
5708,385570370,4.667307,50.85141465,Unknown,Unknown,385570370,24062,Leuven,60,
5709,385570368,4.668329833600216,50.85174592961683,Unknown,Unknown,385570368,24062,Leuven,60,
5710,387596229,4.735015949999999,50.86891555,Unknown,Unknown,387596229,24062,Leuven,60,
5711,1382248444,4.736863400000001,50.86873135000001,Unknown,Unknown,1382248444,24062,Leuven,60,
5712,387596228,4.736786599739695,50.86942207478076,Unknown,Unknown,387596228,24062,Leuven,60,
5713,"[390226986, 388243746]",4.684286810321695,50.8413812219474,Unknown,Unknown,"[390226986, 388243746]",24062,Leuven,60,
5714,"[388243746, 390226986]",4.684286810321694,50.84138122194739,Unknown,Unknown,"[388243746, 390226986]",24062,Leuven,60,
5715,388243747,4.687847024933321,50.841271632839785,Unknown,Unknown,388243747,24062,Leuven,60,
5716,388243749,4.68476202280097,50.84013381721025,Unknown,Unknown,388243749,24062,Leuven,60,
5717,388729933,4.675679667088972,50.839187948748425,Unknown,Unknown,388729933,24062,Leuven,60,
5718,"[1152487319, 388729935]",4.674246816911865,50.83805224137959,Unknown,Unknown,"[1152487319, 388729935]",24062,Leuven,60,
5719,390616581,4.679176615029632,50.84946778365521,Unknown,Unknown,390616581,24062,Leuven,60,
5720,390616574,4.692617896548155,50.84581430407989,Bierbeekpleindreef,Unknown,390616574,24062,Leuven,60,
5721,395354557,4.710947018084191,50.89331920228563,Dijledreef,Unknown,395354557,24062,Leuven,60,
5722,722950858,4.695959859255324,50.87034204199801,Unknown,Unknown,722950858,24062,Leuven,60,
5723,1498349959,4.689281019200896,50.8698506784401,Unknown,Unknown,1498349959,24062,Leuven,60,
5724,"[1431375565, 1431375566]",4.680836932721582,50.865069994053286,Unknown,Unknown,"[1431375565, 1431375566]",24062,Leuven,60,
5725,830829947,4.68091825,50.864883500000005,Unknown,Unknown,830829947,24062,Leuven,60,
5726,"[830829947, 1431375564]",4.6810138992933314,50.8648935567612,Unknown,Unknown,"[830829947, 1431375564]",24062,Leuven,60,
5727,1431375565,4.68095935,50.8650899,Unknown,Unknown,1431375565,24062,Leuven,60,
5728,909162344,4.7587611,50.8834282,Unknown,Unknown,909162344,24062,Leuven,60,
5729,909162343,4.758623500000001,50.8835347,Unknown,Unknown,909162343,24062,Leuven,60,
5730,419528902,4.759599772056434,50.88283806993248,Unknown,Unknown,419528902,24062,Leuven,60,
5731,"[419528904, 637172001]",4.759969279280965,50.88267256891866,Unknown,Unknown,"[419528904, 637172001]",24062,Leuven,60,
5732,419528901,4.75832595,50.8835257,Unknown,Unknown,419528901,24062,Leuven,60,
5733,630213448,4.759890612327092,50.88334872012978,Unknown,Unknown,630213448,24062,Leuven,60,
5734,1423685496,4.69726685,50.9264501,Unknown,Unknown,1423685496,24062,Leuven,60,
5735,419874315,4.713397966002018,50.919657327248416,Unknown,Unknown,419874315,24062,Leuven,60,
5736,1423685504,4.69647245,50.92626765,Unknown,Unknown,1423685504,24062,Leuven,60,
5737,1446479175,4.69662595,50.9264538,Rietensplein,Unknown,1446479175,24062,Leuven,60,
5738,419978215,4.740511694225725,50.87203250202503,Unknown,Unknown,419978215,24062,Leuven,60,
5739,"[10672787, 318218548, 318218551, 79942232, 79942234, 192706267, 192706268]",4.736279207726708,50.87217116066223,"['Tiggelpad', 'Predikherenberg']",Unknown,"[10672787, 318218548, 318218551, 79942232, 79942234, 192706267, 192706268]",24062,Leuven,60,
5740,1089020352,4.7152754,50.86493105,Unknown,Unknown,1089020352,24062,Leuven,60,
5741,1089020354,4.71524655,50.86493755,Unknown,Unknown,1089020354,24062,Leuven,60,
5742,421545254,4.69397815,50.842236500000006,Unknown,Unknown,421545254,24062,Leuven,60,
5743,422917986,4.690281500052409,50.87083809080309,Unknown,Unknown,422917986,24062,Leuven,60,
5744,"[429706873, 320041238, 192559657]",4.673491445239812,50.88079912418946,Unknown,Unknown,"[429706873, 320041238, 192559657]",24062,Leuven,60,
5745,832174484,4.653576685249268,50.85632453767105,Unknown,Unknown,832174484,24062,Leuven,60,
5746,"[608916224, 608916225, 99346754, 608916226, 608916223]",4.663449204510008,50.868237846781696,Sint-Jansbergsesteenweg,Unknown,"[608916224, 608916225, 99346754, 608916226, 608916223]",24062,Leuven,60,
5747,206186225,4.663837817614857,50.86843657325121,Unknown,Unknown,206186225,24062,Leuven,60,
5748,431370916,4.7409263,50.8881883,Meikeverpad,Unknown,431370916,24062,Leuven,60,
5749,"[1304053216, 759158335]",4.741313756091382,50.88786995503807,Meikeverstraat,Unknown,"[1304053216, 759158335]",24062,Leuven,60,
5750,"[295242057, 87369967]",4.739894629663289,50.88789033001856,Unknown,Unknown,"[295242057, 87369967]",24062,Leuven,60,
5751,458720654,4.722484320579651,50.850953105027365,Interleuvenlaan,Unknown,458720654,24062,Leuven,60,
5752,"[290957569, 290143796]",4.694793245159605,50.88280912318416,Unknown,Unknown,"[290957569, 290143796]",24062,Leuven,60,
5753,"[294192992, 222366953, 1047875517, 221538223]",4.691581828478143,50.886303218044056,Unknown,Unknown,"[294192992, 222366953, 1047875517, 221538223]",24062,Leuven,60,
5754,"[135584593, 299637185]",4.691387147330791,50.88630851820725,Unknown,Unknown,"[135584593, 299637185]",24062,Leuven,60,
5755,"[192559621, 608715595, 608715596, 139807120, 292472310]",4.690148082633816,50.891952988559126,Nieuwe Mechelsesteenweg,Unknown,"[192559621, 608715595, 608715596, 139807120, 292472310]",24062,Leuven,60,
5756,438252652,4.689055957238817,50.8932753296953,Unknown,Unknown,438252652,24062,Leuven,60,
5757,292472302,4.689027899999999,50.8933964,Nieuwe Mechelsesteenweg,Unknown,292472302,24062,Leuven,60,
5758,750460906,4.71660395,50.877473,Unknown,Unknown,750460906,24062,Leuven,60,
5759,"[71579514, 71579515, 732000695]",4.716272750494246,50.87769320470856,Unknown,Unknown,"[71579514, 71579515, 732000695]",24062,Leuven,60,
5760,1196073498,4.736198,50.84413055,Unknown,Unknown,1196073498,24062,Leuven,60,
5761,1196073499,4.736518035487051,50.84446283848768,Unknown,Unknown,1196073499,24062,Leuven,60,
5762,"[539817281, 672349404, 672349405]",4.694526372674734,50.87662242578867,Unknown,Unknown,"[539817281, 672349404, 672349405]",24062,Leuven,60,
5763,450062748,4.709267626345277,50.87492416893288,Unknown,Unknown,450062748,24062,Leuven,60,
5764,520621546,4.67709885,50.86732069999999,Unknown,Unknown,520621546,24062,Leuven,60,
5765,1511675679,4.6772191,50.8673938,Remisebosweg,Unknown,1511675679,24062,Leuven,60,
5766,1426886220,4.713675599946247,50.91771457725891,Vuntpad,Unknown,1426886220,24062,Leuven,60,
5767,297017195,4.698215013865059,50.877990961515536,Sint-Barbarastraat,Unknown,297017195,24062,Leuven,60,
5768,454934597,4.758816422372681,50.88752274691471,Unknown,Unknown,454934597,24062,Leuven,60,
5769,454934598,4.758390540269713,50.88756019813487,Unknown,Unknown,454934598,24062,Leuven,60,
5770,1496785782,4.6920988,50.88929205,Unknown,Unknown,1496785782,24062,Leuven,60,
5771,"[125835612, 125835581]",4.693062410649399,50.88939207912912,Oude Rondelaan,Unknown,"[125835612, 125835581]",24062,Leuven,60,
5772,685570223,4.693070630069066,50.88930149784135,Unknown,Unknown,685570223,24062,Leuven,60,
5773,521229690,4.669545744649763,50.82537584023142,Unknown,Unknown,521229690,24062,Leuven,60,
5774,76856823,4.715372130902573,50.88129060058096,Martelarenplein,Unknown,76856823,24062,Leuven,60,
5775,"[1391542747, 1211268885, 1391536607]",4.695432663633162,50.88465154040858,Hamburgpad,Unknown,"[1391542747, 1211268885, 1391536607]",24062,Leuven,60,
5776,289598214,4.691490092908915,50.88129971234409,Verbrande Poortgang,Unknown,289598214,24062,Leuven,60,
5777,460905528,4.725165980771416,50.87262769570519,Unknown,Unknown,460905528,24062,Leuven,60,
5778,974936720,4.725068447679775,50.87221179837253,Unknown,Unknown,974936720,24062,Leuven,60,
5779,"[460981427, 460981428, 460981429]",4.713269838559396,50.88001338831232,Unknown,Unknown,"[460981427, 460981428, 460981429]",24062,Leuven,60,
5780,461159352,4.69101805,50.8725745,Kapucijnenvoer,Unknown,461159352,24062,Leuven,60,
5781,"[80142973, 461159350]",4.690720956638192,50.87233262735241,Kapucijnenvoer,Unknown,"[80142973, 461159350]",24062,Leuven,60,
5782,461161288,4.689756802724736,50.87447368327205,Unknown,Unknown,461161288,24062,Leuven,60,
5783,461161777,4.690091499999999,50.87473625,Unknown,Unknown,461161777,24062,Leuven,60,
5784,461161516,4.689750327501732,50.8739086050192,Unknown,Unknown,461161516,24062,Leuven,60,
5785,461161778,4.69005655,50.87471065,Unknown,Unknown,461161778,24062,Leuven,60,
5786,461161779,4.689245000407015,50.87486985734749,Unknown,Unknown,461161779,24062,Leuven,60,
5787,461161780,4.689017603085462,50.87489799059873,Unknown,Unknown,461161780,24062,Leuven,60,
5788,887493062,4.6889383811788194,50.87495662042221,Unknown,Unknown,887493062,24062,Leuven,60,
5789,472642747,4.7229108,50.92742575,Unknown,Unknown,472642747,24062,Leuven,60,
5790,541467951,4.721186400000001,50.88271265,Locomotievenstraat,Unknown,541467951,24062,Leuven,60,
5791,479381630,4.721549171277554,50.88245349658415,Unknown,Unknown,479381630,24062,Leuven,60,
5792,"[87304282, 541467951]",4.722141970354622,50.88279399177938,Locomotievenstraat,Unknown,"[87304282, 541467951]",24062,Leuven,60,
5793,1313686761,4.721647962402581,50.88211269616672,Unknown,Unknown,1313686761,24062,Leuven,60,
5794,"[541467950, 541467951]",4.720638763336838,50.88266382071679,Locomotievenstraat,Unknown,"[541467950, 541467951]",24062,Leuven,60,
5795,"[479381632, 1313686760]",4.72078686090299,50.88202843665541,Unknown,Unknown,"[479381632, 1313686760]",24062,Leuven,60,
5796,"[1313686760, 479381632]",4.72078686090299,50.88202843665541,Unknown,Unknown,"[1313686760, 479381632]",24062,Leuven,60,
5797,480019394,4.75699645,50.87480615,Unknown,Unknown,480019394,24062,Leuven,60,
5798,486673536,4.721338830000706,50.88841520106462,Unknown,Unknown,486673536,24062,Leuven,60,
5799,486673537,4.72157739354557,50.888519048153405,Unknown,Unknown,486673537,24062,Leuven,60,
5800,"[892269133, 493435094]",4.708647841016679,50.87277714749699,Unknown,Unknown,"[892269133, 493435094]",24062,Leuven,60,
5801,494221490,4.703539253937567,50.876429041293854,Unknown,Unknown,494221490,24062,Leuven,60,
5802,"[843033251, 843033252, 8101837]",4.704241689647504,50.876527669568986,Charles Deberiotstraat,Unknown,"[843033251, 843033252, 8101837]",24062,Leuven,60,
5803,494221491,4.703287787926362,50.87660995783192,Unknown,Unknown,494221491,24062,Leuven,60,
5804,"[497927644, 497927647]",4.686920735969587,50.8624397821901,Unknown,Unknown,"[497927644, 497927647]",24062,Leuven,60,
5805,"[48918816, 43858761, 77864400]",4.686353716614188,50.8628988119746,Kasteelpark Arenberg,Unknown,"[48918816, 43858761, 77864400]",24062,Leuven,60,
5806,"[497927649, 1075116452, 1075116453, 497927646]",4.686418351152457,50.86251450169581,Unknown,Unknown,"[497927649, 1075116452, 1075116453, 497927646]",24062,Leuven,60,
5807,"[497927649, 497927652]",4.686807568182314,50.8622497267294,Unknown,Unknown,"[497927649, 497927652]",24062,Leuven,60,
5808,48164678,4.687091060469235,50.862343747582685,Unknown,Unknown,48164678,24062,Leuven,60,
5809,609893311,4.7184634,50.88036475,Martelarenlaan,Unknown,609893311,24062,Leuven,60,
5810,609893312,4.719036802463103,50.88016134736588,Willem Coosemansstraat,Unknown,609893312,24062,Leuven,60,
5811,810592117,4.6801841500000005,50.8793459,Unknown,Unknown,810592117,24062,Leuven,60,
5812,133531186,4.68000015,50.8793123,Unknown,Unknown,133531186,24062,Leuven,60,
5813,"[133531186, 226764863]",4.680323265714114,50.87859291089074,Jean-Baptiste Ectorsstraat,Unknown,"[133531186, 226764863]",24062,Leuven,60,
5814,"[1461940650, 1461940651]",4.680611216794871,50.87993981050294,Unknown,Unknown,"[1461940650, 1461940651]",24062,Leuven,60,
5815,14963816,4.7097703837704135,50.88329268843147,Weidestraat,Unknown,14963816,24062,Leuven,60,
5816,503841156,4.679791785304044,50.88097518374333,Unknown,Unknown,503841156,24062,Leuven,60,
5817,503841159,4.680145,50.88074495,Unknown,Unknown,503841159,24062,Leuven,60,
5818,1247122788,4.680312264663115,50.88069400814956,Unknown,Unknown,1247122788,24062,Leuven,60,
5819,503841161,4.68181535,50.88182625,Unknown,Unknown,503841161,24062,Leuven,60,
5820,503841168,4.681668190026195,50.88167772634056,Unknown,Unknown,503841168,24062,Leuven,60,
5821,1065575041,4.68664095,50.87220095,Unknown,Unknown,1065575041,24062,Leuven,60,
5822,874846053,4.70539615,50.8424293,Kerspelstraat,Unknown,874846053,24062,Leuven,60,
5823,508197989,4.66850255,50.876258400000005,Unknown,Unknown,508197989,24062,Leuven,60,
5824,"[147856952, 508197989]",4.669229236735923,50.876110676039325,Unknown,Unknown,"[147856952, 508197989]",24062,Leuven,60,
5825,"[572471332, 1435306187, 1435306188, 1435306162, 1435306163, 1435306165]",4.668404516813853,50.876561745674906,Unknown,Unknown,"[572471332, 1435306187, 1435306188, 1435306162, 1435306163, 1435306165]",24062,Leuven,60,
5826,1421442824,4.66483205,50.87708845,Unknown,Unknown,1421442824,24062,Leuven,60,
5827,815418307,4.66555000517952,50.87655408423279,Unknown,Unknown,815418307,24062,Leuven,60,
5828,"[1435306184, 815418306]",4.66439864356777,50.87750363674104,Unknown,Unknown,"[1435306184, 815418306]",24062,Leuven,60,
5829,"[815418306, 1435306179, 1435306180, 1435306181, 610511337, 815032436, 1435306171, 1435306172, 1435306174]",4.663493639838756,50.87790809137945,Unknown,Unknown,"[815418306, 1435306179, 1435306180, 1435306181, 610511337, 815032436, 1435306171, 1435306172, 1435306174]",24062,Leuven,60,
5830,509323532,4.700309441967674,50.88595739015811,Unknown,Unknown,509323532,24062,Leuven,60,
5831,"[844373393, 509322891, 509893229]",4.699997637379999,50.886290177671626,Sluisstraat,Unknown,"[844373393, 509322891, 509893229]",24062,Leuven,60,
5832,509323075,4.700518330742658,50.88664673724902,Unknown,Unknown,509323075,24062,Leuven,60,
5833,"[616383050, 616383053]",4.692346626179501,50.87077864896483,Unknown,Unknown,"[616383050, 616383053]",24062,Leuven,60,
5834,1431375569,4.68081325,50.86612055,Unknown,Unknown,1431375569,24062,Leuven,60,
5835,"[443972008, 443972014]",4.680612186866832,50.86700465123006,Celestijnenlaan,Unknown,"[443972008, 443972014]",24062,Leuven,60,
5836,"[609991296, 130861473, 609991297, 1222601059, 1451099118]",4.672356277783422,50.87441422968555,Tervuursesteenweg,Unknown,"[609991296, 130861473, 609991297, 1222601059, 1451099118]",24062,Leuven,60,
5837,1431375563,4.6811466,50.8649076,Unknown,Unknown,1431375563,24062,Leuven,60,
5838,516401740,4.680425236360743,50.8669173608294,Unknown,Unknown,516401740,24062,Leuven,60,
5839,"[41963440, 1255976786, 520621542]",4.677718801520846,50.867390264738376,Remisebosweg,Unknown,"[41963440, 1255976786, 520621542]",24062,Leuven,60,
5840,1491649401,4.70981445,50.8803678,Bondgenotenlaan,Unknown,1491649401,24062,Leuven,60,
5841,3358666,4.68342215,50.8600958,Celestijnenlaan,Unknown,3358666,24062,Leuven,60,
5842,"[1075116450, 1425908250, 1463666251, 524593274]",4.684337504549635,50.8606314918976,Unknown,Unknown,"[1075116450, 1425908250, 1463666251, 524593274]",24062,Leuven,60,
5843,524593274,4.685431599999999,50.8612458,Unknown,Unknown,524593274,24062,Leuven,60,
5844,"[1425908250, 524593274, 1463666251, 1075116450]",4.684337504549638,50.860631491897614,Unknown,Unknown,"[1425908250, 524593274, 1463666251, 1075116450]",24062,Leuven,60,
5845,80201638,4.7067440000000005,50.8779346,Monseigneur Ladeuzeplein,Unknown,80201638,24062,Leuven,60,
5846,"[129212841, 198558677]",4.706829226866234,50.87805987721216,Unknown,Unknown,"[129212841, 198558677]",24062,Leuven,60,
5847,1029578736,4.695458739833604,50.89545739686229,Unknown,Unknown,1029578736,24062,Leuven,60,
5848,531797200,4.694392349142305,50.89291033636097,Speltstraat,Unknown,531797200,24062,Leuven,60,
5849,531797201,4.694353966254681,50.893117297538325,Speltstraat,Unknown,531797201,24062,Leuven,60,
5850,125835581,4.694374747171122,50.88948786160665,Oude Rondelaan,Unknown,125835581,24062,Leuven,60,
5851,1451208655,4.69162778392036,50.88929447390761,Unknown,Unknown,1451208655,24062,Leuven,60,
5852,"[1451420328, 1451420327]",4.69075315562155,50.88879698440644,Den Boschsingel,Unknown,"[1451420328, 1451420327]",24062,Leuven,60,
5853,1451208670,4.6911162,50.8904995,Unknown,Unknown,1451208670,24062,Leuven,60,
5854,125133402,4.69161985,50.8893715,Oude Rondelaan,Unknown,125133402,24062,Leuven,60,
5855,1451208669,4.691672349999999,50.8893489,Unknown,Unknown,1451208669,24062,Leuven,60,
5856,1290331844,4.6914453,50.890527500000005,Unknown,Unknown,1290331844,24062,Leuven,60,
5857,"[1507768040, 1507768039]",4.690311155771207,50.888150180116114,Den Boschsingel,Unknown,"[1507768040, 1507768039]",24062,Leuven,60,
5858,10155837,4.693254860425205,50.87693786179493,Refugehof,Unknown,10155837,24062,Leuven,60,
5859,534322509,4.693612720384204,50.87664623259652,Unknown,Unknown,534322509,24062,Leuven,60,
5860,534322510,4.693795178066828,50.876340043026175,Unknown,Unknown,534322510,24062,Leuven,60,
5861,"[126679459, 10155837]",4.69349442050431,50.87644978207455,Refugehof,Unknown,"[126679459, 10155837]",24062,Leuven,60,
5862,534322511,4.6941502301087,50.87670454370773,Unknown,Unknown,534322511,24062,Leuven,60,
5863,534322512,4.69432995821368,50.87637093569396,Unknown,Unknown,534322512,24062,Leuven,60,
5864,"[698357878, 698357877, 539817286]",4.693925796155437,50.87726089451851,Unknown,Unknown,"[698357878, 698357877, 539817286]",24062,Leuven,60,
5865,698357874,4.6936914000000005,50.8769387,Unknown,Unknown,698357874,24062,Leuven,60,
5866,1424411634,4.693843227237491,50.87691562627012,Unknown,Unknown,1424411634,24062,Leuven,60,
5867,1424411633,4.69367275,50.8769151,Unknown,Unknown,1424411633,24062,Leuven,60,
5868,534322514,4.6940666384245535,50.8762382392754,Unknown,Unknown,534322514,24062,Leuven,60,
5869,126679459,4.69344215,50.87622899999999,Refugehof,Unknown,126679459,24062,Leuven,60,
5870,534322513,4.693637950073909,50.876165471663015,Unknown,Unknown,534322513,24062,Leuven,60,
5871,534322515,4.693836716682594,50.87585334508879,Unknown,Unknown,534322515,24062,Leuven,60,
5872,"[535319392, 535319386, 535319387]",4.713518474113074,50.87708338158526,Unknown,Unknown,"[535319392, 535319386, 535319387]",24062,Leuven,60,
5873,572471333,4.667874219823188,50.8761662626447,Unknown,Unknown,572471333,24062,Leuven,60,
5874,536676576,4.672333009055709,50.87893918035689,Unknown,Unknown,536676576,24062,Leuven,60,
5875,537170806,4.672716852262444,50.87926331904255,Unknown,Unknown,537170806,24062,Leuven,60,
5876,"[198966065, 1228653618]",4.671018307723983,50.87977605764903,Unknown,Unknown,"[198966065, 1228653618]",24062,Leuven,60,
5877,537170807,4.670366473035799,50.87982731250617,Unknown,Unknown,537170807,24062,Leuven,60,
5878,"[538760931, 538760932, 305434697, 914682908, 305434718]",4.703124979899213,50.88070781002716,Unknown,Unknown,"[538760931, 538760932, 305434697, 914682908, 305434718]",24062,Leuven,60,
5879,539236206,4.707234950317631,50.87494968519355,Unknown,Unknown,539236206,24062,Leuven,60,
5880,539236207,4.7073804500000005,50.87515055,Unknown,Unknown,539236207,24062,Leuven,60,
5881,539236208,4.707265100000001,50.8751307,Unknown,Unknown,539236208,24062,Leuven,60,
5882,539817280,4.693458051318312,50.87715881349416,Unknown,Unknown,539817280,24062,Leuven,60,
5883,698357880,4.69359915,50.87723795,Unknown,Unknown,698357880,24062,Leuven,60,
5884,"[539817280, 698357873, 698357874]",4.693610962717816,50.87704510164748,Unknown,Unknown,"[539817280, 698357873, 698357874]",24062,Leuven,60,
5885,539817285,4.694344623224383,50.875929862489805,Unknown,Unknown,539817285,24062,Leuven,60,
5886,"[539817283, 539817284]",4.69448605558412,50.87586544260715,Unknown,Unknown,"[539817283, 539817284]",24062,Leuven,60,
5887,540002287,4.723318364453528,50.88209630319848,Unknown,Unknown,540002287,24062,Leuven,60,
5888,540002289,4.723362549999999,50.882058,Unknown,Unknown,540002289,24062,Leuven,60,
5889,1507768363,4.706185979093205,50.88795176132243,Unknown,Unknown,1507768363,24062,Leuven,60,
5890,540505252,4.696503791852551,50.93574599975227,Unknown,Unknown,540505252,24062,Leuven,60,
5891,1497196248,4.69704615,50.9358349,Unknown,Unknown,1497196248,24062,Leuven,60,
5892,"[198882511, 688582803, 843033253, 228638295]",4.7053590960470775,50.876953335298175,Tiensestraat,Unknown,"[198882511, 688582803, 843033253, 228638295]",24062,Leuven,60,
5893,541322160,4.729188853307399,50.890683011757055,Vlierbeekstraat,Unknown,541322160,24062,Leuven,60,
5894,542249303,4.736750499999999,50.8817969,Rerum Novarumlaan,Unknown,542249303,24062,Leuven,60,
5895,542249304,4.736989899999999,50.88172765,Unknown,Unknown,542249304,24062,Leuven,60,
5896,"[542249305, 542249303]",4.737181471340553,50.88183817332672,Rerum Novarumlaan,Unknown,"[542249305, 542249303]",24062,Leuven,60,
5897,"[318216944, 192706265, 112917248, 192706264]",4.756191575780887,50.87628855686379,Heidebergstraat,Unknown,"[318216944, 192706265, 112917248, 192706264]",24062,Leuven,60,
5898,542268487,4.755951373988503,50.8769183846189,Kamperfoeliepad,Unknown,542268487,24062,Leuven,60,
5899,542469094,4.725918471474783,50.93024978348596,Rietveld,Unknown,542469094,24062,Leuven,60,
5900,542469092,4.72552683278489,50.92978693306822,Rietveld,Unknown,542469092,24062,Leuven,60,
5901,542834818,4.6473961,50.8589666,Unknown,Unknown,542834818,24062,Leuven,60,
5902,542834820,4.648376060168141,50.85764297419266,Unknown,Unknown,542834820,24062,Leuven,60,
5903,"[547408034, 924709923, 547408029]",4.722682867700397,50.8598625783575,Unknown,Unknown,"[547408034, 924709923, 547408029]",24062,Leuven,60,
5904,"[547408027, 924709924]",4.721814907575813,50.8588008319435,Unknown,Unknown,"[547408027, 924709924]",24062,Leuven,60,
5905,547408029,4.722700218739666,50.85920509016709,Unknown,Unknown,547408029,24062,Leuven,60,
5906,"[547408036, 547408029]",4.723951820491802,50.85882564650099,Unknown,Unknown,"[547408036, 547408029]",24062,Leuven,60,
5907,"[553647481, 553647482, 553647484]",4.715407684864899,50.88068196297642,Fietsspiraal Station Leuven,Unknown,"[553647481, 553647482, 553647484]",24062,Leuven,60,
5908,"[9864299, 1428959737, 822637273, 553647482, 553647483]",4.716510688291457,50.88094523674199,"['Fietsspiraal Station Leuven', 'Bovenplein']",Unknown,"[9864299, 1428959737, 822637273, 553647482, 553647483]",24062,Leuven,60,
5909,553647472,4.71539025,50.88088935,Unknown,Unknown,553647472,24062,Leuven,60,
5910,903811395,4.715109406582401,50.88086670552003,Martelarenplein,Unknown,903811395,24062,Leuven,60,
5911,554509127,4.68409265,50.875508100000005,Unknown,Unknown,554509127,24062,Leuven,60,
5912,554509128,4.684030909812711,50.87562071698672,Unknown,Unknown,554509128,24062,Leuven,60,
5913,1425674294,4.707267261988671,50.8883971515384,Unknown,Unknown,1425674294,24062,Leuven,60,
5914,"[1443453830, 1443453831]",4.70706028644685,50.88840921576092,Unknown,Unknown,"[1443453830, 1443453831]",24062,Leuven,60,
5915,558315046,4.696090728001322,50.90264198688075,Unknown,Unknown,558315046,24062,Leuven,60,
5916,558857274,4.685955387374033,50.85826029390571,Unknown,Unknown,558857274,24062,Leuven,60,
5917,"[560497753, 687562556]",4.720782467473926,50.88315955181319,Blauwputplein,Unknown,"[560497753, 687562556]",24062,Leuven,60,
5918,1279360892,4.69593885,50.86152425,Hertogstraat,Unknown,1279360892,24062,Leuven,60,
5919,"[563351923, 48952572]",4.692934657208731,50.86194525458674,Hertogstraat,Unknown,"[563351923, 48952572]",24062,Leuven,60,
5920,"[23119517, 956394173]",4.6958997872905295,50.86204700540082,Naamsesteenweg,Unknown,"[23119517, 956394173]",24062,Leuven,60,
5921,23119517,4.69590451791359,50.86240590310332,Naamsesteenweg,Unknown,23119517,24062,Leuven,60,
5922,342929978,4.692922367651882,50.8605027904853,Unknown,Unknown,342929978,24062,Leuven,60,
5923,1279360891,4.69659495,50.86134225,Hertogstraat,Unknown,1279360891,24062,Leuven,60,
5924,1443553004,4.6966167,50.86130605,Unknown,Unknown,1443553004,24062,Leuven,60,
5925,"[569969136, 569969131, 315688868]",4.696369062533792,50.85689560677966,Groenstraat,Unknown,"[569969136, 569969131, 315688868]",24062,Leuven,60,
5926,11299328,4.696045006720299,50.85817580247073,Unknown,Unknown,11299328,24062,Leuven,60,
5927,310838971,4.695802583136815,50.85795974914259,Naamsesteenweg,Unknown,310838971,24062,Leuven,60,
5928,"[315609633, 310838959, 310838962, 310838964, 310838971]",4.695827457599226,50.858908708081216,Naamsesteenweg,Unknown,"[315609633, 310838959, 310838962, 310838964, 310838971]",24062,Leuven,60,
5929,310838968,4.695766392883487,50.85689796709293,Naamsesteenweg,Unknown,310838968,24062,Leuven,60,
5930,429706859,4.6957278,50.85566005,Naamsesteenweg,Unknown,429706859,24062,Leuven,60,
5931,608818917,4.695633555752992,50.85540861892548,Unknown,Unknown,608818917,24062,Leuven,60,
5932,"[174886297, 608818919]",4.695734768360272,50.85589665093221,Naamsesteenweg,Unknown,"[174886297, 608818919]",24062,Leuven,60,
5933,642535250,4.695807304420057,50.855894640592695,Unknown,Unknown,642535250,24062,Leuven,60,
5934,70595551,4.690580990723426,50.8610173764095,Waversebaan,Unknown,70595551,24062,Leuven,60,
5935,13242367,4.69132235,50.8621931,Waversebaan,Unknown,13242367,24062,Leuven,60,
5936,563351923,4.692137212659859,50.86186203981525,Hertogstraat,Unknown,563351923,24062,Leuven,60,
5937,"[563704216, 563422030, 563704215]",4.692806172212984,50.86167608434036,Unknown,Unknown,"[563704216, 563422030, 563704215]",24062,Leuven,60,
5938,"[23119709, 23119710]",4.694092433187035,50.86303307705843,Sint-Lambertusstraat,Unknown,"[23119709, 23119710]",24062,Leuven,60,
5939,23119849,4.6926654520334585,50.86364568736687,Jules Vandenbemptlaan,Unknown,23119849,24062,Leuven,60,
5940,832174480,4.693042440136019,50.86347405918415,Waversebaan,Unknown,832174480,24062,Leuven,60,
5941,564556445,4.6959087,50.8625615,Naamsesteenweg,Unknown,564556445,24062,Leuven,60,
5942,1062345893,4.69595005,50.86254015000001,Ter Spicht,Unknown,1062345893,24062,Leuven,60,
5943,120086151,4.6959105,50.86262425,Naamsesteenweg,Unknown,120086151,24062,Leuven,60,
5944,120086152,4.6952871,50.86266445,Sint-Lambertusstraat,Unknown,120086152,24062,Leuven,60,
5945,3358661,4.695665463356013,50.86260863902514,Sint-Lambertusstraat,Unknown,3358661,24062,Leuven,60,
5946,98323045,4.695839719899011,50.86278023844526,Sint-Lambertusstraat,Unknown,98323045,24062,Leuven,60,
5947,"[578662083, 578662084, 578662085, 1462771312, 174886295]",4.695936767115358,50.86313556166668,Naamsesteenweg,Unknown,"[578662083, 578662084, 578662085, 1462771312, 174886295]",24062,Leuven,60,
5948,"[48247768, 956394190]",4.6964603870399335,50.86262794355231,Groenstraat,Unknown,"[48247768, 956394190]",24062,Leuven,60,
5949,"[317846810, 119616739]",4.69703599974476,50.86190389305194,Groenstraat,Unknown,"[317846810, 119616739]",24062,Leuven,60,
5950,3372481,4.690953042726016,50.86253612344517,Kloosterlaan,Unknown,3372481,24062,Leuven,60,
5951,"[265006337, 832174479]",4.688305918519109,50.86199156560156,Jules Vandenbemptlaan,Unknown,"[265006337, 832174479]",24062,Leuven,60,
5952,832174479,4.691328081166335,50.86324098792374,Jules Vandenbemptlaan,Unknown,832174479,24062,Leuven,60,
5953,832174478,4.692167,50.86365634999999,Jules Vandenbemptlaan,Unknown,832174478,24062,Leuven,60,
5954,3358662,4.694060806855744,50.86442015671612,Waversebaan,Unknown,3358662,24062,Leuven,60,
5955,8127688,4.693622079201637,50.86423292016104,Waversebaan,Unknown,8127688,24062,Leuven,60,
5956,956394172,4.695865599999999,50.86038134999999,Naamsesteenweg,Unknown,956394172,24062,Leuven,60,
5957,"[1278575403, 3358662, 3372479]",4.695236823531852,50.86521464962578,Waversebaan,Unknown,"[1278575403, 3358662, 3372479]",24062,Leuven,60,
5958,"[608715635, 85799069]",4.69600446895428,50.865470502397,Naamsesteenweg,Unknown,"[608715635, 85799069]",24062,Leuven,60,
5959,1449647280,4.696121767233286,50.86584061527432,Naamsesteenweg,Unknown,1449647280,24062,Leuven,60,
5960,3372477,4.695164939745077,50.8631500289892,Lodewijk Engelbertus Van Arenbergplein,Unknown,3372477,24062,Leuven,60,
5961,"[1462540612, 23119708]",4.694477446028263,50.86388628237376,Prins De Lignestraat,Unknown,"[1462540612, 23119708]",24062,Leuven,60,
5962,3372478,4.695300248729941,50.86359269384481,Prins De Lignestraat,Unknown,3372478,24062,Leuven,60,
5963,94583896,4.695511453824721,50.86322293333306,Unknown,Unknown,94583896,24062,Leuven,60,
5964,"[23119850, 616383043, 616383044]",4.697580841332676,50.868832728196686,Unknown,Unknown,"[23119850, 616383043, 616383044]",24062,Leuven,60,
5965,954561217,4.698467925800767,50.868424915357295,Unknown,Unknown,954561217,24062,Leuven,60,
5966,301552215,4.695956499999999,50.8634113,Naamsesteenweg,Unknown,301552215,24062,Leuven,60,
5967,956394197,4.695984776876837,50.86345638958522,Naamsesteenweg,Unknown,956394197,24062,Leuven,60,
5968,1451771579,4.69614,50.86594865,Dreefstraat,Unknown,1451771579,24062,Leuven,60,
5969,1449647281,4.696066785477155,50.86585497539694,Naamsesteenweg,Unknown,1449647281,24062,Leuven,60,
5970,3372474,4.69616,50.865985,Groenstraat,Unknown,3372474,24062,Leuven,60,
5971,85799351,4.6961124000000005,50.86597329999999,Naamsesteenweg,Unknown,85799351,24062,Leuven,60,
5972,564392130,4.696002441506391,50.86597836548772,Dreefstraat,Unknown,564392130,24062,Leuven,60,
5973,"[133801033, 783823607]",4.695525473082165,50.866304261101526,Dreefstraat,Unknown,"[133801033, 783823607]",24062,Leuven,60,
5974,79801869,4.692553231939417,50.86357597472442,Unknown,Unknown,79801869,24062,Leuven,60,
5975,4001978,4.693390774922212,50.86440002090048,Unknown,Unknown,4001978,24062,Leuven,60,
5976,119616737,4.6968938,50.862727750000005,Groenstraat,Unknown,119616737,24062,Leuven,60,
5977,303690527,4.6966658500000005,50.8637562,Unknown,Unknown,303690527,24062,Leuven,60,
5978,301636908,4.696676086158371,50.86349564740776,Groenstraat,Unknown,301636908,24062,Leuven,60,
5979,1067190682,4.693673247860004,50.86478531607949,Unknown,Unknown,1067190682,24062,Leuven,60,
5980,"[564433284, 564433286]",4.653478827037257,50.87518913843601,Unknown,Unknown,"[564433284, 564433286]",24062,Leuven,60,
5981,564433285,4.652119900000001,50.8755075,Unknown,Unknown,564433285,24062,Leuven,60,
5982,325304004,4.656341825234189,50.873144165763854,Unknown,Unknown,325304004,24062,Leuven,60,
5983,3450293,4.6856519,50.86128375,Willem de Croylaan,Unknown,3450293,24062,Leuven,60,
5984,48284227,4.685711850000001,50.86131815,Kardinaal Mercierlaan,Unknown,48284227,24062,Leuven,60,
5985,3328634,4.685837757228804,50.86117787888208,Kantineplein,Unknown,3328634,24062,Leuven,60,
5986,4003911,4.68595795,50.861502,Unknown,Unknown,4003911,24062,Leuven,60,
5987,"[678915216, 49051775]",4.686729636505761,50.86190097405429,Kardinaal Mercierlaan,Unknown,"[678915216, 49051775]",24062,Leuven,60,
5988,"[94583897, 117340202, 117340204]",4.6929949434874,50.86492201672186,Unknown,Unknown,"[94583897, 117340202, 117340204]",24062,Leuven,60,
5989,49051774,4.68751275,50.8623522,Kardinaal Mercierlaan,Unknown,49051774,24062,Leuven,60,
5990,586727112,4.686510027588468,50.86368005294682,Kasteelpark Arenberg,Unknown,586727112,24062,Leuven,60,
5991,564995049,4.7407936806291175,50.888083044915625,Unknown,Unknown,564995049,24062,Leuven,60,
5992,"[320989026, 3450293]",4.684434956962563,50.860584023794445,Willem de Croylaan,Unknown,"[320989026, 3450293]",24062,Leuven,60,
5993,48247088,4.706020687538156,50.87318315492945,Unknown,Unknown,48247088,24062,Leuven,60,
5994,893781381,4.706594946126715,50.87331727683527,Unknown,Unknown,893781381,24062,Leuven,60,
5995,48247090,4.7063259437514535,50.8738848559094,Unknown,Unknown,48247090,24062,Leuven,60,
5996,1463666177,4.6860274,50.86107245,Jules Vandenbemptlaan,Unknown,1463666177,24062,Leuven,60,
5997,1463666178,4.6859709,50.8610452,Unknown,Unknown,1463666178,24062,Leuven,60,
5998,566096962,4.7040071,50.87522405,Unknown,Unknown,566096962,24062,Leuven,60,
5999,566096963,4.7041084,50.87517705,Unknown,Unknown,566096963,24062,Leuven,60,
6000,631586686,4.704295688415861,50.8752105578958,Unknown,Unknown,631586686,24062,Leuven,60,
6001,3991611,4.70418735744727,50.87536320116692,Vlamingenstraat,Unknown,3991611,24062,Leuven,60,
6002,566100989,4.703770827726576,50.87511368066731,Unknown,Unknown,566100989,24062,Leuven,60,
6003,"[3991611, 567873918]",4.703846717377305,50.87524445237583,Vlamingenstraat,Unknown,"[3991611, 567873918]",24062,Leuven,60,
6004,566103884,4.706364800729366,50.8746582272206,Unknown,Unknown,566103884,24062,Leuven,60,
6005,"[669128747, 669128748, 566103886]",4.705540812600316,50.87531879479164,Unknown,Unknown,"[669128747, 669128748, 566103886]",24062,Leuven,60,
6006,"[566103882, 853308924]",4.705477949090349,50.87475421887887,Unknown,Unknown,"[566103882, 853308924]",24062,Leuven,60,
6007,"[3991610, 23435867]",4.705852521730372,50.87605785032292,"['Kardinaal Mercierplein', 'Vlamingenstraat']",Unknown,"[3991610, 23435867]",24062,Leuven,60,
6008,566137220,4.7136998000000006,50.85623115,Unknown,Unknown,566137220,24062,Leuven,60,
6009,1107681627,4.712935661046215,50.85571464275625,Unknown,Unknown,1107681627,24062,Leuven,60,
6010,1107681625,4.71379305,50.85605745,Unknown,Unknown,1107681625,24062,Leuven,60,
6011,669128746,4.70116335,50.8743695,E-BIB ingang fietsparking,Unknown,669128746,24062,Leuven,60,
6012,301636909,4.691080299999999,50.86439095,Kardinaal Mercierlaan,Unknown,301636909,24062,Leuven,60,
6013,607917129,4.6922744000000005,50.86511105,Unknown,Unknown,607917129,24062,Leuven,60,
6014,564392135,4.693994249038557,50.866050451692665,Kardinaal Mercierlaan,Unknown,564392135,24062,Leuven,60,
6015,133801033,4.695174,50.86668995,Dreefstraat,Unknown,133801033,24062,Leuven,60,
6016,"[1114905862, 1114905863]",4.694806993134348,50.866512662027056,Kardinaal Mercierlaan,Unknown,"[1114905862, 1114905863]",24062,Leuven,60,
6017,564392134,4.69534515,50.86681725,Kardinaal Mercierlaan,Unknown,564392134,24062,Leuven,60,
6018,"[133801066, 133801039, 97211606, 133801051, 303436060]",4.6964400372024215,50.86694182569824,Unknown,Unknown,"[133801066, 133801039, 97211606, 133801051, 303436060]",24062,Leuven,60,
6019,70789595,4.697761289009208,50.86807849119116,Unknown,Unknown,70789595,24062,Leuven,60,
6020,"[564392134, 120093639]",4.696878157112096,50.86768345288824,Kardinaal Mercierlaan,Unknown,"[564392134, 120093639]",24062,Leuven,60,
6021,70789596,4.697912259181833,50.86817898165252,Unknown,Unknown,70789596,24062,Leuven,60,
6022,"[174886292, 655251291, 578662068, 1383563839]",4.698062893949526,50.868124034963806,Naamsesteenweg,Unknown,"[174886292, 655251291, 578662068, 1383563839]",24062,Leuven,60,
6023,"[120125393, 1383563839]",4.697918893132618,50.86793073018477,Naamsesteenweg,Unknown,"[120125393, 1383563839]",24062,Leuven,60,
6024,"[120125393, 301552210, 174886300]",4.697344535486424,50.86724453603281,Naamsesteenweg,Unknown,"[120125393, 301552210, 174886300]",24062,Leuven,60,
6025,"[3996954, 301552212]",4.696240650285378,50.866260979150624,Naamsesteenweg,Unknown,"[3996954, 301552212]",24062,Leuven,60,
6026,301552210,4.696673208622776,50.86653374980128,Naamsesteenweg,Unknown,301552210,24062,Leuven,60,
6027,372559055,4.704614452262749,50.88842013591353,Engels Plein,Unknown,372559055,24062,Leuven,60,
6028,568941304,4.704810426194809,50.88828510995538,Unknown,Unknown,568941304,24062,Leuven,60,
6029,1103776131,4.69561155,50.8550851,Unknown,Unknown,1103776131,24062,Leuven,60,
6030,1091550067,4.692517051363756,50.85599611791313,Unknown,Unknown,1091550067,24062,Leuven,60,
6031,607917134,4.695911857144715,50.846150740809,Unknown,Unknown,607917134,24062,Leuven,60,
6032,1210035290,4.695728897661805,50.84682833015228,Unknown,Unknown,1210035290,24062,Leuven,60,
6033,569053027,4.69628435,50.8611061,Unknown,Unknown,569053027,24062,Leuven,60,
6034,"[1003918904, 1003918905, 1003918907]",4.696091550246277,50.8611226197442,Unknown,Unknown,"[1003918904, 1003918905, 1003918907]",24062,Leuven,60,
6035,"[1279360891, 1279360892]",4.696274196820463,50.86145138039885,Hertogstraat,Unknown,"[1279360891, 1279360892]",24062,Leuven,60,
6036,"[326826788, 1114905864, 910580264, 64487855, 326826779, 85840924]",4.692271076883242,50.86919900998981,Unknown,Unknown,"[326826788, 1114905864, 910580264, 64487855, 326826779, 85840924]",24062,Leuven,60,
6037,569373845,4.692951709573377,50.869800765750654,Unknown,Unknown,569373845,24062,Leuven,60,
6038,1135073432,4.692941875216823,50.86978663284128,Unknown,Unknown,1135073432,24062,Leuven,60,
6039,1135073434,4.69292955,50.86994035,Unknown,Unknown,1135073434,24062,Leuven,60,
6040,1135073431,4.693016841527224,50.869848742709074,Unknown,Unknown,1135073431,24062,Leuven,60,
6041,85798768,4.697122364969667,50.86440833346177,Groenstraat,Unknown,85798768,24062,Leuven,60,
6042,"[1436968741, 1436968742]",4.681534679573493,50.85354550351229,Unknown,Unknown,"[1436968741, 1436968742]",24062,Leuven,60,
6043,571659520,4.68182495,50.85309755,Unknown,Unknown,571659520,24062,Leuven,60,
6044,"[1431353288, 1431353287]",4.681342497826324,50.8558758489121,Unknown,Unknown,"[1431353288, 1431353287]",24062,Leuven,60,
6045,1431353280,4.6806208,50.8555548,Unknown,Unknown,1431353280,24062,Leuven,60,
6046,"[1436968744, 571659526]",4.680918438092595,50.85475102031657,Unknown,Unknown,"[1436968744, 571659526]",24062,Leuven,60,
6047,1431353246,4.679997939698709,50.85535269530073,Unknown,Unknown,1431353246,24062,Leuven,60,
6048,"[1431353276, 1431353279]",4.67947361379058,50.85493179618598,Unknown,Unknown,"[1431353276, 1431353279]",24062,Leuven,60,
6049,1431353275,4.67649272372675,50.85274916502616,Unknown,Unknown,1431353275,24062,Leuven,60,
6050,1431353259,4.6740197000000006,50.8495223,Unknown,Unknown,1431353259,24062,Leuven,60,
6051,"[1227563099, 1431353262]",4.673881244617888,50.849428526066674,Waversebaan,Unknown,"[1227563099, 1431353262]",24062,Leuven,60,
6052,609191280,4.664916183462172,50.87747521288364,Terbankstraat,Unknown,609191280,24062,Leuven,60,
6053,"[815418309, 815418310, 1435267376, 1053665843, 1053665844, 1053665845, 1053665846, 1435267383, 572469208]",4.667042378926862,50.87704833425538,Unknown,Unknown,"[815418309, 815418310, 1435267376, 1053665843, 1053665844, 1053665845, 1053665846, 1435267383, 572469208]",24062,Leuven,60,
6054,"[815418307, 968158404]",4.66683204699622,50.87596957375927,Unknown,Unknown,"[815418307, 968158404]",24062,Leuven,60,
6055,572471334,4.6679746413329015,50.87619268599752,Unknown,Unknown,572471334,24062,Leuven,60,
6056,630732290,4.66803022884953,50.87579207037291,Unknown,Unknown,630732290,24062,Leuven,60,
6057,575894728,4.725251444002891,50.90220929412949,Kesselbergpad,Unknown,575894728,24062,Leuven,60,
6058,702123498,4.71891885,50.87923065,Unknown,Unknown,702123498,24062,Leuven,60,
6059,702123506,4.71940825,50.8779737,Unknown,Unknown,702123506,24062,Leuven,60,
6060,578513869,4.6756870500000005,50.8853748,Unknown,Unknown,578513869,24062,Leuven,60,
6061,578513872,4.6756395,50.885471,Unknown,Unknown,578513872,24062,Leuven,60,
6062,578513870,4.675809933727713,50.88597353908922,Unknown,Unknown,578513870,24062,Leuven,60,
6063,578513873,4.6752355714283285,50.88533645652958,Unknown,Unknown,578513873,24062,Leuven,60,
6064,578513875,4.677514169747065,50.88495368305394,Unknown,Unknown,578513875,24062,Leuven,60,
6065,578662078,4.708114102276682,50.8754724582817,Andreas Vesaliusstraat,Unknown,578662078,24062,Leuven,60,
6066,890160000,4.707792652851958,50.87527030552818,Unknown,Unknown,890160000,24062,Leuven,60,
6067,578662076,4.70762825,50.875111700000005,Andreas Vesaliusstraat,Unknown,578662076,24062,Leuven,60,
6068,1116551181,4.7046753500000005,50.856161150000005,Unknown,Unknown,1116551181,24062,Leuven,60,
6069,845704874,4.704650050000001,50.8560834,Unknown,Unknown,845704874,24062,Leuven,60,
6070,579549509,4.704925738851355,50.85597699464756,Unknown,Unknown,579549509,24062,Leuven,60,
6071,963491396,4.699955851812077,50.929535603351816,Unknown,Unknown,963491396,24062,Leuven,60,
6072,584586888,4.719332339703206,50.85099205751711,Unknown,Unknown,584586888,24062,Leuven,60,
6073,585852899,4.726663508277328,50.84809960019568,Unknown,Unknown,585852899,24062,Leuven,60,
6074,927669281,4.72460855,50.84752085,Unknown,Unknown,927669281,24062,Leuven,60,
6075,"[585852899, 927669285]",4.723863164996912,50.848590914539365,Unknown,Unknown,"[585852899, 927669285]",24062,Leuven,60,
6076,"[1431741443, 585855214]",4.723141046959517,50.84951101776625,Unknown,Unknown,"[1431741443, 585855214]",24062,Leuven,60,
6077,77864410,4.686495765878256,50.86370871546651,Kasteelpark Arenberg,Unknown,77864410,24062,Leuven,60,
6078,587759238,4.74684555,50.88716385,Unknown,Unknown,587759238,24062,Leuven,60,
6079,598564160,4.69878495,50.902417750000005,Unknown,Unknown,598564160,24062,Leuven,60,
6080,598564161,4.698714600000001,50.90247474999999,Unknown,Unknown,598564161,24062,Leuven,60,
6081,"[36532843, 1488941467]",4.699343023563139,50.90187880920269,Ferdinand Perdieusstraat,Unknown,"[36532843, 1488941467]",24062,Leuven,60,
6082,1458857822,4.706957491160726,50.896175112394346,Unknown,Unknown,1458857822,24062,Leuven,60,
6083,571659534,4.674087200000001,50.849588350000005,Unknown,Unknown,571659534,24062,Leuven,60,
6084,874846058,4.674022300000001,50.84956835,Waversebaan,Unknown,874846058,24062,Leuven,60,
6085,609893310,4.718506207557264,50.87966389961959,Unknown,Unknown,609893310,24062,Leuven,60,
6086,"[608715592, 22476094, 608715591]",4.718277222545144,50.89071191188836,Eénmeilaan,Unknown,"[608715592, 22476094, 608715591]",24062,Leuven,60,
6087,1429410234,4.7182013042645,50.891792708039326,Unknown,Unknown,1429410234,24062,Leuven,60,
6088,"[608715632, 608715634, 608715630]",4.69598302320387,50.86499060187985,Naamsesteenweg,Unknown,"[608715632, 608715634, 608715630]",24062,Leuven,60,
6089,301552213,4.695965163270934,50.86430479065566,Naamsesteenweg,Unknown,301552213,24062,Leuven,60,
6090,608715633,4.696052235471685,50.86498485489157,Unknown,Unknown,608715633,24062,Leuven,60,
6091,"[104502497, 1114893751]",4.718523707477213,50.880200563821845,Martelarenlaan,Unknown,"[104502497, 1114893751]",24062,Leuven,60,
6092,"[609991300, 1428389310]",4.652674412298231,50.87042652650709,Unknown,Unknown,"[609991300, 1428389310]",24062,Leuven,60,
6093,"[609991300, 609991301]",4.6545808102384445,50.87081226022645,Unknown,Unknown,"[609991300, 609991301]",24062,Leuven,60,
6094,"[871821657, 610509049, 533622746, 126304959]",4.699729354932485,50.88828642476987,Tramweg,Unknown,"[871821657, 610509049, 533622746, 126304959]",24062,Leuven,60,
6095,610509050,4.698429493713463,50.889775494462135,Unknown,Unknown,610509050,24062,Leuven,60,
6096,"[610509050, 337758979, 870747482]",4.7026753998903645,50.88914093693396,Unknown,Unknown,"[610509050, 337758979, 870747482]",24062,Leuven,60,
6097,616174242,4.699760402337954,50.86861928673552,Unknown,Unknown,616174242,24062,Leuven,60,
6098,617622615,4.70696145,50.8606463,Unknown,Unknown,617622615,24062,Leuven,60,
6099,617622616,4.70675705,50.8605529,Unknown,Unknown,617622616,24062,Leuven,60,
6100,617623295,4.707014899864832,50.86080726146452,Unknown,Unknown,617623295,24062,Leuven,60,
6101,841701045,4.7072039,50.86082495,Unknown,Unknown,841701045,24062,Leuven,60,
6102,836726181,4.705596,50.8569032,Unknown,Unknown,836726181,24062,Leuven,60,
6103,995871762,4.705833350000001,50.85619175,Unknown,Unknown,995871762,24062,Leuven,60,
6104,618514495,4.705737402415399,50.856344409126855,Unknown,Unknown,618514495,24062,Leuven,60,
6105,983872245,4.706187915586704,50.856154375437534,Unknown,Unknown,983872245,24062,Leuven,60,
6106,"[23157644, 4416156, 192658999]",4.708123756879533,50.854331799484825,Hertogstraat,Unknown,"[23157644, 4416156, 192658999]",24062,Leuven,60,
6107,3869813,4.701268687862093,50.888159332950586,Asstraat,Unknown,3869813,24062,Leuven,60,
6108,659297688,4.700811498397326,50.8878421790701,Vaartkom,Unknown,659297688,24062,Leuven,60,
6109,622376304,4.765235332803413,50.88925304609852,Unknown,Unknown,622376304,24062,Leuven,60,
6110,"[688341968, 622376305, 688341967]",4.765448076528484,50.88916914334864,Unknown,Unknown,"[688341968, 622376305, 688341967]",24062,Leuven,60,
6111,688341964,4.765660381269319,50.88922362837653,Unknown,Unknown,688341964,24062,Leuven,60,
6112,"[622376304, 688341962]",4.765417489286632,50.889021642626695,Unknown,Unknown,"[622376304, 688341962]",24062,Leuven,60,
6113,"[622376306, 688341966]",4.7654251965892,50.88907763851021,Unknown,Unknown,"[622376306, 688341966]",24062,Leuven,60,
6114,"[688341962, 688341964]",4.765605912494959,50.8891374412466,Unknown,Unknown,"[688341962, 688341964]",24062,Leuven,60,
6115,622696734,4.670059,50.857741100000005,Unknown,Unknown,622696734,24062,Leuven,60,
6116,"[339923929, 339923931, 87786395]",4.6702424173411385,50.85738036407137,Unknown,Unknown,"[339923929, 339923931, 87786395]",24062,Leuven,60,
6117,622696749,4.673385198524398,50.8584539449202,Unknown,Unknown,622696749,24062,Leuven,60,
6118,1469904077,4.70562735,50.8613753,Duinberglaan,Unknown,1469904077,24062,Leuven,60,
6119,627147507,4.705033200000001,50.86145255,Unknown,Unknown,627147507,24062,Leuven,60,
6120,630732288,4.664556998707191,50.87753778551325,Unknown,Unknown,630732288,24062,Leuven,60,
6121,1085334276,4.700597802037869,50.87270550443875,Unknown,Unknown,1085334276,24062,Leuven,60,
6122,"[79002194, 585855212]",4.722773961591026,50.85022955954984,Geldenaaksebaan,Unknown,"[79002194, 585855212]",24062,Leuven,60,
6123,633909874,4.75290243876077,50.87751251165452,Unknown,Unknown,633909874,24062,Leuven,60,
6124,635010761,4.70582835,50.890147,Unknown,Unknown,635010761,24062,Leuven,60,
6125,635010766,4.7061334,50.8928671,Unknown,Unknown,635010766,24062,Leuven,60,
6126,"[635729603, 635628916, 635628917]",4.673313981132297,50.8812252331271,Unknown,Unknown,"[635729603, 635628916, 635628917]",24062,Leuven,60,
6127,660558332,4.667105599025558,50.8783503923553,Unknown,Unknown,660558332,24062,Leuven,60,
6128,642535242,4.697437042182676,50.85864802906643,Unknown,Unknown,642535242,24062,Leuven,60,
6129,"[1313542962, 1313542963]",4.697507451729858,50.85912490002405,Unknown,Unknown,"[1313542962, 1313542963]",24062,Leuven,60,
6130,"[1279102082, 1279102083]",4.695788887313686,50.86149015036016,Unknown,Unknown,"[1279102082, 1279102083]",24062,Leuven,60,
6131,643052163,4.72900355,50.89999205,Unknown,Unknown,643052163,24062,Leuven,60,
6132,643052164,4.728873350000001,50.90005560000001,Unknown,Unknown,643052164,24062,Leuven,60,
6133,1459237865,4.71302175,50.90939625,Unknown,Unknown,1459237865,24062,Leuven,60,
6134,1431366147,4.713123555851497,50.90951180247838,Unknown,Unknown,1431366147,24062,Leuven,60,
6135,"[1459803659, 1459803660, 23041457, 23041397, 116701562, 1423093599]",4.710408328556947,50.898433096614056,Dijledreef,Unknown,"[1459803659, 1459803660, 23041457, 23041397, 116701562, 1423093599]",24062,Leuven,60,
6136,647767915,4.7112655247985336,50.894150621957664,Unknown,Unknown,647767915,24062,Leuven,60,
6137,667404467,4.681139115280828,50.86209137114818,Unknown,Unknown,667404467,24062,Leuven,60,
6138,"[93479401, 1198558772]",4.688619846912594,50.85420808713801,Huttelaan,Unknown,"[93479401, 1198558772]",24062,Leuven,60,
6139,"[670002675, 586268891]",4.713071172698169,50.87447592189367,Blijde-Inkomststraat,Unknown,"[670002675, 586268891]",24062,Leuven,60,
6140,1279375751,4.720117849999999,50.854847750000005,Unknown,Unknown,1279375751,24062,Leuven,60,
6141,284251321,4.720788349999999,50.8552061,Unknown,Unknown,284251321,24062,Leuven,60,
6142,1279375752,4.72009335,50.8548883,Unknown,Unknown,1279375752,24062,Leuven,60,
6143,650228337,4.718190099999999,50.8581172,Unknown,Unknown,650228337,24062,Leuven,60,
6144,651783750,4.7200454,50.85491055,Unknown,Unknown,651783750,24062,Leuven,60,
6145,655220731,4.69785099978949,50.869229239117146,Unknown,Unknown,655220731,24062,Leuven,60,
6146,655220737,4.699004,50.8692852,Unknown,Unknown,655220737,24062,Leuven,60,
6147,1434814620,4.698620579248328,50.87091879442739,Unknown,Unknown,1434814620,24062,Leuven,60,
6148,655220800,4.699029809884088,50.87096855312768,Unknown,Unknown,655220800,24062,Leuven,60,
6149,120093643,4.69822755,50.86837595,Naamsesteenweg,Unknown,120093643,24062,Leuven,60,
6150,71830755,4.699256386193822,50.86848333076767,Unknown,Unknown,71830755,24062,Leuven,60,
6151,325260115,4.6766898,50.88331645,Unknown,Unknown,325260115,24062,Leuven,60,
6152,660551219,4.6763338,50.88327929999999,Unknown,Unknown,660551219,24062,Leuven,60,
6153,660551223,4.674432,50.8830945,Unknown,Unknown,660551223,24062,Leuven,60,
6154,807751741,4.67486,50.8830986,Unknown,Unknown,807751741,24062,Leuven,60,
6155,660551228,4.674201500000001,50.8832634,Unknown,Unknown,660551228,24062,Leuven,60,
6156,660551225,4.67415505,50.8834054,Unknown,Unknown,660551225,24062,Leuven,60,
6157,660551226,4.67408485,50.88354285,Unknown,Unknown,660551226,24062,Leuven,60,
6158,807751742,4.6747944951870295,50.88334135110277,Unknown,Unknown,807751742,24062,Leuven,60,
6159,"[1418330452, 1418330453]",4.690228063732165,50.8968600632833,Unknown,Unknown,"[1418330452, 1418330453]",24062,Leuven,60,
6160,660618086,4.69065965,50.89674235,Unknown,Unknown,660618086,24062,Leuven,60,
6161,384910285,4.689795119698696,50.89733895095906,Aarschotseweg / Alfons Stesselstraat,Unknown,384910285,24062,Leuven,60,
6162,"[660618086, 1418330455]",4.690894154919381,50.89729924827834,Unknown,Unknown,"[660618086, 1418330455]",24062,Leuven,60,
6163,725072462,4.6996439,50.86995435,Unknown,Unknown,725072462,24062,Leuven,60,
6164,725072465,4.7004582500000005,50.86976975,Unknown,Unknown,725072465,24062,Leuven,60,
6165,662353161,4.686971735699697,50.87329729350841,Unknown,Unknown,662353161,24062,Leuven,60,
6166,"[1431375562, 830829947]",4.680794180633424,50.864870070336885,Unknown,Unknown,"[1431375562, 830829947]",24062,Leuven,60,
6167,663508972,4.70671845,50.87001765,Unknown,Unknown,663508972,24062,Leuven,60,
6168,"[608715532, 608715533]",4.70696510428199,50.86987657439312,Parkstraat,Unknown,"[608715532, 608715533]",24062,Leuven,60,
6169,1273491786,4.71036735,50.87313585,Unknown,Unknown,1273491786,24062,Leuven,60,
6170,"[663818797, 17025284, 147725717]",4.720163428054242,50.87101302334303,Unknown,Unknown,"[663818797, 17025284, 147725717]",24062,Leuven,60,
6171,"[663818800, 663818801, 663818803]",4.719531132009684,50.872261098589554,Stoemperspad,Unknown,"[663818800, 663818801, 663818803]",24062,Leuven,60,
6172,133801032,4.6809686500000005,50.8619807,Celestijnenlaan,Unknown,133801032,24062,Leuven,60,
6173,1114909877,4.6810563,50.8619086,Celestijnenlaan,Unknown,1114909877,24062,Leuven,60,
6174,3996965,4.68116805587682,50.86206179783259,Kasteelpark Arenberg,Unknown,3996965,24062,Leuven,60,
6175,767720434,4.684567700000001,50.86177975,Unknown,Unknown,767720434,24062,Leuven,60,
6176,"[954441633, 667860979, 667860980, 1451806225]",4.706112448001855,50.88751727881256,Unknown,Unknown,"[954441633, 667860979, 667860980, 1451806225]",24062,Leuven,60,
6177,"[701316144, 425777009, 425777010]",4.706172483323485,50.88754514765028,Marie Thumas Durieuxbrug,Unknown,"[701316144, 425777009, 425777010]",24062,Leuven,60,
6178,"[1451806225, 954441633, 667860980, 667860979]",4.706112448001854,50.88751727881256,Unknown,Unknown,"[1451806225, 954441633, 667860980, 667860979]",24062,Leuven,60,
6179,"[1451806225, 1507768363, 667860981]",4.706060996538946,50.8877827431179,Unknown,Unknown,"[1451806225, 1507768363, 667860981]",24062,Leuven,60,
6180,669300467,4.7228624,50.8681679,Unknown,Unknown,669300467,24062,Leuven,60,
6181,672359275,4.692538258185592,50.876404096792925,Refugehof,Unknown,672359275,24062,Leuven,60,
6182,1432632870,4.6752076,50.8848765,Unknown,Unknown,1432632870,24062,Leuven,60,
6183,1333469956,4.674690734420677,50.88495206251763,Unknown,Unknown,1333469956,24062,Leuven,60,
6184,"[53085699, 1082911139]",4.707157675569138,50.904058383823376,Wijgmaalsesteenweg,Unknown,"[53085699, 1082911139]",24062,Leuven,60,
6185,684453400,4.707406190987189,50.903616628091925,Unknown,Unknown,684453400,24062,Leuven,60,
6186,"[165498327, 1456568055]",4.707606975106335,50.90364975009186,Unknown,Unknown,"[165498327, 1456568055]",24062,Leuven,60,
6187,1232951458,4.698289186238796,50.88570588249022,Bottelarij,Unknown,1232951458,24062,Leuven,60,
6188,374339593,4.70218127326215,50.88811351292544,Werkmanstraat,Unknown,374339593,24062,Leuven,60,
6189,687562554,4.721573824752675,50.88381790776965,Unknown,Unknown,687562554,24062,Leuven,60,
6190,687562555,4.72190721334956,50.88372249961438,Unknown,Unknown,687562555,24062,Leuven,60,
6191,1206945078,4.721141700305141,50.88367925163528,Blauwputplein,Unknown,1206945078,24062,Leuven,60,
6192,459455919,4.696551663886615,50.88536140298601,Unknown,Unknown,459455919,24062,Leuven,60,
6193,"[557102753, 293773188, 557102750]",4.696842607897491,50.88554170865341,Jaartallenpad,Unknown,"[557102753, 293773188, 557102750]",24062,Leuven,60,
6194,1443015548,4.746089002701274,50.88706004219036,Unknown,Unknown,1443015548,24062,Leuven,60,
6195,"[1443101596, 1443015549]",4.742483936686987,50.886423773700585,Unknown,Unknown,"[1443101596, 1443015549]",24062,Leuven,60,
6196,876293773,4.71167975,50.86730495,Unknown,Unknown,876293773,24062,Leuven,60,
6197,688290977,4.711811101849863,50.867541707695,Philipssite,Unknown,688290977,24062,Leuven,60,
6198,152919736,4.720053,50.8723681,Tiensesteenweg,Unknown,152919736,24062,Leuven,60,
6199,1432544612,4.72040915,50.87228335,Tiensesteenweg,Unknown,1432544612,24062,Leuven,60,
6200,"[1432415552, 121562243]",4.721625970428309,50.872749409619686,Platte-Lostraat,Unknown,"[1432415552, 121562243]",24062,Leuven,60,
6201,974294009,4.717145598181847,50.8834685429987,Unknown,Unknown,974294009,24062,Leuven,60,
6202,1437007146,4.719388393614092,50.88587964384084,Unknown,Unknown,1437007146,24062,Leuven,60,
6203,688336519,4.733468222188782,50.88497095353042,Diestsesteenweg,Unknown,688336519,24062,Leuven,60,
6204,"[87369970, 1089609639]",4.733085910291101,50.885086189300615,Sparrenweg,Unknown,"[87369970, 1089609639]",24062,Leuven,60,
6205,1443101607,4.746411073847014,50.88698166172308,Unknown,Unknown,1443101607,24062,Leuven,60,
6206,"[1443222614, 1443222615]",4.758569316739908,50.88866257817181,Unknown,Unknown,"[1443222614, 1443222615]",24062,Leuven,60,
6207,688347307,4.735909753393763,50.88504976344118,Unknown,Unknown,688347307,24062,Leuven,60,
6208,687571019,4.699052008635902,50.88675693644221,De Hoorn,Unknown,687571019,24062,Leuven,60,
6209,694962954,4.6978203,50.87444795000001,Unknown,Unknown,694962954,24062,Leuven,60,
6210,"[694962925, 27063965, 694962926]",4.697998841715031,50.87448130838591,Unknown,Unknown,"[694962925, 27063965, 694962926]",24062,Leuven,60,
6211,695624643,4.69929386123686,50.87476159634468,Unknown,Unknown,695624643,24062,Leuven,60,
6212,695624644,4.6991163,50.8746793,Unknown,Unknown,695624644,24062,Leuven,60,
6213,695974321,4.695442792257821,50.87325407081419,Unknown,Unknown,695974321,24062,Leuven,60,
6214,1475982492,4.6960144,50.8732478,Unknown,Unknown,1475982492,24062,Leuven,60,
6215,"[1114526976, 226914380, 696009880, 696009882, 696009883, 1114526975]",4.696176375261875,50.87399475807266,Redingenstraat,Unknown,"[1114526976, 226914380, 696009880, 696009882, 696009883, 1114526975]",24062,Leuven,60,
6216,695974353,4.693511739428272,50.87260990161608,Unknown,Unknown,695974353,24062,Leuven,60,
6217,695994618,4.695948208833767,50.87499931810891,Unknown,Unknown,695994618,24062,Leuven,60,
6218,"[696004315, 696004316, 25859277]",4.695270346498852,50.87480287093668,Redingenhof,Unknown,"[696004315, 696004316, 25859277]",24062,Leuven,60,
6219,21550900,4.694118700000001,50.87749955,Minderbroedersstraat,Unknown,21550900,24062,Leuven,60,
6220,"[21550888, 21550900, 3869830]",4.693866777206079,50.87748147188216,Minderbroedersstraat,Unknown,"[21550888, 21550900, 3869830]",24062,Leuven,60,
6221,"[539817286, 698357877, 698357878]",4.693925796155438,50.877260894518514,Unknown,Unknown,"[539817286, 698357877, 698357878]",24062,Leuven,60,
6222,698357886,4.693498351951925,50.877340320777535,Unknown,Unknown,698357886,24062,Leuven,60,
6223,"[698357884, 698357885, 698357886]",4.693688143361663,50.87738480498943,Unknown,Unknown,"[698357884, 698357885, 698357886]",24062,Leuven,60,
6224,"[453808500, 698691916]",4.697178627837295,50.87827142156701,Drinkwaterstraat,Unknown,"[453808500, 698691916]",24062,Leuven,60,
6225,98940622,4.7068010000000005,50.8878457,Unknown,Unknown,98940622,24062,Leuven,60,
6226,304241967,4.706688408648346,50.88761077221494,Aarschotsesteenweg,Unknown,304241967,24062,Leuven,60,
6227,"[318825610, 318825612, 608715534]",4.706961134402482,50.88819655333593,Aarschotsesteenweg,Unknown,"[318825610, 318825612, 608715534]",24062,Leuven,60,
6228,702132492,4.710111,50.9044193,Aarschotsesteenweg,Unknown,702132492,24062,Leuven,60,
6229,"[1049133137, 1459237849]",4.710206355067612,50.90431514219877,Compostweg,Unknown,"[1049133137, 1459237849]",24062,Leuven,60,
6230,795404463,4.71079735,50.9053521,Unknown,Unknown,795404463,24062,Leuven,60,
6231,"[761467408, 345381438]",4.710873865782162,50.90557242067603,Aarschotsesteenweg,Unknown,"[761467408, 345381438]",24062,Leuven,60,
6232,1456563169,4.710895024270425,50.90526590909037,Aarschotsesteenweg,Unknown,1456563169,24062,Leuven,60,
6233,"[709295032, 754407556]",4.668980779376667,50.87675462457099,Unknown,Unknown,"[709295032, 754407556]",24062,Leuven,60,
6234,"[722950837, 722950839]",4.695550956025755,50.87076073960908,Unknown,Unknown,"[722950837, 722950839]",24062,Leuven,60,
6235,722950838,4.695646189561386,50.87078748744135,Unknown,Unknown,722950838,24062,Leuven,60,
6236,722950840,4.695235289735507,50.870712865189766,Unknown,Unknown,722950840,24062,Leuven,60,
6237,722950839,4.695384034014155,50.87066616942323,Unknown,Unknown,722950839,24062,Leuven,60,
6238,722950860,4.69493775,50.8704354,Unknown,Unknown,722950860,24062,Leuven,60,
6239,722950865,4.696060156259319,50.87078989121503,Unknown,Unknown,722950865,24062,Leuven,60,
6240,722950866,4.696172993943296,50.87071367838861,Unknown,Unknown,722950866,24062,Leuven,60,
6241,1482208206,4.696280138311866,50.87082356377714,Unknown,Unknown,1482208206,24062,Leuven,60,
6242,722950867,4.695945955673797,50.87056730412586,Unknown,Unknown,722950867,24062,Leuven,60,
6243,722950974,4.695623837154332,50.86970159783689,Unknown,Unknown,722950974,24062,Leuven,60,
6244,"[722950976, 722950977, 722950978]",4.695777655346798,50.869698919249885,Unknown,Unknown,"[722950976, 722950977, 722950978]",24062,Leuven,60,
6245,"[722950979, 722950974, 722950975]",4.695850484983793,50.86980321643619,Unknown,Unknown,"[722950979, 722950974, 722950975]",24062,Leuven,60,
6246,722950979,4.695875027690576,50.86963549529145,Unknown,Unknown,722950979,24062,Leuven,60,
6247,405129767,4.69618455,50.87012045,Unknown,Unknown,405129767,24062,Leuven,60,
6248,405129766,4.695802789275846,50.87013834259048,Unknown,Unknown,405129766,24062,Leuven,60,
6249,701316144,4.70649145,50.88740640000001,Marie Thumas Durieuxbrug,Unknown,701316144,24062,Leuven,60,
6250,725020745,4.667579744941392,50.87877633014861,Unknown,Unknown,725020745,24062,Leuven,60,
6251,"[1435267378, 1435267382, 1435267383]",4.667254221468145,50.87861429428713,Unknown,Unknown,"[1435267378, 1435267382, 1435267383]",24062,Leuven,60,
6252,725071970,4.70522175,50.87109865,Unknown,Unknown,725071970,24062,Leuven,60,
6253,3351201,4.702914431135984,50.86902234088764,Gerard Vander Lindenstraat,Unknown,3351201,24062,Leuven,60,
6254,1409992876,4.703072120873537,50.86852983202456,Unknown,Unknown,1409992876,24062,Leuven,60,
6255,94391113,4.700705,50.869215350000005,Constantin Meunierstraat,Unknown,94391113,24062,Leuven,60,
6256,"[662329833, 3351206]",4.6994410999331695,50.86998144726313,Eugène Gilbertstraat,Unknown,"[662329833, 3351206]",24062,Leuven,60,
6257,727694503,4.674795253243505,50.88019942341849,Unknown,Unknown,727694503,24062,Leuven,60,
6258,727694504,4.674804098010095,50.88024028316777,Unknown,Unknown,727694504,24062,Leuven,60,
6259,"[3424506, 1051857709]",4.682660855620312,50.874767226867625,Kribbepad,Unknown,"[3424506, 1051857709]",24062,Leuven,60,
6260,731213995,4.69858845,50.86128474999999,Unknown,Unknown,731213995,24062,Leuven,60,
6261,1424874016,4.714714268202832,50.880438570647215,Unknown,Unknown,1424874016,24062,Leuven,60,
6262,"[734152769, 92000665, 192689373]",4.708168761250248,50.86642042425697,Matadilaan,Unknown,"[734152769, 92000665, 192689373]",24062,Leuven,60,
6263,1421432691,4.668417981241889,50.87613555945048,Unknown,Unknown,1421432691,24062,Leuven,60,
6264,"[1374689616, 739753777]",4.716914570209142,50.864741450544216,Unknown,Unknown,"[1374689616, 739753777]",24062,Leuven,60,
6265,"[742307328, 86203360]",4.72627060339141,50.87091946484721,Tiensesteenweg,Unknown,"[742307328, 86203360]",24062,Leuven,60,
6266,"[742307321, 742307322, 742307323, 742307324]",4.722463860307605,50.87180829962195,Tiensesteenweg,Unknown,"[742307321, 742307322, 742307323, 742307324]",24062,Leuven,60,
6267,1432544581,4.723267179185632,50.87157325069467,Unknown,Unknown,1432544581,24062,Leuven,60,
6268,916215767,4.704394312544571,50.85555254252439,Unknown,Unknown,916215767,24062,Leuven,60,
6269,756946863,4.681284674384478,50.88628474144736,Unknown,Unknown,756946863,24062,Leuven,60,
6270,871821658,4.695879859378737,50.889613153394805,Unknown,Unknown,871821658,24062,Leuven,60,
6271,982927120,4.7417546,50.88755725,Unknown,Unknown,982927120,24062,Leuven,60,
6272,759158334,4.742037858894958,50.88699105580074,Meikeverstraat,Unknown,759158334,24062,Leuven,60,
6273,1449467689,4.742405,50.88636975,Meikeverstraat,Unknown,1449467689,24062,Leuven,60,
6274,"[1443015549, 1443101598]",4.742274599036355,50.88638707450125,Unknown,Unknown,"[1443015549, 1443101598]",24062,Leuven,60,
6275,8129912,4.721331343070631,50.8508737744757,Ambachtenlaan,Unknown,8129912,24062,Leuven,60,
6276,760513032,4.71970057896442,50.92908185662034,Unknown,Unknown,760513032,24062,Leuven,60,
6277,760513033,4.720571663260886,50.92950634089018,Unknown,Unknown,760513033,24062,Leuven,60,
6278,760513034,4.720217826567051,50.92974551037755,Stokerijstraat,Unknown,760513034,24062,Leuven,60,
6279,760513035,4.720792743493374,50.92997000323821,Stokerijstraat,Unknown,760513035,24062,Leuven,60,
6280,"[1433441769, 1126458731, 1433441772, 1410603614]",4.711005744976404,50.905470763374005,Unknown,Unknown,"[1433441769, 1126458731, 1433441772, 1410603614]",24062,Leuven,60,
6281,1433441769,4.710992645452295,50.90519802847242,Unknown,Unknown,1433441769,24062,Leuven,60,
6282,1456563168,4.710950448303884,50.90529180871714,Aarschotsesteenweg,Unknown,1456563168,24062,Leuven,60,
6283,1167390354,4.7075469000000005,50.86072155,Unknown,Unknown,1167390354,24062,Leuven,60,
6284,763787782,4.677520144442333,50.86405728684682,Unknown,Unknown,763787782,24062,Leuven,60,
6285,846407026,4.70461685,50.86697125,Unknown,Unknown,846407026,24062,Leuven,60,
6286,"[767720434, 965192946]",4.684114301785327,50.86220276973939,Unknown,Unknown,"[767720434, 965192946]",24062,Leuven,60,
6287,965193692,4.684856933011485,50.86193176055989,Unknown,Unknown,965193692,24062,Leuven,60,
6288,858200628,4.7166473,50.87144885,Unknown,Unknown,858200628,24062,Leuven,60,
6289,775249273,4.72289605,50.84997465,Unknown,Unknown,775249273,24062,Leuven,60,
6290,776710382,4.75077933297618,50.90300696839932,Unknown,Unknown,776710382,24062,Leuven,60,
6291,776710383,4.751085524362228,50.90312468578041,Unknown,Unknown,776710383,24062,Leuven,60,
6292,776710384,4.7514258,50.90347935,Unknown,Unknown,776710384,24062,Leuven,60,
6293,776710385,4.751745,50.90365595,Unknown,Unknown,776710385,24062,Leuven,60,
6294,776710386,4.7525743,50.9039383,Unknown,Unknown,776710386,24062,Leuven,60,
6295,778570494,4.7154703,50.87086935000001,Hortense Damanhof,Unknown,778570494,24062,Leuven,60,
6296,791931576,4.707254788629629,50.86099130953051,Unknown,Unknown,791931576,24062,Leuven,60,
6297,"[846319869, 846319868, 642535237]",4.698061782486382,50.85808305189128,Unknown,Unknown,"[846319869, 846319868, 642535237]",24062,Leuven,60,
6298,642535237,4.697600024690282,50.858360387911496,Unknown,Unknown,642535237,24062,Leuven,60,
6299,71175793,4.696983380510352,50.85758070087099,Unknown,Unknown,71175793,24062,Leuven,60,
6300,785083382,4.6970256500000005,50.8571705,Unknown,Unknown,785083382,24062,Leuven,60,
6301,785083383,4.6972495,50.856480000000005,Unknown,Unknown,785083383,24062,Leuven,60,
6302,785083384,4.69728885,50.8565423,Unknown,Unknown,785083384,24062,Leuven,60,
6303,915866730,4.697144270616768,50.85670381757272,Unknown,Unknown,915866730,24062,Leuven,60,
6304,"[785108785, 785108786, 785108787]",4.69887789836773,50.85662315588853,Unknown,Unknown,"[785108785, 785108786, 785108787]",24062,Leuven,60,
6305,787397936,4.71131775,50.8637723,Unknown,Unknown,787397936,24062,Leuven,60,
6306,810580950,4.679089226979061,50.880143509541305,Unknown,Unknown,810580950,24062,Leuven,60,
6307,789176775,4.766890538760537,50.88508335837955,Zavelstraat,Unknown,789176775,24062,Leuven,60,
6308,858462135,4.7675913481868,50.8852419329573,Unknown,Unknown,858462135,24062,Leuven,60,
6309,790996915,4.6880410632956,50.88697007833228,Unknown,Unknown,790996915,24062,Leuven,60,
6310,916167967,4.712184596350917,50.85952763661,Unknown,Unknown,916167967,24062,Leuven,60,
6311,947657650,4.710723167997188,50.90539534964669,Unknown,Unknown,947657650,24062,Leuven,60,
6312,"[26831233, 1433441769]",4.710875128836952,50.90515337560022,Unknown,Unknown,"[26831233, 1433441769]",24062,Leuven,60,
6313,1431809608,4.72105565,50.85093485000001,Unknown,Unknown,1431809608,24062,Leuven,60,
6314,"[1431809608, 797685358]",4.7212046775514,50.850832891048455,Unknown,Unknown,"[1431809608, 797685358]",24062,Leuven,60,
6315,"[797685358, 797685359]",4.721501417596265,50.85071666661384,Unknown,Unknown,"[797685358, 797685359]",24062,Leuven,60,
6316,797685360,4.721672895250936,50.85062437060304,Unknown,Unknown,797685360,24062,Leuven,60,
6317,797685357,4.72170965,50.85065995,Unknown,Unknown,797685357,24062,Leuven,60,
6318,803196931,4.677792664120961,50.875322335805166,Unknown,Unknown,803196931,24062,Leuven,60,
6319,1374689615,4.71692015,50.86454515,Unknown,Unknown,1374689615,24062,Leuven,60,
6320,"[1374689616, 804315276]",4.717001738153472,50.86467512323667,Unknown,Unknown,"[1374689616, 804315276]",24062,Leuven,60,
6321,839245154,4.7133213000000005,50.86425605,Unknown,Unknown,839245154,24062,Leuven,60,
6322,805245377,4.71510985,50.86461855000001,Unknown,Unknown,805245377,24062,Leuven,60,
6323,"[421437225, 1433980813]",4.714928028869606,50.86494134733167,Unknown,Unknown,"[421437225, 1433980813]",24062,Leuven,60,
6324,1089020355,4.71507051731075,50.86494974795861,Unknown,Unknown,1089020355,24062,Leuven,60,
6325,1088826366,4.7159287,50.8648992,Unknown,Unknown,1088826366,24062,Leuven,60,
6326,1089020353,4.71552795,50.86489664999999,Unknown,Unknown,1089020353,24062,Leuven,60,
6327,806698088,4.66945645,50.87667714999999,Unknown,Unknown,806698088,24062,Leuven,60,
6328,806698089,4.669664068123975,50.87698322177496,Paarse straat,Unknown,806698089,24062,Leuven,60,
6329,754407556,4.669689828571371,50.87622695865754,Unknown,Unknown,754407556,24062,Leuven,60,
6330,807319700,4.69431445,50.8721517,Unknown,Unknown,807319700,24062,Leuven,60,
6331,1001180292,4.6770487,50.88304335,Unknown,Unknown,1001180292,24062,Leuven,60,
6332,807751768,4.67560545,50.8826645,Unknown,Unknown,807751768,24062,Leuven,60,
6333,807751769,4.6750717,50.88317655,Unknown,Unknown,807751769,24062,Leuven,60,
6334,809178633,4.705046562719553,50.86730057257185,Unknown,Unknown,809178633,24062,Leuven,60,
6335,"[1511701448, 1511701449, 1044729456]",4.67999148895216,50.87954707378425,Unknown,Unknown,"[1511701448, 1511701449, 1044729456]",24062,Leuven,60,
6336,"[810592122, 1088722507, 1088483922]",4.681810878696632,50.87982634794649,Unknown,Unknown,"[810592122, 1088722507, 1088483922]",24062,Leuven,60,
6337,"[1044729456, 1511701449, 1511701448]",4.679991488952159,50.879547073784266,Unknown,Unknown,"[1044729456, 1511701449, 1511701448]",24062,Leuven,60,
6338,813937597,4.67722053956569,50.88168834192876,Unknown,Unknown,813937597,24062,Leuven,60,
6339,947161957,4.6816025,50.8796077,Gasthuisberglaan,Unknown,947161957,24062,Leuven,60,
6340,1507767219,4.68205375,50.8796146,Unknown,Unknown,1507767219,24062,Leuven,60,
6341,"[813983392, 3999689, 813983393, 455505771]",4.684873729517308,50.87644347888124,Bankstraat,Unknown,"[813983392, 3999689, 813983393, 455505771]",24062,Leuven,60,
6342,"[97175693, 813979463]",4.684298460700139,50.87675279245615,Unknown,Unknown,"[97175693, 813979463]",24062,Leuven,60,
6343,97175693,4.684471086932132,50.87642493603591,Unknown,Unknown,97175693,24062,Leuven,60,
6344,"[813979465, 521193379, 521193380, 99583853]",4.684224589422419,50.876660231536455,Tervuursevest,Unknown,"[813979465, 521193379, 521193380, 99583853]",24062,Leuven,60,
6345,80194318,4.68602161764714,50.87474026258561,Tervuursevest,Unknown,80194318,24062,Leuven,60,
6346,814322832,4.68805485,50.87355585,Tervuursevest,Unknown,814322832,24062,Leuven,60,
6347,1134877792,4.688014695161098,50.87351633236788,Unknown,Unknown,1134877792,24062,Leuven,60,
6348,843261103,4.685503150000001,50.86789005,Unknown,Unknown,843261103,24062,Leuven,60,
6349,"[814923426, 814923422]",4.711939761423069,50.87933312162598,Unknown,Unknown,"[814923426, 814923422]",24062,Leuven,60,
6350,"[609191280, 972466929]",4.664336623887412,50.877722835048736,Terbankstraat,Unknown,"[609191280, 972466929]",24062,Leuven,60,
6351,"[630732288, 1435306193]",4.665002918250626,50.8775119297867,Unknown,Unknown,"[630732288, 1435306193]",24062,Leuven,60,
6352,"[1435306181, 815032437, 536950062]",4.662592755971877,50.87839253351076,Unknown,Unknown,"[1435306181, 815032437, 536950062]",24062,Leuven,60,
6353,"[815032437, 1435306181, 536950062]",4.662592755971876,50.87839253351076,Unknown,Unknown,"[815032437, 1435306181, 536950062]",24062,Leuven,60,
6354,1435306194,4.6653685,50.8773172,Unknown,Unknown,1435306194,24062,Leuven,60,
6355,"[815418304, 815418305, 815418303]",4.666240400544796,50.87751288561523,Unknown,Unknown,"[815418304, 815418305, 815418303]",24062,Leuven,60,
6356,818431242,4.692404023420627,50.87284750956449,Unknown,Unknown,818431242,24062,Leuven,60,
6357,818431247,4.69201055,50.87303745,Unknown,Unknown,818431247,24062,Leuven,60,
6358,818431254,4.692170844484599,50.8730152748938,Unknown,Unknown,818431254,24062,Leuven,60,
6359,818431296,4.6915695742012105,50.87326590550475,Unknown,Unknown,818431296,24062,Leuven,60,
6360,818790220,4.69100325,50.872852300000005,Unknown,Unknown,818790220,24062,Leuven,60,
6361,"[819086209, 819086218]",4.683877415276414,50.87491925835764,Unknown,Unknown,"[819086209, 819086218]",24062,Leuven,60,
6362,"[820383896, 820383894, 820383895]",4.678066678810697,50.860546128668446,Unknown,Unknown,"[820383896, 820383894, 820383895]",24062,Leuven,60,
6363,"[822638464, 822638462, 822638463]",4.675438560936305,50.864016335219056,Unknown,Unknown,"[822638464, 822638462, 822638463]",24062,Leuven,60,
6364,839245153,4.71333055,50.8642465,Unknown,Unknown,839245153,24062,Leuven,60,
6365,839245155,4.7133518,50.8643648,Unknown,Unknown,839245155,24062,Leuven,60,
6366,839245156,4.713346550000001,50.86440025000001,Unknown,Unknown,839245156,24062,Leuven,60,
6367,839760963,4.707576550000001,50.89671725,Unknown,Unknown,839760963,24062,Leuven,60,
6368,839760964,4.7074577,50.89652585,Unknown,Unknown,839760964,24062,Leuven,60,
6369,840250058,4.712529549999999,50.8681557,Unknown,Unknown,840250058,24062,Leuven,60,
6370,840250059,4.7127794000000005,50.86810395,Unknown,Unknown,840250059,24062,Leuven,60,
6371,842238651,4.697256205097414,50.87846261105206,Unknown,Unknown,842238651,24062,Leuven,60,
6372,"[842716848, 842716845, 842716847]",4.6970489213940025,50.877432303117686,Unknown,Unknown,"[842716848, 842716845, 842716847]",24062,Leuven,60,
6373,842744714,4.7077964,50.86673985,Unknown,Unknown,842744714,24062,Leuven,60,
6374,842744713,4.707668399999999,50.86672835,Unknown,Unknown,842744713,24062,Leuven,60,
6375,843261109,4.685335609862888,50.86747535443277,Unknown,Unknown,843261109,24062,Leuven,60,
6376,1384898679,4.7210199500000005,50.84913964999999,Unknown,Unknown,1384898679,24062,Leuven,60,
6377,"[742110229, 1384898676, 1384898677]",4.721491092445038,50.84874174420146,Unknown,Unknown,"[742110229, 1384898676, 1384898677]",24062,Leuven,60,
6378,"[843829003, 945450366]",4.722775210708262,50.84979287887506,Unknown,Unknown,"[843829003, 945450366]",24062,Leuven,60,
6379,945450368,4.7224924248409685,50.849623442545145,Unknown,Unknown,945450368,24062,Leuven,60,
6380,"[806787288, 636897130]",4.699699712499772,50.85578361499967,Unknown,Unknown,"[806787288, 636897130]",24062,Leuven,60,
6381,844373393,4.6999617,50.88604335,Sluisstraat,Unknown,844373393,24062,Leuven,60,
6382,844466432,4.6843319,50.8673676,Unknown,Unknown,844466432,24062,Leuven,60,
6383,844466989,4.68445625,50.8661978,Unknown,Unknown,844466989,24062,Leuven,60,
6384,844466991,4.68470665,50.86612765,Unknown,Unknown,844466991,24062,Leuven,60,
6385,"[4003913, 3730650]",4.691409933464998,50.86732767055398,Unknown,Unknown,"[4003913, 3730650]",24062,Leuven,60,
6386,844467572,4.690804999999999,50.86767655,Unknown,Unknown,844467572,24062,Leuven,60,
6387,845382104,4.69731495,50.87837455,Unknown,Unknown,845382104,24062,Leuven,60,
6388,845978775,4.70471485,50.866990900000005,Unknown,Unknown,845978775,24062,Leuven,60,
6389,845687363,4.702114399999999,50.8559657,Unknown,Unknown,845687363,24062,Leuven,60,
6390,916937029,4.70209775,50.8559761,Unknown,Unknown,916937029,24062,Leuven,60,
6391,916937030,4.7020979,50.85553895,Unknown,Unknown,916937030,24062,Leuven,60,
6392,845697258,4.7030019,50.8564346,Unknown,Unknown,845697258,24062,Leuven,60,
6393,919232137,4.703628,50.8559306,Unknown,Unknown,919232137,24062,Leuven,60,
6394,922722294,4.703851,50.85601174999999,Unknown,Unknown,922722294,24062,Leuven,60,
6395,916166210,4.7040465000000005,50.8550288,Unknown,Unknown,916166210,24062,Leuven,60,
6396,845704875,4.7049157,50.8557067,Unknown,Unknown,845704875,24062,Leuven,60,
6397,1116551183,4.70499535,50.8556957,Unknown,Unknown,1116551183,24062,Leuven,60,
6398,845719181,4.6585171,50.85503305,Unknown,Unknown,845719181,24062,Leuven,60,
6399,1481129910,4.658777402859298,50.855060497632266,Unknown,Unknown,1481129910,24062,Leuven,60,
6400,845944313,4.707010349999999,50.86488405,Unknown,Unknown,845944313,24062,Leuven,60,
6401,"[301992138, 1278280396]",4.707995719461853,50.86478049569962,Broekstraat,Unknown,"[301992138, 1278280396]",24062,Leuven,60,
6402,301992138,4.706756573636341,50.86488951823475,Broekstraat,Unknown,301992138,24062,Leuven,60,
6403,71176205,4.701093099134985,50.85525760291182,Unknown,Unknown,71176205,24062,Leuven,60,
6404,847868610,4.6989419,50.8567254,Unknown,Unknown,847868610,24062,Leuven,60,
6405,846421642,4.705038699999999,50.8670509,Unknown,Unknown,846421642,24062,Leuven,60,
6406,"[1380680011, 1380680012]",4.72797179474959,50.89441054365194,Molenbeekpad,Unknown,"[1380680011, 1380680012]",24062,Leuven,60,
6407,846848787,4.71819435,50.89703365,Unknown,Unknown,846848787,24062,Leuven,60,
6408,"[1354388446, 138017391]",4.717006709179758,50.89666809000667,Unknown,Unknown,"[1354388446, 138017391]",24062,Leuven,60,
6409,970166160,4.717657677006958,50.89635662825978,Unknown,Unknown,970166160,24062,Leuven,60,
6410,80221433,4.714594016980294,50.88107624783698,Unknown,Unknown,80221433,24062,Leuven,60,
6411,856070293,4.6978484,50.8703896,Unknown,Unknown,856070293,24062,Leuven,60,
6412,857260598,4.70510275,50.8711837,Unknown,Unknown,857260598,24062,Leuven,60,
6413,857260885,4.7048268,50.872489900000005,Unknown,Unknown,857260885,24062,Leuven,60,
6414,857260888,4.704867744757998,50.87246880315696,Unknown,Unknown,857260888,24062,Leuven,60,
6415,"[107281840, 857260886]",4.704940073549562,50.87259960571894,Unknown,Unknown,"[107281840, 857260886]",24062,Leuven,60,
6416,107281840,4.704625410987432,50.87264537081607,Unknown,Unknown,107281840,24062,Leuven,60,
6417,79002190,4.704988961907933,50.8731042822502,Andreas Vesaliusstraat,Unknown,79002190,24062,Leuven,60,
6418,9713679,4.7135485500000005,50.8723575,Léon Schreursvest,Unknown,9713679,24062,Leuven,60,
6419,857806583,4.71368500265774,50.872306356656814,Unknown,Unknown,857806583,24062,Leuven,60,
6420,857806589,4.71204725,50.8708577,Unknown,Unknown,857806589,24062,Leuven,60,
6421,857806593,4.714154049999999,50.87291995,Unknown,Unknown,857806593,24062,Leuven,60,
6422,857806596,4.714127,50.87289335,Unknown,Unknown,857806596,24062,Leuven,60,
6423,857806777,4.7147818,50.87189935,Unknown,Unknown,857806777,24062,Leuven,60,
6424,"[858088464, 858088463]",4.716647687428847,50.87272109652845,Unknown,Unknown,"[858088464, 858088463]",24062,Leuven,60,
6425,858088467,4.716011356773849,50.87226104126537,Unknown,Unknown,858088467,24062,Leuven,60,
6426,858088470,4.716175809224458,50.87322919452112,Unknown,Unknown,858088470,24062,Leuven,60,
6427,858148614,4.71702025,50.87205,Unknown,Unknown,858148614,24062,Leuven,60,
6428,858148608,4.716948904675265,50.87206611395349,Unknown,Unknown,858148608,24062,Leuven,60,
6429,858148609,4.716871397907179,50.87199475098711,Unknown,Unknown,858148609,24062,Leuven,60,
6430,858148610,4.717165162595703,50.87185252841076,Unknown,Unknown,858148610,24062,Leuven,60,
6431,858148611,4.717227149999999,50.87190205,Unknown,Unknown,858148611,24062,Leuven,60,
6432,858148613,4.7172254,50.87196375,Unknown,Unknown,858148613,24062,Leuven,60,
6433,"[858148616, 858148612, 858148615]",4.716921981038651,50.87181616169014,Unknown,Unknown,"[858148616, 858148612, 858148615]",24062,Leuven,60,
6434,858148622,4.7168645,50.872696950000005,Unknown,Unknown,858148622,24062,Leuven,60,
6435,858148735,4.71803705,50.87221495,Unknown,Unknown,858148735,24062,Leuven,60,
6436,858842165,4.70238745,50.87402525,Unknown,Unknown,858842165,24062,Leuven,60,
6437,861058118,4.715533457746537,50.89286454134304,Unknown,Unknown,861058118,24062,Leuven,60,
6438,1497197816,4.70063865,50.90282685,Unknown,Unknown,1497197816,24062,Leuven,60,
6439,871821659,4.6940246470401625,50.889426949417846,Unknown,Unknown,871821659,24062,Leuven,60,
6440,"[1428816785, 610509050, 685570221]",4.694968430543552,50.88944449146528,Unknown,Unknown,"[1428816785, 610509050, 685570221]",24062,Leuven,60,
6441,"[1017100792, 15942801]",4.684920697433921,50.88514827523783,Den Boschsingel,Unknown,"[1017100792, 15942801]",24062,Leuven,60,
6442,876293774,4.71162185,50.867125900000005,Unknown,Unknown,876293774,24062,Leuven,60,
6443,"[688290977, 688290980]",4.711859344022159,50.8675363274107,Philipssite,Unknown,"[688290977, 688290980]",24062,Leuven,60,
6444,29010109,4.688650826033525,50.88741433516857,Den Boschsingel,Unknown,29010109,24062,Leuven,60,
6445,1307076014,4.687705327419937,50.88674399930304,Unknown,Unknown,1307076014,24062,Leuven,60,
6446,879775933,4.687852245610618,50.885453337327725,Unknown,Unknown,879775933,24062,Leuven,60,
6447,1159503586,4.6528806,50.85522565,Unknown,Unknown,1159503586,24062,Leuven,60,
6448,"[3877292, 44646373, 99416782]",4.652521401112385,50.85464785648037,Sint-Jansbergsesteenweg,Unknown,"[3877292, 44646373, 99416782]",24062,Leuven,60,
6449,1391576490,4.69761995,50.8862195,Unknown,Unknown,1391576490,24062,Leuven,60,
6450,886305246,4.697393982399247,50.88612590806361,Unknown,Unknown,886305246,24062,Leuven,60,
6451,"[1391576272, 313751264, 886305246]",4.697813771203292,50.88629510394068,Valkenplein,Unknown,"[1391576272, 313751264, 886305246]",24062,Leuven,60,
6452,"[890136856, 890136857]",4.701155224624715,50.87430875715297,KUL Underground Car Parking E-BIB,Unknown,"[890136856, 890136857]",24062,Leuven,60,
6453,95890227,4.699877799999999,50.8735835,Naamsestraat,Unknown,95890227,24062,Leuven,60,
6454,890136862,4.69992375,50.87363555,Unknown,Unknown,890136862,24062,Leuven,60,
6455,890136912,4.70144595,50.8743126,Unknown,Unknown,890136912,24062,Leuven,60,
6456,957119865,4.6923918,50.88147885,Unknown,Unknown,957119865,24062,Leuven,60,
6457,957120712,4.692619429483965,50.88140944048291,Unknown,Unknown,957120712,24062,Leuven,60,
6458,890727700,4.712132205013439,50.88252975455909,Unknown,Unknown,890727700,24062,Leuven,60,
6459,891216432,4.702629249999999,50.87916439999999,Unknown,Unknown,891216432,24062,Leuven,60,
6460,"[891566618, 891566619, 891566620]",4.703788911191396,50.87877966233404,Unknown,Unknown,"[891566618, 891566619, 891566620]",24062,Leuven,60,
6461,891927615,4.7030768,50.87261635,Unknown,Unknown,891927615,24062,Leuven,60,
6462,891927712,4.70282385,50.87277455,Unknown,Unknown,891927712,24062,Leuven,60,
6463,891927708,4.7029357,50.8727649,Unknown,Unknown,891927708,24062,Leuven,60,
6464,891927711,4.7028512482610285,50.87281002260931,Unknown,Unknown,891927711,24062,Leuven,60,
6465,891927710,4.7028989,50.8728169,Unknown,Unknown,891927710,24062,Leuven,60,
6466,892076046,4.70663245,50.8715488,Unknown,Unknown,892076046,24062,Leuven,60,
6467,"[892076051, 892076052, 892076053]",4.70666635954691,50.8718187502766,Unknown,Unknown,"[892076051, 892076052, 892076053]",24062,Leuven,60,
6468,892269075,4.7100556000000005,50.8733115,Unknown,Unknown,892269075,24062,Leuven,60,
6469,892269078,4.710236,50.8731921,Unknown,Unknown,892269078,24062,Leuven,60,
6470,892269151,4.70941,50.87338305,Unknown,Unknown,892269151,24062,Leuven,60,
6471,892269131,4.709051473820533,50.87317651587913,Unknown,Unknown,892269131,24062,Leuven,60,
6472,892269133,4.708940455634242,50.87330688261673,Unknown,Unknown,892269133,24062,Leuven,60,
6473,892269152,4.70945535,50.8733613,Unknown,Unknown,892269152,24062,Leuven,60,
6474,"[892269153, 892269122, 892269123]",4.7095622118080565,50.87346298429242,Unknown,Unknown,"[892269153, 892269122, 892269123]",24062,Leuven,60,
6475,1445995464,4.76051965,50.8842982,Unknown,Unknown,1445995464,24062,Leuven,60,
6476,"[29072723, 876185325]",4.711268951504751,50.87119022249709,Geldenaaksevest,Unknown,"[29072723, 876185325]",24062,Leuven,60,
6477,10296368,4.712694,50.87230385,Geldenaaksevest,Unknown,10296368,24062,Leuven,60,
6478,1461241248,4.7127726,50.87233935,Unknown,Unknown,1461241248,24062,Leuven,60,
6479,"[1461241248, 1461241250]",4.712728695281697,50.87236099061886,Unknown,Unknown,"[1461241248, 1461241250]",24062,Leuven,60,
6480,893180352,4.7095816,50.87389005,Unknown,Unknown,893180352,24062,Leuven,60,
6481,910745611,4.70211461190038,50.857560380462765,Unknown,Unknown,910745611,24062,Leuven,60,
6482,893696047,4.7072096000000005,50.869740500000006,Unknown,Unknown,893696047,24062,Leuven,60,
6483,"[3343965, 608715533]",4.707428961038089,50.86954635195731,Parkstraat,Unknown,"[3343965, 608715533]",24062,Leuven,60,
6484,"[1362574776, 876185325]",4.709318651856088,50.86982766751335,Geldenaaksevest,Unknown,"[1362574776, 876185325]",24062,Leuven,60,
6485,893696210,4.7097542305582,50.87009971019844,Unknown,Unknown,893696210,24062,Leuven,60,
6486,893696285,4.7079018,50.87171595,Unknown,Unknown,893696285,24062,Leuven,60,
6487,1281372482,4.7061705,50.8690332,Unknown,Unknown,1281372482,24062,Leuven,60,
6488,"[48247088, 893781380]",4.706355399390698,50.873227549652135,Unknown,Unknown,"[48247088, 893781380]",24062,Leuven,60,
6489,893949570,4.710422747841247,50.877197795817104,Unknown,Unknown,893949570,24062,Leuven,60,
6490,"[893949658, 893949660]",4.711815829489038,50.8762965608813,Unknown,Unknown,"[893949658, 893949660]",24062,Leuven,60,
6491,894194494,4.717196297336321,50.87535087349473,Unknown,Unknown,894194494,24062,Leuven,60,
6492,894381834,4.716234112215185,50.87393808869426,Unknown,Unknown,894381834,24062,Leuven,60,
6493,894381837,4.716148649269453,50.87379588332449,Unknown,Unknown,894381837,24062,Leuven,60,
6494,1428528202,4.7164954,50.87461335,Klein-Rijselstraat,Unknown,1428528202,24062,Leuven,60,
6495,"[894381913, 894381914]",4.716647151596642,50.87455005695024,Unknown,Unknown,"[894381913, 894381914]",24062,Leuven,60,
6496,894381917,4.7159639,50.8737328,Unknown,Unknown,894381917,24062,Leuven,60,
6497,"[894418144, 894418145, 894418146, 894418140, 894418143]",4.716925273363877,50.87516562450194,Unknown,Unknown,"[894418144, 894418145, 894418146, 894418140, 894418143]",24062,Leuven,60,
6498,894418193,4.71555795,50.87508135,Unknown,Unknown,894418193,24062,Leuven,60,
6499,894418236,4.715647000000001,50.8752979,Unknown,Unknown,894418236,24062,Leuven,60,
6500,"[896195872, 16239450]",4.712686591440586,50.87726362046003,Unknown,Unknown,"[896195872, 16239450]",24062,Leuven,60,
6501,897141780,4.709000656010155,50.875639810205854,Unknown,Unknown,897141780,24062,Leuven,60,
6502,"[897141781, 897141782, 897141783]",4.709592499123106,50.875380075507,Unknown,Unknown,"[897141781, 897141782, 897141783]",24062,Leuven,60,
6503,"[13523027, 898173885]",4.709870118273459,50.875143923366686,Tiensestraat,Unknown,"[13523027, 898173885]",24062,Leuven,60,
6504,"[670002674, 586268891, 898173877]",4.711529304512756,50.87530782731727,Blijde-Inkomststraat,Unknown,"[670002674, 586268891, 898173877]",24062,Leuven,60,
6505,"[898173936, 898173857]",4.712022266731644,50.87498932727223,Unknown,Unknown,"[898173936, 898173857]",24062,Leuven,60,
6506,"[13523066, 1056637435]",4.71290563356121,50.87395059615229,Tiensestraat,Unknown,"[13523066, 1056637435]",24062,Leuven,60,
6507,898173947,4.712261743165239,50.8742605437324,Unknown,Unknown,898173947,24062,Leuven,60,
6508,"[899192968, 899192969]",4.711652961672841,50.87395471448638,Unknown,Unknown,"[899192968, 899192969]",24062,Leuven,60,
6509,"[899192979, 899192972]",4.712485195195866,50.87364028303183,Unknown,Unknown,"[899192979, 899192972]",24062,Leuven,60,
6510,900702053,4.725341723516327,50.92830830851998,Unknown,Unknown,900702053,24062,Leuven,60,
6511,901790708,4.67340165,50.86381075,Unknown,Unknown,901790708,24062,Leuven,60,
6512,"[901790707, 901790709]",4.673134930722099,50.86350167204673,Unknown,Unknown,"[901790707, 901790709]",24062,Leuven,60,
6513,901790709,4.6738833500000005,50.8634219,Unknown,Unknown,901790709,24062,Leuven,60,
6514,901791673,4.67316223938671,50.86316990105439,Unknown,Unknown,901791673,24062,Leuven,60,
6515,901790712,4.675279452016255,50.86357210943569,Unknown,Unknown,901790712,24062,Leuven,60,
6516,901790713,4.675167050000001,50.8637605,Unknown,Unknown,901790713,24062,Leuven,60,
6517,901790719,4.679533108794873,50.86465953231851,Unknown,Unknown,901790719,24062,Leuven,60,
6518,901790717,4.6793397535646495,50.86461572006703,Unknown,Unknown,901790717,24062,Leuven,60,
6519,901790718,4.6771457,50.86432265,Unknown,Unknown,901790718,24062,Leuven,60,
6520,909001488,4.685912796527221,50.86639900406431,Unknown,Unknown,909001488,24062,Leuven,60,
6521,585855214,4.723851764013281,50.84840625244207,Unknown,Unknown,585855214,24062,Leuven,60,
6522,911880178,4.723010882730314,50.84943130471416,Unknown,Unknown,911880178,24062,Leuven,60,
6523,"[264864155, 264864156]",4.680805571748595,50.86554704790016,Unknown,Unknown,"[264864155, 264864156]",24062,Leuven,60,
6524,"[912559163, 1514055165]",4.680640085968587,50.86502032122609,Unknown,Unknown,"[912559163, 1514055165]",24062,Leuven,60,
6525,912979264,4.722243368210919,50.883825665244814,Unknown,Unknown,912979264,24062,Leuven,60,
6526,913167118,4.734858552100717,50.87643223112644,Unknown,Unknown,913167118,24062,Leuven,60,
6527,913394247,4.687269404324078,50.87226930561216,Unknown,Unknown,913394247,24062,Leuven,60,
6528,913526655,4.69858676188602,50.857373264008736,Unknown,Unknown,913526655,24062,Leuven,60,
6529,914804881,4.72753115,50.93467555,Gansepoelveld,Unknown,914804881,24062,Leuven,60,
6530,914939351,4.70081865,50.86537415,Unknown,Unknown,914939351,24062,Leuven,60,
6531,914939350,4.70080465,50.86537920000001,Unknown,Unknown,914939350,24062,Leuven,60,
6532,916166211,4.703939554573531,50.85512650323194,Unknown,Unknown,916166211,24062,Leuven,60,
6533,917106780,4.692044524843367,50.86775990604492,Unknown,Unknown,917106780,24062,Leuven,60,
6534,917106781,4.69027970538112,50.868585988586894,Unknown,Unknown,917106781,24062,Leuven,60,
6535,917106782,4.69178775,50.86854225,Unknown,Unknown,917106782,24062,Leuven,60,
6536,917106783,4.69138575,50.86878009999999,Unknown,Unknown,917106783,24062,Leuven,60,
6537,"[326826788, 910580264, 1114905864, 64487855, 326826779, 85840924]",4.692271076883241,50.86919900998981,Unknown,Unknown,"[326826788, 910580264, 1114905864, 64487855, 326826779, 85840924]",24062,Leuven,60,
6538,917111087,4.71156825,50.86706375,Unknown,Unknown,917111087,24062,Leuven,60,
6539,1238605129,4.7017583,50.8563118,Unknown,Unknown,1238605129,24062,Leuven,60,
6540,"[79002193, 90980081]",4.721707860231819,50.85206039505495,Geldenaaksebaan,Unknown,"[79002193, 90980081]",24062,Leuven,60,
6541,922467151,4.7216208,50.85214465,Unknown,Unknown,922467151,24062,Leuven,60,
6542,922467150,4.7213086,50.85200185,Unknown,Unknown,922467150,24062,Leuven,60,
6543,922467153,4.721269235293448,50.85158853194135,Unknown,Unknown,922467153,24062,Leuven,60,
6544,922467152,4.72114878945262,50.85176980270571,Unknown,Unknown,922467152,24062,Leuven,60,
6545,"[1157155235, 922484405]",4.725407040767206,50.844723608870034,Unknown,Unknown,"[1157155235, 922484405]",24062,Leuven,60,
6546,922484403,4.7256762000000005,50.8448043,Unknown,Unknown,922484403,24062,Leuven,60,
6547,"[1157155234, 922484406]",4.725915629720249,50.84468786057442,Unknown,Unknown,"[1157155234, 922484406]",24062,Leuven,60,
6548,585856039,4.7268451715049125,50.84806180865363,Unknown,Unknown,585856039,24062,Leuven,60,
6549,927663357,4.727259454445667,50.84690499310074,Unknown,Unknown,927663357,24062,Leuven,60,
6550,1431741452,4.72456435,50.84744335,Unknown,Unknown,1431741452,24062,Leuven,60,
6551,"[927669282, 14556532]",4.724934344694927,50.84701014048871,Geldenaaksebaan,Unknown,"[927669282, 14556532]",24062,Leuven,60,
6552,927669283,4.72585875,50.8478337,Unknown,Unknown,927669283,24062,Leuven,60,
6553,1210823663,4.7151789,50.87615505,Unknown,Unknown,1210823663,24062,Leuven,60,
6554,"[1210823662, 1210823663]",4.714849345215707,50.87621979700005,Unknown,Unknown,"[1210823662, 1210823663]",24062,Leuven,60,
6555,938175473,4.702517629255146,50.88657576818684,Unknown,Unknown,938175473,24062,Leuven,60,
6556,"[938175475, 938175476, 1350898061]",4.7029359729828615,50.88621721793855,Unknown,Unknown,"[938175475, 938175476, 1350898061]",24062,Leuven,60,
6557,938175483,4.702984256582409,50.88627651616648,Unknown,Unknown,938175483,24062,Leuven,60,
6558,1350897693,4.702959252982772,50.88605569369143,Unknown,Unknown,1350897693,24062,Leuven,60,
6559,938175485,4.703117403718696,50.88613044213139,Unknown,Unknown,938175485,24062,Leuven,60,
6560,"[938175474, 1350897694]",4.7029896036601375,50.88619280431808,Unknown,Unknown,"[938175474, 1350897694]",24062,Leuven,60,
6561,938175487,4.704719486738509,50.88552812844674,Unknown,Unknown,938175487,24062,Leuven,60,
6562,"[1014184562, 938175484, 938175487]",4.703701282943529,50.88592057191459,Unknown,Unknown,"[1014184562, 938175484, 938175487]",24062,Leuven,60,
6563,"[1349758100, 1357040356]",4.703180687013813,50.88652420581448,Unknown,Unknown,"[1349758100, 1357040356]",24062,Leuven,60,
6564,940310183,4.69428802302648,50.85905375262632,Zwaluwenlaan,Unknown,940310183,24062,Leuven,60,
6565,942698973,4.657557654508744,50.86624976355813,Unknown,Unknown,942698973,24062,Leuven,60,
6566,942698974,4.6537513,50.8713868,Unknown,Unknown,942698974,24062,Leuven,60,
6567,945450362,4.722706329111336,50.849800385161686,Unknown,Unknown,945450362,24062,Leuven,60,
6568,843829003,4.7227408,50.849720000000005,Unknown,Unknown,843829003,24062,Leuven,60,
6569,945450363,4.722685199133023,50.84979537055924,Unknown,Unknown,945450363,24062,Leuven,60,
6570,"[775249273, 945450367]",4.722477608145265,50.84976804790287,Unknown,Unknown,"[775249273, 945450367]",24062,Leuven,60,
6571,945450364,4.722568288802341,50.84976645801281,Unknown,Unknown,945450364,24062,Leuven,60,
6572,945450365,4.722589287683509,50.8497714970313,Unknown,Unknown,945450365,24062,Leuven,60,
6573,947584688,4.7156829,50.89194165000001,Unknown,Unknown,947584688,24062,Leuven,60,
6574,"[947584685, 947584687]",4.7161743350611145,50.89041246472896,Unknown,Unknown,"[947584685, 947584687]",24062,Leuven,60,
6575,947584687,4.7169335,50.8884533,Unknown,Unknown,947584687,24062,Leuven,60,
6576,947584689,4.715943519244786,50.8919625294697,Unknown,Unknown,947584689,24062,Leuven,60,
6577,949439843,4.7142632,50.882168750000005,Tiensevest,Unknown,949439843,24062,Leuven,60,
6578,"[958258525, 1108152845, 1108152846]",4.705191688033967,50.907231960976006,Unknown,Unknown,"[958258525, 1108152845, 1108152846]",24062,Leuven,60,
6579,"[956394171, 1279102083]",4.695791897209874,50.86159895007494,Unknown,Unknown,"[956394171, 1279102083]",24062,Leuven,60,
6580,956394169,4.69589164998485,50.86164604880669,Unknown,Unknown,956394169,24062,Leuven,60,
6581,1279102084,4.695954122034412,50.86170694837282,Unknown,Unknown,1279102084,24062,Leuven,60,
6582,"[1279102085, 956394174]",4.695982533637093,50.86147019858223,Unknown,Unknown,"[1279102085, 956394174]",24062,Leuven,60,
6583,956394170,4.6958839009008,50.86142698161864,Unknown,Unknown,956394170,24062,Leuven,60,
6584,1279102081,4.695821195931078,50.86136778493734,Unknown,Unknown,1279102081,24062,Leuven,60,
6585,956394171,4.69583161474125,50.86170902038912,Unknown,Unknown,956394171,24062,Leuven,60,
6586,"[956394173, 23119517]",4.695899787290529,50.8620470054008,Naamsesteenweg,Unknown,"[956394173, 23119517]",24062,Leuven,60,
6587,"[1279102084, 1279102085]",4.69598731119167,50.861580497236616,Unknown,Unknown,"[1279102084, 1279102085]",24062,Leuven,60,
6588,956394174,4.695948024440865,50.861367244636845,Unknown,Unknown,956394174,24062,Leuven,60,
6589,956394187,4.695596142617625,50.8626560330077,Sint-Lambertusstraat,Unknown,956394187,24062,Leuven,60,
6590,"[956394193, 970347062]",4.695835300263683,50.862669863701015,Unknown,Unknown,"[956394193, 970347062]",24062,Leuven,60,
6591,"[956394193, 970347063]",4.695962751261993,50.8626620948654,Unknown,Unknown,"[956394193, 970347063]",24062,Leuven,60,
6592,956394188,4.696013450000001,50.86262585,Unknown,Unknown,956394188,24062,Leuven,60,
6593,956394200,4.69603290932828,50.86308314000193,Unknown,Unknown,956394200,24062,Leuven,60,
6594,956394199,4.6959586,50.86350425,Unknown,Unknown,956394199,24062,Leuven,60,
6595,956394198,4.695927230199694,50.863617434204045,Naamsesteenweg,Unknown,956394198,24062,Leuven,60,
6596,"[1279101238, 956394199]",4.695847429605878,50.86347972135604,Unknown,Unknown,"[1279101238, 956394199]",24062,Leuven,60,
6597,1062345892,4.69600255,50.86256645000001,Unknown,Unknown,1062345892,24062,Leuven,60,
6598,956394189,4.695955881159859,50.86250143400604,Unknown,Unknown,956394189,24062,Leuven,60,
6599,956529610,4.727214350000001,50.8714954,Unknown,Unknown,956529610,24062,Leuven,60,
6600,"[956529610, 86203339]",4.7269430000364006,50.87147661407076,Unknown,Unknown,"[956529610, 86203339]",24062,Leuven,60,
6601,957095025,4.660837551296512,50.86041008744886,Idalaan,Unknown,957095025,24062,Leuven,60,
6602,957120202,4.6922476500000005,50.8816245,Unknown,Unknown,957120202,24062,Leuven,60,
6603,957120203,4.692426149999999,50.8817799,Unknown,Unknown,957120203,24062,Leuven,60,
6604,957121213,4.7101093,50.8745603,Hofgang,Unknown,957121213,24062,Leuven,60,
6605,957132337,4.736262772191825,50.86189070307956,Hoogland,Unknown,957132337,24062,Leuven,60,
6606,"[19429659, 957132339]",4.736839321535401,50.86269189635642,Hoogland,Unknown,"[19429659, 957132339]",24062,Leuven,60,
6607,957420222,4.738164028334595,50.8464597725602,Unknown,Unknown,957420222,24062,Leuven,60,
6608,957423323,4.729963924217012,50.84467520418077,Unknown,Unknown,957423323,24062,Leuven,60,
6609,957851879,4.751893638625242,50.89576753336776,Unknown,Unknown,957851879,24062,Leuven,60,
6610,"[18582225, 27626085, 17976693]",4.753019268412972,50.896544208929214,Kortrijksestraat / Kortrijkstraat,Unknown,"[18582225, 27626085, 17976693]",24062,Leuven,60,
6611,957873161,4.7542402,50.89796,Unknown,Unknown,957873161,24062,Leuven,60,
6612,957873162,4.7543022,50.89802410000001,Unknown,Unknown,957873162,24062,Leuven,60,
6613,957873163,4.75424935,50.8980004,Unknown,Unknown,957873163,24062,Leuven,60,
6614,"[1108152845, 958258525, 1108152846]",4.705191688033967,50.907231960976006,Unknown,Unknown,"[1108152845, 958258525, 1108152846]",24062,Leuven,60,
6615,958844958,4.662907358064237,50.86921010137682,Unknown,Unknown,958844958,24062,Leuven,60,
6616,960151723,4.697425804162171,50.86884066576162,Tervuursevest,Unknown,960151723,24062,Leuven,60,
6617,961370296,4.75640231981919,50.885722988111326,Unknown,Unknown,961370296,24062,Leuven,60,
6618,962526798,4.696111946282692,50.93892586510346,Unknown,Unknown,962526798,24062,Leuven,60,
6619,1497196255,4.694593651719011,50.93854763639265,Unknown,Unknown,1497196255,24062,Leuven,60,
6620,963491395,4.700176133759407,50.92930897541588,Unknown,Unknown,963491395,24062,Leuven,60,
6621,"[283982808, 39593806, 41723350, 283982807]",4.69961745178525,50.934079964811815,Langenbos,Unknown,"[283982808, 39593806, 41723350, 283982807]",24062,Leuven,60,
6622,962606169,4.702759233087227,50.9342310599755,Unknown,Unknown,962606169,24062,Leuven,60,
6623,963491597,4.705563612869431,50.932821811386766,Unknown,Unknown,963491597,24062,Leuven,60,
6624,963491599,4.70309725,50.92788645,Unknown,Unknown,963491599,24062,Leuven,60,
6625,1299825992,4.70328675,50.9278984,Unknown,Unknown,1299825992,24062,Leuven,60,
6626,963491601,4.70280670310551,50.92767680007926,Unknown,Unknown,963491601,24062,Leuven,60,
6627,1299825991,4.7031106000000005,50.92798274999999,Unknown,Unknown,1299825991,24062,Leuven,60,
6628,963491600,4.7027490059964245,50.92780528767756,Unknown,Unknown,963491600,24062,Leuven,60,
6629,1299825998,4.70317755,50.9280259,Remy Alloingstraat,Unknown,1299825998,24062,Leuven,60,
6630,1454975569,4.703198973979441,50.92807904503024,Unknown,Unknown,1454975569,24062,Leuven,60,
6631,"[963491601, 963491603]",4.702431169933228,50.92793179145698,Unknown,Unknown,"[963491601, 963491603]",24062,Leuven,60,
6632,963491604,4.7021003,50.9278365,Unknown,Unknown,963491604,24062,Leuven,60,
6633,963491605,4.701824441145519,50.928136062829296,Unknown,Unknown,963491605,24062,Leuven,60,
6634,"[963637849, 963639322, 963637847]",4.652687017691824,50.85477566276486,Unknown,Unknown,"[963637849, 963639322, 963637847]",24062,Leuven,60,
6635,"[963639320, 963637848, 963637845]",4.652460408103237,50.854651859804505,Unknown,Unknown,"[963639320, 963637848, 963637845]",24062,Leuven,60,
6636,"[1159503586, 1303760151]",4.6497599338539,50.855874396420624,Unknown,Unknown,"[1159503586, 1303760151]",24062,Leuven,60,
6637,963639320,4.65295895,50.85539575,Unknown,Unknown,963639320,24062,Leuven,60,
6638,"[832174483, 1441648556]",4.653720551906008,50.85627879374865,Unknown,Unknown,"[832174483, 1441648556]",24062,Leuven,60,
6639,965183814,4.68840964271404,50.88181495391476,Unknown,Unknown,965183814,24062,Leuven,60,
6640,1471931601,4.7313756,50.88612995,Unknown,Unknown,1471931601,24062,Leuven,60,
6641,965199530,4.734924598806574,50.89250466621426,Unknown,Unknown,965199530,24062,Leuven,60,
6642,1033441729,4.74570325,50.893972950000006,Unknown,Unknown,1033441729,24062,Leuven,60,
6643,965200199,4.743397282244769,50.8938845664976,Unknown,Unknown,965200199,24062,Leuven,60,
6644,967391040,4.7353346,50.87633885,Unknown,Unknown,967391040,24062,Leuven,60,
6645,"[1459417105, 1432114655]",4.6780018028669375,50.868354944847496,Unknown,Unknown,"[1459417105, 1432114655]",24062,Leuven,60,
6646,1247386497,4.659873959461046,50.86419710521716,Veldstraat,Unknown,1247386497,24062,Leuven,60,
6647,1441661484,4.660245871977064,50.86500854794341,Unknown,Unknown,1441661484,24062,Leuven,60,
6648,970089084,4.7287318,50.8936708,Unknown,Unknown,970089084,24062,Leuven,60,
6649,"[138017409, 1429413546, 22407254]",4.719880905596232,50.8891838920182,Unknown,Unknown,"[138017409, 1429413546, 22407254]",24062,Leuven,60,
6650,794694150,4.719707575057854,50.87303979833618,Unknown,Unknown,794694150,24062,Leuven,60,
6651,1281812822,4.717828331241735,50.88602253724762,Unknown,Unknown,1281812822,24062,Leuven,60,
6652,138017406,4.716867051246702,50.89706773345949,Unknown,Unknown,138017406,24062,Leuven,60,
6653,970889014,4.716867273771275,50.89708437341735,Unknown,Unknown,970889014,24062,Leuven,60,
6654,"[1207974520, 1207974521, 972117967]",4.675903470432479,50.87977013942347,Unknown,Unknown,"[1207974520, 1207974521, 972117967]",24062,Leuven,60,
6655,974124309,4.69908605,50.90517959999999,Alfons Verbovenstraat,Unknown,974124309,24062,Leuven,60,
6656,"[1164090857, 1460208779]",4.707243549353783,50.85550624894879,Unknown,Unknown,"[1164090857, 1460208779]",24062,Leuven,60,
6657,984369396,4.684838203949882,50.87875055698894,Unknown,Unknown,984369396,24062,Leuven,60,
6658,995515254,4.694624712164358,50.92506981079844,Unknown,Unknown,995515254,24062,Leuven,60,
6659,"[160041168, 995515254]",4.694701950462247,50.9254556102975,Twijglaan,Unknown,"[160041168, 995515254]",24062,Leuven,60,
6660,995515256,4.695153199038511,50.92528870827228,Unknown,Unknown,995515256,24062,Leuven,60,
6661,995515255,4.693980645980614,50.92499411803036,Unknown,Unknown,995515255,24062,Leuven,60,
6662,995515257,4.694251041422048,50.92534601045276,Unknown,Unknown,995515257,24062,Leuven,60,
6663,995871672,4.7056057,50.85650485,Unknown,Unknown,995871672,24062,Leuven,60,
6664,997124868,4.7364491,50.8684004,Unknown,Unknown,997124868,24062,Leuven,60,
6665,997124869,4.7364365500000005,50.86835035,Unknown,Unknown,997124869,24062,Leuven,60,
6666,997124871,4.73641985,50.8682865,Unknown,Unknown,997124871,24062,Leuven,60,
6667,997427606,4.6741517,50.8751196,Unknown,Unknown,997427606,24062,Leuven,60,
6668,1428386608,4.674201249999999,50.8750475,Unknown,Unknown,1428386608,24062,Leuven,60,
6669,"[997427612, 997427613]",4.674047321900301,50.875037025313496,Unknown,Unknown,"[997427612, 997427613]",24062,Leuven,60,
6670,997427612,4.67395855,50.87496315,Unknown,Unknown,997427612,24062,Leuven,60,
6671,997427603,4.6740913,50.87500055,Unknown,Unknown,997427603,24062,Leuven,60,
6672,997427604,4.6741029,50.8749799,Unknown,Unknown,997427604,24062,Leuven,60,
6673,997427605,4.6741271,50.87493469999999,Unknown,Unknown,997427605,24062,Leuven,60,
6674,997427610,4.67408995,50.87516395,Unknown,Unknown,997427610,24062,Leuven,60,
6675,997427607,4.67389355,50.8751852,Unknown,Unknown,997427607,24062,Leuven,60,
6676,"[997427610, 997427611]",4.67384569226856,50.87517559041322,Unknown,Unknown,"[997427610, 997427611]",24062,Leuven,60,
6677,997427608,4.6739559,50.87519785,Unknown,Unknown,997427608,24062,Leuven,60,
6678,997427609,4.6740254,50.87521195,Unknown,Unknown,997427609,24062,Leuven,60,
6679,1001151699,4.682483243088877,50.88299706861861,Unknown,Unknown,1001151699,24062,Leuven,60,
6680,1458857786,4.707194721314486,50.89469515584253,Unknown,Unknown,1458857786,24062,Leuven,60,
6681,1003468618,4.7101093,50.8976175,Unknown,Unknown,1003468618,24062,Leuven,60,
6682,1003468619,4.707753137993064,50.89740972545175,Unknown,Unknown,1003468619,24062,Leuven,60,
6683,1458857820,4.706979983806837,50.89737461167945,Unknown,Unknown,1458857820,24062,Leuven,60,
6684,1003468620,4.708457,50.8960163,Unknown,Unknown,1003468620,24062,Leuven,60,
6685,"[1003467602, 1003467603]",4.7071995996625,50.89886311427745,Unknown,Unknown,"[1003467602, 1003467603]",24062,Leuven,60,
6686,1003467601,4.707349600000001,50.89904135,Unknown,Unknown,1003467601,24062,Leuven,60,
6687,1003467605,4.707254350089826,50.89921887079627,Unknown,Unknown,1003467605,24062,Leuven,60,
6688,1003467602,4.7075146,50.898864200000006,Unknown,Unknown,1003467602,24062,Leuven,60,
6689,1003467604,4.7076792,50.89904215,Unknown,Unknown,1003467604,24062,Leuven,60,
6690,"[1003467600, 1003467601, 1003467602]",4.707956783082372,50.89901394420848,Unknown,Unknown,"[1003467600, 1003467601, 1003467602]",24062,Leuven,60,
6691,1003467608,4.707126199999999,50.89839924999999,Unknown,Unknown,1003467608,24062,Leuven,60,
6692,1458857817,4.706993611138492,50.898386038860856,Unknown,Unknown,1458857817,24062,Leuven,60,
6693,1458824820,4.707246642513913,50.89550974150836,Unknown,Unknown,1458824820,24062,Leuven,60,
6694,1003467610,4.707802937346921,50.895574263227005,Unknown,Unknown,1003467610,24062,Leuven,60,
6695,1458857789,4.707321898561798,50.89521530002784,Unknown,Unknown,1458857789,24062,Leuven,60,
6696,1003467612,4.707747792574144,50.89484673819955,Unknown,Unknown,1003467612,24062,Leuven,60,
6697,"[1433110625, 192559625, 3680457, 1088191788, 8131123, 1017100792, 1132550809]",4.683565917326259,50.88343229675952,"['Rennes-Singel', 'Den Boschsingel']",Unknown,"[1433110625, 192559625, 3680457, 1088191788, 8131123, 1017100792, 1132550809]",24062,Leuven,60,
6698,"[1132551505, 192559650]",4.684048675550453,50.8842077364908,"['Den Boschsingel', ""'s-Hertogenlaan""]",Unknown,"[1132551505, 192559650]",24062,Leuven,60,
6699,90638334,4.727571869099142,50.85420081956698,Unknown,Unknown,90638334,24062,Leuven,60,
6700,90673911,4.72773245,50.85347525,Technologielaan,Unknown,90673911,24062,Leuven,60,
6701,"[1021053901, 1432544606]",4.744366635912883,50.86678825446042,Unknown,Unknown,"[1021053901, 1432544606]",24062,Leuven,60,
6702,1021163807,4.7151242034136525,50.88082402788655,Unknown,Unknown,1021163807,24062,Leuven,60,
6703,1024008436,4.7070406,50.88599665,De Drie Kreeften,Unknown,1024008436,24062,Leuven,60,
6704,"[1269013506, 1262230503]",4.706450691742096,50.88604444867024,De Drie Kreeften,Unknown,"[1269013506, 1262230503]",24062,Leuven,60,
6705,"[1262230501, 1232982267, 1262230500, 1024008437]",4.706941311057607,50.88579014303465,"['Oratorianenpad', 'Speelhofpad']",Unknown,"[1262230501, 1232982267, 1262230500, 1024008437]",24062,Leuven,60,
6706,1262230502,4.706097101522999,50.88607326893038,De Drie Kreeften,Unknown,1262230502,24062,Leuven,60,
6707,1026627571,4.754213273546792,50.88766784702941,Unknown,Unknown,1026627571,24062,Leuven,60,
6708,1028763291,4.686263403869217,50.87141394490024,Unknown,Unknown,1028763291,24062,Leuven,60,
6709,1031065365,4.682977730830846,50.87381457059609,Unknown,Unknown,1031065365,24062,Leuven,60,
6710,1036486948,4.720167648031424,50.87337481464946,Koning Albertlaan,Unknown,1036486948,24062,Leuven,60,
6711,1424874017,4.71494455,50.880672950000005,Unknown,Unknown,1424874017,24062,Leuven,60,
6712,"[71579515, 29189580]",4.716409607501216,50.87913284795068,Unknown,Unknown,"[71579515, 29189580]",24062,Leuven,60,
6713,"[131423097, 53087149]",4.715222558224153,50.88459614054285,Unknown,Unknown,"[131423097, 53087149]",24062,Leuven,60,
6714,1281813031,4.715801077550945,50.88465424323254,Unknown,Unknown,1281813031,24062,Leuven,60,
6715,"[1432311331, 1432311332, 1432311325, 1432311326, 1432311327]",4.718738816496581,50.87275180400096,Unknown,Unknown,"[1432311331, 1432311332, 1432311325, 1432311326, 1432311327]",24062,Leuven,60,
6716,1042551648,4.715971348733306,50.888936109538776,Unknown,Unknown,1042551648,24062,Leuven,60,
6717,1455873397,4.715204667924334,50.891291743843,Unknown,Unknown,1455873397,24062,Leuven,60,
6718,"[1059067441, 1059368207]",4.694403673062485,50.88011618594875,Unknown,Unknown,"[1059067441, 1059368207]",24062,Leuven,60,
6719,1046118432,4.68114323727624,50.88288380399118,Unknown,Unknown,1046118432,24062,Leuven,60,
6720,1324683420,4.682555927103365,50.88264128761054,Unknown,Unknown,1324683420,24062,Leuven,60,
6721,1049888949,4.679196014938377,50.85546532490041,Unknown,Unknown,1049888949,24062,Leuven,60,
6722,1049888953,4.678103774587931,50.85529415254087,Unknown,Unknown,1049888953,24062,Leuven,60,
6723,1049888954,4.677841089459393,50.85508427895509,Unknown,Unknown,1049888954,24062,Leuven,60,
6724,1049955155,4.679368495903889,50.852776296513866,Unknown,Unknown,1049955155,24062,Leuven,60,
6725,1049954922,4.677161592883656,50.853744720608375,Unknown,Unknown,1049954922,24062,Leuven,60,
6726,"[1052635307, 893781380]",4.706815134321523,50.872590129651314,Unknown,Unknown,"[1052635307, 893781380]",24062,Leuven,60,
6727,1472931585,4.706798336319498,50.87297935218638,Unknown,Unknown,1472931585,24062,Leuven,60,
6728,1052635307,4.707334089629423,50.8726105615917,Unknown,Unknown,1052635307,24062,Leuven,60,
6729,1229904660,4.688101262694024,50.87368823190565,Unknown,Unknown,1229904660,24062,Leuven,60,
6730,"[174338459, 1229904661]",4.688624692578012,50.873397849944176,Tervuursevest,Unknown,"[174338459, 1229904661]",24062,Leuven,60,
6731,"[1458087483, 1458087477]",4.688662370281037,50.87343965606681,Unknown,Unknown,"[1458087483, 1458087477]",24062,Leuven,60,
6732,1461241250,4.71270095,50.8723741,Unknown,Unknown,1461241250,24062,Leuven,60,
6733,"[663531400, 663531399, 8127647]",4.708086440772732,50.870113108084105,Frederik Lintsstraat,Unknown,"[663531400, 663531399, 8127647]",24062,Leuven,60,
6734,1362574776,4.708256642910839,50.86949742833416,Geldenaaksevest,Unknown,1362574776,24062,Leuven,60,
6735,"[131571761, 1053333126, 1280112543]",4.701468405324877,50.86840883331263,Unknown,Unknown,"[131571761, 1053333126, 1280112543]",24062,Leuven,60,
6736,1420817979,4.6700203,50.8758763,Unknown,Unknown,1420817979,24062,Leuven,60,
6737,"[1510002940, 1392360951]",4.674798449463816,50.87878392711738,Unknown,Unknown,"[1510002940, 1392360951]",24062,Leuven,60,
6738,1418648809,4.675379651921292,50.87899559507159,Unknown,Unknown,1418648809,24062,Leuven,60,
6739,1053665855,4.67057372407542,50.880423251304094,Unknown,Unknown,1053665855,24062,Leuven,60,
6740,"[1511701420, 1511701413, 1511701421]",4.671900746411873,50.88085622481222,Unknown,Unknown,"[1511701420, 1511701413, 1511701421]",24062,Leuven,60,
6741,1054777090,4.6995887,50.87403075,Unknown,Unknown,1054777090,24062,Leuven,60,
6742,1056868655,4.716348666461407,50.84729823823001,Unknown,Unknown,1056868655,24062,Leuven,60,
6743,1064830821,4.70378435,50.8721508,Parkstraat,Unknown,1064830821,24062,Leuven,60,
6744,"[25851248, 1436679379]",4.715553441970489,50.87789169348476,Justus Lipsiusstraat,Unknown,"[25851248, 1436679379]",24062,Leuven,60,
6745,1063831505,4.715550704152232,50.877924917701584,Unknown,Unknown,1063831505,24062,Leuven,60,
6746,1064040674,4.709936697112959,50.86915957807132,Unknown,Unknown,1064040674,24062,Leuven,60,
6747,1065536811,4.70929614328274,50.85946318323148,Unknown,Unknown,1065536811,24062,Leuven,60,
6748,1065575042,4.68649334794305,50.87229079484117,Unknown,Unknown,1065575042,24062,Leuven,60,
6749,1067190681,4.693571,50.8646676,Unknown,Unknown,1067190681,24062,Leuven,60,
6750,440732706,4.717705470438607,50.90052415791222,Unknown,Unknown,440732706,24062,Leuven,60,
6751,"[1442994988, 1442994989, 1442994990]",4.710984877609525,50.90237324376319,Unknown,Unknown,"[1442994988, 1442994989, 1442994990]",24062,Leuven,60,
6752,1069373381,4.711048919740369,50.90179308440285,Unknown,Unknown,1069373381,24062,Leuven,60,
6753,1069373384,4.711278016570614,50.901308625438205,Unknown,Unknown,1069373384,24062,Leuven,60,
6754,1069373383,4.71070285,50.90246045,Unknown,Unknown,1069373383,24062,Leuven,60,
6755,1069373382,4.710708789865823,50.90240446936955,Unknown,Unknown,1069373382,24062,Leuven,60,
6756,1436157975,4.709393,50.9024099,Unknown,Unknown,1436157975,24062,Leuven,60,
6757,1456565154,4.7093304,50.9025569,Unknown,Unknown,1456565154,24062,Leuven,60,
6758,"[8129913, 158330043, 158330044]",4.708437401936915,50.90238533812561,Aarschotsesteenweg,Unknown,"[8129913, 158330043, 158330044]",24062,Leuven,60,
6759,1432271235,4.709245748542417,50.90282808868754,Unknown,Unknown,1432271235,24062,Leuven,60,
6760,"[1456565154, 1456565155]",4.7093774986172,50.90280161019155,Unknown,Unknown,"[1456565154, 1456565155]",24062,Leuven,60,
6761,1456565155,4.709472,50.90281444999999,Unknown,Unknown,1456565155,24062,Leuven,60,
6762,311042986,4.709465664997979,50.90294459905113,Aarschotsesteenweg,Unknown,311042986,24062,Leuven,60,
6763,"[1456565155, 26830469]",4.709565602632367,50.90282748147207,Unknown,Unknown,"[1456565155, 26830469]",24062,Leuven,60,
6764,26830469,4.709685748519812,50.9027780326201,Unknown,Unknown,26830469,24062,Leuven,60,
6765,116701562,4.70962087645015,50.90270697569592,Dijledreef,Unknown,116701562,24062,Leuven,60,
6766,1432271236,4.70969235,50.90262695,Unknown,Unknown,1432271236,24062,Leuven,60,
6767,"[1442994988, 26830469, 15215598, 26831231]",4.710160619790316,50.902754674068106,Unknown,Unknown,"[1442994988, 26830469, 15215598, 26831231]",24062,Leuven,60,
6768,1069699891,4.7318609,50.88789799999999,Unknown,Unknown,1069699891,24062,Leuven,60,
6769,1070055768,4.731527598568434,50.88758619678109,Unknown,Unknown,1070055768,24062,Leuven,60,
6770,965198101,4.733422064755737,50.88525362201399,Unknown,Unknown,965198101,24062,Leuven,60,
6771,1072661055,4.734330096250927,50.88611314779295,Unknown,Unknown,1072661055,24062,Leuven,60,
6772,1070035347,4.73428755,50.8869934,Unknown,Unknown,1070035347,24062,Leuven,60,
6773,"[139516875, 965198103]",4.7323057558421695,50.88718291860578,Unknown,Unknown,"[139516875, 965198103]",24062,Leuven,60,
6774,1069957781,4.66934465,50.8655568,Unknown,Unknown,1069957781,24062,Leuven,60,
6775,1070035346,4.732878064666499,50.88724350004915,Unknown,Unknown,1070035346,24062,Leuven,60,
6776,1072661056,4.731995507370896,50.886765552488704,Unknown,Unknown,1072661056,24062,Leuven,60,
6777,1070035349,4.7338947000000005,50.88592509999999,Unknown,Unknown,1070035349,24062,Leuven,60,
6778,1070035350,4.733670443371918,50.88590131013517,Unknown,Unknown,1070035350,24062,Leuven,60,
6779,"[1265069348, 1070651189, 1265069350, 314629143]",4.705484937168148,50.88622732605533,Stapelhuisstraat,Unknown,"[1265069348, 1070651189, 1265069350, 314629143]",24062,Leuven,60,
6780,"[843033248, 126348340]",4.6888083903739135,50.87746536448039,Heilige-Geeststraat,Unknown,"[843033248, 126348340]",24062,Leuven,60,
6781,1071496665,4.688960062077965,50.87754659996502,Unknown,Unknown,1071496665,24062,Leuven,60,
6782,1087930288,4.730265718177652,50.887165469576566,Unknown,Unknown,1087930288,24062,Leuven,60,
6783,"[11028337, 11030831]",4.742099789896297,50.86605429440166,Korbeekoase,Unknown,"[11028337, 11030831]",24062,Leuven,60,
6784,1075377294,4.742607758356434,50.86693004333568,Unknown,Unknown,1075377294,24062,Leuven,60,
6785,1075796730,4.74320775,50.86677629999999,Unknown,Unknown,1075796730,24062,Leuven,60,
6786,1075796731,4.74341385,50.86679945,Unknown,Unknown,1075796731,24062,Leuven,60,
6787,11028338,4.743918450000001,50.86678375,Unknown,Unknown,11028338,24062,Leuven,60,
6788,1076082821,4.693188599999999,50.86550575,Unknown,Unknown,1076082821,24062,Leuven,60,
6789,1078968090,4.73425185,50.87618315,Unknown,Unknown,1078968090,24062,Leuven,60,
6790,1078968091,4.73408105,50.87640025,Unknown,Unknown,1078968091,24062,Leuven,60,
6791,1078968092,4.734147350000001,50.8763524,Unknown,Unknown,1078968092,24062,Leuven,60,
6792,1078968093,4.73404475,50.8764248,Unknown,Unknown,1078968093,24062,Leuven,60,
6793,1078968094,4.73397655,50.87647305,Unknown,Unknown,1078968094,24062,Leuven,60,
6794,1078968097,4.73390885,50.8765195,Unknown,Unknown,1078968097,24062,Leuven,60,
6795,1112997845,4.717265505838426,50.88374940444704,Oude Diestsesteenweg,Unknown,1112997845,24062,Leuven,60,
6796,1437007136,4.717218028774574,50.88376015375292,Unknown,Unknown,1437007136,24062,Leuven,60,
6797,79366164,4.719429194147038,50.88568892667793,Baron August de Becker Remyplein,Unknown,79366164,24062,Leuven,60,
6798,970178603,4.718745350000001,50.8887542,Unknown,Unknown,970178603,24062,Leuven,60,
6799,688336513,4.71881095,50.887149,Unknown,Unknown,688336513,24062,Leuven,60,
6800,1080502388,4.72112435,50.88842165,Unknown,Unknown,1080502388,24062,Leuven,60,
6801,1080502389,4.72122885,50.8884661,Unknown,Unknown,1080502389,24062,Leuven,60,
6802,1080502390,4.72132535,50.88850825,Unknown,Unknown,1080502390,24062,Leuven,60,
6803,1080502391,4.72141955,50.88854885,Unknown,Unknown,1080502391,24062,Leuven,60,
6804,1080502392,4.721523250000001,50.8885946,Unknown,Unknown,1080502392,24062,Leuven,60,
6805,1080502393,4.721617500000001,50.8886357,Unknown,Unknown,1080502393,24062,Leuven,60,
6806,"[1428389310, 1428389311]",4.649762324043464,50.86979986577303,Unknown,Unknown,"[1428389310, 1428389311]",24062,Leuven,60,
6807,1428389313,4.658148177062823,50.871436704743374,Unknown,Unknown,1428389313,24062,Leuven,60,
6808,"[1428389313, 1428389307]",4.662084433650243,50.87225020742436,Unknown,Unknown,"[1428389313, 1428389307]",24062,Leuven,60,
6809,1083557164,4.6805846,50.8350014,Unknown,Unknown,1083557164,24062,Leuven,60,
6810,1084192715,4.678283761734358,50.88444919257584,Unknown,Unknown,1084192715,24062,Leuven,60,
6811,"[1432632862, 1432632863]",4.678047016153354,50.88443448451899,Unknown,Unknown,"[1432632862, 1432632863]",24062,Leuven,60,
6812,1085809370,4.71825415,50.89187965,Unknown,Unknown,1085809370,24062,Leuven,60,
6813,1085069643,4.690037871939436,50.88120830789301,Goudsbloemstraat,Unknown,1085069643,24062,Leuven,60,
6814,301359316,4.69212635,50.883895300000006,Unknown,Unknown,301359316,24062,Leuven,60,
6815,1085097715,4.686808841648181,50.88209694503061,Unknown,Unknown,1085097715,24062,Leuven,60,
6816,1085097717,4.686901554725893,50.88203728830482,Unknown,Unknown,1085097717,24062,Leuven,60,
6817,1085097716,4.686658937729338,50.88194262053276,Unknown,Unknown,1085097716,24062,Leuven,60,
6818,1085097718,4.6869478,50.88203049999999,Unknown,Unknown,1085097718,24062,Leuven,60,
6819,1085097725,4.68683928597297,50.88184075393151,Unknown,Unknown,1085097725,24062,Leuven,60,
6820,"[3752547, 1085274731]",4.68580595037208,50.880657508656654,Unknown,Unknown,"[3752547, 1085274731]",24062,Leuven,60,
6821,1085334277,4.70051715,50.87280665,Unknown,Unknown,1085334277,24062,Leuven,60,
6822,1387862869,4.700152164443776,50.87271298768121,Unknown,Unknown,1387862869,24062,Leuven,60,
6823,1085274731,4.6853799947285895,50.88018512621501,Unknown,Unknown,1085274731,24062,Leuven,60,
6824,1431804180,4.7274921,50.85367999999999,Unknown,Unknown,1431804180,24062,Leuven,60,
6825,1429410236,4.7181913,50.89190415,Unknown,Unknown,1429410236,24062,Leuven,60,
6826,1085896149,4.698950199025684,50.88389503264015,Unknown,Unknown,1085896149,24062,Leuven,60,
6827,"[12705607, 1483845975]",4.734303703071171,50.89241181326071,Unknown,Unknown,"[12705607, 1483845975]",24062,Leuven,60,
6828,23949690,4.730341972321884,50.89354411084498,Unknown,Unknown,23949690,24062,Leuven,60,
6829,1442711880,4.730387793946419,50.89359128660484,Unknown,Unknown,1442711880,24062,Leuven,60,
6830,1387882091,4.7294171,50.8864484,Unknown,Unknown,1387882091,24062,Leuven,60,
6831,1087930263,4.7295813,50.8866675,Unknown,Unknown,1087930263,24062,Leuven,60,
6832,1087930289,4.729667192313267,50.88668023542729,Unknown,Unknown,1087930289,24062,Leuven,60,
6833,1387882090,4.729572794064846,50.88669984369339,Unknown,Unknown,1387882090,24062,Leuven,60,
6834,1387883347,4.73054605,50.88686165,Unknown,Unknown,1387883347,24062,Leuven,60,
6835,1088483922,4.685293765394419,50.87974204369319,Unknown,Unknown,1088483922,24062,Leuven,60,
6836,"[1088483937, 1088478781]",4.686344499306301,50.87985785246551,Unknown,Unknown,"[1088483937, 1088478781]",24062,Leuven,60,
6837,1088483937,4.688266188927086,50.87969355263461,Unknown,Unknown,1088483937,24062,Leuven,60,
6838,1088774636,4.683280301014414,50.88039964117877,Unknown,Unknown,1088774636,24062,Leuven,60,
6839,1088796218,4.706067700000001,50.889494850000005,Unknown,Unknown,1088796218,24062,Leuven,60,
6840,1469151454,4.71493635,50.865097,Unknown,Unknown,1469151454,24062,Leuven,60,
6841,"[306703048, 8074948, 306703047]",4.716272364583593,50.86504024810199,Abdij van Park,Unknown,"[306703048, 8074948, 306703047]",24062,Leuven,60,
6842,1089609638,4.74259845,50.8864054,Unknown,Unknown,1089609638,24062,Leuven,60,
6843,1089609643,4.7421598,50.886373500000005,Unknown,Unknown,1089609643,24062,Leuven,60,
6844,"[1090170538, 1090170540, 1090170541]",4.720087440195343,50.884071418481696,Unknown,Unknown,"[1090170538, 1090170540, 1090170541]",24062,Leuven,60,
6845,"[1090207429, 1090207430, 1090207431]",4.720772363006979,50.88420463008303,Unknown,Unknown,"[1090207429, 1090207430, 1090207431]",24062,Leuven,60,
6846,1449467695,4.720555462582326,50.88382915150409,Diestsesteenweg,Unknown,1449467695,24062,Leuven,60,
6847,1090512318,4.720039839166507,50.88525435739366,Unknown,Unknown,1090512318,24062,Leuven,60,
6848,1430302427,4.688506036867019,50.85915110537261,Unknown,Unknown,1430302427,24062,Leuven,60,
6849,1103776130,4.695658,50.854986450000006,Unknown,Unknown,1103776130,24062,Leuven,60,
6850,1420006775,4.715154924623349,50.85634200689152,Unknown,Unknown,1420006775,24062,Leuven,60,
6851,1456568402,4.7077647,50.90364145,Unknown,Unknown,1456568402,24062,Leuven,60,
6852,1108578134,4.707210225626448,50.90184230361985,Unknown,Unknown,1108578134,24062,Leuven,60,
6853,1108578138,4.709574562153805,50.899196750474594,Unknown,Unknown,1108578138,24062,Leuven,60,
6854,1218704976,4.678594904159141,50.87937884203128,Unknown,Unknown,1218704976,24062,Leuven,60,
6855,"[1511701432, 1511701433, 1511701434, 1511701435]",4.676769795716895,50.88059066432382,Unknown,Unknown,"[1511701432, 1511701433, 1511701434, 1511701435]",24062,Leuven,60,
6856,"[1511701435, 1120987588]",4.676316276005726,50.88014455939217,Unknown,Unknown,"[1511701435, 1120987588]",24062,Leuven,60,
6857,"[1121487075, 1121487068]",4.717093872756272,50.88248957796728,Unknown,Unknown,"[1121487075, 1121487068]",24062,Leuven,60,
6858,"[1121487072, 1121487069]",4.716643606367428,50.88244142979196,Unknown,Unknown,"[1121487072, 1121487069]",24062,Leuven,60,
6859,"[34174096, 1458687477]",4.715690392112758,50.88192779330895,"['Benedenplein', 'Onderdoorgang']",Unknown,"[34174096, 1458687477]",24062,Leuven,60,
6860,"[1127980768, 1127980770, 1127980767]",4.712510611470181,50.87693969510463,Unknown,Unknown,"[1127980768, 1127980770, 1127980767]",24062,Leuven,60,
6861,192559654,4.682885007729292,50.882636562023634,Brusselsesteenweg,Unknown,192559654,24062,Leuven,60,
6862,"[1433110625, 1433110626]",4.6828457000000006,50.88269170000001,Unknown,Unknown,"[1433110625, 1433110626]",24062,Leuven,60,
6863,1135073428,4.69232945,50.870012300000006,Unknown,Unknown,1135073428,24062,Leuven,60,
6864,1135073429,4.692315592121485,50.87006232135773,Unknown,Unknown,1135073429,24062,Leuven,60,
6865,1135073433,4.6927857,50.87004065,Unknown,Unknown,1135073433,24062,Leuven,60,
6866,1136153444,4.70102855,50.8717097,Unknown,Unknown,1136153444,24062,Leuven,60,
6867,1151493542,4.700065376982948,50.87355063584447,Unknown,Unknown,1151493542,24062,Leuven,60,
6868,1152979460,4.7256885,50.92871,Pastoor Eralystraat,Unknown,1152979460,24062,Leuven,60,
6869,"[1307235228, 1248299342]",4.72560494075128,50.92837109476599,Bunswijkpad,Unknown,"[1307235228, 1248299342]",24062,Leuven,60,
6870,1508342844,4.7364733,50.8813873,Unknown,Unknown,1508342844,24062,Leuven,60,
6871,1154209390,4.69527285,50.87750525,Unknown,Unknown,1154209390,24062,Leuven,60,
6872,1154209391,4.6954345,50.8775343,Unknown,Unknown,1154209391,24062,Leuven,60,
6873,1154212135,4.696418509364679,50.87655853902206,Unknown,Unknown,1154212135,24062,Leuven,60,
6874,"[21550900, 17410068, 17410062]",4.6948010914943135,50.87758711766535,Minderbroedersstraat,Unknown,"[21550900, 17410068, 17410062]",24062,Leuven,60,
6875,1154209389,4.69537635742184,50.87759179963067,Unknown,Unknown,1154209389,24062,Leuven,60,
6876,1154214255,4.69615793959113,50.87708333372461,Unknown,Unknown,1154214255,24062,Leuven,60,
6877,701316141,4.7060566,50.8879418,Marie Thumas Durieuxbrug,Unknown,701316141,24062,Leuven,60,
6878,1156885139,4.68580965,50.86068915,Unknown,Unknown,1156885139,24062,Leuven,60,
6879,1156885140,4.685753380957122,50.86074337096109,Unknown,Unknown,1156885140,24062,Leuven,60,
6880,1417987489,4.683446561449041,50.86837908347147,Unknown,Unknown,1417987489,24062,Leuven,60,
6881,1162104423,4.6998424,50.86829395,Unknown,Unknown,1162104423,24062,Leuven,60,
6882,"[1483583530, 1422056108]",4.674118149922336,50.87310656176444,Parkweg,Unknown,"[1483583530, 1422056108]",24062,Leuven,60,
6883,1422095296,4.674837647359708,50.87381556922263,Unknown,Unknown,1422095296,24062,Leuven,60,
6884,1166196782,4.682547487557923,50.887253147408,Unknown,Unknown,1166196782,24062,Leuven,60,
6885,1166196783,4.67960675,50.88731105,Unknown,Unknown,1166196783,24062,Leuven,60,
6886,1167390352,4.7075992,50.8607255,Unknown,Unknown,1167390352,24062,Leuven,60,
6887,1167430774,4.70780965,50.86070635000001,Unknown,Unknown,1167430774,24062,Leuven,60,
6888,1334988605,4.687270025585348,50.88972271489609,Unknown,Unknown,1334988605,24062,Leuven,60,
6889,"[1469167957, 1469167958, 1362574773]",4.713980580896571,50.87299359286219,Unknown,Unknown,"[1469167957, 1469167958, 1362574773]",24062,Leuven,60,
6890,1193493545,4.698580403713732,50.88607571403881,Flessentrekkerspad,Unknown,1193493545,24062,Leuven,60,
6891,1193493546,4.69906220372196,50.88575417316233,Bottelarij,Unknown,1193493546,24062,Leuven,60,
6892,1193541815,4.73632955,50.84833755,Unknown,Unknown,1193541815,24062,Leuven,60,
6893,1193541817,4.7364765,50.848668,Unknown,Unknown,1193541817,24062,Leuven,60,
6894,1194244720,4.7016265,50.89939765,Unknown,Unknown,1194244720,24062,Leuven,60,
6895,1194689353,4.739489491674465,50.8856850891963,Unknown,Unknown,1194689353,24062,Leuven,60,
6896,1196073495,4.73542625,50.84422785,Unknown,Unknown,1196073495,24062,Leuven,60,
6897,1196073496,4.73569875,50.84418795,Unknown,Unknown,1196073496,24062,Leuven,60,
6898,1196073497,4.73595175,50.84415035,Unknown,Unknown,1196073497,24062,Leuven,60,
6899,1196073509,4.737710424836995,50.843959256279135,Unknown,Unknown,1196073509,24062,Leuven,60,
6900,1201879185,4.750400940696599,50.88584176358796,Unknown,Unknown,1201879185,24062,Leuven,60,
6901,1201879186,4.7501283,50.88555865000001,Unknown,Unknown,1201879186,24062,Leuven,60,
6902,"[1201879186, 1201887611]",4.750152648115034,50.8857638495676,Unknown,Unknown,"[1201879186, 1201887611]",24062,Leuven,60,
6903,1083999433,4.70831525,50.863954500000006,Hoveniersdreef,Unknown,1083999433,24062,Leuven,60,
6904,"[1202528684, 1202528685]",4.708238729662942,50.86403342521756,Unknown,Unknown,"[1202528684, 1202528685]",24062,Leuven,60,
6905,"[1202528686, 1202528687]",4.708413336739473,50.864058285436265,Unknown,Unknown,"[1202528686, 1202528687]",24062,Leuven,60,
6906,1202717590,4.719727349999999,50.8877484,Unknown,Unknown,1202717590,24062,Leuven,60,
6907,1203434295,4.750210099964629,50.885603451454,Unknown,Unknown,1203434295,24062,Leuven,60,
6908,1206945077,4.7203084,50.88377900000001,Unknown,Unknown,1206945077,24062,Leuven,60,
6909,"[687562556, 1206945077]",4.720512217229298,50.883687792150745,Blauwputplein,Unknown,"[687562556, 1206945077]",24062,Leuven,60,
6910,"[1433835064, 1247386497, 44949039]",4.659615149106312,50.86465110335112,Veldstraat,Unknown,"[1433835064, 1247386497, 44949039]",24062,Leuven,60,
6911,1207191416,4.65890529676254,50.86448855392526,Unknown,Unknown,1207191416,24062,Leuven,60,
6912,1441661485,4.658162852135504,50.86464229247281,Unknown,Unknown,1441661485,24062,Leuven,60,
6913,1207191424,4.659753983658964,50.86434538496788,Unknown,Unknown,1207191424,24062,Leuven,60,
6914,1207484701,4.6762246417815705,50.8664086142461,Unknown,Unknown,1207484701,24062,Leuven,60,
6915,"[1216581881, 1207974537, 1120987588]",4.675787533112237,50.87960882273572,Unknown,Unknown,"[1216581881, 1207974537, 1120987588]",24062,Leuven,60,
6916,"[1207974536, 1207974522]",4.675792740322083,50.87981049142087,Unknown,Unknown,"[1207974536, 1207974522]",24062,Leuven,60,
6917,"[1207974537, 1120987588, 1216581881]",4.675787533112235,50.879608822735705,Unknown,Unknown,"[1207974537, 1120987588, 1216581881]",24062,Leuven,60,
6918,"[1210823624, 1210823625]",4.714786044119469,50.87608629974695,Unknown,Unknown,"[1210823624, 1210823625]",24062,Leuven,60,
6919,1210823625,4.715126000000001,50.87601275,Unknown,Unknown,1210823625,24062,Leuven,60,
6920,1210823627,4.7143098000000005,50.8755859,Unknown,Unknown,1210823627,24062,Leuven,60,
6921,1213310922,4.67792075,50.88432795,Unknown,Unknown,1213310922,24062,Leuven,60,
6922,80194315,4.697159129432604,50.86900356103886,Tervuursevest,Unknown,80194315,24062,Leuven,60,
6923,"[1290331843, 1290331844]",4.691770646070667,50.88989179451636,Unknown,Unknown,"[1290331843, 1290331844]",24062,Leuven,60,
6924,92326662,4.7471226833687865,50.86626277956287,Unknown,Unknown,92326662,24062,Leuven,60,
6925,"[104319568, 1435503052]",4.747457027391293,50.86617534665152,Unknown,Unknown,"[104319568, 1435503052]",24062,Leuven,60,
6926,"[1251609251, 1218542428]",4.725370359467793,50.928564603749685,Unknown,Unknown,"[1251609251, 1218542428]",24062,Leuven,60,
6927,1425408178,4.6767578,50.87933195000001,Unknown,Unknown,1425408178,24062,Leuven,60,
6928,1218758805,4.70411265,50.88707055,Kalkstraat,Unknown,1218758805,24062,Leuven,60,
6929,1152979459,4.7254848,50.92801025,Bunswijkpad,Unknown,1152979459,24062,Leuven,60,
6930,1307235229,4.7254305,50.928035300000005,Sint-Agathaplein,Unknown,1307235229,24062,Leuven,60,
6931,1221300921,4.72476135,50.92794805,Sint-Agathaplein,Unknown,1221300921,24062,Leuven,60,
6932,1221403027,4.6575905,50.8732546,Unknown,Unknown,1221403027,24062,Leuven,60,
6933,1396637552,4.656352,50.8711343,Unknown,Unknown,1396637552,24062,Leuven,60,
6934,54683425,4.702037835670116,50.92547686320725,Watermolenpad,Unknown,54683425,24062,Leuven,60,
6935,1225467048,4.73385465,50.865792000000006,Unknown,Unknown,1225467048,24062,Leuven,60,
6936,"[11994544, 1488944120]",4.733343408739543,50.86472389855864,Zavelberg,Unknown,"[11994544, 1488944120]",24062,Leuven,60,
6937,1225467051,4.7337777,50.86574325,Unknown,Unknown,1225467051,24062,Leuven,60,
6938,1301463281,4.6950968500000005,50.86976715,Unknown,Unknown,1301463281,24062,Leuven,60,
6939,1230081867,4.6830717,50.8831498,Unknown,Unknown,1230081867,24062,Leuven,60,
6940,"[23837546, 952471674]",4.682656695214095,50.88327802193306,Brusselsesteenweg,Unknown,"[23837546, 952471674]",24062,Leuven,60,
6941,"[1232982265, 1232982266]",4.708467456705637,50.88578930078292,De Drie Kreeften,Unknown,"[1232982265, 1232982266]",24062,Leuven,60,
6942,1233243728,4.7231930114183545,50.9054340978637,Unknown,Unknown,1233243728,24062,Leuven,60,
6943,1233243719,4.722250337656983,50.90760670324931,Unknown,Unknown,1233243719,24062,Leuven,60,
6944,1371063669,4.67587504084075,50.85606563793757,Unknown,Unknown,1371063669,24062,Leuven,60,
6945,1237211063,4.66982035,50.8797548,Unknown,Unknown,1237211063,24062,Leuven,60,
6946,1420019919,4.64657095,50.86108775,Unknown,Unknown,1420019919,24062,Leuven,60,
6947,1239490521,4.69258535,50.87887715,Zuster Jules-Marie Heymansstraat,Unknown,1239490521,24062,Leuven,60,
6948,1241620989,4.694092861989849,50.87808604980886,Kerstine Liedekensstraat,Unknown,1241620989,24062,Leuven,60,
6949,"[1379335809, 1239490521, 1379335813]",4.693784309959488,50.87868029388292,Zuster Jules-Marie Heymansstraat,Unknown,"[1379335809, 1239490521, 1379335813]",24062,Leuven,60,
6950,1379335809,4.694324256614275,50.87864418670316,Unknown,Unknown,1379335809,24062,Leuven,60,
6951,1379335815,4.6935148670262565,50.87847113781454,Unknown,Unknown,1379335815,24062,Leuven,60,
6952,"[1467338976, 1241620993]",4.693230141087006,50.87833404061396,"['Sint-Rafaelplein', 'Claire Vellutstraat']",Unknown,"[1467338976, 1241620993]",24062,Leuven,60,
6953,1241620993,4.692895200000001,50.87835855,Claire Vellutstraat,Unknown,1241620993,24062,Leuven,60,
6954,"[1285919438, 1497134255]",4.692987583145997,50.87858854082883,Unknown,Unknown,"[1285919438, 1497134255]",24062,Leuven,60,
6955,1247122786,4.6812187732897526,50.88080423888936,Unknown,Unknown,1247122786,24062,Leuven,60,
6956,1247524222,4.698869853858703,50.85870790180963,Unknown,Unknown,1247524222,24062,Leuven,60,
6957,1251609248,4.7250622724696845,50.92830039115282,Unknown,Unknown,1251609248,24062,Leuven,60,
6958,1251609250,4.725336908895624,50.928324815219874,Unknown,Unknown,1251609250,24062,Leuven,60,
6959,1253243256,4.70326815,50.8829997,Unknown,Unknown,1253243256,24062,Leuven,60,
6960,1253243259,4.70313155,50.883124300000006,Unknown,Unknown,1253243259,24062,Leuven,60,
6961,"[1253243264, 1253243262, 1253243263]",4.702997019473271,50.88290003324533,Unknown,Unknown,"[1253243264, 1253243262, 1253243263]",24062,Leuven,60,
6962,1253243260,4.7034186,50.88289975,Unknown,Unknown,1253243260,24062,Leuven,60,
6963,"[38355448, 1426694729, 1228851396]",4.723494085881388,50.85096487758657,Unknown,Unknown,"[38355448, 1426694729, 1228851396]",24062,Leuven,60,
6964,"[1024008437, 1232982267, 1262230500, 1262230501]",4.706941311057607,50.885790143034654,"['Oratorianenpad', 'Speelhofpad']",Unknown,"[1024008437, 1232982267, 1262230500, 1262230501]",24062,Leuven,60,
6965,"[1266096354, 1262230499, 1024008436]",4.70873358845289,50.886113962587146,De Drie Kreeften,Unknown,"[1266096354, 1262230499, 1024008436]",24062,Leuven,60,
6966,"[104502505, 1314145900, 663770965]",4.714094262704947,50.88412783913554,Diestsepoort,Unknown,"[104502505, 1314145900, 663770965]",24062,Leuven,60,
6967,1265499924,4.7139012204174975,50.88391720398854,Unknown,Unknown,1265499924,24062,Leuven,60,
6968,1422900109,4.7071278,50.88790835000001,Unknown,Unknown,1422900109,24062,Leuven,60,
6969,1268597845,4.73108165,50.8836285,Unknown,Unknown,1268597845,24062,Leuven,60,
6970,1471926498,4.73056,50.88419275,Unknown,Unknown,1471926498,24062,Leuven,60,
6971,1271835333,4.6764489000000005,50.8793547,Unknown,Unknown,1271835333,24062,Leuven,60,
6972,1510236602,4.67596245,50.879403550000006,Unknown,Unknown,1510236602,24062,Leuven,60,
6973,1418648808,4.675905628512602,50.87913999196704,Unknown,Unknown,1418648808,24062,Leuven,60,
6974,"[972117962, 13717461]",4.676996540053656,50.87916552024738,Unknown,Unknown,"[972117962, 13717461]",24062,Leuven,60,
6975,142142677,4.709056127973216,50.86450189994382,Beeklaan,Unknown,142142677,24062,Leuven,60,
6976,301636907,4.708898550000001,50.868101,Geldenaaksebaan,Unknown,301636907,24062,Leuven,60,
6977,"[8127896, 608715608]",4.709161756835663,50.86756516978681,Geldenaaksebaan,Unknown,"[8127896, 608715608]",24062,Leuven,60,
6978,199381112,4.7087025,50.868457250000006,Geldenaaksebaan,Unknown,199381112,24062,Leuven,60,
6979,1279372351,4.7180208,50.85822345,Geldenaaksebaan,Unknown,1279372351,24062,Leuven,60,
6980,1283648398,4.716847208115562,50.85092128427133,Unknown,Unknown,1283648398,24062,Leuven,60,
6981,1283656961,4.716384170336425,50.85047281680356,Unknown,Unknown,1283656961,24062,Leuven,60,
6982,1284159768,4.711526166582287,50.8794463800221,Unknown,Unknown,1284159768,24062,Leuven,60,
6983,1285919359,4.692348833347736,50.87842441179394,Unknown,Unknown,1285919359,24062,Leuven,60,
6984,1288098323,4.6462994,50.86901899999999,Unknown,Unknown,1288098323,24062,Leuven,60,
6985,1470942975,4.729580962078795,50.88068811572516,Lolanden,Unknown,1470942975,24062,Leuven,60,
6986,1293028550,4.7295814886722924,50.88107730279298,Unknown,Unknown,1293028550,24062,Leuven,60,
6987,1299546783,4.71948905,50.93060425,Unknown,Unknown,1299546783,24062,Leuven,60,
6988,1299546784,4.719792009561607,50.930651704671874,Unknown,Unknown,1299546784,24062,Leuven,60,
6989,1299546785,4.719745382412926,50.93041671108967,Unknown,Unknown,1299546785,24062,Leuven,60,
6990,1448045070,4.720196183939306,50.93010858136247,Unknown,Unknown,1448045070,24062,Leuven,60,
6991,1453739200,4.7214791,50.9307099,Unknown,Unknown,1453739200,24062,Leuven,60,
6992,1428381210,4.72130459859738,50.93094045879762,Verbroederingstraat,Unknown,1428381210,24062,Leuven,60,
6993,1453739199,4.721470554519624,50.930623824297214,Unknown,Unknown,1453739199,24062,Leuven,60,
6994,1299825997,4.703823036485901,50.92761803451288,Unknown,Unknown,1299825997,24062,Leuven,60,
6995,"[231212162, 1279375751]",4.721805953719513,50.852038388966,Unknown,Unknown,"[231212162, 1279375751]",24062,Leuven,60,
6996,653480980,4.72489385,50.85386965,Unknown,Unknown,653480980,24062,Leuven,60,
6997,201543745,4.723714698455421,50.85256899147655,Unknown,Unknown,201543745,24062,Leuven,60,
6998,"[1085376884, 1085376885, 100006230, 1085376886, 1085376887]",4.725061334424604,50.85380135199514,Unknown,Unknown,"[1085376884, 1085376885, 100006230, 1085376886, 1085376887]",24062,Leuven,60,
6999,1301073849,4.725706258559962,50.85437882383904,Unknown,Unknown,1301073849,24062,Leuven,60,
7000,"[1474123320, 1302576145, 1474123319]",4.697170736899184,50.86640854948872,Unknown,Unknown,"[1474123320, 1302576145, 1474123319]",24062,Leuven,60,
7001,1303099983,4.6795519976065325,50.88176493736139,Unknown,Unknown,1303099983,24062,Leuven,60,
7002,1339192491,4.741693174046193,50.86811819144367,Unknown,Unknown,1339192491,24062,Leuven,60,
7003,1303881443,4.758616936622256,50.88845297362293,Unknown,Unknown,1303881443,24062,Leuven,60,
7004,1307070493,4.68860915,50.890078200000005,Unknown,Unknown,1307070493,24062,Leuven,60,
7005,1310637512,4.695013405255678,50.85567475504313,Unknown,Unknown,1310637512,24062,Leuven,60,
7006,"[1312639850, 1313542962]",4.697608163078816,50.8593438298805,Unknown,Unknown,"[1312639850, 1313542962]",24062,Leuven,60,
7007,1312639851,4.697523192317588,50.85931862081511,Unknown,Unknown,1312639851,24062,Leuven,60,
7008,1312639850,4.697187668802138,50.85903801877369,Unknown,Unknown,1312639850,24062,Leuven,60,
7009,"[1313542962, 1312639850]",4.697608163078816,50.8593438298805,Unknown,Unknown,"[1313542962, 1312639850]",24062,Leuven,60,
7010,1313381524,4.719815948065408,50.9024443379057,Unknown,Unknown,1313381524,24062,Leuven,60,
7011,1313381525,4.72005865,50.9020768,Unknown,Unknown,1313381525,24062,Leuven,60,
7012,1313381526,4.720634529267233,50.90220495785179,Unknown,Unknown,1313381526,24062,Leuven,60,
7013,1313381527,4.721201804107061,50.90190810909084,Unknown,Unknown,1313381527,24062,Leuven,60,
7014,1313410643,4.714143050000001,50.88204665000001,Unknown,Unknown,1313410643,24062,Leuven,60,
7015,1313454416,4.7144178,50.8844441,Unknown,Unknown,1313454416,24062,Leuven,60,
7016,104502500,4.715178171958006,50.884446306612645,Unknown,Unknown,104502500,24062,Leuven,60,
7017,1315337507,4.7002193155833885,50.89187620529846,Unknown,Unknown,1315337507,24062,Leuven,60,
7018,1315337509,4.69987395,50.89154299999999,Unknown,Unknown,1315337509,24062,Leuven,60,
7019,1318325981,4.659343499176501,50.86126170305792,Unknown,Unknown,1318325981,24062,Leuven,60,
7020,114460078,4.659446589429891,50.86133379257169,Unknown,Unknown,114460078,24062,Leuven,60,
7021,1318325988,4.6596918,50.86156615,Unknown,Unknown,1318325988,24062,Leuven,60,
7022,1441661465,4.658543141539188,50.86122708233004,Unknown,Unknown,1441661465,24062,Leuven,60,
7023,1321637922,4.69017015,50.88307005,Unknown,Unknown,1321637922,24062,Leuven,60,
7024,1321637925,4.6903732,50.88314045,Peterseliegang,Unknown,1321637925,24062,Leuven,60,
7025,1321637923,4.6904557,50.88302255,Unknown,Unknown,1321637923,24062,Leuven,60,
7026,1324683421,4.678343029307952,50.88332389064723,Unknown,Unknown,1324683421,24062,Leuven,60,
7027,"[1359124529, 1218758805]",4.704037779538287,50.8866991541939,Kalkstraat,Unknown,"[1359124529, 1218758805]",24062,Leuven,60,
7028,622063631,4.718231127193002,50.88076168955113,Unknown,Unknown,622063631,24062,Leuven,60,
7029,1333469958,4.674601137670456,50.88517884339118,Unknown,Unknown,1333469958,24062,Leuven,60,
7030,"[1333469961, 1333469963]",4.674898825986425,50.88515850075628,Unknown,Unknown,"[1333469961, 1333469963]",24062,Leuven,60,
7031,1334159470,4.6745107953657845,50.877043583140185,Unknown,Unknown,1334159470,24062,Leuven,60,
7032,1334988607,4.6867602,50.8889682,Unknown,Unknown,1334988607,24062,Leuven,60,
7033,1339192486,4.73125834744852,50.87215222751846,Unknown,Unknown,1339192486,24062,Leuven,60,
7034,1339192488,4.740817950320887,50.86831127225004,Unknown,Unknown,1339192488,24062,Leuven,60,
7035,"[1349540620, 1349540845, 1349540847]",4.705715998973555,50.88671403783476,Unknown,Unknown,"[1349540620, 1349540845, 1349540847]",24062,Leuven,60,
7036,1349540847,4.705931850000001,50.8866959,Unknown,Unknown,1349540847,24062,Leuven,60,
7037,"[1360546056, 938175484]",4.703398470608926,50.88573915394621,Unknown,Unknown,"[1360546056, 938175484]",24062,Leuven,60,
7038,1357539242,4.699082891931405,50.88691206610124,Glasblazerijplein,Unknown,1357539242,24062,Leuven,60,
7039,"[1459387112, 1358640879]",4.6744590256622685,50.873900004484014,Parkweg,Unknown,"[1459387112, 1358640879]",24062,Leuven,60,
7040,"[1359111529, 1359111530, 1359111532]",4.693364529597141,50.87978147938653,Isala Van Diestplein,Unknown,"[1359111529, 1359111530, 1359111532]",24062,Leuven,60,
7041,1359112166,4.71757785,50.92502595,Boekharingstraat,Unknown,1359112166,24062,Leuven,60,
7042,1449389787,4.71859235,50.9251018,Boekharingstraat,Unknown,1449389787,24062,Leuven,60,
7043,1359112167,4.717427624777652,50.9257189589581,Boekharingstraat,Unknown,1359112167,24062,Leuven,60,
7044,126415113,4.702589888418384,50.88709429347205,Vaartstraat,Unknown,126415113,24062,Leuven,60,
7045,"[1391576273, 1362334406]",4.697474121420413,50.88620104841104,Unknown,Unknown,"[1391576273, 1362334406]",24062,Leuven,60,
7046,1362930557,4.7147831,50.875281,Dagobertstraat,Unknown,1362930557,24062,Leuven,60,
7047,1374655304,4.7363988500000005,50.8928422,Unknown,Unknown,1374655304,24062,Leuven,60,
7048,1428389307,4.663527109498162,50.87254281742992,Unknown,Unknown,1428389307,24062,Leuven,60,
7049,"[1428389306, 1428389308]",4.66330651549718,50.87259714279182,Unknown,Unknown,"[1428389306, 1428389308]",24062,Leuven,60,
7050,1377487354,4.68981735,50.85363375,Unknown,Unknown,1377487354,24062,Leuven,60,
7051,1377487365,4.6897655,50.85368195,Unknown,Unknown,1377487365,24062,Leuven,60,
7052,1377487355,4.689367511581344,50.85365236804088,Unknown,Unknown,1377487355,24062,Leuven,60,
7053,"[1377487355, 1377487364]",4.68952138732211,50.85373852110624,Unknown,Unknown,"[1377487355, 1377487364]",24062,Leuven,60,
7054,1377487370,4.6894086606790255,50.85376619032251,Unknown,Unknown,1377487370,24062,Leuven,60,
7055,1377487356,4.689743428670607,50.85357922268283,Unknown,Unknown,1377487356,24062,Leuven,60,
7056,1377487362,4.689820141416498,50.85358226962916,Unknown,Unknown,1377487362,24062,Leuven,60,
7057,1377487357,4.689679185804948,50.85359693507946,Unknown,Unknown,1377487357,24062,Leuven,60,
7058,1377487358,4.689789328504366,50.85349677709987,Unknown,Unknown,1377487358,24062,Leuven,60,
7059,1377487359,4.689749891998515,50.85345101915159,Unknown,Unknown,1377487359,24062,Leuven,60,
7060,1377487369,4.689539545014138,50.85351189882128,Unknown,Unknown,1377487369,24062,Leuven,60,
7061,1377487360,4.68982495,50.8533812,Unknown,Unknown,1377487360,24062,Leuven,60,
7062,1377487361,4.689650949735743,50.85351010063412,Unknown,Unknown,1377487361,24062,Leuven,60,
7063,1377487374,4.689360525782879,50.853606802019776,Unknown,Unknown,1377487374,24062,Leuven,60,
7064,"[17410128, 1391538124, 1391538125]",4.695860768674507,50.878983952929616,Onze-Lieve-Vrouwstraat,Unknown,"[17410128, 1391538124, 1391538125]",24062,Leuven,60,
7065,"[1383563641, 1379335811]",4.695094686464019,50.878435448616806,Unknown,Unknown,"[1383563641, 1379335811]",24062,Leuven,60,
7066,1379335814,4.695018088539114,50.87833942901045,Unknown,Unknown,1379335814,24062,Leuven,60,
7067,"[1383563641, 1379335809, 1379335812]",4.694671631971648,50.87853640053587,Unknown,Unknown,"[1383563641, 1379335809, 1379335812]",24062,Leuven,60,
7068,"[1239490521, 1379335809, 1379335813]",4.693784309959488,50.87868029388292,Zuster Jules-Marie Heymansstraat,Unknown,"[1239490521, 1379335809, 1379335813]",24062,Leuven,60,
7069,"[1379335809, 1379335812, 1383563641]",4.694671631971648,50.87853640053587,Unknown,Unknown,"[1379335809, 1379335812, 1383563641]",24062,Leuven,60,
7070,1379335816,4.69450828069195,50.878289957164505,Unknown,Unknown,1379335816,24062,Leuven,60,
7071,"[1381916771, 1381916772, 1381916773]",4.737499015345047,50.893163498427455,Unknown,Unknown,"[1381916771, 1381916772, 1381916773]",24062,Leuven,60,
7072,1382278568,4.73416975,50.8840322,Unknown,Unknown,1382278568,24062,Leuven,60,
7073,1384276858,4.72351415,50.86959665,Unknown,Unknown,1384276858,24062,Leuven,60,
7074,1384276866,4.7349733,50.86673705,Unknown,Unknown,1384276866,24062,Leuven,60,
7075,1471926500,4.73108199157608,50.88408751860781,Unknown,Unknown,1471926500,24062,Leuven,60,
7076,"[965198103, 18491551]",4.729654536332741,50.886312362639664,Rustoordlaan,Unknown,"[965198103, 18491551]",24062,Leuven,60,
7077,1433441768,4.713277004375692,50.90987627099727,Unknown,Unknown,1433441768,24062,Leuven,60,
7078,1388216901,4.709130886541325,50.91077515574564,Unknown,Unknown,1388216901,24062,Leuven,60,
7079,"[25933101, 1388216902]",4.709226412240239,50.91092178492643,Armand Meyswijk,Unknown,"[25933101, 1388216902]",24062,Leuven,60,
7080,1431707302,4.7253363,50.846607250000005,Unknown,Unknown,1431707302,24062,Leuven,60,
7081,"[290351593, 290351575, 1391536607]",4.6955831011971165,50.88424235553108,Hamburgpad,Unknown,"[290351593, 290351575, 1391536607]",24062,Leuven,60,
7082,"[313751281, 1391576270, 313868551]",4.698590288715957,50.88667477656052,Valkenplein,Unknown,"[313751281, 1391576270, 313868551]",24062,Leuven,60,
7083,313751264,4.698256599840368,50.88647198327735,Valkenplein,Unknown,313751264,24062,Leuven,60,
7084,1391576270,4.698418390461917,50.88659940081682,Valkenplein,Unknown,1391576270,24062,Leuven,60,
7085,1391576271,4.697877618397622,50.88642025146866,Unknown,Unknown,1391576271,24062,Leuven,60,
7086,"[313751264, 886305246, 1391576272]",4.697813771203292,50.88629510394068,Valkenplein,Unknown,"[313751264, 886305246, 1391576272]",24062,Leuven,60,
7087,"[506195120, 509323075, 506195119]",4.701295912822678,50.886691536218976,Unknown,Unknown,"[506195120, 509323075, 506195119]",24062,Leuven,60,
7088,1392339300,4.711759910628591,50.86972850307675,Unknown,Unknown,1392339300,24062,Leuven,60,
7089,1408255206,4.699943169200802,50.87641165631629,Unknown,Unknown,1408255206,24062,Leuven,60,
7090,"[1491012206, 1491012207]",4.723236032863255,50.9277488270552,Unknown,Unknown,"[1491012206, 1491012207]",24062,Leuven,60,
7091,"[1433439794, 1433439795]",4.716700230345963,50.9162527108621,Unknown,Unknown,"[1433439794, 1433439795]",24062,Leuven,60,
7092,"[1433439814, 1433439815]",4.714163239642368,50.91173031134673,Unknown,Unknown,"[1433439814, 1433439815]",24062,Leuven,60,
7093,"[1433439820, 1433439821]",4.713986669540295,50.91109631296339,Unknown,Unknown,"[1433439820, 1433439821]",24062,Leuven,60,
7094,1433439822,4.7136908,50.9108945,Unknown,Unknown,1433439822,24062,Leuven,60,
7095,1433349691,4.728339215833387,50.93502158768614,Unknown,Unknown,1433349691,24062,Leuven,60,
7096,1431366154,4.715305104680886,50.91376879809809,Unknown,Unknown,1431366154,24062,Leuven,60,
7097,"[1433439787, 127840262]",4.719456802355564,50.92097734859684,Unknown,Unknown,"[1433439787, 127840262]",24062,Leuven,60,
7098,"[310474285, 1459237869]",4.71324550247063,50.90962771160553,Unknown,Unknown,"[310474285, 1459237869]",24062,Leuven,60,
7099,156994855,4.714696360015474,50.90966820345378,Kessel-Losesteenweg,Unknown,156994855,24062,Leuven,60,
7100,"[1431366145, 1433439827]",4.713556094567126,50.91029825290777,Unknown,Unknown,"[1431366145, 1433439827]",24062,Leuven,60,
7101,"[1433439784, 1433439783]",4.72021498332209,50.92265685257718,Unknown,Unknown,"[1433439784, 1433439783]",24062,Leuven,60,
7102,1491012207,4.723405175985331,50.928052933500126,Unknown,Unknown,1491012207,24062,Leuven,60,
7103,1433349700,4.726810827820676,50.93418880717925,Unknown,Unknown,1433349700,24062,Leuven,60,
7104,"[1433349736, 127840268]",4.722526676561416,50.92682544073295,Unknown,Unknown,"[1433349736, 127840268]",24062,Leuven,60,
7105,"[1431366154, 1433439815]",4.714691549981684,50.91268801510531,Unknown,Unknown,"[1431366154, 1433439815]",24062,Leuven,60,
7106,"[1433349691, 1433349692]",4.728041697730792,50.93486575177794,Unknown,Unknown,"[1433349691, 1433349692]",24062,Leuven,60,
7107,1433349688,4.7286655,50.9351958,Unknown,Unknown,1433349688,24062,Leuven,60,
7108,"[1433349697, 1433349692, 1433327377]",4.726337667172992,50.93316688120878,Unknown,Unknown,"[1433349697, 1433349692, 1433327377]",24062,Leuven,60,
7109,"[1433439769, 1433349701, 1433349710]",4.724387014553996,50.9301766673804,Unknown,Unknown,"[1433439769, 1433349701, 1433349710]",24062,Leuven,60,
7110,1431366142,4.713434446284218,50.910077052058185,Unknown,Unknown,1431366142,24062,Leuven,60,
7111,725072190,4.70174815,50.8701595,Constantin Meunierstraat,Unknown,725072190,24062,Leuven,60,
7112,1409992203,4.7060625,50.86905079999999,Unknown,Unknown,1409992203,24062,Leuven,60,
7113,"[1433439746, 1410603614]",4.712677874898282,50.9087006244166,Unknown,Unknown,"[1433439746, 1410603614]",24062,Leuven,60,
7114,1410929282,4.720252863851848,50.92418930133464,Unknown,Unknown,1410929282,24062,Leuven,60,
7115,1433439783,4.720959,50.923993800000005,Unknown,Unknown,1433439783,24062,Leuven,60,
7116,1410929284,4.720888750084384,50.92403950036343,Unknown,Unknown,1410929284,24062,Leuven,60,
7117,1410929286,4.720096992854041,50.924163699216585,Unknown,Unknown,1410929286,24062,Leuven,60,
7118,1410929272,4.7207803001461,50.92384930065968,Unknown,Unknown,1410929272,24062,Leuven,60,
7119,1410929287,4.720698262493772,50.92420900165983,Unknown,Unknown,1410929287,24062,Leuven,60,
7120,1410929289,4.720858754834344,50.92398697156944,Unknown,Unknown,1410929289,24062,Leuven,60,
7121,1410929283,4.720709456276129,50.923725128545335,Unknown,Unknown,1410929283,24062,Leuven,60,
7122,1454975571,4.720631670277115,50.924478523302426,Unknown,Unknown,1454975571,24062,Leuven,60,
7123,1417741411,4.742992856838229,50.877228534981306,Unknown,Unknown,1417741411,24062,Leuven,60,
7124,1418330451,4.6904199,50.8967656,Unknown,Unknown,1418330451,24062,Leuven,60,
7125,1418330452,4.690638399999999,50.89685615,Unknown,Unknown,1418330452,24062,Leuven,60,
7126,1418330454,4.689499629175237,50.89653334789563,Unknown,Unknown,1418330454,24062,Leuven,60,
7127,1418648807,4.676028668335473,50.87886876044985,Unknown,Unknown,1418648807,24062,Leuven,60,
7128,1420019922,4.64791504295437,50.86235068980518,Unknown,Unknown,1420019922,24062,Leuven,60,
7129,"[1420019921, 1420019919]",4.647149384667966,50.86177483551997,Unknown,Unknown,"[1420019921, 1420019919]",24062,Leuven,60,
7130,1420019921,4.648012189403844,50.86255148141546,Unknown,Unknown,1420019921,24062,Leuven,60,
7131,1420019920,4.646565884659755,50.86113538661226,Unknown,Unknown,1420019920,24062,Leuven,60,
7132,1421432692,4.668232302987638,50.875811771732046,blotevoetenpad,Unknown,1421432692,24062,Leuven,60,
7133,1510005674,4.6682545,50.8760104,Unknown,Unknown,1510005674,24062,Leuven,60,
7134,1421426574,4.6752338,50.87732585000001,Unknown,Unknown,1421426574,24062,Leuven,60,
7135,1421434079,4.6991472,50.924475750000006,Unknown,Unknown,1421434079,24062,Leuven,60,
7136,1421434082,4.674596139097645,50.87395570400436,Unknown,Unknown,1421434082,24062,Leuven,60,
7137,"[1421444037, 1421444038]",4.676249817802515,50.87803605915111,Unknown,Unknown,"[1421444037, 1421444038]",24062,Leuven,60,
7138,1467976569,4.71561625,50.8709716,Hortense Damanhof,Unknown,1467976569,24062,Leuven,60,
7139,54782079,4.696516081704633,50.92726967456443,Dongelsplein,Unknown,54782079,24062,Leuven,60,
7140,30838532,4.6971433000000005,50.92657199999999,Rietensplein,Unknown,30838532,24062,Leuven,60,
7141,1423685498,4.6973973,50.9265532,Unknown,Unknown,1423685498,24062,Leuven,60,
7142,1446479178,4.697419699999999,50.9266312,Rietensplein,Unknown,1446479178,24062,Leuven,60,
7143,1423685497,4.6973333,50.9263898,Unknown,Unknown,1423685497,24062,Leuven,60,
7144,1427738078,4.696955,50.92644845,Unknown,Unknown,1427738078,24062,Leuven,60,
7145,1427738081,4.696857507122728,50.926477021196696,Unknown,Unknown,1427738081,24062,Leuven,60,
7146,"[39427456, 39427455, 152449303]",4.695749383971976,50.92667311814318,Rietensplein,Unknown,"[39427456, 39427455, 152449303]",24062,Leuven,60,
7147,1423685509,4.701266646409509,50.923255806638736,Unknown,Unknown,1423685509,24062,Leuven,60,
7148,1423685510,4.700814457256128,50.923566037597325,Unknown,Unknown,1423685510,24062,Leuven,60,
7149,1423685511,4.7000678476809385,50.9240227537836,Unknown,Unknown,1423685511,24062,Leuven,60,
7150,1424129184,4.673329701587477,50.87434340647258,Unknown,Unknown,1424129184,24062,Leuven,60,
7151,1424165736,4.725320347193219,50.930962898191495,Unknown,Unknown,1424165736,24062,Leuven,60,
7152,1424186568,4.69913265,50.91240775,Unknown,Unknown,1424186568,24062,Leuven,60,
7153,1424186569,4.700062833791097,50.9132992261209,Unknown,Unknown,1424186569,24062,Leuven,60,
7154,"[1424679952, 1458576193, 1458576194, 1458576192]",4.71202256996126,50.90444322643021,Unknown,Unknown,"[1424679952, 1458576193, 1458576194, 1458576192]",24062,Leuven,60,
7155,"[1424845168, 1424845169, 1424845170]",4.7084180499484365,50.90243062856796,Unknown,Unknown,"[1424845168, 1424845169, 1424845170]",24062,Leuven,60,
7156,1455868532,4.707296860091414,50.906244670231125,Unknown,Unknown,1455868532,24062,Leuven,60,
7157,1424853297,4.7056207,50.915606100000005,Unknown,Unknown,1424853297,24062,Leuven,60,
7158,"[1424853298, 1455868516, 1455868517]",4.7055409521578975,50.91641754780655,Unknown,Unknown,"[1424853298, 1455868516, 1455868517]",24062,Leuven,60,
7159,"[1424853299, 1424853300, 1424853301]",4.705295759101801,50.91691046877576,Unknown,Unknown,"[1424853299, 1424853300, 1424853301]",24062,Leuven,60,
7160,"[1455868522, 1455868523, 1424853302, 1424853303, 1424853304]",4.705181578566826,50.91798157080509,Unknown,Unknown,"[1455868522, 1455868523, 1424853302, 1424853303, 1424853304]",24062,Leuven,60,
7161,"[53085699, 8402587, 1458135052, 1003513235]",4.703248791421955,50.91979512917891,"['Vaartdijk', 'Wijgmaalsesteenweg']",Unknown,"[53085699, 8402587, 1458135052, 1003513235]",24062,Leuven,60,
7162,"[1424853306, 165498332]",4.6974490968158,50.922195420596246,Unknown,Unknown,"[1424853306, 165498332]",24062,Leuven,60,
7163,"[1426035325, 1424864094]",4.6840620542904965,50.87718352019174,Unknown,Unknown,"[1426035325, 1424864094]",24062,Leuven,60,
7164,"[1426035323, 1424864095]",4.6841784644817945,50.87712164185709,Unknown,Unknown,"[1426035323, 1424864095]",24062,Leuven,60,
7165,1424864096,4.703928566654726,50.86846527709776,Unknown,Unknown,1424864096,24062,Leuven,60,
7166,1424864098,4.704980249999999,50.86862415000001,Unknown,Unknown,1424864098,24062,Leuven,60,
7167,1424864099,4.702055839796541,50.8681502133265,Unknown,Unknown,1424864099,24062,Leuven,60,
7168,1424946618,4.71005525,50.87005885000001,Unknown,Unknown,1424946618,24062,Leuven,60,
7169,"[893696211, 608715605]",4.709437195913569,50.86981949365575,Geldenaaksevest,Unknown,"[893696211, 608715605]",24062,Leuven,60,
7170,1425006583,4.730883494405963,50.89311795149085,Unknown,Unknown,1425006583,24062,Leuven,60,
7171,1425006584,4.730411166099714,50.89309475446307,Unknown,Unknown,1425006584,24062,Leuven,60,
7172,1425302124,4.68494385,50.885927550000005,Unknown,Unknown,1425302124,24062,Leuven,60,
7173,1425374373,4.702754566202771,50.92552595080689,Unknown,Unknown,1425374373,24062,Leuven,60,
7174,1425635172,4.71689045,50.89519265,Unknown,Unknown,1425635172,24062,Leuven,60,
7175,"[1429410216, 1370419455]",4.716798081253632,50.89527331591917,Unknown,Unknown,"[1429410216, 1370419455]",24062,Leuven,60,
7176,"[1425908243, 1425908244]",4.679834289465114,50.857878324681785,Unknown,Unknown,"[1425908243, 1425908244]",24062,Leuven,60,
7177,1425908243,4.6798182,50.85796525,Unknown,Unknown,1425908243,24062,Leuven,60,
7178,1425912443,4.6787121,50.858245,Unknown,Unknown,1425912443,24062,Leuven,60,
7179,1425912444,4.67903395,50.85842615,Unknown,Unknown,1425912444,24062,Leuven,60,
7180,"[1497196244, 1497196245, 1497196246]",4.694708323132906,50.93825919662061,Unknown,Unknown,"[1497196244, 1497196245, 1497196246]",24062,Leuven,60,
7181,1497196249,4.696342274052531,50.93647530137993,Unknown,Unknown,1497196249,24062,Leuven,60,
7182,"[1497196249, 1497196266]",4.697133936345124,50.93544873545307,Unknown,Unknown,"[1497196249, 1497196266]",24062,Leuven,60,
7183,"[283982808, 41723350, 39593806, 283982807]",4.699617451785251,50.93407996481181,Langenbos,Unknown,"[283982808, 41723350, 39593806, 283982807]",24062,Leuven,60,
7184,"[1497196268, 1426014919]",4.697521140167074,50.934452452434265,Unknown,Unknown,"[1497196268, 1426014919]",24062,Leuven,60,
7185,1426014919,4.694792143502844,50.93827101743332,Unknown,Unknown,1426014919,24062,Leuven,60,
7186,"[1458135048, 1497196243]",4.693397955622912,50.94080152708744,Unknown,Unknown,"[1458135048, 1497196243]",24062,Leuven,60,
7187,"[1497196243, 1497196244]",4.694225018468909,50.9392274877815,Unknown,Unknown,"[1497196243, 1497196244]",24062,Leuven,60,
7188,"[1497196266, 1426014918]",4.697426121162653,50.93444555535052,Unknown,Unknown,"[1497196266, 1426014918]",24062,Leuven,60,
7189,1426256727,4.720427499381609,50.88272295768137,Unknown,Unknown,1426256727,24062,Leuven,60,
7190,1431366141,4.71326,50.9100176,Oudstrijderslaan,Unknown,1431366141,24062,Leuven,60,
7191,"[1431366148, 1433439742]",4.713180734103012,50.90996275900039,Unknown,Unknown,"[1431366148, 1433439742]",24062,Leuven,60,
7192,"[1433327370, 1433439795]",4.71805925660056,50.9187000576933,Unknown,Unknown,"[1433327370, 1433439795]",24062,Leuven,60,
7193,1426720185,4.719113151471633,50.88567574031304,Baron August de Becker Remyplein,Unknown,1426720185,24062,Leuven,60,
7194,1427667951,4.72352295,50.92319425,Unknown,Unknown,1427667951,24062,Leuven,60,
7195,1458857832,4.7070472500000005,50.8900578,Unknown,Unknown,1458857832,24062,Leuven,60,
7196,"[1443453834, 1443453835, 1427704084, 1427704085, 1427704086]",4.7088669183731255,50.890498639008,Unknown,Unknown,"[1443453834, 1443453835, 1427704084, 1427704085, 1427704086]",24062,Leuven,60,
7197,1427738073,4.696309149999999,50.92630775000001,Unknown,Unknown,1427738073,24062,Leuven,60,
7198,1446479173,4.69619845,50.9263623,Rietensplein,Unknown,1446479173,24062,Leuven,60,
7199,1427755015,4.695052232097943,50.93359553551854,Unknown,Unknown,1427755015,24062,Leuven,60,
7200,1427755019,4.695925459276307,50.934083198720266,Unknown,Unknown,1427755019,24062,Leuven,60,
7201,1427755021,4.6948675528047685,50.93463751126269,Unknown,Unknown,1427755021,24062,Leuven,60,
7202,1427921166,4.7061309,50.93559155,Unknown,Unknown,1427921166,24062,Leuven,60,
7203,1427921169,4.706456974764774,50.93547544258579,Unknown,Unknown,1427921169,24062,Leuven,60,
7204,1428087891,4.7093284,50.8866683,Unknown,Unknown,1428087891,24062,Leuven,60,
7205,"[61540068, 254801390]",4.709216634521353,50.88677131269643,Joanna-Maria Artoisplein,Unknown,"[61540068, 254801390]",24062,Leuven,60,
7206,1428311322,4.706421664934024,50.90499663405206,Unknown,Unknown,1428311322,24062,Leuven,60,
7207,1428381240,4.664302,50.8685343,Unknown,Unknown,1428381240,24062,Leuven,60,
7208,97175697,4.683573747328107,50.876832823218855,Unknown,Unknown,97175697,24062,Leuven,60,
7209,1428389308,4.658237102357536,50.87154816739838,Unknown,Unknown,1428389308,24062,Leuven,60,
7210,1431675006,4.652328126819106,50.87023600392805,Unknown,Unknown,1431675006,24062,Leuven,60,
7211,"[1428389313, 609991302, 1431675006]",4.654394406932536,50.870642985866674,Unknown,Unknown,"[1428389313, 609991302, 1431675006]",24062,Leuven,60,
7212,1108592822,4.664009579101411,50.868492787890574,Unknown,Unknown,1108592822,24062,Leuven,60,
7213,"[99346726, 1108592822]",4.667108390260457,50.87060759516452,Unknown,Unknown,"[99346726, 1108592822]",24062,Leuven,60,
7214,"[1485770651, 1108592822]",4.662862144119999,50.86768696716537,Unknown,Unknown,"[1485770651, 1108592822]",24062,Leuven,60,
7215,"[9864299, 822637273, 1428959737, 553647482, 553647483]",4.716510688291456,50.88094523674197,"['Fietsspiraal Station Leuven', 'Bovenplein']",Unknown,"[9864299, 822637273, 1428959737, 553647482, 553647483]",24062,Leuven,60,
7216,1428995282,4.701962892864372,50.92195503816572,Unknown,Unknown,1428995282,24062,Leuven,60,
7217,"[1429008632, 1429008633, 1429008631]",4.717179649473553,50.8828229506821,Unknown,Unknown,"[1429008632, 1429008633, 1429008631]",24062,Leuven,60,
7218,"[1429115059, 1429115060]",4.733799381261648,50.93860544633746,Unknown,Unknown,"[1429115059, 1429115060]",24062,Leuven,60,
7219,"[1433439760, 1433439761, 1433349725]",4.732868322681928,50.937533496308816,Unknown,Unknown,"[1433439760, 1433439761, 1433349725]",24062,Leuven,60,
7220,1429410158,4.71936695,50.9032378,Unknown,Unknown,1429410158,24062,Leuven,60,
7221,"[1429410161, 1429410162, 1370419459, 440732706]",4.718807868615044,50.90231255650832,Kesseldallaan,Unknown,"[1429410161, 1429410162, 1370419459, 440732706]",24062,Leuven,60,
7222,1429410177,4.7166495,50.89809995,Unknown,Unknown,1429410177,24062,Leuven,60,
7223,"[1429410172, 70023692, 1429410174]",4.716665897503846,50.89674489496704,Unknown,Unknown,"[1429410172, 70023692, 1429410174]",24062,Leuven,60,
7224,1429410178,4.716827035022563,50.89591275666219,Unknown,Unknown,1429410178,24062,Leuven,60,
7225,"[138017398, 1429410191]",4.71798212089154,50.900737195527874,Unknown,Unknown,"[138017398, 1429410191]",24062,Leuven,60,
7226,"[1429410178, 53086862]",4.716791224449686,50.89762394239424,Unknown,Unknown,"[1429410178, 53086862]",24062,Leuven,60,
7227,1429413542,4.718621000000001,50.88968075,Unknown,Unknown,1429413542,24062,Leuven,60,
7228,"[1429477304, 1429477305, 1429477306]",4.722025349137953,50.90403541490238,Unknown,Unknown,"[1429477304, 1429477305, 1429477306]",24062,Leuven,60,
7229,"[1429477306, 1429477307]",4.722352485556527,50.90434256194075,Unknown,Unknown,"[1429477306, 1429477307]",24062,Leuven,60,
7230,"[1429410201, 112566012, 1429477293, 1429477285]",4.721179177292446,50.90379887727022,Kesseldallaan,Unknown,"[1429410201, 112566012, 1429477293, 1429477285]",24062,Leuven,60,
7231,1433439801,4.715955386846085,50.91465759409573,Unknown,Unknown,1433439801,24062,Leuven,60,
7232,1429551922,4.719623707448932,50.906148536194415,Wilselsesteenweg,Unknown,1429551922,24062,Leuven,60,
7233,1429519718,4.719384133145766,50.90691488924789,Unknown,Unknown,1429519718,24062,Leuven,60,
7234,1429551907,4.71949175,50.90792915,Unknown,Unknown,1429551907,24062,Leuven,60,
7235,"[1429551896, 1429519718]",4.719640511871205,50.908043235384405,Unknown,Unknown,"[1429551896, 1429519718]",24062,Leuven,60,
7236,"[1429585539, 1429585542]",4.70550752353006,50.8906174072917,Unknown,Unknown,"[1429585539, 1429585542]",24062,Leuven,60,
7237,1429585543,4.705482432271569,50.89103749508216,Unknown,Unknown,1429585543,24062,Leuven,60,
7238,1430055118,4.6924007,50.92449225,Unknown,Unknown,1430055118,24062,Leuven,60,
7239,"[1429951215, 116386911]",4.69247601363826,50.924306950889004,Unknown,Unknown,"[1429951215, 116386911]",24062,Leuven,60,
7240,"[1430055122, 1430055118]",4.694121311034873,50.926127567427,Unknown,Unknown,"[1430055122, 1430055118]",24062,Leuven,60,
7241,"[1430055121, 1430055122, 1497196279]",4.6945355404393245,50.92655140712391,Unknown,Unknown,"[1430055121, 1430055122, 1497196279]",24062,Leuven,60,
7242,1430053940,4.694443098752363,50.92659624916384,Unknown,Unknown,1430053940,24062,Leuven,60,
7243,1497196277,4.694654533920747,50.92673822618878,Baron Descampslaan,Unknown,1497196277,24062,Leuven,60,
7244,"[1430054001, 1430054002]",4.690019938069616,50.929923888855285,Unknown,Unknown,"[1430054001, 1430054002]",24062,Leuven,60,
7245,"[1430054001, 1430053991]",4.689550705448846,50.93139548709578,Unknown,Unknown,"[1430054001, 1430053991]",24062,Leuven,60,
7246,"[1430053974, 1430053990, 1430053991]",4.688986410033393,50.93341496947077,Unknown,Unknown,"[1430053974, 1430053990, 1430053991]",24062,Leuven,60,
7247,"[1430053966, 1430053973, 1430053974]",4.686879375127064,50.93641615564573,Unknown,Unknown,"[1430053966, 1430053973, 1430053974]",24062,Leuven,60,
7248,"[1430053965, 1430053966]",4.683787493176202,50.93980746169648,Unknown,Unknown,"[1430053965, 1430053966]",24062,Leuven,60,
7249,"[1430053989, 1430053941]",4.68676343453201,50.936143389854585,Unknown,Unknown,"[1430053989, 1430053941]",24062,Leuven,60,
7250,"[1430054003, 1430054004, 1430053989]",4.689682107067029,50.930592357510925,Unknown,Unknown,"[1430054003, 1430054004, 1430053989]",24062,Leuven,60,
7251,"[1430053988, 1430054004]",4.691234652699038,50.92711604592349,Unknown,Unknown,"[1430053988, 1430054004]",24062,Leuven,60,
7252,1430053942,4.6923973000000005,50.9250892,Unknown,Unknown,1430053942,24062,Leuven,60,
7253,"[1429951216, 1430053988]",4.6923114874374985,50.92463720449548,Unknown,Unknown,"[1429951216, 1430053988]",24062,Leuven,60,
7254,"[1430054002, 1430053940]",4.691350235325999,50.92713599021733,Unknown,Unknown,"[1430054002, 1430053940]",24062,Leuven,60,
7255,"[1497196275, 1430076798]",4.695030315111057,50.927092374644666,Unknown,Unknown,"[1497196275, 1430076798]",24062,Leuven,60,
7256,"[1430076793, 1430076797, 1430076798]",4.695663159815646,50.9277916608403,Unknown,Unknown,"[1430076793, 1430076797, 1430076798]",24062,Leuven,60,
7257,"[1430076792, 1430076793, 206745402]",4.696444188960799,50.92879753414267,Unknown,Unknown,"[1430076792, 1430076793, 206745402]",24062,Leuven,60,
7258,1431353313,4.688455749999999,50.8591809,Unknown,Unknown,1431353313,24062,Leuven,60,
7259,1430302426,4.68861170900504,50.8592558584397,Unknown,Unknown,1430302426,24062,Leuven,60,
7260,"[1430556048, 1430556070, 1430556071]",4.698547255105963,50.91552177050798,Unknown,Unknown,"[1430556048, 1430556070, 1430556071]",24062,Leuven,60,
7261,"[1430556050, 1430556075]",4.699131922686633,50.91296155938027,Unknown,Unknown,"[1430556050, 1430556075]",24062,Leuven,60,
7262,"[1430556064, 1430556074, 1430556075, 1430556060]",4.698688701471571,50.91549227553818,Unknown,Unknown,"[1430556064, 1430556074, 1430556075, 1430556060]",24062,Leuven,60,
7263,1430556064,4.697929800000001,50.9174243,Unknown,Unknown,1430556064,24062,Leuven,60,
7264,"[1430556064, 1430556061, 1430556063]",4.697821351944671,50.91761643828318,Unknown,Unknown,"[1430556064, 1430556061, 1430556063]",24062,Leuven,60,
7265,"[1430556049, 1430556071]",4.697664182277052,50.91758627954943,Unknown,Unknown,"[1430556049, 1430556071]",24062,Leuven,60,
7266,1430556048,4.699192245762908,50.90954466053064,Unknown,Unknown,1430556048,24062,Leuven,60,
7267,1430862447,4.698777530404725,50.87303687924288,Unknown,Unknown,1430862447,24062,Leuven,60,
7268,440732705,4.712786426992611,50.908873626204645,Unknown,Unknown,440732705,24062,Leuven,60,
7269,1431353249,4.687731742254831,50.858863944125005,Unknown,Unknown,1431353249,24062,Leuven,60,
7270,1431353250,4.68065985,50.8556784,Unknown,Unknown,1431353250,24062,Leuven,60,
7271,571659537,4.680281277690884,50.85666388730037,Unknown,Unknown,571659537,24062,Leuven,60,
7272,"[1431353256, 1431353255]",4.674614129657591,50.85328518781231,Unknown,Unknown,"[1431353256, 1431353255]",24062,Leuven,60,
7273,1463666179,4.67412665,50.849525,Unknown,Unknown,1463666179,24062,Leuven,60,
7274,"[1431353264, 1431353261]",4.673916664533615,50.84941029503154,Waversebaan,Unknown,"[1431353264, 1431353261]",24062,Leuven,60,
7275,1431353263,4.6741534,50.84967435,Waversebaan,Unknown,1431353263,24062,Leuven,60,
7276,1431353261,4.6741846,50.849662,Waversebaan,Unknown,1431353261,24062,Leuven,60,
7277,"[114787996, 8128164]",4.682571167883773,50.85550024774975,Boskantlaan,Unknown,"[114787996, 8128164]",24062,Leuven,60,
7278,"[1431353288, 1431353296, 1431353295]",4.683248112222429,50.856705162848186,Unknown,Unknown,"[1431353288, 1431353296, 1431353295]",24062,Leuven,60,
7279,3450248,4.68456225,50.8573061,Huttelaan,Unknown,3450248,24062,Leuven,60,
7280,"[1431353296, 1431353298, 1431353268]",4.685822835350538,50.857831342380514,Unknown,Unknown,"[1431353296, 1431353298, 1431353268]",24062,Leuven,60,
7281,"[1431353297, 1431353298]",4.687711184333831,50.85873232111697,Unknown,Unknown,"[1431353297, 1431353298]",24062,Leuven,60,
7282,"[1431353275, 1431353276]",4.6775274142169305,50.85360459105564,Unknown,Unknown,"[1431353275, 1431353276]",24062,Leuven,60,
7283,"[1431551832, 1431353311]",4.687445281327773,50.85997214760976,Unknown,Unknown,"[1431551832, 1431353311]",24062,Leuven,60,
7284,"[1431353312, 1431353249]",4.688133758115715,50.85908776025092,Unknown,Unknown,"[1431353312, 1431353249]",24062,Leuven,60,
7285,1431366139,4.713436850438649,50.91016715213744,Unknown,Unknown,1431366139,24062,Leuven,60,
7286,1431366140,4.713447146905099,50.91036853578798,Unknown,Unknown,1431366140,24062,Leuven,60,
7287,"[1431366146, 1433439828]",4.7135065774932725,50.91020741244171,Unknown,Unknown,"[1431366146, 1433439828]",24062,Leuven,60,
7288,"[1433439741, 1431366149]",4.713261984174346,50.910109423024224,Unknown,Unknown,"[1433439741, 1431366149]",24062,Leuven,60,
7289,1431366150,4.7133544,50.91028605,Unknown,Unknown,1431366150,24062,Leuven,60,
7290,1433439824,4.713637999647024,50.91044720983637,Unknown,Unknown,1433439824,24062,Leuven,60,
7291,"[264864156, 516401740]",4.68067788390612,50.86607607147002,Unknown,Unknown,"[264864156, 516401740]",24062,Leuven,60,
7292,"[1431375569, 1431375571]",4.68073670340638,50.86603883049948,Unknown,Unknown,"[1431375569, 1431375571]",24062,Leuven,60,
7293,"[1431375569, 1431375570]",4.680704751118736,50.86612664166835,Unknown,Unknown,"[1431375569, 1431375570]",24062,Leuven,60,
7294,1431467042,4.678850300000001,50.8546636,Unknown,Unknown,1431467042,24062,Leuven,60,
7295,"[1463666176, 1431551835]",4.685901899041175,50.861213243994406,Unknown,Unknown,"[1463666176, 1431551835]",24062,Leuven,60,
7296,1431551835,4.6857120000000005,50.861361650000006,Unknown,Unknown,1431551835,24062,Leuven,60,
7297,1463666175,4.6856183,50.8613517,Unknown,Unknown,1463666175,24062,Leuven,60,
7298,1431551836,4.685590540708001,50.86129233717598,Unknown,Unknown,1431551836,24062,Leuven,60,
7299,"[1431551836, 1463666174]",4.685750078533255,50.8611753205879,Unknown,Unknown,"[1431551836, 1463666174]",24062,Leuven,60,
7300,1463666174,4.68591165,50.8610596,Unknown,Unknown,1463666174,24062,Leuven,60,
7301,"[1431551843, 1431551837]",4.686369351255084,50.86070404063397,Unknown,Unknown,"[1431551843, 1431551837]",24062,Leuven,60,
7302,"[1431675007, 1428389311]",4.647618096004055,50.86926805905945,Unknown,Unknown,"[1431675007, 1428389311]",24062,Leuven,60,
7303,1431707286,4.7227779658721865,50.84962501317659,Unknown,Unknown,1431707286,24062,Leuven,60,
7304,"[1431741442, 1431741443]",4.723050038417665,50.84966643763576,Unknown,Unknown,"[1431741442, 1431741443]",24062,Leuven,60,
7305,"[1431741448, 1431741449, 1431741447]",4.725361907358819,50.84648516206667,Unknown,Unknown,"[1431741448, 1431741449, 1431741447]",24062,Leuven,60,
7306,1431741449,4.72550925,50.84637405,Unknown,Unknown,1431741449,24062,Leuven,60,
7307,"[1431741450, 1431741451]",4.725611551775795,50.846427631076416,Unknown,Unknown,"[1431741450, 1431741451]",24062,Leuven,60,
7308,1431741450,4.725466488662034,50.846535796923405,Unknown,Unknown,1431741450,24062,Leuven,60,
7309,"[1431741424, 1431741450]",4.7250352815424215,50.846971517449006,Unknown,Unknown,"[1431741424, 1431741450]",24062,Leuven,60,
7310,"[1431741444, 1431741445]",4.725108433978629,50.84666395134171,Unknown,Unknown,"[1431741444, 1431741445]",24062,Leuven,60,
7311,"[1431741446, 1431741447]",4.725139595856735,50.84667648087283,Unknown,Unknown,"[1431741446, 1431741447]",24062,Leuven,60,
7312,"[1431741418, 1431741445]",4.725699566880007,50.84585997797718,Unknown,Unknown,"[1431741418, 1431741445]",24062,Leuven,60,
7313,1431741418,4.72626545,50.84508945,Unknown,Unknown,1431741418,24062,Leuven,60,
7314,1470908265,4.72619095,50.84516715,Unknown,Unknown,1470908265,24062,Leuven,60,
7315,1431741419,4.7265258,50.8447279,Unknown,Unknown,1431741419,24062,Leuven,60,
7316,"[585855214, 1431741446]",4.724778563617216,50.84710470004587,Unknown,Unknown,"[585855214, 1431741446]",24062,Leuven,60,
7317,"[1426694728, 927669285, 458720653]",4.7228398547513,50.85025668610002,Unknown,Unknown,"[1426694728, 927669285, 458720653]",24062,Leuven,60,
7318,1431804178,4.7271512,50.8536232,Unknown,Unknown,1431804178,24062,Leuven,60,
7319,1431809604,4.721792827936641,50.850210778970215,Unknown,Unknown,1431809604,24062,Leuven,60,
7320,"[8129912, 796601448]",4.721151921175219,50.85027835221408,Ambachtenlaan,Unknown,"[8129912, 796601448]",24062,Leuven,60,
7321,1433980816,4.71476265,50.86494885,Unknown,Unknown,1433980816,24062,Leuven,60,
7322,"[1433980813, 1433980815]",4.7147804176397,50.86503546094999,Unknown,Unknown,"[1433980813, 1433980815]",24062,Leuven,60,
7323,1431936392,4.7498398536299735,50.87942484237958,Kapellekensweg,Unknown,1431936392,24062,Leuven,60,
7324,1447384130,4.753307599999999,50.877942700000006,Unknown,Unknown,1447384130,24062,Leuven,60,
7325,"[1431954718, 1431954719]",4.756480949414224,50.87577704718751,Unknown,Unknown,"[1431954718, 1431954719]",24062,Leuven,60,
7326,"[1432114605, 1432114663]",4.673664660686331,50.8722914266944,Unknown,Unknown,"[1432114605, 1432114663]",24062,Leuven,60,
7327,"[1432114641, 1432114642]",4.677095301815262,50.86922549477082,Unknown,Unknown,"[1432114641, 1432114642]",24062,Leuven,60,
7328,1432114656,4.677597,50.86881525,Unknown,Unknown,1432114656,24062,Leuven,60,
7329,1432114658,4.677458074976429,50.86897493852785,Unknown,Unknown,1432114658,24062,Leuven,60,
7330,"[1432114641, 1459417106, 1432114606]",4.6778108540153935,50.86836992126102,Unknown,Unknown,"[1432114641, 1459417106, 1432114606]",24062,Leuven,60,
7331,"[1432114658, 1432114659]",4.675236684504541,50.87118632643347,Unknown,Unknown,"[1432114658, 1432114659]",24062,Leuven,60,
7332,"[1432114659, 1432114660, 1432114661]",4.674334335792854,50.87192630406856,Unknown,Unknown,"[1432114659, 1432114660, 1432114661]",24062,Leuven,60,
7333,"[1432114664, 130861474, 1432114661]",4.672582356918928,50.87325260397164,Unknown,Unknown,"[1432114664, 130861474, 1432114661]",24062,Leuven,60,
7334,1432214971,4.72368035176463,50.89117206984524,Unknown,Unknown,1432214971,24062,Leuven,60,
7335,1456364322,4.707041600493237,50.901087639917584,Unknown,Unknown,1456364322,24062,Leuven,60,
7336,"[1432311328, 1432311329, 1432311338]",4.7188186175782985,50.872589732270754,Unknown,Unknown,"[1432311328, 1432311329, 1432311338]",24062,Leuven,60,
7337,1432311325,4.719669822689383,50.87251742102746,Unknown,Unknown,1432311325,24062,Leuven,60,
7338,1432544637,4.723362099999999,50.87152185,Unknown,Unknown,1432544637,24062,Leuven,60,
7339,1432544593,4.736474101594739,50.86848192906245,Unknown,Unknown,1432544593,24062,Leuven,60,
7340,188199775,4.7400208,50.86778575000001,Tiensesteenweg,Unknown,188199775,24062,Leuven,60,
7341,"[1432544598, 188199775]",4.739762583628638,50.86782837899523,Tiensesteenweg,Unknown,"[1432544598, 188199775]",24062,Leuven,60,
7342,"[1432415524, 1432415525, 1432415526]",4.738349887281347,50.86817678415967,Unknown,Unknown,"[1432415524, 1432415525, 1432415526]",24062,Leuven,60,
7343,688319186,4.72057472841677,50.87224125133969,Tiensesteenweg,Unknown,688319186,24062,Leuven,60,
7344,1432544580,4.720555413932239,50.87220856130688,Unknown,Unknown,1432544580,24062,Leuven,60,
7345,742307321,4.72165975,50.87199505,Tiensesteenweg,Unknown,742307321,24062,Leuven,60,
7346,"[742307321, 1432544613]",4.721334783426638,50.87206987970844,Tiensesteenweg,Unknown,"[742307321, 1432544613]",24062,Leuven,60,
7347,"[1432544584, 1432544583]",4.724707742902996,50.87126760225198,Tiensesteenweg,Unknown,"[1432544584, 1432544583]",24062,Leuven,60,
7348,1432544582,4.7246495529107495,50.87131863410785,Tiensesteenweg,Unknown,1432544582,24062,Leuven,60,
7349,1432544588,4.728374843185301,50.87037220378684,Unknown,Unknown,1432544588,24062,Leuven,60,
7350,1432544615,4.731164087564581,50.86977416558593,Tiensesteenweg,Unknown,1432544615,24062,Leuven,60,
7351,"[1432544618, 1432544619]",4.733110655819293,50.86926589003434,Unknown,Unknown,"[1432544618, 1432544619]",24062,Leuven,60,
7352,"[1432544593, 1432544619]",4.734572270191726,50.86891494715491,Unknown,Unknown,"[1432544593, 1432544619]",24062,Leuven,60,
7353,"[1432544593, 1432544594]",4.73768943024846,50.86818599756666,Unknown,Unknown,"[1432544593, 1432544594]",24062,Leuven,60,
7354,1432544594,4.739105308830393,50.86782679060197,Unknown,Unknown,1432544594,24062,Leuven,60,
7355,"[80284456, 80284449, 1432544594, 427874491]",4.737853051441198,50.865897504476514,Meerdaalboslaan,Unknown,"[80284456, 80284449, 1432544594, 427874491]",24062,Leuven,60,
7356,"[1432544608, 1432544607]",4.740325741331354,50.86752557579628,Unknown,Unknown,"[1432544608, 1432544607]",24062,Leuven,60,
7357,"[1432544608, 1432544609]",4.7411714210877625,50.86736780876957,Unknown,Unknown,"[1432544608, 1432544609]",24062,Leuven,60,
7358,1432544606,4.740856103607832,50.86759412998525,Unknown,Unknown,1432544606,24062,Leuven,60,
7359,1432415525,4.734189769486813,50.86914698893479,Unknown,Unknown,1432415525,24062,Leuven,60,
7360,1432544611,4.721413644495581,50.87210538270025,Unknown,Unknown,1432544611,24062,Leuven,60,
7361,1432544627,4.725539813552909,50.871112424383625,Tiensesteenweg,Unknown,1432544627,24062,Leuven,60,
7362,1432544635,4.723435527413907,50.8716206140703,Unknown,Unknown,1432544635,24062,Leuven,60,
7363,1432550160,4.720621899999999,50.87219795,Unknown,Unknown,1432550160,24062,Leuven,60,
7364,"[1432632873, 1432632844, 1432632831]",4.683583965193939,50.88309696199904,Unknown,Unknown,"[1432632873, 1432632844, 1432632831]",24062,Leuven,60,
7365,"[1432632844, 1432632845, 1432632799]",4.68274292109585,50.883317559217296,Unknown,Unknown,"[1432632844, 1432632845, 1432632799]",24062,Leuven,60,
7366,1432632863,4.67831845,50.88436705,Unknown,Unknown,1432632863,24062,Leuven,60,
7367,"[1432632808, 1432632809]",4.675301241948412,50.88502038756794,Unknown,Unknown,"[1432632808, 1432632809]",24062,Leuven,60,
7368,1432632811,4.678440999999999,50.884569,Unknown,Unknown,1432632811,24062,Leuven,60,
7369,"[1432632822, 1432632823]",4.6777852457752696,50.88436182144712,Unknown,Unknown,"[1432632822, 1432632823]",24062,Leuven,60,
7370,"[1432632825, 1432632854]",4.6778302933320015,50.88430492127112,Unknown,Unknown,"[1432632825, 1432632854]",24062,Leuven,60,
7371,"[1432632812, 1432632870]",4.676630757822279,50.88457576486088,Unknown,Unknown,"[1432632812, 1432632870]",24062,Leuven,60,
7372,"[1432632808, 1432632819]",4.6765575096627,50.884739628471664,Unknown,Unknown,"[1432632808, 1432632819]",24062,Leuven,60,
7373,1432632820,4.67778147003329,50.8844913119405,Unknown,Unknown,1432632820,24062,Leuven,60,
7374,"[1432632821, 1432632823]",4.677827676511921,50.88443678326489,Unknown,Unknown,"[1432632821, 1432632823]",24062,Leuven,60,
7375,"[608715547, 608715548, 326736773]",4.676817340984929,50.88460444843959,Brusselsesteenweg,Unknown,"[608715547, 608715548, 326736773]",24062,Leuven,60,
7376,"[1432632825, 1432632855]",4.6779638010987545,50.884272804680535,Unknown,Unknown,"[1432632825, 1432632855]",24062,Leuven,60,
7377,"[1432632826, 1432632850]",4.679931194981775,50.88384906698848,Unknown,Unknown,"[1432632826, 1432632850]",24062,Leuven,60,
7378,"[1432632850, 1432632829]",4.681901794027847,50.88340802495671,Unknown,Unknown,"[1432632850, 1432632829]",24062,Leuven,60,
7379,1462540485,4.6819601879054185,50.88333518280117,Unknown,Unknown,1462540485,24062,Leuven,60,
7380,"[1432632849, 1432632829]",4.682084505697944,50.88336427367268,Unknown,Unknown,"[1432632849, 1432632829]",24062,Leuven,60,
7381,"[1432632849, 1432632874, 1432632846, 1432632830]",4.682626097484616,50.88323084429113,Unknown,Unknown,"[1432632849, 1432632874, 1432632846, 1432632830]",24062,Leuven,60,
7382,"[1432632874, 1432632828, 1432632877]",4.683582332615916,50.88299888645437,Unknown,Unknown,"[1432632874, 1432632828, 1432632877]",24062,Leuven,60,
7383,1432632828,4.684165141752649,50.88288197548567,Unknown,Unknown,1432632828,24062,Leuven,60,
7384,"[1432632863, 1432632799]",4.680321561312796,50.88388415189293,Unknown,Unknown,"[1432632863, 1432632799]",24062,Leuven,60,
7385,1433327369,4.72131460425151,50.92437602015758,Unknown,Unknown,1433327369,24062,Leuven,60,
7386,"[1433349730, 1433327371]",4.72114814277186,50.9243368543412,Unknown,Unknown,"[1433349730, 1433327371]",24062,Leuven,60,
7387,"[1433439762, 1433439763]",4.730261602586272,50.93604074511596,Unknown,Unknown,"[1433439762, 1433439763]",24062,Leuven,60,
7388,"[1433349700, 1433349701]",4.7248671366864805,50.93101743794614,Unknown,Unknown,"[1433349700, 1433349701]",24062,Leuven,60,
7389,"[1433349696, 1433349697]",4.7250082682900745,50.93098865780979,Unknown,Unknown,"[1433349696, 1433349697]",24062,Leuven,60,
7390,1433349696,4.724553097233206,50.9301420384767,Unknown,Unknown,1433349696,24062,Leuven,60,
7391,1497201595,4.7235172,50.9282556,Unknown,Unknown,1497201595,24062,Leuven,60,
7392,1433349734,4.72231375,50.9261897,Unknown,Unknown,1433349734,24062,Leuven,60,
7393,"[1433349721, 1433439779]",4.722750686413188,50.92689360059008,Unknown,Unknown,"[1433349721, 1433439779]",24062,Leuven,60,
7394,"[1433349689, 1433349690]",4.728286792943954,50.935106507353446,Unknown,Unknown,"[1433349689, 1433349690]",24062,Leuven,60,
7395,1433327370,4.7193304,50.92100435,Unknown,Unknown,1433327370,24062,Leuven,60,
7396,127840262,4.718186329941223,50.91867718349678,Unknown,Unknown,127840262,24062,Leuven,60,
7397,1433439794,4.716213690083283,50.91537324384289,Unknown,Unknown,1433439794,24062,Leuven,60,
7398,1433439806,4.7158715,50.9146962,Unknown,Unknown,1433439806,24062,Leuven,60,
7399,"[1433439801, 1433439802]",4.71633849538799,50.91534413023129,Unknown,Unknown,"[1433439801, 1433439802]",24062,Leuven,60,
7400,1431366153,4.715147136827577,50.913185136093176,Unknown,Unknown,1431366153,24062,Leuven,60,
7401,"[1433439822, 1433439814]",4.71382051142317,50.91113217745432,Unknown,Unknown,"[1433439822, 1433439814]",24062,Leuven,60,
7402,3351202,4.6992996300961485,50.86946773979215,Verkortingstraat,Unknown,3351202,24062,Leuven,60,
7403,1434814619,4.699403915351422,50.86931937705875,Unknown,Unknown,1434814619,24062,Leuven,60,
7404,"[3351202, 1433979770]",4.699669513628636,50.8689621004455,Verkortingstraat,Unknown,"[3351202, 1433979770]",24062,Leuven,60,
7405,1433979771,4.6995565500000005,50.86897040000001,Unknown,Unknown,1433979771,24062,Leuven,60,
7406,1433979774,4.69957825,50.86897945,Unknown,Unknown,1433979774,24062,Leuven,60,
7407,1433980817,4.7146676,50.86508335,Unknown,Unknown,1433980817,24062,Leuven,60,
7408,1431922409,4.7146968000000005,50.865090550000005,Unknown,Unknown,1431922409,24062,Leuven,60,
7409,1432544609,4.74208295,50.86717785,Unknown,Unknown,1432544609,24062,Leuven,60,
7410,"[1432544609, 1434625169]",4.745474631615009,50.86638498029021,Unknown,Unknown,"[1432544609, 1434625169]",24062,Leuven,60,
7411,"[1434939473, 1434939479]",4.746466079267533,50.86503901774406,Unknown,Unknown,"[1434939473, 1434939479]",24062,Leuven,60,
7412,1434939473,4.745256071888599,50.86408014377197,Unknown,Unknown,1434939473,24062,Leuven,60,
7413,"[1434939475, 1434939476]",4.740995898512741,50.8644362538588,Unknown,Unknown,"[1434939475, 1434939476]",24062,Leuven,60,
7414,1434939475,4.738992262302716,50.865301886302966,Unknown,Unknown,1434939475,24062,Leuven,60,
7415,"[1434939473, 1434939476]",4.7434327457274845,50.86365864489975,Unknown,Unknown,"[1434939473, 1434939476]",24062,Leuven,60,
7416,1436180942,4.6636322,50.8726167,Tervuursesteenweg,Unknown,1436180942,24062,Leuven,60,
7417,1436180944,4.663708,50.8726586,Unknown,Unknown,1436180944,24062,Leuven,60,
7418,1083442448,4.663201,50.87252845,Tervuursesteenweg,Unknown,1083442448,24062,Leuven,60,
7419,1436180945,4.663128,50.8724854,Unknown,Unknown,1436180945,24062,Leuven,60,
7420,1428389306,4.6636072,50.87266495,Unknown,Unknown,1428389306,24062,Leuven,60,
7421,"[1436180946, 1428389307]",4.663847095831658,50.87262517076582,Unknown,Unknown,"[1436180946, 1428389307]",24062,Leuven,60,
7422,"[1083442448, 1436180942]",4.663415775229216,50.87257272117829,Tervuursesteenweg,Unknown,"[1083442448, 1436180942]",24062,Leuven,60,
7423,550696810,4.6639906,50.87271555,Unknown,Unknown,550696810,24062,Leuven,60,
7424,"[1436180952, 1428389306]",4.664413004422538,50.87283734934317,Unknown,Unknown,"[1436180952, 1428389306]",24062,Leuven,60,
7425,3351196,4.70432815,50.8702545,Weldadigheidsstraat,Unknown,3351196,24062,Leuven,60,
7426,1436941391,4.7035856,50.8707487,Unknown,Unknown,1436941391,24062,Leuven,60,
7427,1437007144,4.719222950000001,50.8857615,Unknown,Unknown,1437007144,24062,Leuven,60,
7428,1304210227,4.718020973942612,50.88495904125945,Unknown,Unknown,1304210227,24062,Leuven,60,
7429,"[1437007144, 1437007145]",4.719410481465456,50.88565244359048,Unknown,Unknown,"[1437007144, 1437007145]",24062,Leuven,60,
7430,1437007145,4.719594309325645,50.88570762803848,Unknown,Unknown,1437007145,24062,Leuven,60,
7431,1437007147,4.719517207851455,50.8858906854246,Unknown,Unknown,1437007147,24062,Leuven,60,
7432,1437010045,4.719618753986632,50.88568897228574,Unknown,Unknown,1437010045,24062,Leuven,60,
7433,"[1437007145, 1437007146]",4.719595465263657,50.88579075437455,Unknown,Unknown,"[1437007145, 1437007146]",24062,Leuven,60,
7434,1441662373,4.718581298396134,50.905241729791584,Unknown,Unknown,1441662373,24062,Leuven,60,
7435,1441661464,4.65870525002114,50.86132184955054,Unknown,Unknown,1441661464,24062,Leuven,60,
7436,"[1441672248, 1441672252, 1441661462, 1441672247]",4.657294814228883,50.86140531810572,Unknown,Unknown,"[1441672248, 1441672252, 1441661462, 1441672247]",24062,Leuven,60,
7437,"[1441661457, 1441661461, 102135102]",4.656956761161769,50.85996275272948,Unknown,Unknown,"[1441661457, 1441661461, 102135102]",24062,Leuven,60,
7438,1441661460,4.658795820348711,50.86129646010778,Unknown,Unknown,1441661460,24062,Leuven,60,
7439,"[1441672248, 1441672240, 1441672253]",4.655501469183324,50.86148013337245,Unknown,Unknown,"[1441672248, 1441672240, 1441672253]",24062,Leuven,60,
7440,"[1441681504, 1441681505, 1441681499]",4.646819512630222,50.8608404522888,Unknown,Unknown,"[1441681504, 1441681505, 1441681499]",24062,Leuven,60,
7441,"[1441681505, 1441681506, 1441681500, 1441681502, 1441681503]",4.6475420748897545,50.86072884178627,Unknown,Unknown,"[1441681505, 1441681506, 1441681500, 1441681502, 1441681503]",24062,Leuven,60,
7442,"[1441681479, 1441681480, 1441681489, 1441681490, 1441681491, 1441672245, 1441672246, 1441681500, 1441681501]",4.651318587967889,50.86111580367485,Unknown,Unknown,"[1441681479, 1441681480, 1441681489, 1441681490, 1441681491, 1441672245, 1441672246, 1441681500, 1441681501]",24062,Leuven,60,
7443,1441672257,4.65506845,50.86142234999999,Toverberg,Unknown,1441672257,24062,Leuven,60,
7444,"[1441681474, 1441681475, 1441681476]",4.65549721868377,50.86139248634528,Unknown,Unknown,"[1441681474, 1441681475, 1441681476]",24062,Leuven,60,
7445,"[1441672258, 9262319]",4.654749371707393,50.86131357551669,Toverberg,Unknown,"[1441672258, 9262319]",24062,Leuven,60,
7446,"[1441681475, 1441681477, 1441681478, 1441681479, 1441681481]",4.654894136845388,50.861399629319706,Unknown,Unknown,"[1441681475, 1441681477, 1441681478, 1441681479, 1441681481]",24062,Leuven,60,
7447,1441672240,4.654896850840964,50.86148640056958,Unknown,Unknown,1441672240,24062,Leuven,60,
7448,"[1441672240, 1441672241, 1441672242, 1441672243]",4.651318797057342,50.86120340911206,Unknown,Unknown,"[1441672240, 1441672241, 1441672242, 1441672243]",24062,Leuven,60,
7449,"[1441681474, 1441661463]",4.65723335759075,50.861321935037175,Unknown,Unknown,"[1441681474, 1441661463]",24062,Leuven,60,
7450,1441672243,4.646863860723186,50.860920252520366,Unknown,Unknown,1441672243,24062,Leuven,60,
7451,1442121178,4.6995089,50.87122475,Unknown,Unknown,1442121178,24062,Leuven,60,
7452,1442137396,4.718585682722268,50.898533955509805,Unknown,Unknown,1442137396,24062,Leuven,60,
7453,"[1442137400, 1442137401]",4.718671363282661,50.89863887942106,Unknown,Unknown,"[1442137400, 1442137401]",24062,Leuven,60,
7454,"[1442137401, 1442137396]",4.7221103592834766,50.899403938828286,Unknown,Unknown,"[1442137401, 1442137396]",24062,Leuven,60,
7455,1442195287,4.725501000148769,50.9001115996011,Unknown,Unknown,1442195287,24062,Leuven,60,
7456,"[1443015547, 1443015548]",4.74936504185062,50.88765025138936,Unknown,Unknown,"[1443015547, 1443015548]",24062,Leuven,60,
7457,"[1443101596, 1443015548]",4.74396379750862,50.886682921991344,Unknown,Unknown,"[1443101596, 1443015548]",24062,Leuven,60,
7458,"[191992032, 1122289425, 191992033]",4.741450444470687,50.886535341059904,Unknown,Unknown,"[191992032, 1122289425, 191992033]",24062,Leuven,60,
7459,1443101598,4.740975369259461,50.88614251276148,Unknown,Unknown,1443101598,24062,Leuven,60,
7460,1449467694,4.720604047561083,50.88377718518212,Unknown,Unknown,1449467694,24062,Leuven,60,
7461,1443222611,4.76237015576365,50.88900206511408,Unknown,Unknown,1443222611,24062,Leuven,60,
7462,"[1443222593, 1443222611]",4.769056688972288,50.88953610818092,Unknown,Unknown,"[1443222593, 1443222611]",24062,Leuven,60,
7463,"[1443222615, 1443101607]",4.757741723269941,50.888596176944326,Unknown,Unknown,"[1443222615, 1443101607]",24062,Leuven,60,
7464,"[1443222612, 1443222614]",4.75922550119322,50.88871478508456,Unknown,Unknown,"[1443222612, 1443222614]",24062,Leuven,60,
7465,1443453826,4.707219495018259,50.890330418937694,Unknown,Unknown,1443453826,24062,Leuven,60,
7466,1443554767,4.6967683000000005,50.863241,Unknown,Unknown,1443554767,24062,Leuven,60,
7467,143890819,4.722373246798709,50.88168158612529,Karel Schurmansstraat,Unknown,143890819,24062,Leuven,60,
7468,"[126304964, 151302596]",4.724028718408063,50.88134560249773,Krakaulaan,Unknown,"[126304964, 151302596]",24062,Leuven,60,
7469,1445995463,4.76098225,50.88438935,Unknown,Unknown,1445995463,24062,Leuven,60,
7470,"[11093963, 11055523, 1508344039]",4.761719993724431,50.88191643311878,"['Wimmershof', 'Wimmershofpad']",Unknown,"[11093963, 11055523, 1508344039]",24062,Leuven,60,
7471,1447384129,4.7537511,50.87828095,Unknown,Unknown,1447384129,24062,Leuven,60,
7472,1447384132,4.75397275848622,50.87944007310988,Unknown,Unknown,1447384132,24062,Leuven,60,
7473,1447384135,4.752632656597903,50.87925738606824,Unknown,Unknown,1447384135,24062,Leuven,60,
7474,"[25954243, 41734027]",4.7298070983748834,50.925740022658125,Scouts en Gidsen pad,Unknown,"[25954243, 41734027]",24062,Leuven,60,
7475,1448045069,4.720991067688277,50.930638524458296,Unknown,Unknown,1448045069,24062,Leuven,60,
7476,1448045065,4.720334319439109,50.93078319560114,Unknown,Unknown,1448045065,24062,Leuven,60,
7477,1448045068,4.7200741339036325,50.93073387185581,Unknown,Unknown,1448045068,24062,Leuven,60,
7478,"[1448045066, 1448045067]",4.720214362620019,50.93076028162559,Unknown,Unknown,"[1448045066, 1448045067]",24062,Leuven,60,
7479,"[1443101606, 1443101607]",4.744307806155825,50.88661615296017,Unknown,Unknown,"[1443101606, 1443101607]",24062,Leuven,60,
7480,1449597345,4.726411599526113,50.85044196298553,Unknown,Unknown,1449597345,24062,Leuven,60,
7481,1449647283,4.69557537260461,50.84806665604489,Naamsesteenweg,Unknown,1449647283,24062,Leuven,60,
7482,1449647287,4.697277506852859,50.84116199882681,Naamsesteenweg,Unknown,1449647287,24062,Leuven,60,
7483,"[364819989, 1051244033, 364819986, 364819997]",4.698560061059011,50.83655696463474,Naamsesteenweg,Unknown,"[364819989, 1051244033, 364819986, 364819997]",24062,Leuven,60,
7484,1449647289,4.698152310643331,50.83808082038551,Naamsesteenweg,Unknown,1449647289,24062,Leuven,60,
7485,"[192108572, 1290331845]",4.689149326534528,50.89342580176902,Unknown,Unknown,"[192108572, 1290331845]",24062,Leuven,60,
7486,"[531797224, 1451208670]",4.69006986479957,50.89193251022999,Unknown,Unknown,"[531797224, 1451208670]",24062,Leuven,60,
7487,1451319597,4.670694156165237,50.85697250490568,Langestaart,Unknown,1451319597,24062,Leuven,60,
7488,1451420310,4.6874313,50.89113155,Unknown,Unknown,1451420310,24062,Leuven,60,
7489,1451420311,4.687359783789208,50.89155013787479,Unknown,Unknown,1451420311,24062,Leuven,60,
7490,1451420333,4.686402514429725,50.88772959218478,'s-Hertogenlaan,Unknown,1451420333,24062,Leuven,60,
7491,"[1451420336, 1451420337]",4.686388336110314,50.8877527360098,'s-Hertogenlaan,Unknown,"[1451420336, 1451420337]",24062,Leuven,60,
7492,1451420338,4.683579100140929,50.88537022798506,Galgebergstraat,Unknown,1451420338,24062,Leuven,60,
7493,1453739201,4.721405164664477,50.93065754463154,Unknown,Unknown,1453739201,24062,Leuven,60,
7494,1454975532,4.706947598957095,50.934096556196224,Unknown,Unknown,1454975532,24062,Leuven,60,
7495,1454975537,4.707103533765777,50.933706745796215,Unknown,Unknown,1454975537,24062,Leuven,60,
7496,1454975538,4.70842859547495,50.93441874965518,Unknown,Unknown,1454975538,24062,Leuven,60,
7497,1454978034,4.742525648447437,50.93348452432383,Unknown,Unknown,1454978034,24062,Leuven,60,
7498,1454975546,4.704702241085635,50.93808182810033,Unknown,Unknown,1454975546,24062,Leuven,60,
7499,1454975548,4.7030844,50.9411434,Unknown,Unknown,1454975548,24062,Leuven,60,
7500,1454975549,4.703292634077119,50.94046925220593,Unknown,Unknown,1454975549,24062,Leuven,60,
7501,1454975550,4.70511085,50.9373543,Unknown,Unknown,1454975550,24062,Leuven,60,
7502,1454975551,4.706668594608008,50.92880773986017,Unknown,Unknown,1454975551,24062,Leuven,60,
7503,1454975552,4.705421695714827,50.927673841407525,Unknown,Unknown,1454975552,24062,Leuven,60,
7504,1454975553,4.706356813227461,50.92712836244822,Unknown,Unknown,1454975553,24062,Leuven,60,
7505,1454975554,4.706321810457768,50.92725516161293,Unknown,Unknown,1454975554,24062,Leuven,60,
7506,1454975570,4.707577619565714,50.93300021275955,Unknown,Unknown,1454975570,24062,Leuven,60,
7507,1454975572,4.717438887704457,50.92418490465473,Unknown,Unknown,1454975572,24062,Leuven,60,
7508,1454975573,4.7163122634613694,50.92200820123912,Unknown,Unknown,1454975573,24062,Leuven,60,
7509,1454975574,4.7151845651024695,50.92221436151669,Unknown,Unknown,1454975574,24062,Leuven,60,
7510,"[23010600, 1428381210]",4.720985656575344,50.93167391788317,Verbroederingstraat,Unknown,"[23010600, 1428381210]",24062,Leuven,60,
7511,1455859706,4.721083373725875,50.93124187344601,Unknown,Unknown,1455859706,24062,Leuven,60,
7512,1455863619,4.706192078952976,50.89642980299229,Unknown,Unknown,1455863619,24062,Leuven,60,
7513,1455865000,4.705324523250326,50.90119045282896,Unknown,Unknown,1455865000,24062,Leuven,60,
7514,1455865001,4.70507035,50.901930500000006,Unknown,Unknown,1455865001,24062,Leuven,60,
7515,1455865002,4.705514886104907,50.90216341365726,Unknown,Unknown,1455865002,24062,Leuven,60,
7516,1455865003,4.705329900000001,50.90236545,Unknown,Unknown,1455865003,24062,Leuven,60,
7517,1455865004,4.704716618000594,50.90234292148043,Unknown,Unknown,1455865004,24062,Leuven,60,
7518,1455869672,4.7263122,50.9335106,Unknown,Unknown,1455869672,24062,Leuven,60,
7519,1455865006,4.706307079510298,50.903351871114,Unknown,Unknown,1455865006,24062,Leuven,60,
7520,1455868471,4.7096548,50.9051513,Unknown,Unknown,1455868471,24062,Leuven,60,
7521,1455868472,4.709886111405458,50.905040378008295,Unknown,Unknown,1455868472,24062,Leuven,60,
7522,"[1455868488, 1455868489, 1455868474]",4.707277448770471,50.90832341547348,Unknown,Unknown,"[1455868488, 1455868489, 1455868474]",24062,Leuven,60,
7523,1455868474,4.70782915723395,50.90785024858888,Unknown,Unknown,1455868474,24062,Leuven,60,
7524,"[1455868475, 1455868492, 1455868493]",4.707305400080584,50.90859851160884,Unknown,Unknown,"[1455868475, 1455868492, 1455868493]",24062,Leuven,60,
7525,"[1455868497, 1455868498, 1455868476]",4.707442294837357,50.90914227771178,Unknown,Unknown,"[1455868497, 1455868498, 1455868476]",24062,Leuven,60,
7526,"[1455868499, 1455868500, 1455868477]",4.707379672098504,50.90948089326464,Unknown,Unknown,"[1455868499, 1455868500, 1455868477]",24062,Leuven,60,
7527,"[1455868507, 1455868508, 1455868478]",4.706189552092741,50.91323416493194,Unknown,Unknown,"[1455868507, 1455868508, 1455868478]",24062,Leuven,60,
7528,"[1455868512, 1455868513, 1455868479]",4.706113974897224,50.914457989536935,Unknown,Unknown,"[1455868512, 1455868513, 1455868479]",24062,Leuven,60,
7529,1455868479,4.706638950000001,50.9142591,Unknown,Unknown,1455868479,24062,Leuven,60,
7530,1455868480,4.7065435,50.91463265,Unknown,Unknown,1455868480,24062,Leuven,60,
7531,"[1455868481, 1455868514, 1455868515]",4.705997137006399,50.91491771450952,Unknown,Unknown,"[1455868481, 1455868514, 1455868515]",24062,Leuven,60,
7532,"[1455868482, 1455868485, 1455868486]",4.70529743342962,50.91731502720867,Unknown,Unknown,"[1455868482, 1455868485, 1455868486]",24062,Leuven,60,
7533,"[1455868483, 1455868484]",4.705115348312315,50.91740721002174,Unknown,Unknown,"[1455868483, 1455868484]",24062,Leuven,60,
7534,1455868487,4.707396559643459,50.90821563209656,Unknown,Unknown,1455868487,24062,Leuven,60,
7535,1455869319,4.702411329632552,50.923471521479485,Unknown,Unknown,1455869319,24062,Leuven,60,
7536,1455869320,4.702763974188158,50.923214865664086,Unknown,Unknown,1455869320,24062,Leuven,60,
7537,1455869321,4.7025852,50.92331665,Unknown,Unknown,1455869321,24062,Leuven,60,
7538,"[1455868496, 1455868494, 1455868495]",4.707222898666272,50.908970810476674,Unknown,Unknown,"[1455868496, 1455868494, 1455868495]",24062,Leuven,60,
7539,"[1455868509, 1455868510, 1455868511]",4.706200888691964,50.91343892190838,Unknown,Unknown,"[1455868509, 1455868510, 1455868511]",24062,Leuven,60,
7540,"[1455873393, 1455873394, 1455868525]",4.7074870348651245,50.909369449115886,Unknown,Unknown,"[1455873393, 1455873394, 1455868525]",24062,Leuven,60,
7541,1455868527,4.7075515,50.90611115,Unknown,Unknown,1455868527,24062,Leuven,60,
7542,1455868528,4.70768245,50.90600155,Unknown,Unknown,1455868528,24062,Leuven,60,
7543,1455868529,4.708504739571313,50.90594005806626,Unknown,Unknown,1455868529,24062,Leuven,60,
7544,1455868530,4.70725725,50.904746,Unknown,Unknown,1455868530,24062,Leuven,60,
7545,1455868531,4.707393527681382,50.90455946002196,Unknown,Unknown,1455868531,24062,Leuven,60,
7546,1455873395,4.711001585176585,50.90577097042001,Unknown,Unknown,1455873395,24062,Leuven,60,
7547,"[1455873395, 1455873396]",4.711252188769951,50.90577785148557,Unknown,Unknown,"[1455873395, 1455873396]",24062,Leuven,60,
7548,"[98645227, 98645213]",4.714260666700704,50.89370914481344,Unknown,Unknown,"[98645227, 98645213]",24062,Leuven,60,
7549,1455873398,4.713905023765097,50.89373168106201,Unknown,Unknown,1455873398,24062,Leuven,60,
7550,"[1455875458, 1455875459]",4.707173267670241,50.90323046274469,Unknown,Unknown,"[1455875458, 1455875459]",24062,Leuven,60,
7551,1455875457,4.707008399999999,50.903219750000005,Unknown,Unknown,1455875457,24062,Leuven,60,
7552,1455875459,4.7070135,50.9033451,Unknown,Unknown,1455875459,24062,Leuven,60,
7553,1456486152,4.70321105,50.90141805,Unknown,Unknown,1456486152,24062,Leuven,60,
7554,"[1456486152, 1465669586]",4.702729008874468,50.90163103118592,Unknown,Unknown,"[1456486152, 1465669586]",24062,Leuven,60,
7555,"[1433441769, 26831233]",4.710875128836952,50.90515337560022,Unknown,Unknown,"[1433441769, 26831233]",24062,Leuven,60,
7556,1456565153,4.709390763670516,50.90292819508584,Aarschotsesteenweg,Unknown,1456565153,24062,Leuven,60,
7557,"[1456568055, 165498327]",4.707606975106335,50.903649750091866,Unknown,Unknown,"[1456568055, 165498327]",24062,Leuven,60,
7558,1456654919,4.706481445113733,50.9018898542586,Unknown,Unknown,1456654919,24062,Leuven,60,
7559,1456717654,4.7275840299627445,50.85744263123901,Unknown,Unknown,1456717654,24062,Leuven,60,
7560,1456742877,4.70611916768692,50.90188524918123,Unknown,Unknown,1456742877,24062,Leuven,60,
7561,"[1456776731, 118943956, 340265966]",4.708249866527888,50.90372563797416,Kolonel Begaultlaan,Unknown,"[1456776731, 118943956, 340265966]",24062,Leuven,60,
7562,1456776735,4.7088176,50.903981900000005,Kolonel Begaultlaan,Unknown,1456776735,24062,Leuven,60,
7563,"[1456776730, 1456776733, 1456776734, 1456776735]",4.708313148588272,50.90382764743799,Kolonel Begaultlaan,Unknown,"[1456776730, 1456776733, 1456776734, 1456776735]",24062,Leuven,60,
7564,1456973723,4.683552177224232,50.87124283601639,Unknown,Unknown,1456973723,24062,Leuven,60,
7565,1457618240,4.70444165,50.8885398,Unknown,Unknown,1457618240,24062,Leuven,60,
7566,1457887021,4.707884833963424,50.90742617465797,Unknown,Unknown,1457887021,24062,Leuven,60,
7567,1457887022,4.707990466168639,50.90712940417746,Unknown,Unknown,1457887022,24062,Leuven,60,
7568,1457890793,4.682242867663423,50.86898129252012,Unknown,Unknown,1457890793,24062,Leuven,60,
7569,1457890792,4.682483715893508,50.86909869425169,Unknown,Unknown,1457890792,24062,Leuven,60,
7570,"[1458576192, 1458576193, 1458576194, 1424679952]",4.712022569961261,50.90444322643021,Unknown,Unknown,"[1458576192, 1458576193, 1458576194, 1424679952]",24062,Leuven,60,
7571,1458857824,4.7069037,50.8946225,Unknown,Unknown,1458857824,24062,Leuven,60,
7572,"[1458824818, 1459237842, 1458824822, 1458824823]",4.707657881297396,50.89442678267713,Unknown,Unknown,"[1458824818, 1459237842, 1458824822, 1458824823]",24062,Leuven,60,
7573,"[1459237842, 1458824818, 1458824822, 1458824823]",4.707657881297396,50.89442678267713,Unknown,Unknown,"[1459237842, 1458824818, 1458824822, 1458824823]",24062,Leuven,60,
7574,1458857823,4.706914300593823,50.895436633587046,Unknown,Unknown,1458857823,24062,Leuven,60,
7575,"[1458857785, 1459237843]",4.707576065122938,50.89468911316914,Unknown,Unknown,"[1458857785, 1459237843]",24062,Leuven,60,
7576,"[1459237840, 1458857804]",4.70707189859516,50.89416902965293,Unknown,Unknown,"[1459237840, 1458857804]",24062,Leuven,60,
7577,"[1458857809, 1458857810]",4.7072278159226215,50.89135877242984,Unknown,Unknown,"[1458857809, 1458857810]",24062,Leuven,60,
7578,"[1459237833, 1458857813]",4.707298548087929,50.89168126619842,Unknown,Unknown,"[1459237833, 1458857813]",24062,Leuven,60,
7579,1459237844,4.70691395,50.89655465,Unknown,Unknown,1459237844,24062,Leuven,60,
7580,"[1458857827, 1459237838]",4.707221623549388,50.894051079153634,Unknown,Unknown,"[1458857827, 1459237838]",24062,Leuven,60,
7581,"[1459237832, 1458857829]",4.708027291360855,50.890989436530965,Unknown,Unknown,"[1459237832, 1458857829]",24062,Leuven,60,
7582,1458857833,4.70694225,50.88957025,Unknown,Unknown,1458857833,24062,Leuven,60,
7583,1459118564,4.725420995697983,50.92800768344897,Unknown,Unknown,1459118564,24062,Leuven,60,
7584,"[1049133137, 165498333]",4.710394249829291,50.903646112108646,Compostweg,Unknown,"[1049133137, 165498333]",24062,Leuven,60,
7585,1459126849,4.710331304104106,50.90364447133911,Unknown,Unknown,1459126849,24062,Leuven,60,
7586,1459237851,4.710887700000001,50.90583885,Unknown,Unknown,1459237851,24062,Leuven,60,
7587,1459237852,4.71105845,50.9058,Unknown,Unknown,1459237852,24062,Leuven,60,
7588,1459237871,4.713680849999999,50.9105596,Unknown,Unknown,1459237871,24062,Leuven,60,
7589,"[1433439824, 1433439820]",4.713796671513603,50.91072732958574,Unknown,Unknown,"[1433439824, 1433439820]",24062,Leuven,60,
7590,1459237872,4.7136861,50.91084214999999,Unknown,Unknown,1459237872,24062,Leuven,60,
7591,"[1459645523, 1459645524]",4.716219325604757,50.907181087966016,Unknown,Unknown,"[1459645523, 1459645524]",24062,Leuven,60,
7592,1459799977,4.71015209319719,50.90214281470788,Unknown,Unknown,1459799977,24062,Leuven,60,
7593,1461246692,4.709354279638568,50.86938957655592,Unknown,Unknown,1461246692,24062,Leuven,60,
7594,1461254837,4.709861043639916,50.86919575911746,Unknown,Unknown,1461254837,24062,Leuven,60,
7595,1461254838,4.709724929544535,50.86732303133589,Unknown,Unknown,1461254838,24062,Leuven,60,
7596,1461261519,4.710643943273668,50.86868010690021,Unknown,Unknown,1461261519,24062,Leuven,60,
7597,1461261521,4.7113334972358105,50.86890452837169,Unknown,Unknown,1461261521,24062,Leuven,60,
7598,1461261523,4.713975993203977,50.8669904457932,Unknown,Unknown,1461261523,24062,Leuven,60,
7599,1461254840,4.709968129359447,50.86786175628281,Unknown,Unknown,1461254840,24062,Leuven,60,
7600,1461254841,4.709689039343119,50.86765560723843,Unknown,Unknown,1461254841,24062,Leuven,60,
7601,1462958796,4.7061593,50.8948653,Unknown,Unknown,1462958796,24062,Leuven,60,
7602,1462958797,4.7052511,50.89518694999999,Unknown,Unknown,1462958797,24062,Leuven,60,
7603,1462958798,4.704635,50.89502185,Unknown,Unknown,1462958798,24062,Leuven,60,
7604,1462958799,4.7062168,50.895426,Unknown,Unknown,1462958799,24062,Leuven,60,
7605,1462958800,4.7062178,50.89547195,Unknown,Unknown,1462958800,24062,Leuven,60,
7606,1462958801,4.704808903326903,50.89572854883096,Unknown,Unknown,1462958801,24062,Leuven,60,
7607,1462958802,4.704373465406963,50.89582202630722,Unknown,Unknown,1462958802,24062,Leuven,60,
7608,1462957188,4.7059692,50.8980696,Unknown,Unknown,1462957188,24062,Leuven,60,
7609,1462957189,4.70466405,50.89861045,Unknown,Unknown,1462957189,24062,Leuven,60,
7610,1462957190,4.7052973,50.8985273,Unknown,Unknown,1462957190,24062,Leuven,60,
7611,1462957191,4.7053064,50.89840555,Unknown,Unknown,1462957191,24062,Leuven,60,
7612,1462957192,4.705433911094613,50.89828132986631,Unknown,Unknown,1462957192,24062,Leuven,60,
7613,1462957193,4.7049849,50.8982841,Unknown,Unknown,1462957193,24062,Leuven,60,
7614,1462957194,4.7041171,50.89820125,Unknown,Unknown,1462957194,24062,Leuven,60,
7615,1462957195,4.7044250000000005,50.8979549,Unknown,Unknown,1462957195,24062,Leuven,60,
7616,1462957201,4.704092796558186,50.89749038406397,Unknown,Unknown,1462957201,24062,Leuven,60,
7617,1462957196,4.705589749162987,50.897697851082334,Unknown,Unknown,1462957196,24062,Leuven,60,
7618,1462957197,4.706058521267346,50.8970904103148,Unknown,Unknown,1462957197,24062,Leuven,60,
7619,1462957198,4.705318552118709,50.89782620025692,Unknown,Unknown,1462957198,24062,Leuven,60,
7620,1462957199,4.7048291521245895,50.89750166901379,Unknown,Unknown,1462957199,24062,Leuven,60,
7621,1462957200,4.70423,50.89782605,Unknown,Unknown,1462957200,24062,Leuven,60,
7622,1431551837,4.686067956701129,50.86094195901643,Unknown,Unknown,1431551837,24062,Leuven,60,
7623,1463793483,4.6865754,50.860571750000005,Unknown,Unknown,1463793483,24062,Leuven,60,
7624,"[1431353312, 1431551843]",4.6874129546525785,50.85987383515064,Unknown,Unknown,"[1431353312, 1431551843]",24062,Leuven,60,
7625,1463793484,4.686474349999999,50.86071515,Unknown,Unknown,1463793484,24062,Leuven,60,
7626,"[1431551832, 1431551833]",4.686279871448155,50.86090709474909,Unknown,Unknown,"[1431551832, 1431551833]",24062,Leuven,60,
7627,"[310650088, 1152979460, 1152979461]",4.726038673376785,50.9287714031633,"['Pastoor Eralystraat', 'Eendebroekstraat']",Unknown,"[310650088, 1152979460, 1152979461]",24062,Leuven,60,
7628,1465417182,4.726283283678803,50.928925589242,Unknown,Unknown,1465417182,24062,Leuven,60,
7629,126348340,4.688765338978302,50.87695480602237,Heilige-Geeststraat,Unknown,126348340,24062,Leuven,60,
7630,"[1465415358, 1465415359]",4.689103393781827,50.87728234975424,Unknown,Unknown,"[1465415358, 1465415359]",24062,Leuven,60,
7631,"[14099895, 807117574, 1465417551]",4.727296953187228,50.93263278918161,Aambeeldstraat,Unknown,"[14099895, 807117574, 1465417551]",24062,Leuven,60,
7632,1465417152,4.7257681236746505,50.928667391423296,Unknown,Unknown,1465417152,24062,Leuven,60,
7633,1466719163,4.748275989536951,50.885234769236405,Unknown,Unknown,1466719163,24062,Leuven,60,
7634,1466719161,4.747330650802482,50.88539544272668,Unknown,Unknown,1466719161,24062,Leuven,60,
7635,1466719162,4.748117032572676,50.88500807330271,Unknown,Unknown,1466719162,24062,Leuven,60,
7636,1467622381,4.6767197,50.9381658,Unknown,Unknown,1467622381,24062,Leuven,60,
7637,1468094216,4.714799818218394,50.89952950020316,Unknown,Unknown,1468094216,24062,Leuven,60,
7638,1468094217,4.717003332655181,50.90218205284344,Unknown,Unknown,1468094217,24062,Leuven,60,
7639,1468094219,4.712974891675038,50.89697644809373,Unknown,Unknown,1468094219,24062,Leuven,60,
7640,1468094221,4.71812035,50.90402405,Unknown,Unknown,1468094221,24062,Leuven,60,
7641,1468280538,4.670618047816522,50.86543912539104,Unknown,Unknown,1468280538,24062,Leuven,60,
7642,1468921615,4.747249820512362,50.87875638698627,Unknown,Unknown,1468921615,24062,Leuven,60,
7643,1468921617,4.731133793627159,50.87467371607047,Romain Rollandstraat,Unknown,1468921617,24062,Leuven,60,
7644,1468921620,4.730570188765279,50.87552114051928,Unknown,Unknown,1468921620,24062,Leuven,60,
7645,1469151452,4.7163798,50.8652459,Unknown,Unknown,1469151452,24062,Leuven,60,
7646,1469151453,4.7162923,50.86537695,Unknown,Unknown,1469151453,24062,Leuven,60,
7647,1433980815,4.714728110683184,50.8653591833458,Unknown,Unknown,1433980815,24062,Leuven,60,
7648,1469631822,4.699811096651834,50.89141014189322,Unknown,Unknown,1469631822,24062,Leuven,60,
7649,1469906265,4.70239115,50.861645800000005,Duinberglaan,Unknown,1469906265,24062,Leuven,60,
7650,"[113997728, 8128928]",4.703678231665182,50.86191867954437,Duinberglaan,Unknown,"[113997728, 8128928]",24062,Leuven,60,
7651,1470908266,4.7263562,50.8450158,Unknown,Unknown,1470908266,24062,Leuven,60,
7652,1470942974,4.729264433656391,50.88077312863283,Lolanden,Unknown,1470942974,24062,Leuven,60,
7653,1470942976,4.7296783865540375,50.88076761785501,Unknown,Unknown,1470942976,24062,Leuven,60,
7654,"[31058512, 95942080]",4.730143336245224,50.88082268437951,Lolanden,Unknown,"[31058512, 95942080]",24062,Leuven,60,
7655,1470942979,4.7274257,50.88234900000001,Unknown,Unknown,1470942979,24062,Leuven,60,
7656,1471809698,4.687229812421761,50.86833393795328,Unknown,Unknown,1471809698,24062,Leuven,60,
7657,1471809699,4.68726596540089,50.868880444720304,Unknown,Unknown,1471809699,24062,Leuven,60,
7658,1471809700,4.68686205,50.8682525,Unknown,Unknown,1471809700,24062,Leuven,60,
7659,1471928955,4.735776749999999,50.8844224,Unknown,Unknown,1471928955,24062,Leuven,60,
7660,1471926497,4.73031575,50.8842062,Unknown,Unknown,1471926497,24062,Leuven,60,
7661,1471926499,4.73097475,50.88401125,Unknown,Unknown,1471926499,24062,Leuven,60,
7662,1471931602,4.731294367754729,50.88609711340924,Unknown,Unknown,1471931602,24062,Leuven,60,
7663,1472104196,4.709251891609005,50.877232867917776,Unknown,Unknown,1472104196,24062,Leuven,60,
7664,1472209363,4.722789591488732,50.882936373719815,Unknown,Unknown,1472209363,24062,Leuven,60,
7665,"[1475399133, 1475399134, 1475399135]",4.735406786721145,50.9341840265988,Unknown,Unknown,"[1475399133, 1475399134, 1475399135]",24062,Leuven,60,
7666,"[1475399485, 1475399486]",4.736681966220001,50.93307127855152,Unknown,Unknown,"[1475399485, 1475399486]",24062,Leuven,60,
7667,1507768039,4.690672315778476,50.88825050249586,Den Boschsingel,Unknown,1507768039,24062,Leuven,60,
7668,70787870,4.69357545,50.86761725,Unknown,Unknown,70787870,24062,Leuven,60,
7669,1482200482,4.6933861,50.86761745,Unknown,Unknown,1482200482,24062,Leuven,60,
7670,1482200483,4.693505249999999,50.86773975,Unknown,Unknown,1482200483,24062,Leuven,60,
7671,1482200484,4.6937694,50.867531150000005,Unknown,Unknown,1482200484,24062,Leuven,60,
7672,1482200491,4.6937238,50.8673857,Unknown,Unknown,1482200491,24062,Leuven,60,
7673,1482200485,4.6939348,50.86743495000001,Unknown,Unknown,1482200485,24062,Leuven,60,
7674,1482208207,4.6972496985371,50.86839018226784,Unknown,Unknown,1482208207,24062,Leuven,60,
7675,1483845973,4.734598499443807,50.89370117443232,Unknown,Unknown,1483845973,24062,Leuven,60,
7676,"[1485067888, 1485065876]",4.691004132470242,50.86944211654558,Unknown,Unknown,"[1485067888, 1485065876]",24062,Leuven,60,
7677,1487306209,4.7286937,50.87949495,Unknown,Unknown,1487306209,24062,Leuven,60,
7678,1487581882,4.676969284666237,50.87392089181687,Unknown,Unknown,1487581882,24062,Leuven,60,
7679,1489667162,4.666378900383218,50.86202413540805,Unknown,Unknown,1489667162,24062,Leuven,60,
7680,127840268,4.722924544003282,50.92754035056734,Unknown,Unknown,127840268,24062,Leuven,60,
7681,1496787106,4.713320550000001,50.9151461,Unknown,Unknown,1496787106,24062,Leuven,60,
7682,"[1497196249, 1497196246]",4.695265419457409,50.937536690299375,Unknown,Unknown,"[1497196249, 1497196246]",24062,Leuven,60,
7683,1491012204,4.723065075312642,50.927791322146014,Unknown,Unknown,1491012204,24062,Leuven,60,
7684,"[1088722133, 1461940651, 1088478781, 1088722134]",4.682283142871451,50.87994287949809,Unknown,Unknown,"[1088722133, 1461940651, 1088478781, 1088722134]",24062,Leuven,60,
7685,15942801,4.6859322930330585,50.88607065003509,Den Boschsingel,Unknown,15942801,24062,Leuven,60,
7686,1498064589,4.686063860110788,50.88632988345594,Unknown,Unknown,1498064589,24062,Leuven,60,
7687,"[1498870026, 326736770]",4.675675040417727,50.88488654567637,Brusselsesteenweg,Unknown,"[1498870026, 326736770]",24062,Leuven,60,
7688,"[1498870024, 1498870027, 1498870028]",4.67491900049858,50.88497259321215,Brusselsesteenweg,Unknown,"[1498870024, 1498870027, 1498870028]",24062,Leuven,60,
7689,1498870025,4.675664463024837,50.88482770773472,Brusselsesteenweg,Unknown,1498870025,24062,Leuven,60,
7690,1499555154,4.682901377171709,50.86381144604187,Unknown,Unknown,1499555154,24062,Leuven,60,
7691,1499555155,4.683650566585128,50.86378655461935,Unknown,Unknown,1499555155,24062,Leuven,60,
7692,1506893319,4.701059654452749,50.88707078090792,Unknown,Unknown,1506893319,24062,Leuven,60,
7693,"[1507038917, 1507038918]",4.735692363506379,50.863066311750586,Unknown,Unknown,"[1507038917, 1507038918]",24062,Leuven,60,
7694,1508341733,4.699629745198813,50.90121910455428,Unknown,Unknown,1508341733,24062,Leuven,60,
7695,1509231221,4.732488999512225,50.85393559548783,Unknown,Unknown,1509231221,24062,Leuven,60,
7696,1512723513,4.676814246218681,50.93691486108025,Unknown,Unknown,1512723513,24062,Leuven,60,
7697,1512736553,4.702723161331643,50.88719054597143,Unknown,Unknown,1512736553,24062,Leuven,60,
7698,1513219444,4.692513060903442,50.87965420181893,Unknown,Unknown,1513219444,24062,Leuven,60,
